Recording ID,Timestamp,Acceleration X,Acceleration Y,Acceleration Z,Gyroscope X,Gyroscope Y,Gyroscope Z,Shot Type
1,40571707,0.0000,0.0000,0.0000,0.00,0.00,0.00,Pull
1,40611704,0.0000,0.0000,0.0000,0.00,0.00,0.00,Pull
1,40651703,0.0000,0.0000,0.0000,0.00,0.00,0.00,Pull
1,40691705,0.0000,0.0000,0.0000,0.00,0.00,1.95,Pull
1,40731704,0.0000,0.0000,0.0000,0.00,0.00,0.00,Pull
1,58816586,5.6250,0.0000,0.0000,0.00,0.00,0.00,Pull
1,59676049,5.6250,0.0000,0.0000,0.00,0.00,0.00,Pull
1,59716053,0.0000,0.0000,0.0000,0.00,0.00,0.00,Pull
1,59756054,0.0000,0.0000,0.0000,0.00,0.00,0.00,Pull
1,59796054,0.0000,0.0000,0.0000,0.00,0.00,0.00,Pull
1,59836054,0.0000,0.0000,0.0000,0.00,0.00,0.00,Pull
1,59876055,0.0000,0.0000,0.0000,0.00,0.00,1.95,Pull
1,59916052,0.0000,0.0000,0.0000,0.00,0.00,0.00,Pull
1,59956055,0.0000,0.0000,0.0000,0.00,0.00,0.00,Pull
1,59996053,0.0000,0.0000,0.0000,0.00,0.00,0.00,Pull
1,60036055,0.0000,0.0000,0.0000,0.00,0.00,0.00,Pull
1,60076053,0.0000,0.0000,0.0000,0.00,0.00,0.00,Pull
1,60116054,0.0000,0.0000,0.0000,46.88,0.00,0.00,Pull
1,60156055,0.0000,0.0000,0.0000,0.00,0.00,0.00,Pull
1,60196054,0.0000,0.0000,0.0000,0.00,0.00,0.00,Pull
1,60236055,0.0000,0.0000,0.0000,0.00,0.00,0.00,Pull
1,60276053,0.0000,0.0000,0.0000,0.00,0.00,0.00,Pull
1,60316056,13.7930,-12.9985,0.1250,46.88,0.00,0.00,Pull
1,60356054,0.0000,0.0000,0.0000,0.00,0.00,0.00,Pull
1,60396054,0.0000,0.0000,0.0000,0.00,0.00,0.00,Pull
1,60436053,0.0000,0.0000,0.0000,0.00,0.00,0.00,Pull
1,60476053,0.0000,0.0000,0.0000,0.00,0.00,0.00,Pull
1,60516052,0.0000,0.0000,0.0000,0.00,0.00,0.00,Pull
1,60556053,0.0000,0.0000,0.0000,0.00,0.00,0.00,Pull
1,60596053,0.0000,0.0000,0.0000,0.00,0.00,0.00,Pull
1,60636054,0.0000,0.0000,0.0000,0.00,0.00,0.00,Pull
1,60676054,0.0000,0.0000,0.0000,0.00,0.00,0.00,Pull
1,60716055,0.0000,0.0000,0.0000,0.00,0.00,0.00,Pull
1,60756054,0.0000,0.0000,0.0000,0.00,0.00,0.00,Pull
1,60796054,0.0000,0.0000,0.0000,0.00,0.00,0.00,Pull
1,60836053,0.0000,0.0000,0.0000,0.00,0.00,0.00,Pull
1,60876056,-2.1392,-11.9985,0.1250,46.88,0.00,0.00,Pull
1,60916053,0.0000,0.0000,0.0000,0.00,0.00,0.00,Pull
1,60956056,13.7637,-11.7485,0.1250,46.88,0.00,0.00,Pull
1,60996054,0.0000,0.0000,0.0000,0.00,0.00,0.00,Pull
1,61036053,0.0000,0.0000,0.0000,0.00,0.00,0.00,Pull
1,61076055,0.0000,0.0000,0.1250,46.88,0.00,0.00,Pull
1,61116054,0.0000,0.0000,0.0000,0.00,0.00,0.00,Pull
1,61156055,0.0000,0.0000,0.0000,0.00,0.00,0.00,Pull
1,61196052,0.0000,0.0000,0.0000,0.00,0.00,0.00,Pull
1,61236054,0.0000,0.0000,0.1250,46.88,0.00,0.00,Pull
1,61276054,0.0000,0.0000,0.0000,0.00,0.00,0.00,Pull
1,61316053,0.0000,0.0000,0.0000,0.00,0.00,0.00,Pull
1,61356053,0.0000,0.0000,0.0000,0.00,0.00,0.00,Pull
1,61396053,0.0000,0.0000,0.0000,0.00,0.00,0.00,Pull
2,63716054,0.0000,0.0000,0.0000,0.00,0.00,0.00,Pull
2,63756053,0.0000,0.0000,0.0000,0.00,0.00,0.00,Pull
2,63796053,0.0000,0.0000,0.0000,0.00,0.00,0.00,Pull
2,63836053,0.0000,0.0000,0.0000,0.00,0.00,0.00,Pull
2,63876053,0.0000,0.0000,0.0000,0.00,0.00,0.00,Pull
2,63916055,0.0000,0.0000,0.0000,0.00,0.00,0.00,Pull
2,63956054,0.0000,0.0000,0.0000,0.00,0.00,0.00,Pull
2,63996053,0.0000,0.0000,0.0000,0.00,0.00,0.00,Pull
2,64036056,-10.2368,-5.8735,0.1250,46.88,0.00,0.00,Pull
2,64076054,0.0000,0.0000,0.0000,0.00,0.00,0.00,Pull
2,64116055,0.0000,0.0000,0.0000,0.00,0.00,0.00,Pull
2,64156054,0.0000,0.0000,0.0000,0.00,0.00,0.00,Pull
2,64196054,0.0000,0.0000,0.0000,0.00,0.00,0.00,Pull
2,64236053,0.0000,0.0000,0.0000,0.00,0.00,0.00,Pull
2,64276054,0.0000,0.0000,0.0000,46.88,0.00,0.00,Pull
2,64316054,0.0000,0.0000,0.0000,0.00,0.00,0.00,Pull
2,64356053,0.0000,0.0000,0.0000,0.00,0.00,0.00,Pull
2,64396054,0.0000,0.0000,0.0000,0.00,0.00,0.00,Pull
2,64436054,0.0000,0.0000,0.0000,0.00,0.00,0.00,Pull
2,64476055,0.0000,0.0000,0.0000,0.00,0.00,0.00,Pull
2,64516053,0.0000,0.0000,0.0000,0.00,0.00,0.00,Pull
2,64556055,0.0000,0.0000,0.0000,0.00,0.00,0.00,Pull
2,64596056,5.8315,-4.8735,0.1250,46.88,0.00,0.00,Pull
2,64636054,0.0000,0.0000,0.0000,0.00,0.00,0.00,Pull
2,64676055,0.0000,0.0000,0.1250,46.88,0.00,0.00,Pull
2,64716053,0.0000,0.0000,0.0000,0.00,0.00,0.00,Pull
2,64756054,0.0000,0.0000,0.0000,0.00,0.00,0.00,Pull
2,64796055,13.8379,-4.4985,0.1250,46.88,0.00,0.00,Pull
2,64836053,0.0000,0.0000,0.0000,0.00,0.00,0.00,Pull
2,64876055,0.0000,0.0000,0.0000,0.00,0.00,0.00,Pull
2,64916054,0.0000,0.0000,0.0000,0.00,0.00,0.00,Pull
2,64956053,0.0000,0.0000,0.0000,0.00,0.00,0.00,Pull
2,64996054,0.0000,0.0000,0.0000,0.00,0.00,0.00,Pull
2,65036054,0.0000,0.0000,0.0000,0.00,0.00,0.00,Pull
2,65076054,0.0000,0.0000,0.0000,0.00,0.00,0.00,Pull
2,65116053,0.0000,0.0000,0.0000,0.00,0.00,0.00,Pull
2,65156054,0.0000,0.0000,0.0000,0.00,0.00,0.00,Pull
2,65196055,0.0000,0.0000,0.0000,0.00,0.00,0.00,Pull
2,65236056,5.8022,-3.6235,0.1250,46.88,0.00,0.00,Pull
2,65276055,0.0000,0.0000,0.0000,0.00,0.00,0.00,Pull
2,65316053,0.0000,0.0000,0.0000,0.00,0.00,0.00,Pull
2,65356053,0.0000,0.0000,0.0000,0.00,0.00,0.00,Pull
2,65396054,0.0000,0.0000,0.0000,0.00,0.00,0.00,Pull
2,65436053,0.0000,0.0000,0.0000,0.00,0.00,0.00,Pull
2,65476053,0.0000,0.0000,0.0000,0.00,0.00,1.95,Pull
2,65516055,0.0000,0.0000,0.1250,46.88,0.00,0.00,Pull
2,65556054,0.0000,0.0000,0.0000,0.00,0.00,0.00,Pull
2,65596055,0.0000,0.0000,0.0000,0.00,0.00,0.00,Pull
2,65636055,0.0000,0.0000,0.0000,0.00,0.00,0.00,Pull
2,65676052,0.0000,0.0000,0.0000,0.00,0.00,0.00,Pull
3,68276054,0.0000,0.0000,0.0000,0.00,0.00,0.00,Pull
3,68316053,0.0000,0.0000,0.0000,0.00,0.00,0.00,Pull
3,68356052,0.0000,0.0000,0.0000,0.00,0.00,0.00,Pull
3,68396053,0.0000,0.0000,0.0000,0.00,0.00,0.00,Pull
3,68436053,0.0000,0.0000,0.0000,0.00,0.00,0.00,Pull
3,68476055,13.8569,2.5020,0.1250,46.88,0.00,0.00,Pull
3,68516053,0.0000,0.0000,0.0000,0.00,0.00,0.00,Pull
3,68556053,0.0000,0.0000,0.0000,0.00,0.00,1.95,Pull
3,68596053,0.0000,0.0000,0.0000,0.00,0.00,0.00,Pull
3,68636054,0.0000,0.0000,0.0000,0.00,0.00,1.95,Pull
3,68676054,0.0000,0.0000,0.0000,0.00,0.00,0.00,Pull
3,68716053,0.0000,0.0000,0.0000,0.00,0.00,0.00,Pull
3,68756052,0.0000,0.0000,0.0000,0.00,0.00,0.00,Pull
3,68796054,0.0000,0.0000,0.0000,0.00,0.00,0.00,Pull
3,68836052,0.0000,0.0000,0.0000,0.00,0.00,0.00,Pull
3,68876054,0.0000,0.0000,0.0000,0.00,0.00,0.00,Pull
3,68916055,0.0000,0.0000,0.0000,0.00,0.00,0.00,Pull
3,68956056,13.7725,3.5020,0.1250,46.88,0.00,0.00,Pull
3,68996055,0.0000,0.0000,0.0000,0.00,0.00,0.00,Pull
3,69036054,0.0000,0.0000,0.1250,46.88,0.00,0.00,Pull
3,69076054,0.0000,0.0000,0.0000,0.00,0.00,0.00,Pull
3,69116054,0.0000,0.0000,0.0000,0.00,0.00,0.00,Pull
3,69156055,-10.2212,3.8770,0.1250,46.88,0.00,0.00,Pull
3,69196057,-2.1450,3.8770,0.1250,46.88,0.00,0.00,Pull
3,69236053,0.0000,0.0000,0.0000,0.00,0.00,0.00,Pull
3,69276054,0.0000,0.0000,0.0000,0.00,0.00,0.00,Pull
3,69316054,0.0000,0.0000,0.0000,0.00,0.00,0.00,Pull
3,69356053,0.0000,0.0000,0.0000,0.00,0.00,0.00,Pull
3,69396053,0.0000,0.0000,0.0000,0.00,0.00,0.00,Pull
3,69436052,0.0000,0.0000,0.0000,0.00,0.00,0.00,Pull
3,69476053,0.0000,0.0000,0.0000,0.00,0.00,0.00,Pull
3,69516054,0.0000,0.0000,0.0000,0.00,0.00,0.00,Pull
3,69556055,5.7920,4.6270,0.1250,46.88,0.00,0.00,Pull
3,69596055,0.0000,0.0000,0.0000,0.00,0.00,1.95,Pull
3,69636053,0.0000,0.0000,0.0000,0.00,0.00,0.00,Pull
3,69676054,0.0000,0.0000,0.0000,0.00,0.00,0.00,Pull
3,69716053,0.0000,0.0000,0.0000,0.00,0.00,0.00,Pull
3,69756053,0.0000,0.0000,0.0000,0.00,0.00,0.00,Pull
3,69796055,0.0000,0.0000,0.1250,46.88,0.00,0.00,Pull
3,69836055,0.0000,0.0000,0.0000,0.00,0.00,0.00,Pull
3,69876053,0.0000,0.0000,0.0000,0.00,0.00,0.00,Pull
3,69916053,0.0000,0.0000,0.0000,0.00,0.00,0.00,Pull
3,69956053,0.0000,0.0000,0.0000,0.00,0.00,0.00,Pull
3,69996053,0.0000,0.0000,0.0000,0.00,0.00,0.00,Pull
3,70036054,0.0000,0.0000,0.0000,0.00,0.00,0.00,Pull
3,70076054,0.0000,0.0000,0.0000,0.00,0.00,0.00,Pull
3,70116054,0.0000,0.0000,0.0000,0.00,0.00,0.00,Pull
3,70156053,0.0000,0.0000,0.0000,0.00,0.00,0.00,Pull
3,70196053,0.0000,0.0000,0.0000,0.00,0.00,0.00,Pull
3,70236054,0.0000,0.0000,0.0000,0.00,0.00,0.00,Pull
4,72676052,0.0000,0.0000,0.0000,0.00,0.00,0.00,Pull
4,72716054,0.0000,0.0000,0.1250,46.88,0.00,0.00,Pull
4,72756054,0.0000,0.0000,0.0000,0.00,0.00,0.00,Pull
4,72796053,0.0000,0.0000,0.0000,0.00,0.00,1.95,Pull
4,72836054,0.0000,0.0000,0.0000,0.00,0.00,0.00,Pull
4,72876053,0.0000,0.0000,0.0000,0.00,0.00,0.00,Pull
4,72916053,0.0000,0.0000,0.0000,0.00,0.00,0.00,Pull
4,72956053,0.0000,0.0000,0.0000,0.00,0.00,0.00,Pull
4,72996054,0.0000,0.0000,0.0000,0.00,0.00,0.00,Pull
4,73036054,0.0000,0.0000,0.1250,46.88,0.00,0.00,Pull
4,73077810,-1.0273,-0.6724,4.2729,209.66,-58.29,69.09,Pull
4,73117809,-0.9941,-0.1943,2.1709,300.05,7.69,113.22,Pull
4,73157808,-0.1084,-0.3311,1.6616,282.78,106.99,153.99,Pull
4,73196054,0.0000,0.0000,0.0000,0.00,0.00,0.00,Pull
4,73236054,0.0000,0.0000,0.0000,0.00,0.00,0.00,Pull
4,73276053,0.0000,0.0000,0.0000,0.00,0.00,0.00,Pull
4,73316054,0.0000,0.0000,0.0000,0.00,0.00,0.00,Pull
4,73356054,0.0000,0.0000,0.0000,0.00,0.00,0.00,Pull
4,73396053,0.0000,0.0000,0.0000,0.00,0.00,0.00,Pull
4,73436053,0.0000,0.0000,0.0000,0.00,0.00,0.00,Pull
4,73476053,0.0000,0.0000,0.0000,0.00,0.00,0.00,Pull
4,73517808,-3.0059,-5.2866,0.6294,-556.64,-19.53,-240.48,Pull
4,73556054,0.0000,0.0000,0.0000,0.00,0.00,0.00,Pull
4,73596053,0.0000,0.0000,0.0000,0.00,0.00,0.00,Pull
4,73636054,0.0000,0.0000,0.0000,0.00,0.00,0.00,Pull
4,73676054,0.0000,0.0000,0.0000,0.00,0.00,0.00,Pull
4,73716054,0.0000,0.0000,0.1250,46.88,0.00,0.00,Pull
4,73757809,-1.3042,-0.8643,2.4536,-314.70,-4.15,-42.54,Pull
4,73796054,0.0000,0.0000,0.0000,0.00,0.00,1.95,Pull
4,73836054,0.0000,0.0000,0.0000,0.00,0.00,1.95,Pull
4,73876055,0.0000,0.0000,0.0000,0.00,0.00,0.00,Pull
4,73916054,0.0000,0.0000,0.0000,0.00,0.00,0.00,Pull
4,73956053,0.0000,0.0000,0.0000,0.00,0.00,0.00,Pull
4,73996053,0.0000,0.0000,0.0000,0.00,0.00,0.00,Pull
4,74036054,0.0000,0.0000,0.0000,0.00,0.00,0.00,Pull
4,74076054,0.0000,0.0000,0.0000,0.00,0.00,1.95,Pull
4,74116056,-10.1357,13.2520,0.1250,46.88,0.00,0.00,Pull
4,74156054,0.0000,0.0000,0.0000,0.00,0.00,0.00,Pull
4,74196055,5.7671,13.5020,0.1250,46.88,0.00,0.00,Pull
4,74236054,0.0000,0.0000,0.0000,0.00,0.00,0.00,Pull
4,74276053,0.0000,0.0000,0.0000,0.00,0.00,0.00,Pull
4,74316053,0.0000,0.0000,0.0000,0.00,0.00,0.00,Pull
4,74356054,0.0000,0.0000,0.0000,0.00,0.00,0.00,Pull
4,74396054,0.0000,0.0000,0.0000,0.00,0.00,0.00,Pull
4,74436052,0.0000,0.0000,0.0000,0.00,0.00,0.00,Pull
4,74476054,0.0000,0.0000,0.0000,0.00,0.00,0.00,Pull
4,74516052,0.0000,0.0000,0.0000,0.00,0.00,0.00,Pull
4,74556054,0.0000,0.0000,0.0000,0.00,0.00,0.00,Pull
4,74596054,0.0000,0.0000,0.0000,0.00,0.00,0.00,Pull
4,74636054,0.0000,0.0000,0.0000,0.00,0.00,0.00,Pull
5,76316052,0.0000,0.0000,0.0000,0.00,0.00,0.00,Pull
5,76356054,0.0000,0.0000,0.0000,0.00,0.00,0.00,Pull
5,76396055,0.0000,0.0000,0.0000,0.00,0.00,0.00,Pull
5,76436054,0.0000,0.0000,0.0000,0.00,0.00,0.00,Pull
5,76476054,0.0000,0.0000,0.0000,0.00,0.00,0.00,Pull
5,76516055,0.0000,0.0000,0.0000,0.00,0.00,0.00,Pull
5,76556053,0.0000,0.0000,0.0000,0.00,0.00,0.00,Pull
5,76596053,0.0000,0.0000,0.0000,0.00,0.00,0.00,Pull
5,76636052,0.0000,0.0000,0.0000,0.00,0.00,0.00,Pull
5,76676052,0.0000,0.0000,0.0000,0.00,0.00,0.00,Pull
5,76716054,0.0000,0.0000,0.0000,0.00,0.00,0.00,Pull
5,76756053,0.0000,0.0000,0.0000,0.00,0.00,0.00,Pull
5,76796052,0.0000,0.0000,0.0000,0.00,0.00,0.00,Pull
5,76836053,0.0000,0.0000,0.0000,0.00,0.00,0.00,Pull
5,76876053,0.0000,0.0000,0.0000,0.00,0.00,0.00,Pull
5,76916052,0.0000,0.0000,0.0000,0.00,0.00,0.00,Pull
5,76956054,0.0000,0.0000,0.0000,0.00,0.00,0.00,Pull
5,76996054,0.0000,0.0000,0.0000,0.00,0.00,0.00,Pull
5,77036054,0.0000,0.0000,0.0000,0.00,0.00,0.00,Pull
5,77076054,0.0000,0.0000,0.0000,0.00,0.00,0.00,Pull
5,77116053,0.0000,0.0000,0.0000,0.00,0.00,0.00,Pull
5,77156054,0.0000,0.0000,0.0000,0.00,0.00,0.00,Pull
5,77196052,0.0000,0.0000,0.0000,0.00,0.00,0.00,Pull
5,77236054,0.0000,0.0000,0.0000,0.00,0.00,0.00,Pull
5,77276054,0.0000,0.0000,0.0000,0.00,0.00,0.00,Pull
5,77316054,0.0000,0.0000,0.0000,0.00,0.00,0.00,Pull
5,77356052,0.0000,0.0000,0.0000,0.00,0.00,0.00,Pull
5,77396054,0.0000,0.0000,0.0000,0.00,0.00,0.00,Pull
5,77436054,0.0000,0.0000,0.0000,0.00,0.00,0.00,Pull
5,77476052,0.0000,0.0000,0.0000,0.00,0.00,0.00,Pull
5,77516054,0.0000,0.0000,0.0000,0.00,0.00,0.00,Pull
5,77556053,0.0000,0.0000,0.0000,0.00,0.00,1.95,Pull
5,77596053,0.0000,0.0000,0.0000,0.00,0.00,0.00,Pull
5,77636054,0.0000,0.0000,0.0000,0.00,0.00,0.00,Pull
5,77676053,0.0000,0.0000,0.0000,0.00,0.00,0.00,Pull
5,77716052,0.0000,0.0000,0.0000,0.00,0.00,0.00,Pull
5,77756054,0.0000,0.0000,0.0000,0.00,0.00,0.00,Pull
5,77796054,0.0000,0.0000,0.0000,0.00,0.00,0.00,Pull
5,77836055,0.0000,0.0000,0.0000,0.00,0.00,0.00,Pull
5,77876053,0.0000,0.0000,0.0000,0.00,0.00,0.00,Pull
5,77916054,0.0000,0.0000,0.0000,0.00,0.00,0.00,Pull
5,77956053,0.0000,0.0000,0.0000,0.00,0.00,0.00,Pull
5,77996054,0.0000,0.0000,0.0000,0.00,0.00,0.00,Pull
5,78036053,0.0000,0.0000,0.0000,0.00,0.00,0.00,Pull
5,78076053,0.0000,0.0000,0.0000,0.00,0.00,0.00,Pull
5,78116052,0.0000,0.0000,0.0000,0.00,0.00,0.00,Pull
5,78156055,-2.1802,-10.9980,0.1250,46.88,0.00,0.00,Pull
5,78196053,0.0000,0.0000,0.0000,0.00,0.00,0.00,Pull
5,78236055,0.0000,0.0000,0.0000,0.00,0.00,0.00,Pull
5,78276054,0.0000,0.0000,0.0000,0.00,0.00,0.00,Pull
6,80716054,0.0000,0.0000,0.0000,0.00,0.00,0.00,Pull
6,80756052,0.0000,0.0000,0.0000,0.00,0.00,0.00,Pull
6,80796054,0.0000,0.0000,0.0000,0.00,0.00,0.00,Pull
6,80836053,0.0000,0.0000,0.0000,0.00,0.00,0.00,Pull
6,80876054,0.0000,0.0000,0.0000,0.00,0.00,0.00,Pull
6,80916054,0.0000,0.0000,0.0000,0.00,0.00,0.00,Pull
6,80956053,0.0000,0.0000,0.0000,0.00,0.00,0.00,Pull
6,80996053,0.0000,0.0000,0.0000,0.00,0.00,0.00,Pull
6,81036052,0.0000,0.0000,0.0000,0.00,0.00,0.00,Pull
6,81076054,0.0000,0.0000,0.0000,0.00,0.00,0.00,Pull
6,81116054,0.0000,0.0000,0.0000,0.00,0.00,0.00,Pull
6,81156054,0.0000,0.0000,0.0000,0.00,0.00,0.00,Pull
6,81196053,0.0000,0.0000,0.0000,0.00,0.00,0.00,Pull
6,81236052,0.0000,0.0000,0.0000,0.00,0.00,0.00,Pull
6,81276053,0.0000,0.0000,0.0000,0.00,0.00,0.00,Pull
6,81316054,0.0000,0.0000,0.0000,0.00,0.00,0.00,Pull
6,81356054,0.0000,0.0000,0.0000,0.00,0.00,0.00,Pull
6,81396052,0.0000,0.0000,0.0000,0.00,0.00,0.00,Pull
6,81436054,0.0000,0.0000,0.0000,0.00,0.00,0.00,Pull
6,81476056,-10.2227,-4.6230,0.1250,46.88,0.00,0.00,Pull
6,81516054,0.0000,0.0000,0.0000,0.00,0.00,0.00,Pull
6,81556054,0.0000,0.0000,0.0000,0.00,0.00,0.00,Pull
6,81596054,0.0000,0.0000,0.0000,46.88,0.00,0.00,Pull
6,81636053,0.0000,0.0000,0.0000,0.00,0.00,0.00,Pull
6,81676054,0.0000,0.0000,0.0000,0.00,0.00,0.00,Pull
6,81716053,0.0000,0.0000,0.0000,0.00,0.00,0.00,Pull
6,81756054,0.0000,0.0000,0.0000,0.00,0.00,0.00,Pull
6,81796053,0.0000,0.0000,0.0000,0.00,0.00,0.00,Pull
6,81836054,0.0000,0.0000,0.0000,0.00,0.00,0.00,Pull
6,81876052,0.0000,0.0000,0.0000,0.00,0.00,0.00,Pull
6,81916053,0.0000,0.0000,0.0000,0.00,0.00,0.00,Pull
6,81956053,0.0000,0.0000,0.0000,0.00,0.00,0.00,Pull
6,81996054,0.0000,0.0000,0.0000,0.00,0.00,0.00,Pull
6,82036053,0.0000,0.0000,0.0000,0.00,0.00,0.00,Pull
6,82076053,0.0000,0.0000,0.0000,0.00,0.00,0.00,Pull
6,82116054,0.0000,0.0000,0.0000,46.88,0.00,0.00,Pull
6,82156055,0.0000,0.0000,0.0000,0.00,0.00,0.00,Pull
6,82196054,0.0000,0.0000,0.0000,0.00,0.00,0.00,Pull
6,82236054,0.0000,0.0000,0.0000,0.00,0.00,0.00,Pull
6,82276053,0.0000,0.0000,0.0000,0.00,0.00,0.00,Pull
6,82316054,0.0000,0.0000,0.0000,0.00,0.00,0.00,Pull
6,82356054,0.0000,0.0000,0.1250,46.88,0.00,0.00,Pull
6,82396054,0.0000,0.0000,0.0000,0.00,0.00,0.00,Pull
6,82436054,0.0000,0.0000,0.0000,0.00,0.00,0.00,Pull
6,82476053,0.0000,0.0000,0.0000,46.88,0.00,0.00,Pull
6,82516054,0.0000,0.0000,0.0000,0.00,0.00,0.00,Pull
6,82556053,0.0000,0.0000,0.0000,0.00,0.00,0.00,Pull
6,82596053,0.0000,0.0000,0.0000,0.00,0.00,0.00,Pull
6,82636054,0.0000,0.0000,0.0000,46.88,0.00,0.00,Pull
6,82676053,0.0000,0.0000,0.0000,0.00,0.00,0.00,Pull
7,85236055,5.8242,2.5024,0.1250,46.88,0.00,0.00,Pull
7,85276055,0.0000,0.0000,0.0000,0.00,0.00,0.00,Pull
7,85316054,0.0000,0.0000,0.0000,0.00,0.00,0.00,Pull
7,85356054,0.0000,0.0000,0.0000,0.00,0.00,0.00,Pull
7,85396054,0.0000,0.0000,0.0000,0.00,0.00,0.00,Pull
7,85436053,0.0000,0.0000,0.0000,0.00,0.00,0.00,Pull
7,85476054,0.0000,0.0000,0.0000,0.00,0.00,0.00,Pull
7,85516054,0.0000,0.0000,0.0000,0.00,0.00,0.00,Pull
7,85556053,0.0000,0.0000,0.0000,0.00,0.00,0.00,Pull
7,85596054,0.0000,0.0000,0.0000,0.00,0.00,0.00,Pull
7,85636054,0.0000,0.0000,0.0000,0.00,0.00,0.00,Pull
7,85676054,0.0000,0.0000,0.0000,0.00,0.00,0.00,Pull
7,85716053,0.0000,0.0000,0.0000,0.00,0.00,0.00,Pull
7,85756053,0.0000,0.0000,0.0000,0.00,0.00,0.00,Pull
7,85796053,0.0000,0.0000,0.0000,0.00,0.00,0.00,Pull
7,85836054,0.0000,0.0000,0.0000,0.00,0.00,0.00,Pull
7,85876053,0.0000,0.0000,0.0000,0.00,0.00,0.00,Pull
7,85916054,0.0000,0.0000,0.0000,0.00,0.00,0.00,Pull
7,85956054,0.0000,0.0000,0.0000,0.00,0.00,1.95,Pull
7,85996054,0.0000,0.0000,0.0000,0.00,0.00,0.00,Pull
7,86036053,0.0000,0.0000,0.0000,0.00,0.00,0.00,Pull
7,86076053,0.0000,0.0000,0.0000,0.00,0.00,0.00,Pull
7,86116053,0.0000,0.0000,0.0000,46.88,0.00,0.00,Pull
7,86156054,0.0000,0.0000,0.0000,0.00,0.00,0.00,Pull
7,86196054,0.0000,0.0000,0.1250,46.88,0.00,0.00,Pull
7,86236054,0.0000,0.0000,0.0000,0.00,0.00,0.00,Pull
7,86276054,0.0000,0.0000,0.0000,0.00,0.00,0.00,Pull
7,86316054,0.0000,0.0000,0.0000,0.00,0.00,0.00,Pull
7,86356052,0.0000,0.0000,0.0000,0.00,0.00,0.00,Pull
7,86396053,0.0000,0.0000,0.0000,0.00,0.00,0.00,Pull
7,86436052,0.0000,0.0000,0.0000,0.00,0.00,0.00,Pull
7,86476052,0.0000,0.0000,0.0000,0.00,0.00,0.00,Pull
7,86516053,0.0000,0.0000,0.0000,0.00,0.00,0.00,Pull
7,86556052,0.0000,0.0000,0.0000,0.00,0.00,0.00,Pull
7,86596053,0.0000,0.0000,0.0000,0.00,0.00,0.00,Pull
7,86636053,0.0000,0.0000,0.0000,46.88,0.00,0.00,Pull
7,86676055,0.0000,0.0000,0.0000,0.00,0.00,0.00,Pull
7,86716054,0.0000,0.0000,0.0000,0.00,0.00,0.00,Pull
7,86756054,0.0000,0.0000,0.0000,0.00,0.00,0.00,Pull
7,86796053,0.0000,0.0000,0.0000,0.00,0.00,0.00,Pull
7,86836052,0.0000,0.0000,0.0000,0.00,0.00,0.00,Pull
7,86876055,0.0000,0.0000,0.0000,0.00,0.00,1.95,Pull
7,86916053,0.0000,0.0000,0.0000,0.00,0.00,0.00,Pull
7,86956052,0.0000,0.0000,0.0000,0.00,0.00,0.00,Pull
7,86996053,0.0000,0.0000,0.0000,0.00,0.00,1.95,Pull
7,87036054,0.0000,0.0000,0.0000,0.00,0.00,0.00,Pull
7,87076053,0.0000,0.0000,0.0000,0.00,0.00,1.95,Pull
7,87116055,0.0000,0.0000,0.0000,0.00,0.00,0.00,Pull
7,87156052,0.0000,0.0000,0.0000,0.00,0.00,0.00,Pull
7,87196054,0.0000,0.0000,0.0000,0.00,0.00,0.00,Pull
8,89636053,0.0000,0.0000,0.0000,0.00,0.00,0.00,Pull
8,89676052,0.0000,0.0000,0.0000,0.00,0.00,0.00,Pull
8,89716052,0.0000,0.0000,0.0000,0.00,0.00,0.00,Pull
8,89756053,0.0000,0.0000,0.0000,0.00,0.00,0.00,Pull
8,89796056,-10.2285,11.2524,0.1250,46.88,0.00,0.00,Pull
8,89836053,0.0000,0.0000,0.0000,0.00,0.00,0.00,Pull
8,89876054,0.0000,0.0000,0.0000,0.00,0.00,1.95,Pull
8,89916055,0.0000,0.0000,0.0000,0.00,0.00,0.00,Pull
8,89956054,0.0000,0.0000,0.0000,0.00,0.00,0.00,Pull
8,89996054,0.0000,0.0000,0.0000,0.00,0.00,0.00,Pull
8,90036054,0.0000,0.0000,0.0000,0.00,0.00,0.00,Pull
8,90076054,0.0000,0.0000,0.0000,0.00,0.00,0.00,Pull
8,90116054,0.0000,0.0000,0.0000,0.00,0.00,0.00,Pull
8,90156054,0.0000,0.0000,0.0000,0.00,0.00,0.00,Pull
8,90196053,0.0000,0.0000,0.0000,0.00,0.00,0.00,Pull
8,90236053,0.0000,0.0000,0.0000,0.00,0.00,0.00,Pull
8,90276054,-10.1880,12.1274,0.1250,46.88,0.00,0.00,Pull
8,90316055,0.0000,0.0000,0.0000,0.00,0.00,0.00,Pull
8,90356056,5.8398,12.2524,0.1250,46.88,0.00,0.00,Pull
8,90396054,0.0000,0.0000,0.0000,0.00,0.00,0.00,Pull
8,90436054,0.0000,0.0000,0.0000,0.00,0.00,0.00,Pull
8,90476053,0.0000,0.0000,0.0000,0.00,0.00,0.00,Pull
8,90516052,0.0000,0.0000,0.0000,0.00,0.00,0.00,Pull
8,90556054,0.0000,0.0000,0.0000,0.00,0.00,0.00,Pull
8,90596053,0.0000,0.0000,0.0000,0.00,0.00,0.00,Pull
8,90636054,0.0000,0.0000,0.0000,0.00,0.00,0.00,Pull
8,90676054,0.0000,0.0000,0.0000,0.00,0.00,0.00,Pull
8,90716053,0.0000,0.0000,0.0000,0.00,0.00,0.00,Pull
8,90756054,0.0000,0.0000,0.1250,46.88,0.00,0.00,Pull
8,90796055,0.0000,0.0000,0.0000,0.00,0.00,0.00,Pull
8,90836054,0.0000,0.0000,0.0000,0.00,0.00,0.00,Pull
8,90876053,0.0000,0.0000,0.0000,0.00,0.00,0.00,Pull
8,90916053,0.0000,0.0000,0.0000,0.00,0.00,0.00,Pull
8,90956055,0.0000,0.0000,0.0000,0.00,0.00,0.00,Pull
8,90996053,0.0000,0.0000,0.0000,0.00,0.00,0.00,Pull
8,91036054,0.0000,0.0000,0.0000,0.00,0.00,0.00,Pull
8,91076054,0.0000,0.0000,0.0000,46.88,0.00,0.00,Pull
8,91116056,-2.2109,13.7524,0.1250,46.88,0.00,0.00,Pull
8,91156054,0.0000,0.0000,0.0000,0.00,0.00,0.00,Pull
8,91196053,0.0000,0.0000,0.0000,0.00,0.00,0.00,Pull
8,91236053,0.0000,0.0000,0.0000,0.00,0.00,0.00,Pull
8,91276053,0.0000,0.0000,0.0000,0.00,0.00,0.00,Pull
8,91316052,0.0000,0.0000,0.0000,0.00,0.00,0.00,Pull
8,91356054,0.0000,0.0000,0.0000,0.00,0.00,0.00,Pull
8,91396054,0.0000,0.0000,0.0000,46.88,0.00,0.00,Pull
8,91436055,0.0000,0.0000,0.0000,0.00,0.00,0.00,Pull
8,91476055,0.0000,0.0000,0.0000,0.00,0.00,1.95,Pull
8,91516054,0.0000,0.0000,0.0000,46.88,0.00,0.00,Pull
8,91556053,0.0000,0.0000,0.0000,0.00,0.00,0.00,Pull
8,91596053,0.0000,0.0000,0.0000,0.00,0.00,0.00,Pull
9,92756054,0.0000,0.0000,0.0000,0.00,0.00,0.00,Pull
9,92796054,0.0000,0.0000,0.0000,0.00,0.00,0.00,Pull
9,92836054,0.0000,0.0000,0.0000,0.00,0.00,0.00,Pull
9,92876053,0.0000,0.0000,0.0000,0.00,0.00,0.00,Pull
9,92916053,0.0000,0.0000,0.0000,0.00,0.00,0.00,Pull
9,92956054,0.0000,0.0000,0.0000,0.00,0.00,1.95,Pull
9,92996053,0.0000,0.0000,0.0000,0.00,0.00,0.00,Pull
9,93036053,0.0000,0.0000,0.0000,0.00,0.00,0.00,Pull
9,93076054,0.0000,0.0000,0.0000,0.00,0.00,0.00,Pull
9,93116053,0.0000,0.0000,0.0000,0.00,0.00,0.00,Pull
9,93156053,0.0000,0.0000,0.0000,0.00,0.00,0.00,Pull
9,93196055,0.0000,0.0000,0.0000,0.00,0.00,0.00,Pull
9,93236053,0.0000,0.0000,0.0000,0.00,0.00,0.00,Pull
9,93276054,0.0000,0.0000,0.0000,0.00,0.00,0.00,Pull
9,93316054,0.0000,0.0000,0.0000,0.00,0.00,0.00,Pull
9,93356053,0.0000,0.0000,0.0000,0.00,0.00,0.00,Pull
9,93396054,0.0000,0.0000,0.0000,0.00,0.00,0.00,Pull
9,93436053,0.0000,0.0000,0.0000,0.00,0.00,1.95,Pull
9,93476053,0.0000,0.0000,0.0000,0.00,0.00,0.00,Pull
9,93516054,0.0000,0.0000,0.0000,0.00,0.00,0.00,Pull
9,93556054,0.0000,0.0000,0.0000,0.00,0.00,0.00,Pull
9,93596055,0.0000,0.0000,0.0000,0.00,0.00,0.00,Pull
9,93636053,0.0000,0.0000,0.0000,0.00,0.00,0.00,Pull
9,93676054,0.0000,0.0000,0.0000,0.00,0.00,0.00,Pull
9,93716054,0.0000,0.0000,0.0000,0.00,0.00,0.00,Pull
9,93756053,0.0000,0.0000,0.0000,0.00,0.00,1.95,Pull
9,93796055,-10.2241,-13.1226,0.1250,46.88,0.00,0.00,Pull
9,93836054,0.0000,0.0000,0.0000,0.00,0.00,0.00,Pull
9,93876054,0.0000,0.0000,0.0000,0.00,0.00,0.00,Pull
9,93916054,0.0000,0.0000,0.0000,0.00,0.00,0.00,Pull
9,93956053,0.0000,0.0000,0.0000,0.00,0.00,0.00,Pull
9,93996053,0.0000,0.0000,0.0000,0.00,0.00,0.00,Pull
9,94036055,0.0000,0.0000,0.0000,0.00,0.00,0.00,Pull
9,94076053,0.0000,0.0000,0.0000,0.00,0.00,0.00,Pull
9,94116052,0.0000,0.0000,0.0000,0.00,0.00,0.00,Pull
9,94156056,-2.1626,-12.4976,0.1250,46.88,0.00,0.00,Pull
9,94196055,0.0000,0.0000,0.0000,0.00,0.00,0.00,Pull
9,94236053,0.0000,0.0000,0.0000,0.00,0.00,1.95,Pull
9,94276055,-10.1836,-12.2476,0.1250,46.88,0.00,0.00,Pull
9,94316055,0.0000,0.0000,0.0000,0.00,0.00,0.00,Pull
9,94356055,0.0000,0.0000,0.0000,0.00,0.00,0.00,Pull
9,94396055,13.7954,-11.9976,0.1250,46.88,0.00,0.00,Pull
9,94436053,0.0000,0.0000,0.0000,0.00,0.00,0.00,Pull
9,94476054,0.0000,0.0000,0.0000,0.00,0.00,0.00,Pull
9,94516053,0.0000,0.0000,0.0000,0.00,0.00,0.00,Pull
9,94556054,0.0000,0.0000,0.0000,0.00,0.00,1.95,Pull
9,94596054,0.0000,0.0000,0.0000,0.00,0.00,0.00,Pull
9,94636054,0.0000,0.0000,0.0000,0.00,0.00,0.00,Pull
9,94676053,0.0000,0.0000,0.0000,0.00,0.00,0.00,Pull
9,94716052,0.0000,0.0000,0.0000,0.00,0.00,0.00,Pull
10,94756053,0.0000,0.0000,0.0000,0.00,0.00,0.00,Pull
10,94796056,-2.1919,-11.2476,0.1250,46.88,0.00,0.00,Pull
10,94836056,5.7598,-11.1226,0.1250,46.88,0.00,0.00,Pull
10,94876053,0.0000,0.0000,0.0000,0.00,0.00,0.00,Pull
10,94916055,-10.2129,-10.9976,0.1250,46.88,0.00,0.00,Pull
10,94956054,0.0000,0.0000,0.0000,0.00,0.00,0.00,Pull
10,94996054,0.0000,0.0000,0.0000,0.00,0.00,0.00,Pull
10,95036054,0.0000,0.0000,0.1250,46.88,0.00,0.00,Pull
10,95076053,0.0000,0.0000,0.0000,0.00,0.00,0.00,Pull
10,95116054,0.0000,0.0000,0.0000,0.00,0.00,1.95,Pull
10,95156053,0.0000,0.0000,0.0000,0.00,0.00,0.00,Pull
10,95196055,13.8213,-10.4976,0.1250,46.88,0.00,0.00,Pull
10,95236054,0.0000,0.0000,0.0000,0.00,0.00,0.00,Pull
10,95276054,0.0000,0.0000,0.0000,0.00,0.00,0.00,Pull
10,95316054,0.0000,0.0000,0.0000,0.00,0.00,0.00,Pull
10,95356053,0.0000,0.0000,0.0000,0.00,0.00,0.00,Pull
10,95396054,0.0000,0.0000,0.0000,0.00,0.00,0.00,Pull
10,95436053,0.0000,0.0000,0.0000,0.00,0.00,0.00,Pull
10,95476054,0.0000,0.0000,0.0000,0.00,0.00,0.00,Pull
10,95516053,0.0000,0.0000,0.0000,0.00,0.00,0.00,Pull
10,95556053,0.0000,0.0000,0.0000,0.00,0.00,0.00,Pull
10,95596055,0.0000,0.0000,0.0000,0.00,0.00,1.95,Pull
10,95636053,0.0000,0.0000,0.0000,0.00,0.00,0.00,Pull
10,95676053,0.0000,0.0000,0.0000,0.00,0.00,0.00,Pull
10,95716055,0.0000,0.0000,0.0000,0.00,0.00,0.00,Pull
10,95756053,0.0000,0.0000,0.0000,0.00,0.00,0.00,Pull
10,95796053,0.0000,0.0000,0.0000,0.00,0.00,0.00,Pull
10,95836054,0.0000,0.0000,0.0000,0.00,0.00,0.00,Pull
10,95876053,0.0000,0.0000,0.0000,0.00,0.00,0.00,Pull
10,95916053,0.0000,0.0000,0.0000,0.00,0.00,0.00,Pull
10,95956053,0.0000,0.0000,0.0000,0.00,0.00,0.00,Pull
10,95996053,0.0000,0.0000,0.0000,0.00,0.00,0.00,Pull
10,96036054,0.0000,0.0000,0.0000,0.00,0.00,1.95,Pull
10,96076053,0.0000,0.0000,0.0000,0.00,0.00,0.00,Pull
10,96116054,0.0000,0.0000,0.0000,0.00,0.00,0.00,Pull
10,96156054,0.0000,0.0000,0.0000,0.00,0.00,0.00,Pull
10,96196054,0.0000,0.0000,0.0000,0.00,0.00,0.00,Pull
10,96236054,0.0000,0.0000,0.0000,0.00,0.00,0.00,Pull
10,96276054,0.0000,0.0000,0.0000,0.00,0.00,0.00,Pull
10,96316053,0.0000,0.0000,0.0000,0.00,0.00,0.00,Pull
10,96356053,0.0000,0.0000,0.0000,0.00,0.00,0.00,Pull
10,96396052,0.0000,0.0000,0.0000,0.00,0.00,0.00,Pull
10,96436052,0.0000,0.0000,0.0000,0.00,0.00,0.00,Pull
10,96476053,0.0000,0.0000,0.0000,0.00,0.00,0.00,Pull
10,96516054,0.0000,0.0000,0.0000,0.00,0.00,0.00,Pull
10,96556052,0.0000,0.0000,0.0000,0.00,0.00,0.00,Pull
10,96596053,0.0000,0.0000,0.0000,0.00,0.00,0.00,Pull
10,96636053,0.0000,0.0000,0.0000,0.00,0.00,0.00,Pull
10,96676055,0.0000,0.0000,0.0000,0.00,0.00,0.00,Pull
10,96716053,0.0000,0.0000,0.0000,0.00,0.00,0.00,Pull
11,97316054,0.0000,0.0000,0.0000,0.00,0.00,0.00,Pull
11,97356054,0.0000,0.0000,0.0000,0.00,0.00,0.00,Pull
11,97396053,0.0000,0.0000,0.0000,0.00,0.00,0.00,Pull
11,97436052,0.0000,0.0000,0.0000,0.00,0.00,0.00,Pull
11,97476053,0.0000,0.0000,0.0000,0.00,0.00,0.00,Pull
11,97516055,0.0000,0.0000,0.0000,0.00,0.00,1.95,Pull
11,97556053,0.0000,0.0000,0.0000,0.00,0.00,0.00,Pull
11,97596054,0.0000,0.0000,0.0000,0.00,0.00,0.00,Pull
11,97636053,0.0000,0.0000,0.0000,0.00,0.00,0.00,Pull
11,97676054,0.0000,0.0000,0.0000,0.00,0.00,0.00,Pull
11,97716055,0.0000,0.0000,0.0000,0.00,0.00,0.00,Pull
11,97756053,0.0000,0.0000,0.0000,0.00,0.00,0.00,Pull
11,97796055,-10.2197,-5.4976,0.1250,46.88,0.00,0.00,Pull
11,97836054,0.0000,0.0000,0.0000,0.00,0.00,0.00,Pull
11,97876053,0.0000,0.0000,0.0000,0.00,0.00,0.00,Pull
11,97916054,0.0000,0.0000,0.0000,0.00,0.00,0.00,Pull
11,97956055,0.0000,0.0000,0.0000,0.00,0.00,1.95,Pull
11,97996053,0.0000,0.0000,0.0000,0.00,0.00,0.00,Pull
11,98036055,0.0000,0.0000,0.0000,0.00,0.00,0.00,Pull
11,98076054,0.0000,0.0000,0.0000,0.00,0.00,0.00,Pull
11,98116052,0.0000,0.0000,0.0000,0.00,0.00,0.00,Pull
11,98156053,0.0000,0.0000,0.0000,0.00,0.00,0.00,Pull
11,98196053,0.0000,0.0000,0.0000,0.00,0.00,1.95,Pull
11,98236053,0.0000,0.0000,0.0000,0.00,0.00,0.00,Pull
11,98276054,0.0000,0.0000,0.0000,0.00,0.00,0.00,Pull
11,98316054,0.0000,0.0000,0.0000,0.00,0.00,0.00,Pull
11,98356053,0.0000,0.0000,0.0000,0.00,0.00,0.00,Pull
11,98396053,0.0000,0.0000,0.0000,0.00,0.00,0.00,Pull
11,98436053,0.0000,0.0000,0.0000,0.00,0.00,0.00,Pull
11,98476053,0.0000,0.0000,0.0000,0.00,0.00,0.00,Pull
11,98516054,0.0000,0.0000,0.0000,0.00,0.00,0.00,Pull
11,98556054,0.0000,0.0000,0.0000,0.00,0.00,0.00,Pull
11,98596054,0.0000,0.0000,0.0000,0.00,0.00,0.00,Pull
11,98636053,0.0000,0.0000,0.0000,0.00,0.00,0.00,Pull
11,98676052,0.0000,0.0000,0.0000,0.00,0.00,0.00,Pull
11,98716053,0.0000,0.0000,0.0000,0.00,0.00,0.00,Pull
11,98756055,0.0000,0.0000,0.0000,0.00,0.00,1.95,Pull
11,98796053,0.0000,0.0000,0.0000,0.00,0.00,0.00,Pull
11,98837809,-0.8848,0.1509,-0.1606,10.25,2.08,-12.82,Pull
11,98876054,0.0000,0.0000,0.0000,0.00,0.00,0.00,Pull
11,98916055,0.0000,0.0000,0.0000,0.00,0.00,1.95,Pull
11,98956055,0.0000,0.0000,0.0000,0.00,0.00,0.00,Pull
11,98996054,0.0000,0.0000,0.0000,0.00,0.00,0.00,Pull
11,99036052,0.0000,0.0000,0.0000,0.00,0.00,0.00,Pull
11,99076054,0.0000,0.0000,0.0000,0.00,0.00,1.95,Pull
11,99116054,0.0000,0.0000,0.0000,0.00,0.00,0.00,Pull
11,99156052,0.0000,0.0000,0.0000,0.00,0.00,0.00,Pull
11,99196054,0.0000,0.0000,0.0000,0.00,0.00,0.00,Pull
11,99236054,0.0000,0.0000,0.0000,0.00,0.00,0.00,Pull
11,99276053,0.0000,0.0000,0.0000,0.00,0.00,0.00,Pull
12,101076054,0.0000,0.0000,0.0000,0.00,0.00,0.00,Pull
12,101116055,0.0000,0.0000,0.0000,0.00,0.00,0.00,Pull
12,101156054,0.0000,0.0000,0.0000,0.00,0.00,0.00,Pull
12,101196054,0.0000,0.0000,0.0000,46.88,0.00,0.00,Pull
12,101236053,0.0000,0.0000,0.0000,0.00,0.00,0.00,Pull
12,101276053,0.0000,0.0000,0.0000,0.00,0.00,0.00,Pull
12,101316053,0.0000,0.0000,0.0000,0.00,0.00,0.00,Pull
12,101356054,0.0000,0.0000,0.0000,0.00,0.00,1.95,Pull
12,101396054,0.0000,0.0000,0.0000,0.00,0.00,0.00,Pull
12,101436054,0.0000,0.0000,0.1250,46.88,0.00,0.00,Pull
12,101476053,0.0000,0.0000,0.0000,0.00,0.00,0.00,Pull
12,101516054,0.0000,0.0000,0.0000,0.00,0.00,0.00,Pull
12,101556054,0.0000,0.0000,0.0000,0.00,0.00,0.00,Pull
12,101596054,0.0000,0.0000,0.0000,0.00,0.00,0.00,Pull
12,101636052,0.0000,0.0000,0.0000,0.00,0.00,0.00,Pull
12,101676053,0.0000,0.0000,0.0000,0.00,0.00,0.00,Pull
12,101716055,5.7573,2.0029,0.1250,46.88,0.00,0.00,Pull
12,101756054,0.0000,0.0000,0.0000,0.00,0.00,0.00,Pull
12,101796055,0.0000,0.0000,0.0000,0.00,0.00,0.00,Pull
12,101836054,0.0000,0.0000,0.0000,0.00,0.00,0.00,Pull
12,101876053,0.0000,0.0000,0.0000,0.00,0.00,0.00,Pull
12,101916053,0.0000,0.0000,0.0000,0.00,0.00,0.00,Pull
12,101956053,0.0000,0.0000,0.0000,0.00,0.00,1.95,Pull
12,101996053,0.0000,0.0000,0.0000,0.00,0.00,0.00,Pull
12,102036054,0.0000,0.0000,0.0000,0.00,0.00,0.00,Pull
12,102076054,0.0000,0.0000,0.0000,0.00,0.00,0.00,Pull
12,102116056,-10.2300,2.7529,0.1250,46.88,0.00,0.00,Pull
12,102156054,0.0000,0.0000,0.0000,0.00,0.00,0.00,Pull
12,102196053,0.0000,0.0000,0.0000,0.00,0.00,0.00,Pull
12,102236053,0.0000,0.0000,0.0000,0.00,0.00,1.95,Pull
12,102276053,0.0000,0.0000,0.0000,0.00,0.00,0.00,Pull
12,102316054,0.0000,0.0000,0.0000,0.00,0.00,0.00,Pull
12,102356054,0.0000,0.0000,0.0000,0.00,0.00,0.00,Pull
12,102396052,0.0000,0.0000,0.0000,0.00,0.00,0.00,Pull
12,102436054,0.0000,0.0000,0.0000,0.00,0.00,0.00,Pull
12,102477809,-0.5400,0.0176,0.3398,9.22,9.34,-24.48,Pull
12,102516054,0.0000,0.0000,0.0000,0.00,0.00,0.00,Pull
12,102556055,0.0000,0.0000,0.0000,0.00,0.00,0.00,Pull
12,102596054,0.0000,0.0000,0.0000,0.00,0.00,0.00,Pull
12,102636053,0.0000,0.0000,0.0000,0.00,0.00,0.00,Pull
12,102676055,0.0000,0.0000,0.0000,0.00,0.00,0.00,Pull
12,102716054,0.0000,0.0000,0.0000,0.00,0.00,0.00,Pull
12,102756054,0.0000,0.0000,0.0000,0.00,0.00,1.95,Pull
12,102796054,0.0000,0.0000,0.0000,0.00,0.00,0.00,Pull
12,102837588,0.0000,0.0000,0.0000,0.00,0.00,0.00,Pull
12,102876052,0.0000,0.0000,0.0000,0.00,0.00,0.00,Pull
12,102916055,-10.2041,4.2529,0.1250,46.88,0.00,0.00,Pull
12,102956054,0.0000,0.0000,0.0000,0.00,0.00,0.00,Pull
12,102996053,0.0000,0.0000,0.0000,0.00,0.00,0.00,Pull
12,103036054,0.0000,0.0000,0.0000,0.00,0.00,0.00,Pull
13,107276053,0.0000,0.0000,0.0000,0.00,0.00,0.00,Pull
13,107316053,0.0000,0.0000,0.0000,0.00,0.00,0.00,Pull
13,107356054,0.0000,0.0000,0.0000,0.00,0.00,0.00,Pull
13,107396055,0.0000,0.0000,0.0000,0.00,0.00,0.00,Pull
13,107436055,0.0000,0.0000,0.1250,46.88,0.00,0.00,Pull
13,107476054,0.0000,0.0000,0.0000,0.00,0.00,0.00,Pull
13,107516054,0.0000,0.0000,0.0000,0.00,0.00,0.00,Pull
13,107556052,0.0000,0.0000,0.0000,0.00,0.00,0.00,Pull
13,107596055,0.0000,0.0000,0.0000,0.00,0.00,1.95,Pull
13,107636054,0.0000,0.0000,0.0000,0.00,0.00,0.00,Pull
13,107676055,0.0000,0.0000,0.0000,0.00,0.00,0.00,Pull
13,107716054,0.0000,0.0000,0.0000,0.00,0.00,0.00,Pull
13,107756053,0.0000,0.0000,0.0000,0.00,0.00,0.00,Pull
13,107796053,0.0000,0.0000,0.0000,0.00,0.00,0.00,Pull
13,107836053,0.0000,0.0000,0.0000,0.00,0.00,0.00,Pull
13,107876054,0.0000,0.0000,0.0000,0.00,0.00,0.00,Pull
13,107916053,0.0000,0.0000,0.0000,0.00,0.00,0.00,Pull
13,107956053,0.0000,0.0000,0.0000,0.00,0.00,0.00,Pull
13,107996053,0.0000,0.0000,0.0000,0.00,0.00,0.00,Pull
13,108036053,0.0000,0.0000,0.0000,0.00,0.00,0.00,Pull
13,108076053,0.0000,0.0000,0.0000,0.00,0.00,0.00,Pull
13,108116053,0.0000,0.0000,0.0000,0.00,0.00,0.00,Pull
13,108156052,0.0000,0.0000,0.0000,0.00,0.00,0.00,Pull
13,108196053,0.0000,0.0000,0.0000,0.00,0.00,0.00,Pull
13,108236055,0.0000,0.0000,0.0000,0.00,0.00,0.00,Pull
13,108276054,0.0000,0.0000,0.0000,0.00,0.00,0.00,Pull
13,108316052,0.0000,0.0000,0.0000,0.00,0.00,0.00,Pull
13,108356053,0.0000,0.0000,0.0000,0.00,0.00,0.00,Pull
13,108396053,0.0000,0.0000,0.0000,0.00,0.00,0.00,Pull
13,108436053,0.0000,0.0000,0.0000,0.00,0.00,0.00,Pull
13,108476053,0.0000,0.0000,0.0000,0.00,0.00,0.00,Pull
13,108516055,0.0000,0.0000,0.0000,0.00,0.00,1.95,Pull
13,108556053,0.0000,0.0000,0.0000,0.00,0.00,0.00,Pull
13,108596054,0.0000,0.0000,0.0000,0.00,0.00,0.00,Pull
13,108636053,0.0000,0.0000,0.0000,0.00,0.00,0.00,Pull
13,108676053,0.0000,0.0000,0.0000,0.00,0.00,0.00,Pull
13,108716053,0.0000,0.0000,0.0000,0.00,0.00,0.00,Pull
13,108756053,0.0000,0.0000,0.0000,0.00,0.00,0.00,Pull
13,108796052,0.0000,0.0000,0.0000,0.00,0.00,0.00,Pull
13,108836054,0.0000,0.0000,0.0000,0.00,0.00,0.00,Pull
13,108876053,0.0000,0.0000,0.0000,0.00,0.00,0.00,Pull
13,108916054,0.0000,0.0000,0.0000,0.00,0.00,0.00,Pull
13,108956054,0.0000,0.0000,0.0000,0.00,0.00,0.00,Pull
13,108996052,0.0000,0.0000,0.0000,0.00,0.00,0.00,Pull
13,109036053,0.0000,0.0000,0.0000,46.88,0.00,0.00,Pull
13,109076054,0.0000,0.0000,0.0000,0.00,0.00,0.00,Pull
13,109116054,0.0000,0.0000,0.0000,0.00,0.00,0.00,Pull
13,109156053,0.0000,0.0000,0.0000,0.00,0.00,1.95,Pull
13,109196054,0.0000,0.0000,0.0000,0.00,0.00,0.00,Pull
13,109236053,0.0000,0.0000,0.0000,0.00,0.00,0.00,Pull
14,110756053,0.0000,0.0000,0.0000,0.00,0.00,1.95,Pull
14,110796055,0.0000,0.0000,0.0000,0.00,0.00,0.00,Pull
14,110836053,0.0000,0.0000,0.0000,0.00,0.00,0.00,Pull
14,110876053,0.0000,0.0000,0.0000,0.00,0.00,0.00,Pull
14,110916053,0.0000,0.0000,0.0000,0.00,0.00,0.00,Pull
14,110956053,0.0000,0.0000,0.0000,0.00,0.00,0.00,Pull
14,110996052,0.0000,0.0000,0.0000,0.00,0.00,0.00,Pull
14,111036054,0.0000,0.0000,0.0000,0.00,0.00,0.00,Pull
14,111076054,0.0000,0.0000,0.0000,0.00,0.00,0.00,Pull
14,111116054,0.0000,0.0000,0.0000,0.00,0.00,0.00,Pull
14,111156053,0.0000,0.0000,0.0000,0.00,0.00,0.00,Pull
14,111196054,0.0000,0.0000,0.0000,0.00,0.00,0.00,Pull
14,111236054,0.0000,0.0000,0.0000,0.00,0.00,0.00,Pull
14,111276053,0.0000,0.0000,0.0000,0.00,0.00,0.00,Pull
14,111316053,0.0000,0.0000,0.0000,0.00,0.00,0.00,Pull
14,111356053,0.0000,0.0000,0.0000,0.00,0.00,0.00,Pull
14,111396054,0.0000,0.0000,0.0000,0.00,0.00,0.00,Pull
14,111436055,0.0000,0.0000,0.1250,46.88,0.00,0.00,Pull
14,111476054,0.0000,0.0000,0.0000,0.00,0.00,0.00,Pull
14,111516054,0.0000,0.0000,0.0000,0.00,0.00,0.00,Pull
14,111556053,0.0000,0.0000,0.0000,0.00,0.00,1.95,Pull
14,111596055,0.0000,0.0000,0.1250,46.88,0.00,0.00,Pull
14,111636055,0.0000,0.0000,0.1250,46.88,0.00,0.00,Pull
14,111676053,0.0000,0.0000,0.0000,0.00,0.00,0.00,Pull
14,111716055,0.0000,0.0000,0.1250,46.88,0.00,0.00,Pull
14,111756055,0.0000,0.0000,0.0000,0.00,0.00,0.00,Pull
14,111796054,0.0000,0.0000,0.0000,0.00,0.00,0.00,Pull
14,111836055,0.0000,0.0000,0.0000,0.00,0.00,1.95,Pull
14,111876054,0.0000,0.0000,0.0000,0.00,0.00,0.00,Pull
14,111916055,0.0000,0.0000,0.0000,0.00,0.00,0.00,Pull
14,111956053,0.0000,0.0000,0.0000,0.00,0.00,0.00,Pull
14,111996053,0.0000,0.0000,0.0000,0.00,0.00,0.00,Pull
14,112036054,0.0000,0.0000,0.0000,0.00,0.00,0.00,Pull
14,112076052,0.0000,0.0000,0.0000,0.00,0.00,0.00,Pull
14,112116053,0.0000,0.0000,0.0000,46.88,0.00,0.00,Pull
14,112157808,-1.0708,0.4209,1.9023,-88.44,-135.50,-42.11,Pull
14,112196054,0.0000,0.0000,0.0000,46.88,0.00,0.00,Pull
14,112236055,0.0000,0.0000,0.0000,0.00,0.00,0.00,Pull
14,112276054,0.0000,0.0000,0.0000,0.00,0.00,0.00,Pull
14,112316054,0.0000,0.0000,0.0000,0.00,0.00,0.00,Pull
14,112356053,0.0000,0.0000,0.0000,0.00,0.00,0.00,Pull
14,112396053,0.0000,0.0000,0.0000,0.00,0.00,0.00,Pull
14,112436053,0.0000,0.0000,0.0000,0.00,0.00,0.00,Pull
14,112476055,0.0000,0.0000,0.0000,0.00,0.00,1.95,Pull
14,112516053,0.0000,0.0000,0.0000,0.00,0.00,0.00,Pull
14,112556053,0.0000,0.0000,0.0000,0.00,0.00,0.00,Pull
14,112596054,0.0000,0.0000,0.1250,46.88,0.00,0.00,Pull
14,112636054,0.0000,0.0000,0.0000,0.00,0.00,0.00,Pull
14,112676054,0.0000,0.0000,0.0000,0.00,0.00,0.00,Pull
14,112716054,0.0000,0.0000,0.0000,0.00,0.00,0.00,Pull
15,114516055,0.0000,0.0000,0.1250,46.88,0.00,0.00,Pull
15,114556053,0.0000,0.0000,0.0000,0.00,0.00,0.00,Pull
15,114596055,0.0000,0.0000,0.0000,0.00,0.00,0.00,Pull
15,114636053,0.0000,0.0000,0.0000,0.00,0.00,0.00,Pull
15,114676054,0.0000,0.0000,0.0000,0.00,0.00,0.00,Pull
15,114716053,0.0000,0.0000,0.0000,0.00,0.00,0.00,Pull
15,114756054,0.0000,0.0000,0.0000,0.00,0.00,0.00,Pull
15,114796054,0.0000,0.0000,0.0000,0.00,0.00,0.00,Pull
15,114836054,0.0000,0.0000,0.0000,0.00,0.00,0.00,Pull
15,114876054,0.0000,0.0000,0.0000,0.00,0.00,0.00,Pull
15,114916053,0.0000,0.0000,0.0000,0.00,0.00,0.00,Pull
15,114957809,1.5596,0.3848,3.3179,41.93,49.62,112.73,Pull
15,114997808,0.5474,-0.1050,4.0029,244.02,134.83,39.79,Pull
15,115037809,0.2495,-0.3770,2.0088,355.59,142.58,13.49,Pull
15,115077808,0.0337,-0.4111,1.0615,338.13,95.21,10.07,Pull
15,115117808,0.5664,-0.5791,1.0815,316.35,48.28,-15.69,Pull
15,115157809,0.5415,-0.7388,0.7827,330.75,28.69,-56.27,Pull
15,115196054,0.0000,0.0000,0.0000,0.00,0.00,0.00,Pull
15,115236053,0.0000,0.0000,0.0000,0.00,0.00,0.00,Pull
15,115276054,0.0000,0.0000,0.0000,0.00,0.00,1.95,Pull
15,115316055,5.8223,-4.1221,0.1250,46.88,0.00,0.00,Pull
15,115356055,0.0000,0.0000,0.0000,0.00,0.00,0.00,Pull
15,115396053,0.0000,0.0000,0.0000,0.00,0.00,0.00,Pull
15,115436053,0.0000,0.0000,0.0000,0.00,0.00,0.00,Pull
15,115476052,0.0000,0.0000,0.0000,0.00,0.00,0.00,Pull
15,115516055,0.0000,0.0000,0.1250,46.88,0.00,0.00,Pull
15,115556054,0.0000,0.0000,0.0000,0.00,0.00,0.00,Pull
15,115596054,0.0000,0.0000,0.0000,0.00,0.00,0.00,Pull
15,115636054,0.0000,0.0000,0.0000,0.00,0.00,0.00,Pull
15,115676053,0.0000,0.0000,0.0000,0.00,0.00,0.00,Pull
15,115716052,0.0000,0.0000,0.0000,0.00,0.00,0.00,Pull
15,115756054,0.0000,0.0000,0.0000,0.00,0.00,0.00,Pull
15,115796053,0.0000,0.0000,0.0000,0.00,0.00,0.00,Pull
15,115836053,0.0000,0.0000,0.0000,0.00,0.00,0.00,Pull
15,115876053,0.0000,0.0000,0.0000,0.00,0.00,0.00,Pull
15,115916054,0.0000,0.0000,0.0000,0.00,0.00,0.00,Pull
15,115956054,0.0000,0.0000,0.0000,0.00,0.00,0.00,Pull
15,115996053,0.0000,0.0000,0.0000,0.00,0.00,0.00,Pull
15,116036056,-10.1797,-2.7471,0.1250,46.88,0.00,0.00,Pull
15,116076055,0.0000,0.0000,0.0000,0.00,0.00,1.95,Pull
15,116116054,0.0000,0.0000,0.0000,0.00,0.00,0.00,Pull
15,116156053,0.0000,0.0000,0.0000,0.00,0.00,0.00,Pull
15,116196053,0.0000,0.0000,0.0000,0.00,0.00,1.95,Pull
15,116236053,0.0000,0.0000,0.0000,0.00,0.00,0.00,Pull
15,116276053,0.0000,0.0000,0.0000,0.00,0.00,0.00,Pull
15,116316052,0.0000,0.0000,0.0000,0.00,0.00,0.00,Pull
15,116356052,0.0000,0.0000,0.0000,0.00,0.00,0.00,Pull
15,116396053,0.0000,0.0000,0.0000,0.00,0.00,0.00,Pull
15,116436053,0.0000,0.0000,0.0000,0.00,0.00,0.00,Pull
15,116476053,0.0000,0.0000,0.0000,0.00,0.00,0.00,Pull
16,120836054,0.0000,0.0000,0.0000,0.00,0.00,0.00,Pull
16,120876054,0.0000,0.0000,0.0000,0.00,0.00,0.00,Pull
16,120916054,0.0000,0.0000,0.0000,0.00,0.00,0.00,Pull
16,120956054,0.0000,0.0000,0.0000,0.00,0.00,0.00,Pull
16,120996054,0.0000,0.0000,0.0000,46.88,0.00,0.00,Pull
16,121036053,0.0000,0.0000,0.0000,0.00,0.00,0.00,Pull
16,121076053,0.0000,0.0000,0.0000,0.00,0.00,1.95,Pull
16,121116054,0.0000,0.0000,0.0000,0.00,0.00,0.00,Pull
16,121156053,0.0000,0.0000,0.0000,0.00,0.00,0.00,Pull
16,121196052,0.0000,0.0000,0.0000,0.00,0.00,0.00,Pull
16,121236054,0.0000,0.0000,0.0000,0.00,0.00,0.00,Pull
16,121276053,0.0000,0.0000,0.0000,0.00,0.00,0.00,Pull
16,121316054,0.0000,0.0000,0.0000,0.00,0.00,0.00,Pull
16,121356052,0.0000,0.0000,0.0000,0.00,0.00,0.00,Pull
16,121396052,0.0000,0.0000,0.0000,0.00,0.00,0.00,Pull
16,121436054,0.0000,0.0000,0.0000,0.00,0.00,0.00,Pull
16,121476053,0.0000,0.0000,0.0000,0.00,0.00,0.00,Pull
16,121516055,0.0000,0.0000,0.0000,0.00,0.00,0.00,Pull
16,121556053,0.0000,0.0000,0.0000,0.00,0.00,0.00,Pull
16,121596054,0.0000,0.0000,0.0000,0.00,0.00,0.00,Pull
16,121636053,0.0000,0.0000,0.0000,0.00,0.00,0.00,Pull
16,121676053,0.0000,0.0000,0.0000,0.00,0.00,0.00,Pull
16,121716054,0.0000,0.0000,0.0000,0.00,0.00,0.00,Pull
16,121756053,0.0000,0.0000,0.0000,0.00,0.00,0.00,Pull
16,121796054,0.0000,0.0000,0.0000,0.00,0.00,0.00,Pull
16,121836053,0.0000,0.0000,0.0000,0.00,0.00,0.00,Pull
16,121876054,0.0000,0.0000,0.0000,0.00,0.00,0.00,Pull
16,121916053,0.0000,0.0000,0.0000,0.00,0.00,0.00,Pull
16,121956054,0.0000,0.0000,0.0000,0.00,0.00,0.00,Pull
16,121996054,0.0000,0.0000,0.0000,0.00,0.00,0.00,Pull
16,122036053,0.0000,0.0000,0.0000,0.00,0.00,0.00,Pull
16,122076053,0.0000,0.0000,0.0000,0.00,0.00,0.00,Pull
16,122116054,0.0000,0.0000,0.0000,0.00,0.00,0.00,Pull
16,122156054,0.0000,0.0000,0.0000,0.00,0.00,0.00,Pull
16,122196052,0.0000,0.0000,0.0000,0.00,0.00,0.00,Pull
16,122236053,0.0000,0.0000,0.0000,0.00,0.00,0.00,Pull
16,122276053,0.0000,0.0000,0.0000,0.00,0.00,0.00,Pull
16,122316054,0.0000,0.0000,0.0000,0.00,0.00,0.00,Pull
16,122356053,0.0000,0.0000,0.0000,0.00,0.00,0.00,Pull
16,122396055,0.0000,0.0000,0.0000,0.00,0.00,0.00,Pull
16,122436053,0.0000,0.0000,0.0000,0.00,0.00,0.00,Pull
16,122476052,0.0000,0.0000,0.0000,0.00,0.00,0.00,Pull
16,122516053,0.0000,0.0000,0.0000,0.00,0.00,0.00,Pull
16,122556054,0.0000,0.0000,0.0000,0.00,0.00,0.00,Pull
16,122596054,0.0000,0.0000,0.0000,0.00,0.00,0.00,Pull
16,122636053,0.0000,0.0000,0.0000,0.00,0.00,0.00,Pull
16,122676055,0.0000,0.0000,0.1250,46.88,0.00,0.00,Pull
16,122716053,0.0000,0.0000,0.0000,0.00,0.00,0.00,Pull
16,122756053,0.0000,0.0000,0.0000,0.00,0.00,0.00,Pull
16,122796052,0.0000,0.0000,0.0000,0.00,0.00,0.00,Pull
17,125396053,0.0000,0.0000,0.0000,0.00,0.00,0.00,Pull
17,125436054,0.0000,0.0000,0.0000,0.00,0.00,0.00,Pull
17,125476053,0.0000,0.0000,0.0000,0.00,0.00,0.00,Pull
17,125516053,0.0000,0.0000,0.0000,0.00,0.00,0.00,Pull
17,125556052,0.0000,0.0000,0.0000,0.00,0.00,0.00,Pull
17,125596053,0.0000,0.0000,0.0000,0.00,0.00,0.00,Pull
17,125636055,-10.2441,15.6284,0.1250,46.88,0.00,0.00,Pull
17,125676053,0.0000,0.0000,0.0000,0.00,0.00,0.00,Pull
17,125716053,0.0000,0.0000,0.0000,0.00,0.00,0.00,Pull
17,125757810,-2.2686,0.8433,1.2061,185.97,46.88,74.77,Pull
17,125797810,1.0220,-0.2441,1.5332,235.84,84.11,76.54,Pull
17,125837810,0.1533,0.2539,0.3286,219.24,58.84,-22.77,Pull
17,125877809,0.3872,0.4395,-0.0649,139.34,113.89,-58.04,Pull
17,125917809,0.2534,-0.0029,0.4702,115.78,135.62,-94.54,Pull
17,125956055,0.0000,0.0000,0.0000,0.00,0.00,0.00,Pull
17,125996054,0.0000,0.0000,0.0000,0.00,0.00,0.00,Pull
17,126036054,0.0000,0.0000,0.0000,0.00,0.00,0.00,Pull
17,126076053,0.0000,0.0000,0.0000,0.00,0.00,0.00,Pull
17,126116054,0.0000,0.0000,0.0000,0.00,0.00,0.00,Pull
17,126156053,0.0000,0.0000,0.0000,0.00,0.00,0.00,Pull
17,126196053,0.0000,0.0000,0.0000,0.00,0.00,0.00,Pull
17,126236054,0.0000,0.0000,0.0000,0.00,0.00,0.00,Pull
17,126276054,0.0000,0.0000,0.0000,0.00,0.00,0.00,Pull
17,126316053,0.0000,0.0000,0.0000,46.88,0.00,0.00,Pull
17,126356055,0.0000,0.0000,0.0000,0.00,0.00,1.95,Pull
17,126396053,0.0000,0.0000,0.0000,0.00,0.00,0.00,Pull
17,126436054,0.0000,0.0000,0.0000,0.00,0.00,0.00,Pull
17,126476054,0.0000,0.0000,0.0000,0.00,0.00,0.00,Pull
17,126516054,0.0000,0.0000,0.0000,0.00,0.00,0.00,Pull
17,126556053,0.0000,0.0000,0.0000,0.00,0.00,0.00,Pull
17,126596053,0.0000,0.0000,0.0000,0.00,0.00,0.00,Pull
17,126636053,0.0000,0.0000,0.0000,0.00,0.00,1.95,Pull
17,126676055,0.0000,0.0000,0.0000,0.00,0.00,0.00,Pull
17,126716053,0.0000,0.0000,0.0000,46.88,0.00,0.00,Pull
17,126756056,-10.2329,-14.2466,0.1250,46.88,0.00,0.00,Pull
17,126796053,0.0000,0.0000,0.0000,0.00,0.00,0.00,Pull
17,126836053,0.0000,0.0000,0.0000,0.00,0.00,0.00,Pull
17,126877808,-0.4937,0.0571,0.3755,-9.28,22.28,11.35,Pull
17,126916055,0.0000,0.0000,0.0000,0.00,0.00,1.95,Pull
17,126956055,0.0000,0.0000,0.0000,0.00,0.00,0.00,Pull
17,126996056,5.8501,-13.8716,0.1250,46.88,0.00,0.00,Pull
17,127036055,0.0000,0.0000,0.0000,0.00,0.00,0.00,Pull
17,127076053,0.0000,0.0000,0.0000,0.00,0.00,0.00,Pull
17,127116054,0.0000,0.0000,0.1250,46.88,0.00,0.00,Pull
17,127156055,0.0000,0.0000,0.0000,0.00,0.00,0.00,Pull
17,127196053,0.0000,0.0000,0.0000,0.00,0.00,0.00,Pull
17,127236054,0.0000,0.0000,0.0000,0.00,0.00,1.95,Pull
17,127276053,0.0000,0.0000,0.0000,0.00,0.00,0.00,Pull
17,127316054,0.0000,0.0000,0.0000,0.00,0.00,0.00,Pull
17,127356054,0.0000,0.0000,0.0000,0.00,0.00,0.00,Pull
18,128876054,0.0000,0.0000,0.0000,0.00,0.00,0.00,Pull
18,128916052,0.0000,0.0000,0.0000,0.00,0.00,0.00,Pull
18,128956052,0.0000,0.0000,0.0000,0.00,0.00,0.00,Pull
18,128996054,0.0000,0.0000,0.0000,0.00,0.00,0.00,Pull
18,129036055,0.0000,0.0000,0.0000,0.00,0.00,1.95,Pull
18,129076054,0.0000,0.0000,0.0000,0.00,0.00,0.00,Pull
18,129116054,0.0000,0.0000,0.0000,0.00,0.00,0.00,Pull
18,129156053,0.0000,0.0000,0.0000,0.00,0.00,0.00,Pull
18,129196053,0.0000,0.0000,0.0000,0.00,0.00,0.00,Pull
18,129236054,0.0000,0.0000,0.0000,0.00,0.00,0.00,Pull
18,129276054,0.0000,0.0000,0.0000,0.00,0.00,0.00,Pull
18,129316054,0.0000,0.0000,0.0000,0.00,0.00,0.00,Pull
18,129356054,0.0000,0.0000,0.0000,0.00,0.00,0.00,Pull
18,129396054,0.0000,0.0000,0.0000,0.00,0.00,0.00,Pull
18,129436052,0.0000,0.0000,0.0000,0.00,0.00,0.00,Pull
18,129476054,0.0000,0.0000,0.0000,0.00,0.00,0.00,Pull
18,129516052,0.0000,0.0000,0.0000,0.00,0.00,0.00,Pull
18,129556053,0.0000,0.0000,0.0000,0.00,0.00,0.00,Pull
18,129596052,0.0000,0.0000,0.0000,0.00,0.00,0.00,Pull
18,129636054,0.0000,0.0000,0.0000,0.00,0.00,0.00,Pull
18,129676054,0.0000,0.0000,0.0000,0.00,0.00,0.00,Pull
18,129716053,0.0000,0.0000,0.0000,0.00,0.00,0.00,Pull
18,129756054,0.0000,0.0000,0.0000,0.00,0.00,0.00,Pull
18,129796054,0.0000,0.0000,0.0000,0.00,0.00,0.00,Pull
18,129836052,0.0000,0.0000,0.0000,0.00,0.00,0.00,Pull
18,129876054,0.0000,0.0000,0.0000,0.00,0.00,0.00,Pull
18,129916053,0.0000,0.0000,0.0000,0.00,0.00,0.00,Pull
18,129956053,0.0000,0.0000,0.0000,0.00,0.00,0.00,Pull
18,129996055,0.0000,0.0000,0.0000,0.00,0.00,0.00,Pull
18,130036054,0.0000,0.0000,0.0000,0.00,0.00,0.00,Pull
18,130076054,0.0000,0.0000,0.0000,0.00,0.00,0.00,Pull
18,130116055,-10.1992,-7.8716,0.1250,46.88,0.00,0.00,Pull
18,130156054,0.0000,0.0000,0.0000,0.00,0.00,0.00,Pull
18,130196054,0.0000,0.0000,0.0000,0.00,0.00,0.00,Pull
18,130236053,0.0000,0.0000,0.0000,0.00,0.00,0.00,Pull
18,130276052,0.0000,0.0000,0.0000,0.00,0.00,0.00,Pull
18,130316053,0.0000,0.0000,0.0000,0.00,0.00,0.00,Pull
18,130356052,0.0000,0.0000,0.0000,0.00,0.00,0.00,Pull
18,130396054,0.0000,0.0000,0.0000,0.00,0.00,0.00,Pull
18,130436053,0.0000,0.0000,0.0000,0.00,0.00,0.00,Pull
18,130476054,0.0000,0.0000,0.0000,0.00,0.00,0.00,Pull
18,130516054,0.0000,0.0000,0.0000,0.00,0.00,0.00,Pull
18,130556053,0.0000,0.0000,0.0000,0.00,0.00,0.00,Pull
18,130596054,0.0000,0.0000,0.0000,0.00,0.00,0.00,Pull
18,130636054,0.0000,0.0000,0.0000,0.00,0.00,0.00,Pull
18,130676054,0.0000,0.0000,0.0000,0.00,0.00,0.00,Pull
18,130716054,0.0000,0.0000,0.0000,0.00,0.00,0.00,Pull
18,130756054,0.0000,0.0000,0.0000,0.00,0.00,0.00,Pull
18,130796054,0.0000,0.0000,0.0000,0.00,0.00,0.00,Pull
18,130836052,0.0000,0.0000,0.0000,0.00,0.00,0.00,Pull
19,134676054,0.0000,0.0000,0.0000,0.00,0.00,0.00,Pull
19,134716052,0.0000,0.0000,0.0000,0.00,0.00,0.00,Pull
19,134756054,0.0000,0.0000,0.0000,0.00,0.00,0.00,Pull
19,134796053,0.0000,0.0000,0.0000,0.00,0.00,0.00,Pull
19,134836054,0.0000,0.0000,0.0000,0.00,0.00,0.00,Pull
19,134876054,0.0000,0.0000,0.0000,0.00,0.00,0.00,Pull
19,134916053,0.0000,0.0000,0.0000,0.00,0.00,0.00,Pull
19,134956052,0.0000,0.0000,0.0000,0.00,0.00,0.00,Pull
19,134996053,0.0000,0.0000,0.0000,0.00,0.00,1.95,Pull
19,135036054,0.0000,0.0000,0.0000,0.00,0.00,0.00,Pull
19,135076052,0.0000,0.0000,0.0000,0.00,0.00,0.00,Pull
19,135116052,0.0000,0.0000,0.0000,0.00,0.00,0.00,Pull
19,135156054,0.0000,0.0000,0.1250,46.88,0.00,0.00,Pull
19,135196055,0.0000,0.0000,0.0000,0.00,0.00,0.00,Pull
19,135236052,0.0000,0.0000,0.0000,0.00,0.00,0.00,Pull
19,135276054,0.0000,0.0000,0.0000,0.00,0.00,0.00,Pull
19,135316054,0.0000,0.0000,0.0000,0.00,0.00,0.00,Pull
19,135356052,0.0000,0.0000,0.0000,0.00,0.00,0.00,Pull
19,135396052,0.0000,0.0000,0.0000,0.00,0.00,0.00,Pull
19,135436053,0.0000,0.0000,0.0000,0.00,0.00,0.00,Pull
19,135476053,0.0000,0.0000,0.0000,0.00,0.00,0.00,Pull
19,135516055,13.8506,2.3789,0.1250,46.88,0.00,0.00,Pull
19,135556054,0.0000,0.0000,0.0000,0.00,0.00,0.00,Pull
19,135596054,0.0000,0.0000,0.0000,0.00,0.00,0.00,Pull
19,135636053,0.0000,0.0000,0.0000,0.00,0.00,0.00,Pull
19,135676054,0.0000,0.0000,0.0000,0.00,0.00,0.00,Pull
19,135716053,0.0000,0.0000,0.0000,0.00,0.00,0.00,Pull
19,135756054,0.0000,0.0000,0.0000,0.00,0.00,0.00,Pull
19,135796053,0.0000,0.0000,0.0000,0.00,0.00,0.00,Pull
19,135836054,0.0000,0.0000,0.0000,0.00,0.00,0.00,Pull
19,135876052,0.0000,0.0000,0.0000,0.00,0.00,0.00,Pull
19,135916053,0.0000,0.0000,0.0000,0.00,0.00,0.00,Pull
19,135956053,0.0000,0.0000,0.0000,0.00,0.00,0.00,Pull
19,135996054,0.0000,0.0000,0.0000,0.00,0.00,0.00,Pull
19,136036054,0.0000,0.0000,0.0000,0.00,0.00,0.00,Pull
19,136076054,0.0000,0.0000,0.0000,0.00,0.00,0.00,Pull
19,136116054,0.0000,0.0000,0.0000,0.00,0.00,1.95,Pull
19,136156053,0.0000,0.0000,0.0000,0.00,0.00,0.00,Pull
19,136196052,0.0000,0.0000,0.0000,0.00,0.00,0.00,Pull
19,136236053,0.0000,0.0000,0.0000,0.00,0.00,0.00,Pull
19,136276053,0.0000,0.0000,0.0000,0.00,0.00,0.00,Pull
19,136316053,0.0000,0.0000,0.0000,0.00,0.00,0.00,Pull
19,136356053,0.0000,0.0000,0.0000,0.00,0.00,0.00,Pull
19,136396053,0.0000,0.0000,0.0000,46.88,0.00,0.00,Pull
19,136436055,0.0000,0.0000,0.0000,0.00,0.00,0.00,Pull
19,136476053,0.0000,0.0000,0.0000,0.00,0.00,0.00,Pull
19,136516056,-10.2422,4.3789,0.1250,46.88,0.00,0.00,Pull
19,136556055,0.0000,0.0000,0.0000,0.00,0.00,0.00,Pull
19,136596054,0.0000,0.0000,0.0000,0.00,0.00,0.00,Pull
19,136636053,0.0000,0.0000,0.0000,0.00,0.00,0.00,Pull
20,138316055,-2.1841,7.7539,0.1250,46.88,0.00,0.00,Pull
20,138356054,0.0000,0.0000,0.0000,0.00,0.00,0.00,Pull
20,138396053,0.0000,0.0000,0.0000,0.00,0.00,0.00,Pull
20,138436053,0.0000,0.0000,0.0000,0.00,0.00,0.00,Pull
20,138476053,0.0000,0.0000,0.0000,0.00,0.00,0.00,Pull
20,138516053,0.0000,0.0000,0.0000,0.00,0.00,0.00,Pull
20,138556054,0.0000,0.0000,0.0000,0.00,0.00,0.00,Pull
20,138596053,0.0000,0.0000,0.0000,0.00,0.00,1.95,Pull
20,138636054,0.0000,0.0000,0.0000,0.00,0.00,0.00,Pull
20,138676052,0.0000,0.0000,0.0000,0.00,0.00,0.00,Pull
20,138716053,0.0000,0.0000,0.0000,0.00,0.00,0.00,Pull
20,138756054,0.0000,0.0000,0.0000,0.00,0.00,0.00,Pull
20,138796054,0.0000,0.0000,0.1250,46.88,0.00,0.00,Pull
20,138836055,0.0000,0.0000,0.0000,0.00,0.00,1.95,Pull
20,138876054,0.0000,0.0000,0.0000,0.00,0.00,0.00,Pull
20,138916054,0.0000,0.0000,0.0000,0.00,0.00,0.00,Pull
20,138956053,0.0000,0.0000,0.0000,0.00,0.00,0.00,Pull
20,138996053,0.0000,0.0000,0.0000,0.00,0.00,1.95,Pull
20,139036053,0.0000,0.0000,0.0000,0.00,0.00,1.95,Pull
20,139076055,0.0000,0.0000,0.0000,0.00,0.00,0.00,Pull
20,139116055,0.0000,0.0000,0.1250,46.88,0.00,0.00,Pull
20,139156054,0.0000,0.0000,0.0000,0.00,0.00,0.00,Pull
20,139196054,0.0000,0.0000,0.0000,0.00,0.00,0.00,Pull
20,139236054,0.0000,0.0000,0.0000,0.00,0.00,0.00,Pull
20,139276052,0.0000,0.0000,0.0000,0.00,0.00,0.00,Pull
20,139316054,0.0000,0.0000,0.0000,0.00,0.00,0.00,Pull
20,139356053,0.0000,0.0000,0.0000,0.00,0.00,0.00,Pull
20,139396055,0.0000,0.0000,0.1250,46.88,0.00,0.00,Pull
20,139436053,0.0000,0.0000,0.0000,0.00,0.00,0.00,Pull
20,139476054,0.0000,0.0000,0.0000,0.00,0.00,0.00,Pull
20,139516054,0.0000,0.0000,0.0000,0.00,0.00,0.00,Pull
20,139556053,0.0000,0.0000,0.0000,0.00,0.00,0.00,Pull
20,139596053,0.0000,0.0000,0.0000,0.00,0.00,0.00,Pull
20,139636053,0.0000,0.0000,0.0000,0.00,0.00,0.00,Pull
20,139676054,0.0000,0.0000,0.0000,0.00,0.00,0.00,Pull
20,139716053,0.0000,0.0000,0.0000,0.00,0.00,0.00,Pull
20,139756054,0.0000,0.0000,0.0000,0.00,0.00,0.00,Pull
20,139796052,0.0000,0.0000,0.0000,0.00,0.00,0.00,Pull
20,139836054,0.0000,0.0000,0.0000,0.00,0.00,0.00,Pull
20,139876054,0.0000,0.0000,0.0000,0.00,0.00,0.00,Pull
20,139916052,0.0000,0.0000,0.0000,0.00,0.00,0.00,Pull
20,139956054,0.0000,0.0000,0.0000,0.00,0.00,0.00,Pull
20,139996053,0.0000,0.0000,0.0000,0.00,0.00,0.00,Pull
20,140036054,0.0000,0.0000,0.0000,0.00,0.00,0.00,Pull
20,140076054,0.0000,0.0000,0.0000,0.00,0.00,0.00,Pull
20,140116052,0.0000,0.0000,0.0000,0.00,0.00,0.00,Pull
20,140156054,0.0000,0.0000,0.0000,0.00,0.00,0.00,Pull
20,140196054,0.0000,0.0000,0.1250,46.88,0.00,0.00,Pull
20,140236053,0.0000,0.0000,0.0000,0.00,0.00,0.00,Pull
20,140276054,0.0000,0.0000,0.0000,0.00,0.00,0.00,Pull
21,148516054,0.0000,0.0000,0.0000,0.00,0.00,0.00,Pull
21,148556054,0.0000,0.0000,0.0000,0.00,0.00,0.00,Pull
21,148596053,0.0000,0.0000,0.0000,0.00,0.00,0.00,Pull
21,148636056,13.7500,-4.4961,0.1250,46.88,0.00,0.00,Pull
21,148676054,0.0000,0.0000,0.0000,0.00,0.00,0.00,Pull
21,148716055,0.0000,0.0000,0.0000,0.00,0.00,0.00,Pull
21,148756053,0.0000,0.0000,0.0000,0.00,0.00,0.00,Pull
21,148796054,0.0000,0.0000,0.0000,0.00,0.00,1.95,Pull
21,148836053,0.0000,0.0000,0.0000,0.00,0.00,0.00,Pull
21,148876054,0.0000,0.0000,0.1250,46.88,0.00,0.00,Pull
21,148916053,0.0000,0.0000,0.0000,0.00,0.00,0.00,Pull
21,148956052,0.0000,0.0000,0.0000,0.00,0.00,0.00,Pull
21,148996052,0.0000,0.0000,0.0000,0.00,0.00,0.00,Pull
21,149036053,0.0000,0.0000,0.0000,0.00,0.00,0.00,Pull
21,149076056,5.8394,-3.7461,0.1250,46.88,0.00,0.00,Pull
21,149116053,0.0000,0.0000,0.0000,0.00,0.00,0.00,Pull
21,149156055,0.0000,0.0000,0.0000,0.00,0.00,0.00,Pull
21,149196053,0.0000,0.0000,0.0000,0.00,0.00,0.00,Pull
21,149236053,0.0000,0.0000,0.0000,0.00,0.00,0.00,Pull
21,149276054,0.0000,0.0000,0.0000,0.00,0.00,0.00,Pull
21,149316053,0.0000,0.0000,0.0000,0.00,0.00,0.00,Pull
21,149356054,0.0000,0.0000,0.0000,0.00,0.00,0.00,Pull
21,149396055,5.8247,-3.1211,0.1250,46.88,0.00,0.00,Pull
21,149436055,0.0000,0.0000,0.1250,46.88,0.00,0.00,Pull
21,149476054,0.0000,0.0000,0.1250,46.88,0.00,0.00,Pull
21,149516054,0.0000,0.0000,0.0000,0.00,0.00,0.00,Pull
21,149556054,0.0000,0.0000,0.0000,0.00,0.00,0.00,Pull
21,149596053,0.0000,0.0000,0.0000,0.00,0.00,0.00,Pull
21,149636054,0.0000,0.0000,0.0000,0.00,0.00,1.95,Pull
21,149676053,0.0000,0.0000,0.0000,0.00,0.00,0.00,Pull
21,149716053,0.0000,0.0000,0.0000,0.00,0.00,0.00,Pull
21,149756054,0.0000,0.0000,0.0000,0.00,0.00,0.00,Pull
21,149796053,0.0000,0.0000,0.0000,0.00,0.00,1.95,Pull
21,149836054,0.0000,0.0000,0.0000,0.00,0.00,0.00,Pull
21,149876054,0.0000,0.0000,0.0000,0.00,0.00,0.00,Pull
21,149916052,0.0000,0.0000,0.0000,0.00,0.00,0.00,Pull
21,149956053,0.0000,0.0000,0.0000,0.00,0.00,0.00,Pull
21,149996052,0.0000,0.0000,0.0000,0.00,0.00,0.00,Pull
21,150036052,0.0000,0.0000,0.0000,0.00,0.00,0.00,Pull
21,150076053,0.0000,0.0000,0.0000,0.00,0.00,0.00,Pull
21,150116052,0.0000,0.0000,0.0000,0.00,0.00,0.00,Pull
21,150156053,0.0000,0.0000,0.0000,0.00,0.00,0.00,Pull
21,150196054,0.0000,0.0000,0.0000,0.00,0.00,0.00,Pull
21,150236054,0.0000,0.0000,0.0000,0.00,0.00,0.00,Pull
21,150276052,0.0000,0.0000,0.0000,0.00,0.00,0.00,Pull
21,150316054,0.0000,0.0000,0.0000,0.00,0.00,0.00,Pull
21,150356054,0.0000,0.0000,0.0000,0.00,0.00,1.95,Pull
21,150396052,0.0000,0.0000,0.0000,0.00,0.00,0.00,Pull
21,150436052,0.0000,0.0000,0.0000,0.00,0.00,0.00,Pull
21,150476052,0.0000,0.0000,0.0000,0.00,0.00,0.00,Pull
22,153276054,0.0000,0.0000,0.0000,0.00,0.00,0.00,Pull
22,153316052,0.0000,0.0000,0.0000,0.00,0.00,0.00,Pull
22,153356054,0.0000,0.0000,0.0000,0.00,0.00,0.00,Pull
22,153396052,0.0000,0.0000,0.0000,0.00,0.00,0.00,Pull
22,153436054,0.0000,0.0000,0.0000,0.00,0.00,0.00,Pull
22,153476052,0.0000,0.0000,0.0000,0.00,0.00,0.00,Pull
22,153516053,0.0000,0.0000,0.0000,0.00,0.00,0.00,Pull
22,153556052,0.0000,0.0000,0.0000,0.00,0.00,0.00,Pull
22,153596054,0.0000,0.0000,0.0000,0.00,0.00,0.00,Pull
22,153636054,0.0000,0.0000,0.0000,0.00,0.00,0.00,Pull
22,153676054,0.0000,0.0000,0.0000,0.00,0.00,0.00,Pull
22,153716053,0.0000,0.0000,0.0000,0.00,0.00,0.00,Pull
22,153756053,0.0000,0.0000,0.0000,0.00,0.00,0.00,Pull
22,153796055,-10.1582,5.2544,0.1250,46.88,0.00,0.00,Pull
22,153836055,0.0000,0.0000,0.0000,0.00,0.00,0.00,Pull
22,153876054,0.0000,0.0000,0.0000,0.00,0.00,0.00,Pull
22,153916053,0.0000,0.0000,0.0000,0.00,0.00,0.00,Pull
22,153956054,0.0000,0.0000,0.0000,0.00,0.00,0.00,Pull
22,153996053,0.0000,0.0000,0.0000,0.00,0.00,0.00,Pull
22,154036054,0.0000,0.0000,0.0000,0.00,0.00,0.00,Pull
22,154076053,0.0000,0.0000,0.0000,0.00,0.00,0.00,Pull
22,154116053,0.0000,0.0000,0.0000,0.00,0.00,0.00,Pull
22,154156053,0.0000,0.0000,0.0000,46.88,0.00,0.00,Pull
22,154196054,0.0000,0.0000,0.0000,0.00,0.00,0.00,Pull
22,154236054,0.0000,0.0000,0.0000,0.00,0.00,0.00,Pull
22,154276053,0.0000,0.0000,0.0000,0.00,0.00,0.00,Pull
22,154316053,0.0000,0.0000,0.0000,0.00,0.00,1.95,Pull
22,154356054,0.0000,0.0000,0.0000,0.00,0.00,0.00,Pull
22,154396053,0.0000,0.0000,0.0000,0.00,0.00,0.00,Pull
22,154436054,0.0000,0.0000,0.0000,0.00,0.00,0.00,Pull
22,154476054,0.0000,0.0000,0.0000,0.00,0.00,0.00,Pull
22,154516054,0.0000,0.0000,0.0000,0.00,0.00,0.00,Pull
22,154556053,0.0000,0.0000,0.0000,0.00,0.00,0.00,Pull
22,154596052,0.0000,0.0000,0.0000,0.00,0.00,0.00,Pull
22,154636053,0.0000,0.0000,0.0000,0.00,0.00,0.00,Pull
22,154676053,0.0000,0.0000,0.0000,0.00,0.00,0.00,Pull
22,154716053,0.0000,0.0000,0.0000,0.00,0.00,0.00,Pull
22,154756054,0.0000,0.0000,0.0000,0.00,0.00,0.00,Pull
22,154796054,0.0000,0.0000,0.0000,0.00,0.00,0.00,Pull
22,154836055,0.0000,0.0000,0.0000,0.00,0.00,1.95,Pull
22,154876053,0.0000,0.0000,0.0000,0.00,0.00,0.00,Pull
22,154916053,0.0000,0.0000,0.0000,0.00,0.00,0.00,Pull
22,154956055,-2.1958,7.5044,0.1250,46.88,0.00,0.00,Pull
22,154996054,0.0000,0.0000,0.0000,0.00,0.00,0.00,Pull
22,155036054,0.0000,0.0000,0.0000,0.00,0.00,0.00,Pull
22,155076054,0.0000,0.0000,0.0000,46.88,0.00,0.00,Pull
22,155116054,0.0000,0.0000,0.0000,0.00,0.00,0.00,Pull
22,155156053,0.0000,0.0000,0.0000,0.00,0.00,0.00,Pull
22,155196054,0.0000,0.0000,0.0000,0.00,0.00,0.00,Pull
22,155236053,0.0000,0.0000,0.0000,0.00,0.00,0.00,Pull
23,158756055,0.0000,0.0000,0.0000,0.00,0.00,1.95,Pull
23,158796055,0.0000,0.0000,0.0000,0.00,0.00,0.00,Pull
23,158836053,0.0000,0.0000,0.0000,0.00,0.00,0.00,Pull
23,158876054,0.0000,0.0000,0.0000,0.00,0.00,0.00,Pull
23,158916054,0.0000,0.0000,0.0000,0.00,0.00,0.00,Pull
23,158956053,0.0000,0.0000,0.0000,0.00,0.00,0.00,Pull
23,158996052,0.0000,0.0000,0.0000,0.00,0.00,0.00,Pull
23,159036055,0.0000,0.0000,0.0000,0.00,0.00,0.00,Pull
23,159076054,0.0000,0.0000,0.0000,0.00,0.00,0.00,Pull
23,159116054,0.0000,0.0000,0.0000,0.00,0.00,1.95,Pull
23,159156053,0.0000,0.0000,0.0000,0.00,0.00,0.00,Pull
23,159196053,0.0000,0.0000,0.0000,0.00,0.00,0.00,Pull
23,159236053,0.0000,0.0000,0.0000,0.00,0.00,0.00,Pull
23,159276053,0.0000,0.0000,0.0000,0.00,0.00,0.00,Pull
23,159316054,0.0000,0.0000,0.0000,46.88,0.00,0.00,Pull
23,159356054,0.0000,0.0000,0.0000,0.00,0.00,0.00,Pull
23,159396055,0.0000,0.0000,0.0000,0.00,0.00,0.00,Pull
23,159436054,0.0000,0.0000,0.0000,0.00,0.00,0.00,Pull
23,159476053,0.0000,0.0000,0.0000,0.00,0.00,0.00,Pull
23,159516053,0.0000,0.0000,0.0000,0.00,0.00,0.00,Pull
23,159556053,0.0000,0.0000,0.0000,0.00,0.00,0.00,Pull
23,159596054,0.0000,0.0000,0.0000,0.00,0.00,0.00,Pull
23,159636052,0.0000,0.0000,0.0000,0.00,0.00,0.00,Pull
23,159676054,0.0000,0.0000,0.0000,0.00,0.00,0.00,Pull
23,159716053,0.0000,0.0000,0.0000,0.00,0.00,0.00,Pull
23,159756054,0.0000,0.0000,0.0000,0.00,0.00,0.00,Pull
23,159796054,0.0000,0.0000,0.0000,0.00,0.00,0.00,Pull
23,159836053,0.0000,0.0000,0.0000,0.00,0.00,0.00,Pull
23,159876053,0.0000,0.0000,0.0000,0.00,0.00,0.00,Pull
23,159916054,0.0000,0.0000,0.0000,0.00,0.00,0.00,Pull
23,159956054,0.0000,0.0000,0.0000,0.00,0.00,0.00,Pull
23,159996055,0.0000,0.0000,0.0000,0.00,0.00,0.00,Pull
23,160036052,0.0000,0.0000,0.0000,0.00,0.00,0.00,Pull
23,160076054,0.0000,0.0000,0.0000,0.00,0.00,1.95,Pull
23,160116053,0.0000,0.0000,0.0000,0.00,0.00,0.00,Pull
23,160156053,0.0000,0.0000,0.0000,0.00,0.00,0.00,Pull
23,160196053,0.0000,0.0000,0.0000,0.00,0.00,0.00,Pull
23,160236053,0.0000,0.0000,0.0000,0.00,0.00,0.00,Pull
23,160276053,0.0000,0.0000,0.0000,0.00,0.00,0.00,Pull
23,160316053,0.0000,0.0000,0.0000,0.00,0.00,0.00,Pull
23,160356054,0.0000,0.0000,0.0000,0.00,0.00,0.00,Pull
23,160396055,0.0000,0.0000,0.1250,46.88,0.00,0.00,Pull
23,160436054,0.0000,0.0000,0.0000,0.00,0.00,0.00,Pull
23,160476054,0.0000,0.0000,0.0000,0.00,0.00,0.00,Pull
23,160516052,0.0000,0.0000,0.0000,0.00,0.00,0.00,Pull
23,160556054,0.0000,0.0000,0.0000,0.00,0.00,0.00,Pull
23,160596054,0.0000,0.0000,0.0000,0.00,0.00,0.00,Pull
23,160636054,0.0000,0.0000,0.0000,0.00,0.00,0.00,Pull
23,160676052,0.0000,0.0000,0.0000,0.00,0.00,0.00,Pull
23,160716054,-2.2095,-13.4956,0.1250,46.88,0.00,0.00,Pull
24,162516055,0.0000,0.0000,0.1250,46.88,0.00,0.00,Pull
24,162556055,13.8003,-9.9956,0.1250,46.88,0.00,0.00,Pull
24,162596054,0.0000,0.0000,0.0000,0.00,0.00,0.00,Pull
24,162636052,0.0000,0.0000,0.0000,0.00,0.00,0.00,Pull
24,162676054,0.0000,0.0000,0.1250,46.88,0.00,0.00,Pull
24,162716053,0.0000,0.0000,0.0000,0.00,0.00,0.00,Pull
24,162756054,0.0000,0.0000,0.0000,0.00,0.00,1.95,Pull
24,162796054,0.0000,0.0000,0.0000,0.00,0.00,0.00,Pull
24,162836053,0.0000,0.0000,0.0000,0.00,0.00,0.00,Pull
24,162876053,0.0000,0.0000,0.0000,0.00,0.00,0.00,Pull
24,162916055,0.0000,0.0000,0.0000,0.00,0.00,0.00,Pull
24,162956054,0.0000,0.0000,0.0000,0.00,0.00,0.00,Pull
24,162996054,0.0000,0.0000,0.0000,0.00,0.00,0.00,Pull
24,163036053,0.0000,0.0000,0.0000,0.00,0.00,0.00,Pull
24,163076053,0.0000,0.0000,0.0000,0.00,0.00,0.00,Pull
24,163116053,0.0000,0.0000,0.0000,0.00,0.00,0.00,Pull
24,163156053,0.0000,0.0000,0.0000,0.00,0.00,0.00,Pull
24,163196054,0.0000,0.0000,0.0000,0.00,0.00,0.00,Pull
24,163236052,0.0000,0.0000,0.0000,0.00,0.00,0.00,Pull
24,163276053,0.0000,0.0000,0.0000,0.00,0.00,0.00,Pull
24,163316053,0.0000,0.0000,0.0000,0.00,0.00,0.00,Pull
24,163356053,0.0000,0.0000,0.0000,0.00,0.00,0.00,Pull
24,163396053,0.0000,0.0000,0.0000,0.00,0.00,0.00,Pull
24,163436053,0.0000,0.0000,0.0000,0.00,0.00,0.00,Pull
24,163476053,0.0000,0.0000,0.0000,0.00,0.00,0.00,Pull
24,163516054,0.0000,0.0000,0.0000,0.00,0.00,0.00,Pull
24,163556052,0.0000,0.0000,0.0000,0.00,0.00,0.00,Pull
24,163596053,0.0000,0.0000,0.0000,0.00,0.00,0.00,Pull
24,163636054,0.0000,0.0000,0.0000,0.00,0.00,1.95,Pull
24,163676053,0.0000,0.0000,0.0000,0.00,0.00,0.00,Pull
24,163717809,-0.0225,-0.0063,0.4883,29.36,9.16,-46.75,Pull
24,163756053,0.0000,0.0000,0.0000,0.00,0.00,0.00,Pull
24,163796055,0.0000,0.0000,0.0000,0.00,0.00,1.95,Pull
24,163836054,0.0000,0.0000,0.0000,0.00,0.00,0.00,Pull
24,163876054,0.0000,0.0000,0.0000,0.00,0.00,0.00,Pull
24,163916053,0.0000,0.0000,0.0000,0.00,0.00,0.00,Pull
24,163956054,0.0000,0.0000,0.0000,0.00,0.00,1.95,Pull
24,163996055,0.0000,0.0000,0.0000,0.00,0.00,0.00,Pull
24,164036053,0.0000,0.0000,0.0000,0.00,0.00,1.95,Pull
24,164076054,0.0000,0.0000,0.0000,0.00,0.00,0.00,Pull
24,164116054,0.0000,0.0000,0.0000,46.88,0.00,0.00,Pull
24,164156054,0.0000,0.0000,0.0000,0.00,0.00,0.00,Pull
24,164196054,0.0000,0.0000,0.0000,0.00,0.00,0.00,Pull
24,164236055,0.0000,0.0000,0.1250,46.88,0.00,0.00,Pull
24,164276054,0.0000,0.0000,0.0000,0.00,0.00,0.00,Pull
24,164316055,0.0000,0.0000,0.0000,0.00,0.00,1.95,Pull
24,164356056,-10.1416,-6.6206,0.1250,46.88,0.00,0.00,Pull
24,164396054,0.0000,0.0000,0.0000,0.00,0.00,0.00,Pull
24,164436053,0.0000,0.0000,0.0000,0.00,0.00,0.00,Pull
24,164476053,0.0000,0.0000,0.0000,0.00,0.00,1.95,Pull
25,166516053,0.0000,0.0000,0.0000,0.00,0.00,0.00,Pull
25,166556054,0.0000,0.0000,0.0000,0.00,0.00,0.00,Pull
25,166596054,0.0000,0.0000,0.0000,0.00,0.00,0.00,Pull
25,166636052,0.0000,0.0000,0.0000,0.00,0.00,0.00,Pull
25,166676054,0.0000,0.0000,0.0000,0.00,0.00,0.00,Pull
25,166716054,0.0000,0.0000,0.0000,0.00,0.00,0.00,Pull
25,166756054,0.0000,0.0000,0.0000,0.00,0.00,0.00,Pull
25,166796055,0.0000,0.0000,0.0000,0.00,0.00,1.95,Pull
25,166836054,0.0000,0.0000,0.0000,0.00,0.00,0.00,Pull
25,166876053,0.0000,0.0000,0.0000,46.88,0.00,0.00,Pull
25,166916053,0.0000,0.0000,0.0000,0.00,0.00,0.00,Pull
25,166956053,0.0000,0.0000,0.0000,0.00,0.00,0.00,Pull
25,166996052,0.0000,0.0000,0.0000,0.00,0.00,0.00,Pull
25,167036053,0.0000,0.0000,0.0000,0.00,0.00,1.95,Pull
25,167076054,0.0000,0.0000,0.0000,0.00,0.00,0.00,Pull
25,167116053,0.0000,0.0000,0.0000,0.00,0.00,0.00,Pull
25,167156052,0.0000,0.0000,0.0000,0.00,0.00,0.00,Pull
25,167196053,0.0000,0.0000,0.0000,0.00,0.00,0.00,Pull
25,167236054,0.0000,0.0000,0.0000,0.00,0.00,0.00,Pull
25,167276054,0.0000,0.0000,0.0000,0.00,0.00,0.00,Pull
25,167316053,0.0000,0.0000,0.0000,0.00,0.00,0.00,Pull
25,167356053,0.0000,0.0000,0.0000,0.00,0.00,1.95,Pull
25,167396053,0.0000,0.0000,0.0000,0.00,0.00,0.00,Pull
25,167436053,0.0000,0.0000,0.0000,0.00,0.00,0.00,Pull
25,167476054,0.0000,0.0000,0.0000,0.00,0.00,0.00,Pull
25,167516053,0.0000,0.0000,0.0000,0.00,0.00,0.00,Pull
25,167556054,0.0000,0.0000,0.0000,0.00,0.00,0.00,Pull
25,167596054,0.0000,0.0000,0.0000,0.00,0.00,0.00,Pull
25,167636053,0.0000,0.0000,0.0000,0.00,0.00,1.95,Pull
25,167676055,0.0000,0.0000,0.0000,0.00,0.00,0.00,Pull
25,167716054,0.0000,0.0000,0.0000,46.88,0.00,0.00,Pull
25,167756055,0.0000,0.0000,0.0000,0.00,0.00,0.00,Pull
25,167796054,0.0000,0.0000,0.0000,0.00,0.00,0.00,Pull
25,167836054,0.0000,0.0000,0.0000,0.00,0.00,0.00,Pull
25,167876053,0.0000,0.0000,0.0000,0.00,0.00,0.00,Pull
25,167916055,0.0000,0.0000,0.0000,0.00,0.00,0.00,Pull
25,167956052,0.0000,0.0000,0.0000,0.00,0.00,0.00,Pull
25,167996054,0.0000,0.0000,0.0000,0.00,0.00,0.00,Pull
25,168036053,0.0000,0.0000,0.0000,0.00,0.00,0.00,Pull
25,168076054,0.0000,0.0000,0.0000,0.00,0.00,1.95,Pull
25,168116053,0.0000,0.0000,0.0000,0.00,0.00,0.00,Pull
25,168156054,0.0000,0.0000,0.0000,0.00,0.00,0.00,Pull
25,168196054,0.0000,0.0000,0.0000,0.00,0.00,0.00,Pull
25,168236055,0.0000,0.0000,0.0000,0.00,0.00,1.95,Pull
25,168276053,0.0000,0.0000,0.0000,0.00,0.00,0.00,Pull
25,168316054,0.0000,0.0000,0.0000,0.00,0.00,0.00,Pull
25,168356052,0.0000,0.0000,0.0000,0.00,0.00,0.00,Pull
25,168396053,0.0000,0.0000,0.0000,0.00,0.00,0.00,Pull
25,168436053,0.0000,0.0000,0.0000,0.00,0.00,0.00,Pull
25,168476052,0.0000,0.0000,0.0000,0.00,0.00,0.00,Pull
26,170236053,0.0000,0.0000,0.0000,0.00,0.00,0.00,Pull
26,170276054,0.0000,0.0000,0.0000,0.00,0.00,0.00,Pull
26,170316054,0.0000,0.0000,0.0000,0.00,0.00,0.00,Pull
26,170356054,0.0000,0.0000,0.0000,0.00,0.00,0.00,Pull
26,170396054,0.0000,0.0000,0.0000,0.00,0.00,0.00,Pull
26,170436053,0.0000,0.0000,0.0000,0.00,0.00,0.00,Pull
26,170476054,0.0000,0.0000,0.0000,0.00,0.00,0.00,Pull
26,170516053,0.0000,0.0000,0.0000,0.00,0.00,0.00,Pull
26,170556054,0.0000,0.0000,0.0000,0.00,0.00,0.00,Pull
26,170596054,0.0000,0.0000,0.0000,0.00,0.00,0.00,Pull
26,170636053,0.0000,0.0000,0.0000,0.00,0.00,0.00,Pull
26,170676054,0.0000,0.0000,0.0000,0.00,0.00,0.00,Pull
26,170716054,0.0000,0.0000,0.0000,0.00,0.00,0.00,Pull
26,170756053,0.0000,0.0000,0.0000,0.00,0.00,0.00,Pull
26,170796054,0.0000,0.0000,0.0000,0.00,0.00,0.00,Pull
26,170836053,0.0000,0.0000,0.0000,0.00,0.00,0.00,Pull
26,170876054,0.0000,0.0000,0.0000,0.00,0.00,0.00,Pull
26,170916054,0.0000,0.0000,0.0000,0.00,0.00,0.00,Pull
26,170956054,0.0000,0.0000,0.0000,0.00,0.00,0.00,Pull
26,170996052,0.0000,0.0000,0.0000,0.00,0.00,0.00,Pull
26,171036053,0.0000,0.0000,0.0000,0.00,0.00,0.00,Pull
26,171076054,0.0000,0.0000,0.0000,0.00,0.00,0.00,Pull
26,171116053,0.0000,0.0000,0.0000,0.00,0.00,0.00,Pull
26,171156052,0.0000,0.0000,0.0000,0.00,0.00,0.00,Pull
26,171196052,0.0000,0.0000,0.0000,0.00,0.00,0.00,Pull
26,171236056,-10.1440,6.5049,0.1250,46.88,0.00,0.00,Pull
26,171276054,0.0000,0.0000,0.0000,46.88,0.00,0.00,Pull
26,171316055,0.0000,0.0000,0.0000,0.00,0.00,0.00,Pull
26,171356054,0.0000,0.0000,0.0000,0.00,0.00,0.00,Pull
26,171396054,0.0000,0.0000,0.0000,0.00,0.00,0.00,Pull
26,171436053,0.0000,0.0000,0.0000,0.00,0.00,0.00,Pull
26,171476053,0.0000,0.0000,0.0000,0.00,0.00,1.95,Pull
26,171516052,0.0000,0.0000,0.0000,0.00,0.00,0.00,Pull
26,171556055,0.0000,0.0000,0.0000,0.00,0.00,1.95,Pull
26,171596053,0.0000,0.0000,0.0000,0.00,0.00,0.00,Pull
26,171636053,0.0000,0.0000,0.0000,0.00,0.00,0.00,Pull
26,171676054,0.0000,0.0000,0.0000,0.00,0.00,0.00,Pull
26,171717808,-1.0142,0.0181,-0.0361,9.95,4.39,4.27,Pull
26,171756055,0.0000,0.0000,0.0000,0.00,0.00,0.00,Pull
26,171796053,0.0000,0.0000,0.0000,0.00,0.00,0.00,Pull
26,171836053,0.0000,0.0000,0.0000,0.00,0.00,0.00,Pull
26,171876053,0.0000,0.0000,0.0000,0.00,0.00,0.00,Pull
26,171916054,0.0000,0.0000,0.0000,0.00,0.00,0.00,Pull
26,171956052,0.0000,0.0000,0.0000,0.00,0.00,0.00,Pull
26,171996054,0.0000,0.0000,0.0000,0.00,0.00,0.00,Pull
26,172036054,0.0000,0.0000,0.0000,0.00,0.00,0.00,Pull
26,172076055,0.0000,0.0000,0.1250,46.88,0.00,0.00,Pull
26,172116054,0.0000,0.0000,0.0000,0.00,0.00,0.00,Pull
26,172156054,0.0000,0.0000,0.0000,0.00,0.00,0.00,Pull
26,172196053,0.0000,0.0000,0.0000,0.00,0.00,0.00,Pull
27,173996053,0.0000,0.0000,0.0000,0.00,0.00,0.00,Pull
27,174036053,0.0000,0.0000,0.0000,0.00,0.00,0.00,Pull
27,174076053,0.0000,0.0000,0.0000,0.00,0.00,0.00,Pull
27,174116053,0.0000,0.0000,0.0000,0.00,0.00,1.95,Pull
27,174156054,0.0000,0.0000,0.0000,0.00,0.00,1.95,Pull
27,174196055,5.7520,12.2549,0.1250,46.88,0.00,0.00,Pull
27,174236055,0.0000,0.0000,0.1250,46.88,0.00,0.00,Pull
27,174276054,0.0000,0.0000,0.0000,0.00,0.00,0.00,Pull
27,174316054,0.0000,0.0000,0.0000,0.00,0.00,0.00,Pull
27,174356055,0.0000,0.0000,0.0000,0.00,0.00,1.95,Pull
27,174396053,0.0000,0.0000,0.0000,0.00,0.00,1.95,Pull
27,174436054,0.0000,0.0000,0.0000,0.00,0.00,0.00,Pull
27,174476053,0.0000,0.0000,0.0000,0.00,0.00,0.00,Pull
27,174516054,0.0000,0.0000,0.0000,0.00,0.00,0.00,Pull
27,174556053,0.0000,0.0000,0.0000,0.00,0.00,0.00,Pull
27,174596054,0.0000,0.0000,0.0000,0.00,0.00,0.00,Pull
27,174636055,0.0000,0.0000,0.1250,46.88,0.00,0.00,Pull
27,174676054,0.0000,0.0000,0.0000,0.00,0.00,0.00,Pull
27,174716054,0.0000,0.0000,0.0000,0.00,0.00,0.00,Pull
27,174756054,0.0000,0.0000,0.0000,0.00,0.00,0.00,Pull
27,174796054,0.0000,0.0000,0.0000,0.00,0.00,0.00,Pull
27,174836054,0.0000,0.0000,0.0000,0.00,0.00,0.00,Pull
27,174876052,0.0000,0.0000,0.0000,0.00,0.00,0.00,Pull
27,174916053,0.0000,0.0000,0.0000,0.00,0.00,0.00,Pull
27,174956054,0.0000,0.0000,0.0000,0.00,0.00,0.00,Pull
27,174996054,0.0000,0.0000,0.0000,0.00,0.00,0.00,Pull
27,175036054,0.0000,0.0000,0.0000,0.00,0.00,0.00,Pull
27,175076054,0.0000,0.0000,0.0000,0.00,0.00,0.00,Pull
27,175116053,0.0000,0.0000,0.0000,0.00,0.00,0.00,Pull
27,175156054,0.0000,0.0000,0.0000,0.00,0.00,0.00,Pull
27,175196053,0.0000,0.0000,0.0000,0.00,0.00,0.00,Pull
27,175236053,0.0000,0.0000,0.0000,0.00,0.00,0.00,Pull
27,175276055,-2.1885,14.2549,0.1250,46.88,0.00,0.00,Pull
27,175316055,0.0000,0.0000,0.0000,0.00,0.00,0.00,Pull
27,175356053,0.0000,0.0000,0.0000,0.00,0.00,0.00,Pull
27,175396054,0.0000,0.0000,0.0000,0.00,0.00,0.00,Pull
27,175436052,0.0000,0.0000,0.0000,0.00,0.00,0.00,Pull
27,175476054,0.0000,0.0000,0.0000,0.00,0.00,0.00,Pull
27,175517520,-0.8999,-0.0713,-0.1152,32.84,42.85,-18.19,Pull
27,175556055,0.0000,0.0000,0.0000,0.00,0.00,0.00,Pull
27,175596054,0.0000,0.0000,0.0000,0.00,0.00,0.00,Pull
27,175636053,0.0000,0.0000,0.0000,0.00,0.00,0.00,Pull
27,175676054,0.0000,0.0000,0.0000,0.00,0.00,0.00,Pull
27,175716054,0.0000,0.0000,0.0000,0.00,0.00,0.00,Pull
27,175756054,0.0000,0.0000,0.0000,0.00,0.00,0.00,Pull
27,175796054,0.0000,0.0000,0.0000,0.00,0.00,0.00,Pull
27,175836053,0.0000,0.0000,0.0000,46.88,0.00,0.00,Pull
27,175876053,0.0000,0.0000,0.0000,0.00,0.00,0.00,Pull
27,175916054,0.0000,0.0000,0.0000,0.00,0.00,0.00,Pull
27,175956052,0.0000,0.0000,0.0000,0.00,0.00,0.00,Pull
28,177596052,0.0000,0.0000,0.0000,0.00,0.00,0.00,Pull
28,177636053,0.0000,0.0000,0.0000,0.00,0.00,0.00,Pull
28,177676054,0.0000,0.0000,0.0000,0.00,0.00,0.00,Pull
28,177716054,0.0000,0.0000,0.0000,0.00,0.00,0.00,Pull
28,177756054,0.0000,0.0000,0.0000,0.00,0.00,0.00,Pull
28,177796054,0.0000,0.0000,0.0000,0.00,0.00,0.00,Pull
28,177836053,0.0000,0.0000,0.0000,46.88,0.00,0.00,Pull
28,177876054,0.0000,0.0000,0.0000,46.88,0.00,0.00,Pull
28,177916054,0.0000,0.0000,0.0000,0.00,0.00,0.00,Pull
28,177956055,0.0000,0.0000,0.0000,0.00,0.00,0.00,Pull
28,177996055,0.0000,0.0000,0.1250,46.88,0.00,0.00,Pull
28,178036053,0.0000,0.0000,0.0000,0.00,0.00,0.00,Pull
28,178076053,0.0000,0.0000,0.0000,0.00,0.00,0.00,Pull
28,178116054,0.0000,0.0000,0.0000,0.00,0.00,0.00,Pull
28,178156054,0.0000,0.0000,0.0000,0.00,0.00,0.00,Pull
28,178196053,0.0000,0.0000,0.0000,0.00,0.00,0.00,Pull
28,178236054,0.0000,0.0000,0.0000,0.00,0.00,0.00,Pull
28,178276053,0.0000,0.0000,0.0000,0.00,0.00,0.00,Pull
28,178316053,0.0000,0.0000,0.0000,0.00,0.00,1.95,Pull
28,178356054,0.0000,0.0000,0.0000,0.00,0.00,0.00,Pull
28,178396054,0.0000,0.0000,0.0000,0.00,0.00,0.00,Pull
28,178436055,0.0000,0.0000,0.0000,0.00,0.00,1.95,Pull
28,178476055,0.0000,0.0000,0.0000,0.00,0.00,0.00,Pull
28,178516053,0.0000,0.0000,0.0000,0.00,0.00,0.00,Pull
28,178556054,0.0000,0.0000,0.0000,0.00,0.00,0.00,Pull
28,178596053,0.0000,0.0000,0.0000,46.88,0.00,0.00,Pull
28,178636055,0.0000,0.0000,0.0000,0.00,0.00,0.00,Pull
28,178676054,0.0000,0.0000,0.0000,0.00,0.00,0.00,Pull
28,178716053,0.0000,0.0000,0.0000,0.00,0.00,0.00,Pull
28,178756054,0.0000,0.0000,0.0000,0.00,0.00,0.00,Pull
28,178796054,0.0000,0.0000,0.0000,0.00,0.00,0.00,Pull
28,178836055,0.0000,0.0000,0.0000,0.00,0.00,0.00,Pull
28,178876056,13.8032,-10.8701,0.1250,46.88,0.00,0.00,Pull
28,178916055,0.0000,0.0000,0.0000,0.00,0.00,0.00,Pull
28,178956053,0.0000,0.0000,0.0000,0.00,0.00,0.00,Pull
28,178997808,-0.4688,-0.1909,0.5942,34.36,-20.87,-3.23,Pull
28,179036055,0.0000,0.0000,0.0000,0.00,0.00,0.00,Pull
28,179076053,0.0000,0.0000,0.0000,0.00,0.00,0.00,Pull
28,179116053,0.0000,0.0000,0.0000,0.00,0.00,0.00,Pull
28,179156054,0.0000,0.0000,0.0000,0.00,0.00,0.00,Pull
28,179196054,0.0000,0.0000,0.0000,0.00,0.00,0.00,Pull
28,179236054,0.0000,0.0000,0.0000,0.00,0.00,0.00,Pull
28,179276053,0.0000,0.0000,0.0000,0.00,0.00,0.00,Pull
28,179316053,0.0000,0.0000,0.0000,0.00,0.00,0.00,Pull
28,179356053,0.0000,0.0000,0.0000,0.00,0.00,1.95,Pull
28,179396054,0.0000,0.0000,0.0000,0.00,0.00,0.00,Pull
28,179436053,0.0000,0.0000,0.0000,0.00,0.00,0.00,Pull
28,179476053,0.0000,0.0000,0.0000,0.00,0.00,0.00,Pull
28,179516055,0.0000,0.0000,0.1250,46.88,0.00,0.00,Pull
28,179556053,0.0000,0.0000,0.0000,0.00,0.00,0.00,Pull
29,181356053,0.0000,0.0000,0.0000,0.00,0.00,0.00,Pull
29,181396053,0.0000,0.0000,0.0000,0.00,0.00,0.00,Pull
29,181436055,0.0000,0.0000,0.0000,0.00,0.00,1.95,Pull
29,181476055,0.0000,0.0000,0.0000,0.00,0.00,0.00,Pull
29,181516054,0.0000,0.0000,0.0000,0.00,0.00,0.00,Pull
29,181556054,0.0000,0.0000,0.0000,0.00,0.00,0.00,Pull
29,181596054,0.0000,0.0000,0.0000,0.00,0.00,0.00,Pull
29,181636053,0.0000,0.0000,0.0000,0.00,0.00,0.00,Pull
29,181676054,0.0000,0.0000,0.0000,0.00,0.00,0.00,Pull
29,181716054,0.0000,0.0000,0.0000,0.00,0.00,0.00,Pull
29,181756055,0.0000,0.0000,0.0000,0.00,0.00,0.00,Pull
29,181796054,0.0000,0.0000,0.0000,0.00,0.00,0.00,Pull
29,181836053,0.0000,0.0000,0.0000,0.00,0.00,0.00,Pull
29,181876054,0.0000,0.0000,0.1250,46.88,0.00,0.00,Pull
29,181916053,0.0000,0.0000,0.0000,0.00,0.00,0.00,Pull
29,181956053,0.0000,0.0000,0.0000,0.00,0.00,0.00,Pull
29,181996054,0.0000,0.0000,0.0000,0.00,0.00,0.00,Pull
29,182036055,0.0000,0.0000,0.0000,0.00,0.00,0.00,Pull
29,182076054,0.0000,0.0000,0.0000,0.00,0.00,0.00,Pull
29,182116053,0.0000,0.0000,0.0000,0.00,0.00,0.00,Pull
29,182156053,0.0000,0.0000,0.0000,0.00,0.00,0.00,Pull
29,182196053,0.0000,0.0000,0.0000,0.00,0.00,0.00,Pull
29,182236055,0.0000,0.0000,0.1250,46.88,0.00,0.00,Pull
29,182276054,0.0000,0.0000,0.0000,0.00,0.00,0.00,Pull
29,182316053,0.0000,0.0000,0.0000,0.00,0.00,0.00,Pull
29,182356053,0.0000,0.0000,0.0000,0.00,0.00,0.00,Pull
29,182396055,0.0000,0.0000,0.0000,0.00,0.00,1.95,Pull
29,182436053,0.0000,0.0000,0.0000,0.00,0.00,0.00,Pull
29,182476054,0.0000,0.0000,0.0000,0.00,0.00,0.00,Pull
29,182516054,0.0000,0.0000,0.0000,0.00,0.00,0.00,Pull
29,182556054,0.0000,0.0000,0.0000,0.00,0.00,0.00,Pull
29,182596054,0.0000,0.0000,0.0000,0.00,0.00,0.00,Pull
29,182636054,0.0000,0.0000,0.0000,0.00,0.00,0.00,Pull
29,182676054,0.0000,0.0000,0.0000,0.00,0.00,0.00,Pull
29,182716054,0.0000,0.0000,0.0000,0.00,0.00,0.00,Pull
29,182756053,0.0000,0.0000,0.0000,0.00,0.00,0.00,Pull
29,182796055,0.0000,0.0000,0.1250,46.88,0.00,0.00,Pull
29,182836053,0.0000,0.0000,0.0000,0.00,0.00,0.00,Pull
29,182877590,0.0000,0.0000,0.1250,46.88,0.00,0.00,Pull
29,182916055,0.0000,0.0000,0.0000,0.00,0.00,0.00,Pull
29,182956054,0.0000,0.0000,0.0000,0.00,0.00,0.00,Pull
29,182996054,0.0000,0.0000,0.0000,0.00,0.00,0.00,Pull
29,183036055,0.0000,0.0000,0.0000,0.00,0.00,0.00,Pull
29,183076054,0.0000,0.0000,0.0000,0.00,0.00,0.00,Pull
29,183116053,0.0000,0.0000,0.0000,0.00,0.00,1.95,Pull
29,183156054,0.0000,0.0000,0.0000,0.00,0.00,0.00,Pull
29,183196054,0.0000,0.0000,0.0000,0.00,0.00,0.00,Pull
29,183236054,0.0000,0.0000,0.0000,0.00,0.00,1.95,Pull
29,183276054,0.0000,0.0000,0.0000,0.00,0.00,0.00,Pull
29,183316054,0.0000,0.0000,0.0000,0.00,0.00,0.00,Pull
30,193996053,0.0000,0.0000,0.0000,0.00,0.00,0.00,Pull
30,194036049,0.0000,0.0000,0.1250,46.88,0.00,0.00,Pull
30,194076050,0.0000,0.0000,0.0000,0.00,0.00,0.00,Pull
30,194116050,0.0000,0.0000,0.0000,0.00,0.00,0.00,Pull
30,194156049,0.0000,0.0000,0.0000,0.00,0.00,0.00,Pull
30,196200587,5.7500,0.0000,0.0000,0.00,0.00,1.95,Pull
30,197014729,5.7500,0.0000,0.0000,0.00,0.00,1.95,Pull
30,197054734,0.0000,0.0000,0.0000,0.00,0.00,0.00,Pull
30,197094734,0.0000,0.0000,0.0000,0.00,0.00,0.00,Pull
30,197134733,0.0000,0.0000,0.0000,0.00,0.00,0.00,Pull
30,197174733,0.0000,0.0000,0.0000,0.00,0.00,0.00,Pull
30,197214733,0.0000,0.0000,0.0000,0.00,0.00,0.00,Pull
30,197254734,0.0000,0.0000,0.0000,0.00,0.00,0.00,Pull
30,197294734,0.0000,0.0000,0.0000,0.00,0.00,0.00,Pull
30,197334733,0.0000,0.0000,0.0000,0.00,0.00,0.00,Pull
30,197374732,0.0000,0.0000,0.0000,0.00,0.00,0.00,Pull
30,197414733,0.0000,0.0000,0.0000,0.00,0.00,0.00,Pull
30,197454733,0.0000,0.0000,0.0000,0.00,0.00,0.00,Pull
30,197494735,-11.1846,-7.3696,0.1250,46.88,0.00,0.00,Pull
30,197534734,0.0000,0.0000,0.0000,0.00,0.00,0.00,Pull
30,197574733,0.0000,0.0000,0.0000,0.00,0.00,0.00,Pull
30,197614734,12.7944,-7.1196,0.1250,46.88,0.00,0.00,Pull
30,197654734,0.0000,0.0000,0.0000,0.00,0.00,0.00,Pull
30,197694734,0.0000,0.0000,0.0000,46.88,0.00,0.00,Pull
30,197734734,0.0000,0.0000,0.0000,0.00,0.00,0.00,Pull
30,197774733,0.0000,0.0000,0.0000,0.00,0.00,0.00,Pull
30,197814733,0.0000,0.0000,0.0000,0.00,0.00,0.00,Pull
30,197854732,0.0000,0.0000,0.0000,0.00,0.00,0.00,Pull
30,197894734,0.0000,0.0000,0.0000,0.00,0.00,0.00,Pull
30,197934735,12.7798,-6.4946,0.1250,46.88,0.00,0.00,Pull
30,197974735,0.0000,0.0000,0.0000,0.00,0.00,0.00,Pull
30,198014735,0.0000,0.0000,0.1250,46.88,0.00,0.00,Pull
30,198054734,0.0000,0.0000,0.0000,0.00,0.00,0.00,Pull
30,198094735,0.0000,0.0000,0.0000,0.00,0.00,0.00,Pull
30,198134733,0.0000,0.0000,0.0000,0.00,0.00,0.00,Pull
30,198174734,0.0000,0.0000,0.0000,0.00,0.00,0.00,Pull
30,198214733,0.0000,0.0000,0.0000,0.00,0.00,0.00,Pull
30,198254734,0.0000,0.0000,0.0000,0.00,0.00,0.00,Pull
30,198294733,0.0000,0.0000,0.0000,0.00,0.00,1.95,Pull
30,198334732,0.0000,0.0000,0.0000,0.00,0.00,0.00,Pull
30,198374733,0.0000,0.0000,0.0000,0.00,0.00,0.00,Pull
30,198414734,0.0000,0.0000,0.0000,0.00,0.00,0.00,Pull
30,198454734,0.0000,0.0000,0.0000,0.00,0.00,0.00,Pull
30,198494733,0.0000,0.0000,0.0000,0.00,0.00,0.00,Pull
30,198534732,0.0000,0.0000,0.0000,0.00,0.00,0.00,Pull
30,198574735,0.0000,0.0000,0.1250,46.88,0.00,0.00,Pull
30,198614735,0.0000,0.0000,0.0000,0.00,0.00,0.00,Pull
30,198654734,0.0000,0.0000,0.0000,0.00,0.00,0.00,Pull
30,198694734,0.0000,0.0000,0.0000,0.00,0.00,0.00,Pull
30,198734734,0.0000,0.0000,0.0000,0.00,0.00,0.00,Pull
31,201374734,0.0000,0.0000,0.0000,0.00,0.00,0.00,Pull
31,201414733,0.0000,0.0000,0.0000,0.00,0.00,0.00,Pull
31,201454732,0.0000,0.0000,0.0000,0.00,0.00,0.00,Pull
31,201494734,0.0000,0.0000,0.0000,0.00,0.00,0.00,Pull
31,201534733,0.0000,0.0000,0.0000,0.00,0.00,0.00,Pull
31,201574732,0.0000,0.0000,0.0000,0.00,0.00,0.00,Pull
31,201614735,0.0000,0.0000,0.1250,46.88,0.00,0.00,Pull
31,201654734,0.0000,0.0000,0.0000,0.00,0.00,0.00,Pull
31,201694734,0.0000,0.0000,0.0000,0.00,0.00,0.00,Pull
31,201734732,0.0000,0.0000,0.0000,0.00,0.00,0.00,Pull
31,201774733,0.0000,0.0000,0.0000,0.00,0.00,0.00,Pull
31,201814733,0.0000,0.0000,0.0000,0.00,0.00,1.95,Pull
31,201854735,0.0000,0.0000,0.0000,0.00,0.00,1.95,Pull
31,201894734,0.0000,0.0000,0.0000,0.00,0.00,0.00,Pull
31,201934732,0.0000,0.0000,0.0000,0.00,0.00,0.00,Pull
31,201974732,0.0000,0.0000,0.0000,0.00,0.00,0.00,Pull
31,202014734,0.0000,0.0000,0.0000,0.00,0.00,0.00,Pull
31,202054734,0.0000,0.0000,0.0000,0.00,0.00,0.00,Pull
31,202094735,12.8394,1.3809,0.1250,46.88,0.00,0.00,Pull
31,202134735,0.0000,0.0000,0.0000,0.00,0.00,0.00,Pull
31,202174734,0.0000,0.0000,0.0000,0.00,0.00,0.00,Pull
31,202214732,0.0000,0.0000,0.0000,0.00,0.00,0.00,Pull
31,202254732,0.0000,0.0000,0.0000,0.00,0.00,0.00,Pull
31,202294733,0.0000,0.0000,0.0000,0.00,0.00,0.00,Pull
31,202334734,0.0000,0.0000,0.0000,0.00,0.00,0.00,Pull
31,202374733,0.0000,0.0000,0.0000,0.00,0.00,0.00,Pull
31,202414734,0.0000,0.0000,0.0000,0.00,0.00,0.00,Pull
31,202454733,0.0000,0.0000,0.0000,0.00,0.00,0.00,Pull
31,202494734,0.0000,0.0000,0.0000,0.00,0.00,0.00,Pull
31,202534735,0.0000,0.0000,0.0000,0.00,0.00,1.95,Pull
31,202574733,0.0000,0.0000,0.0000,0.00,0.00,0.00,Pull
31,202614734,0.0000,0.0000,0.0000,0.00,0.00,0.00,Pull
31,202654734,0.0000,0.0000,0.0000,0.00,0.00,0.00,Pull
31,202694734,0.0000,0.0000,0.0000,0.00,0.00,0.00,Pull
31,202734733,0.0000,0.0000,0.0000,0.00,0.00,0.00,Pull
31,202776232,0.2876,-0.1172,0.7368,-23.74,15.69,15.69,Pull
31,202814748,0.0000,0.0000,0.0000,0.00,0.00,0.00,Pull
31,202854735,0.0000,0.0000,0.0000,0.00,0.00,0.00,Pull
31,202894735,0.0000,0.0000,0.0000,0.00,0.00,0.00,Pull
31,202934732,0.0000,0.0000,0.0000,0.00,0.00,0.00,Pull
31,202974732,0.0000,0.0000,0.0000,0.00,0.00,0.00,Pull
31,203014733,0.0000,0.0000,0.0000,0.00,0.00,0.00,Pull
31,203054733,0.0000,0.0000,0.0000,0.00,0.00,0.00,Pull
31,203094733,0.0000,0.0000,0.0000,0.00,0.00,0.00,Pull
31,203134733,0.0000,0.0000,0.0000,0.00,0.00,0.00,Pull
31,203174732,0.0000,0.0000,0.0000,0.00,0.00,0.00,Pull
31,203214734,0.0000,0.0000,0.0000,0.00,0.00,0.00,Pull
31,203254735,0.0000,0.0000,0.0000,0.00,0.00,1.95,Pull
31,203294734,0.0000,0.0000,0.1250,46.88,0.00,0.00,Pull
31,203334735,4.8296,3.7559,0.1250,46.88,0.00,0.00,Pull
32,205294734,0.0000,0.0000,0.0000,0.00,0.00,0.00,Pull
32,205334735,0.0000,0.0000,0.0000,0.00,0.00,0.00,Pull
32,205374734,0.0000,0.0000,0.0000,0.00,0.00,0.00,Pull
32,205414734,0.0000,0.0000,0.1250,46.88,0.00,0.00,Pull
32,205454734,0.0000,0.0000,0.0000,0.00,0.00,0.00,Pull
32,205494733,0.0000,0.0000,0.0000,0.00,0.00,1.95,Pull
32,205534735,0.0000,0.0000,0.0000,0.00,0.00,0.00,Pull
32,205574733,0.0000,0.0000,0.0000,0.00,0.00,0.00,Pull
32,205614733,0.0000,0.0000,0.0000,0.00,0.00,0.00,Pull
32,205654733,0.0000,0.0000,0.0000,0.00,0.00,0.00,Pull
32,205694733,0.0000,0.0000,0.0000,0.00,0.00,0.00,Pull
32,205734734,0.0000,0.0000,0.1250,46.88,0.00,0.00,Pull
32,205774733,0.0000,0.0000,0.0000,0.00,0.00,0.00,Pull
32,205814735,0.0000,0.0000,0.0000,0.00,0.00,0.00,Pull
32,205854734,0.0000,0.0000,0.0000,0.00,0.00,0.00,Pull
32,205894734,0.0000,0.0000,0.0000,0.00,0.00,0.00,Pull
32,205934734,0.0000,0.0000,0.0000,0.00,0.00,0.00,Pull
32,205974733,0.0000,0.0000,0.0000,0.00,0.00,0.00,Pull
32,206014735,0.0000,0.0000,0.0000,0.00,0.00,1.95,Pull
32,206054734,0.0000,0.0000,0.0000,0.00,0.00,0.00,Pull
32,206094733,0.0000,0.0000,0.0000,0.00,0.00,0.00,Pull
32,206134733,0.0000,0.0000,0.0000,0.00,0.00,0.00,Pull
32,206174733,0.0000,0.0000,0.0000,0.00,0.00,0.00,Pull
32,206214734,0.0000,0.0000,0.0000,0.00,0.00,0.00,Pull
32,206254733,0.0000,0.0000,0.0000,0.00,0.00,0.00,Pull
32,206294734,0.0000,0.0000,0.0000,0.00,0.00,0.00,Pull
32,206334733,0.0000,0.0000,0.0000,0.00,0.00,0.00,Pull
32,206374733,0.0000,0.0000,0.0000,0.00,0.00,0.00,Pull
32,206414734,0.0000,0.0000,0.0000,0.00,0.00,1.95,Pull
32,206454734,0.0000,0.0000,0.0000,0.00,0.00,0.00,Pull
32,206494732,0.0000,0.0000,0.0000,0.00,0.00,0.00,Pull
32,206534734,0.0000,0.0000,0.0000,0.00,0.00,0.00,Pull
32,206574733,0.0000,0.0000,0.0000,0.00,0.00,0.00,Pull
32,206614732,0.0000,0.0000,0.0000,0.00,0.00,0.00,Pull
32,206654733,0.0000,0.0000,0.0000,0.00,0.00,0.00,Pull
32,206694734,0.0000,0.0000,0.0000,0.00,0.00,0.00,Pull
32,206734735,0.0000,0.0000,0.0000,0.00,0.00,1.95,Pull
32,206774735,0.0000,0.0000,0.0000,0.00,0.00,0.00,Pull
32,206814734,0.0000,0.0000,0.0000,0.00,0.00,0.00,Pull
32,206854732,0.0000,0.0000,0.0000,0.00,0.00,0.00,Pull
32,206896488,-0.3662,0.1030,1.0996,-1.34,-54.32,-9.16,Pull
32,206934734,0.0000,0.0000,0.0000,0.00,0.00,0.00,Pull
32,206974733,0.0000,0.0000,0.0000,0.00,0.00,0.00,Pull
32,207014734,0.0000,0.0000,0.0000,0.00,0.00,0.00,Pull
32,207054733,0.0000,0.0000,0.0000,0.00,0.00,0.00,Pull
32,207094733,0.0000,0.0000,0.0000,0.00,0.00,0.00,Pull
32,207134734,0.0000,0.0000,0.0000,0.00,0.00,0.00,Pull
32,207174734,0.0000,0.0000,0.0000,0.00,0.00,0.00,Pull
32,207214733,0.0000,0.0000,0.0000,0.00,0.00,0.00,Pull
32,207254732,0.0000,0.0000,0.0000,0.00,0.00,0.00,Pull
33,209534733,0.0000,0.0000,0.0000,0.00,0.00,0.00,Pull
33,209574733,0.0000,0.0000,0.0000,0.00,0.00,0.00,Pull
33,209614734,0.0000,0.0000,0.0000,0.00,0.00,0.00,Pull
33,209654734,0.0000,0.0000,0.0000,0.00,0.00,0.00,Pull
33,209694733,0.0000,0.0000,0.0000,0.00,0.00,0.00,Pull
33,209734734,0.0000,0.0000,0.0000,0.00,0.00,0.00,Pull
33,209774734,0.0000,0.0000,0.0000,0.00,0.00,1.95,Pull
33,209814734,0.0000,0.0000,0.0000,0.00,0.00,0.00,Pull
33,209854733,0.0000,0.0000,0.0000,0.00,0.00,0.00,Pull
33,209894733,0.0000,0.0000,0.0000,0.00,0.00,0.00,Pull
33,209934732,0.0000,0.0000,0.0000,0.00,0.00,0.00,Pull
33,209974734,0.0000,0.0000,0.0000,0.00,0.00,1.95,Pull
33,210014733,0.0000,0.0000,0.0000,0.00,0.00,0.00,Pull
33,210054733,0.0000,0.0000,0.0000,0.00,0.00,0.00,Pull
33,210094733,0.0000,0.0000,0.0000,0.00,0.00,0.00,Pull
33,210134733,0.0000,0.0000,0.0000,0.00,0.00,0.00,Pull
33,210174733,0.0000,0.0000,0.0000,0.00,0.00,0.00,Pull
33,210214734,0.0000,0.0000,0.0000,0.00,0.00,0.00,Pull
33,210254734,0.0000,0.0000,0.0000,0.00,0.00,0.00,Pull
33,210294733,0.0000,0.0000,0.0000,0.00,0.00,0.00,Pull
33,210334732,0.0000,0.0000,0.0000,0.00,0.00,0.00,Pull
33,210374734,0.0000,0.0000,0.0000,0.00,0.00,1.95,Pull
33,210414733,0.0000,0.0000,0.0000,0.00,0.00,0.00,Pull
33,210456488,-1.5269,-1.5850,1.5767,-304.26,-34.85,-112.18,Pull
33,210494734,0.0000,0.0000,0.0000,0.00,0.00,0.00,Pull
33,210534733,0.0000,0.0000,0.0000,0.00,0.00,0.00,Pull
33,210574734,0.0000,0.0000,0.0000,0.00,0.00,0.00,Pull
33,210614733,0.0000,0.0000,0.0000,0.00,0.00,0.00,Pull
33,210656489,-2.0195,0.1133,0.5898,-88.62,-163.02,-13.37,Pull
33,210694735,0.0000,0.0000,0.0000,0.00,0.00,0.00,Pull
33,210734733,0.0000,0.0000,0.0000,0.00,0.00,0.00,Pull
33,210774734,0.0000,0.0000,0.0000,0.00,0.00,0.00,Pull
33,210814734,0.0000,0.0000,0.0000,0.00,0.00,0.00,Pull
33,210854732,0.0000,0.0000,0.0000,0.00,0.00,0.00,Pull
33,210894733,0.0000,0.0000,0.0000,0.00,0.00,0.00,Pull
33,210934732,0.0000,0.0000,0.0000,0.00,0.00,0.00,Pull
33,210974734,0.0000,0.0000,0.0000,0.00,0.00,0.00,Pull
33,211014734,0.0000,0.0000,0.0000,0.00,0.00,0.00,Pull
33,211054732,0.0000,0.0000,0.0000,0.00,0.00,0.00,Pull
33,211094733,0.0000,0.0000,0.0000,0.00,0.00,0.00,Pull
33,211134733,0.0000,0.0000,0.0000,0.00,0.00,0.00,Pull
33,211174734,0.0000,0.0000,0.0000,0.00,0.00,0.00,Pull
33,211214734,0.0000,0.0000,0.0000,0.00,0.00,0.00,Pull
33,211254733,0.0000,0.0000,0.0000,0.00,0.00,0.00,Pull
33,211294732,0.0000,0.0000,0.0000,0.00,0.00,0.00,Pull
33,211334733,0.0000,0.0000,0.0000,0.00,0.00,0.00,Pull
33,211374734,0.0000,0.0000,0.0000,0.00,0.00,0.00,Pull
33,211414733,0.0000,0.0000,0.0000,0.00,0.00,0.00,Pull
33,211454734,0.0000,0.0000,0.0000,46.88,0.00,0.00,Pull
33,211494732,0.0000,0.0000,0.0000,0.00,0.00,0.00,Pull
34,213254735,4.7505,-9.2441,0.1250,46.88,0.00,0.00,Pull
34,213294733,0.0000,0.0000,0.0000,0.00,0.00,0.00,Pull
34,213334735,0.0000,0.0000,0.0000,0.00,0.00,0.00,Pull
34,213374734,0.0000,0.0000,0.0000,0.00,0.00,0.00,Pull
34,213414735,0.0000,0.0000,0.0000,0.00,0.00,0.00,Pull
34,213454733,0.0000,0.0000,0.0000,0.00,0.00,0.00,Pull
34,213494734,0.0000,0.0000,0.0000,0.00,0.00,0.00,Pull
34,213534733,0.0000,0.0000,0.0000,0.00,0.00,0.00,Pull
34,213574733,0.0000,0.0000,0.0000,0.00,0.00,0.00,Pull
34,213614732,0.0000,0.0000,0.0000,0.00,0.00,0.00,Pull
34,213654734,0.0000,0.0000,0.0000,0.00,0.00,0.00,Pull
34,213694733,0.0000,0.0000,0.0000,0.00,0.00,0.00,Pull
34,213734734,0.0000,0.0000,0.0000,0.00,0.00,1.95,Pull
34,213774734,0.0000,0.0000,0.0000,0.00,0.00,0.00,Pull
34,213814734,0.0000,0.0000,0.0000,0.00,0.00,0.00,Pull
34,213854733,0.0000,0.0000,0.0000,0.00,0.00,0.00,Pull
34,213894733,0.0000,0.0000,0.0000,0.00,0.00,0.00,Pull
34,213934733,0.0000,0.0000,0.0000,0.00,0.00,0.00,Pull
34,213974733,0.0000,0.0000,0.0000,46.88,0.00,0.00,Pull
34,214014735,0.0000,0.0000,0.0000,0.00,0.00,0.00,Pull
34,214054734,0.0000,0.0000,0.0000,0.00,0.00,0.00,Pull
34,214094733,0.0000,0.0000,0.0000,0.00,0.00,0.00,Pull
34,214134734,0.0000,0.0000,0.0000,0.00,0.00,0.00,Pull
34,214174734,0.0000,0.0000,0.0000,0.00,0.00,0.00,Pull
34,214214734,0.0000,0.0000,0.0000,0.00,0.00,0.00,Pull
34,214254732,0.0000,0.0000,0.0000,0.00,0.00,0.00,Pull
34,214294734,0.0000,0.0000,0.0000,0.00,0.00,0.00,Pull
34,214334734,0.0000,0.0000,0.0000,0.00,0.00,0.00,Pull
34,214374733,0.0000,0.0000,0.0000,0.00,0.00,0.00,Pull
34,214414734,0.0000,0.0000,0.0000,0.00,0.00,0.00,Pull
34,214454734,0.0000,0.0000,0.0000,0.00,0.00,0.00,Pull
34,214494734,0.0000,0.0000,0.0000,0.00,0.00,0.00,Pull
34,214534734,0.0000,0.0000,0.0000,0.00,0.00,0.00,Pull
34,214574733,0.0000,0.0000,0.0000,0.00,0.00,0.00,Pull
34,214614733,0.0000,0.0000,0.0000,0.00,0.00,0.00,Pull
34,214654733,0.0000,0.0000,0.0000,0.00,0.00,0.00,Pull
34,214694734,0.0000,0.0000,0.0000,0.00,0.00,0.00,Pull
34,214734734,0.0000,0.0000,0.0000,0.00,0.00,0.00,Pull
34,214774733,0.0000,0.0000,0.0000,0.00,0.00,0.00,Pull
34,214814732,0.0000,0.0000,0.0000,0.00,0.00,0.00,Pull
34,214854735,0.0000,0.0000,0.0000,0.00,0.00,0.00,Pull
34,214894734,0.0000,0.0000,0.0000,0.00,0.00,0.00,Pull
34,214934734,0.0000,0.0000,0.0000,0.00,0.00,1.95,Pull
34,214974734,0.0000,0.0000,0.0000,0.00,0.00,0.00,Pull
34,215014734,0.0000,0.0000,0.0000,0.00,0.00,0.00,Pull
34,215054736,12.8086,-5.8691,0.1250,46.88,0.00,0.00,Pull
34,215094735,0.0000,0.0000,0.0000,0.00,0.00,0.00,Pull
34,215134733,0.0000,0.0000,0.0000,0.00,0.00,0.00,Pull
34,215174732,0.0000,0.0000,0.0000,0.00,0.00,0.00,Pull
34,215214733,0.0000,0.0000,0.0000,0.00,0.00,0.00,Pull
35,217134734,0.0000,0.0000,0.1250,46.88,0.00,0.00,Pull
35,217174734,0.0000,0.0000,0.0000,0.00,0.00,0.00,Pull
35,217214734,0.0000,0.0000,0.0000,0.00,0.00,0.00,Pull
35,217254733,0.0000,0.0000,0.0000,0.00,0.00,0.00,Pull
35,217294733,0.0000,0.0000,0.0000,0.00,0.00,0.00,Pull
35,217334734,0.0000,0.0000,0.0000,0.00,0.00,0.00,Pull
35,217374733,0.0000,0.0000,0.0000,0.00,0.00,0.00,Pull
35,217414734,0.0000,0.0000,0.0000,0.00,0.00,0.00,Pull
35,217454733,0.0000,0.0000,0.0000,0.00,0.00,0.00,Pull
35,217494734,0.0000,0.0000,0.0000,0.00,0.00,0.00,Pull
35,217534732,0.0000,0.0000,0.0000,0.00,0.00,0.00,Pull
35,217574734,0.0000,0.0000,0.0000,0.00,0.00,0.00,Pull
35,217614734,0.0000,0.0000,0.0000,46.88,0.00,0.00,Pull
35,217654735,0.0000,0.0000,0.0000,0.00,0.00,0.00,Pull
35,217694733,0.0000,0.0000,0.0000,0.00,0.00,0.00,Pull
35,217734735,0.0000,0.0000,0.0000,0.00,0.00,0.00,Pull
35,217774733,0.0000,0.0000,0.0000,0.00,0.00,1.95,Pull
35,217814734,0.0000,0.0000,0.0000,0.00,0.00,0.00,Pull
35,217854733,0.0000,0.0000,0.0000,0.00,0.00,0.00,Pull
35,217894732,0.0000,0.0000,0.0000,0.00,0.00,0.00,Pull
35,217934733,0.0000,0.0000,0.0000,0.00,0.00,0.00,Pull
35,217974733,0.0000,0.0000,0.0000,0.00,0.00,1.95,Pull
35,218014733,0.0000,0.0000,0.0000,0.00,0.00,0.00,Pull
35,218054735,0.0000,0.0000,0.0000,0.00,0.00,1.95,Pull
35,218094734,0.0000,0.0000,0.0000,0.00,0.00,0.00,Pull
35,218134734,0.0000,0.0000,0.0000,0.00,0.00,0.00,Pull
35,218174733,0.0000,0.0000,0.0000,0.00,0.00,0.00,Pull
35,218214734,0.0000,0.0000,0.0000,0.00,0.00,0.00,Pull
35,218254733,0.0000,0.0000,0.0000,0.00,0.00,1.95,Pull
35,218294733,0.0000,0.0000,0.0000,0.00,0.00,0.00,Pull
35,218334734,0.0000,0.0000,0.0000,0.00,0.00,0.00,Pull
35,218374736,0.0000,0.0000,0.0000,46.88,0.00,0.00,Pull
35,218416488,-0.9419,0.0513,0.4155,27.34,21.61,-5.98,Pull
35,218454735,0.0000,0.0000,0.0000,0.00,0.00,1.95,Pull
35,218494735,0.0000,0.0000,0.0000,0.00,0.00,0.00,Pull
35,218534734,0.0000,0.0000,0.0000,46.88,0.00,0.00,Pull
35,218574735,0.0000,0.0000,0.0000,0.00,0.00,0.00,Pull
35,218614735,0.0000,0.0000,0.0000,0.00,0.00,0.00,Pull
35,218654735,0.0000,0.0000,0.0000,0.00,0.00,0.00,Pull
35,218694734,0.0000,0.0000,0.0000,0.00,0.00,0.00,Pull
35,218734733,0.0000,0.0000,0.0000,0.00,0.00,0.00,Pull
35,218774733,0.0000,0.0000,0.0000,0.00,0.00,0.00,Pull
35,218814734,0.0000,0.0000,0.0000,0.00,0.00,0.00,Pull
35,218854734,0.0000,0.0000,0.0000,0.00,0.00,0.00,Pull
35,218894733,0.0000,0.0000,0.0000,0.00,0.00,0.00,Pull
35,218934733,0.0000,0.0000,0.0000,0.00,0.00,0.00,Pull
35,218974732,0.0000,0.0000,0.0000,0.00,0.00,0.00,Pull
35,219014733,0.0000,0.0000,0.0000,0.00,0.00,0.00,Pull
35,219054733,0.0000,0.0000,0.0000,0.00,0.00,0.00,Pull
35,219094732,0.0000,0.0000,0.0000,0.00,0.00,0.00,Pull
36,224574732,0.0000,0.0000,0.0000,0.00,0.00,0.00,Pull
36,224614734,0.0000,0.0000,0.0000,0.00,0.00,0.00,Pull
36,224654734,0.0000,0.0000,0.0000,0.00,0.00,0.00,Pull
36,224694734,0.0000,0.0000,0.0000,0.00,0.00,0.00,Pull
36,224734735,-3.2285,12.6313,0.1250,46.88,0.00,0.00,Pull
36,224774735,0.0000,0.0000,0.0000,0.00,0.00,0.00,Pull
36,224814733,0.0000,0.0000,0.0000,0.00,0.00,0.00,Pull
36,224854734,0.0000,0.0000,0.0000,0.00,0.00,0.00,Pull
36,224894734,0.0000,0.0000,0.0000,0.00,0.00,0.00,Pull
36,224934734,0.0000,0.0000,0.0000,0.00,0.00,0.00,Pull
36,224974734,0.0000,0.0000,0.0000,0.00,0.00,0.00,Pull
36,225014732,0.0000,0.0000,0.0000,0.00,0.00,0.00,Pull
36,225054734,0.0000,0.0000,0.0000,0.00,0.00,0.00,Pull
36,225094733,0.0000,0.0000,0.0000,0.00,0.00,0.00,Pull
36,225134733,0.0000,0.0000,0.0000,0.00,0.00,0.00,Pull
36,225174733,0.0000,0.0000,0.0000,0.00,0.00,1.95,Pull
36,225214734,0.0000,0.0000,0.0000,0.00,0.00,0.00,Pull
36,225254733,0.0000,0.0000,0.0000,0.00,0.00,0.00,Pull
36,225294733,0.0000,0.0000,0.0000,0.00,0.00,0.00,Pull
36,225334734,0.0000,0.0000,0.0000,0.00,0.00,0.00,Pull
36,225374734,0.0000,0.0000,0.0000,0.00,0.00,0.00,Pull
36,225414733,0.0000,0.0000,0.0000,0.00,0.00,0.00,Pull
36,225454734,0.0000,0.0000,0.0000,0.00,0.00,1.95,Pull
36,225494734,0.0000,0.0000,0.0000,0.00,0.00,0.00,Pull
36,225534735,0.0000,0.0000,0.0000,0.00,0.00,0.00,Pull
36,225574732,0.0000,0.0000,0.0000,0.00,0.00,0.00,Pull
36,225614733,0.0000,0.0000,0.0000,0.00,0.00,1.95,Pull
36,225654734,0.0000,0.0000,0.0000,0.00,0.00,0.00,Pull
36,225694733,0.0000,0.0000,0.0000,0.00,0.00,1.95,Pull
36,225734734,0.0000,0.0000,0.0000,0.00,0.00,0.00,Pull
36,225774734,0.0000,0.0000,0.0000,0.00,0.00,0.00,Pull
36,225814733,0.0000,0.0000,0.0000,0.00,0.00,0.00,Pull
36,225854732,0.0000,0.0000,0.0000,0.00,0.00,0.00,Pull
36,225894733,0.0000,0.0000,0.0000,0.00,0.00,0.00,Pull
36,225934733,0.0000,0.0000,0.0000,0.00,0.00,0.00,Pull
36,225974732,0.0000,0.0000,0.0000,0.00,0.00,1.95,Pull
36,226014734,0.0000,0.0000,0.0000,0.00,0.00,0.00,Pull
36,226054734,0.0000,0.0000,0.0000,0.00,0.00,0.00,Pull
36,226094733,0.0000,0.0000,0.0000,0.00,0.00,0.00,Pull
36,226134733,0.0000,0.0000,0.0000,0.00,0.00,0.00,Pull
36,226174733,0.0000,0.0000,0.0000,0.00,0.00,0.00,Pull
36,226214734,0.0000,0.0000,0.0000,0.00,0.00,0.00,Pull
36,226254734,0.0000,0.0000,0.0000,0.00,0.00,0.00,Pull
36,226294734,0.0000,0.0000,0.0000,0.00,0.00,0.00,Pull
36,226334733,0.0000,0.0000,0.0000,0.00,0.00,0.00,Pull
36,226374733,0.0000,0.0000,0.0000,46.88,0.00,0.00,Pull
36,226414733,0.0000,0.0000,0.0000,0.00,0.00,0.00,Pull
36,226454733,0.0000,0.0000,0.0000,0.00,0.00,0.00,Pull
36,226494732,0.0000,0.0000,0.0000,0.00,0.00,0.00,Pull
36,226534733,0.0000,0.0000,0.0000,0.00,0.00,0.00,Pull
37,237136489,0.0537,0.3687,1.0273,0.31,-26.79,6.71,Pull
37,237176484,0.0908,0.3438,1.0469,-2.20,-19.90,3.30,Pull
37,237216485,0.1216,0.3721,1.0010,-0.37,-21.85,1.95,Pull
37,237256484,0.1196,0.3965,0.9746,-0.67,-10.62,4.46,Pull
37,237296485,0.1104,0.3794,1.0127,-5.74,-10.07,-0.43,Pull
37,237336485,0.1060,0.3564,1.1104,-7.93,-13.79,-1.71,Pull
37,239383340,-0.3721,0.1636,0.5034,59.94,-26.37,-175.84,Pull
37,241181957,6.6250,0.0000,0.5034,59.94,-26.37,-175.84,Pull
37,241221960,0.0000,0.0000,0.0000,0.00,0.00,0.00,Pull
37,241261959,0.0000,0.0000,0.0000,0.00,0.00,0.00,Pull
37,241301958,0.0000,0.0000,0.0000,0.00,0.00,0.00,Pull
37,241341959,0.0000,0.0000,0.0000,0.00,0.00,0.00,Pull
37,241381960,0.0000,0.0000,0.0000,0.00,0.00,0.00,Pull
37,241421959,0.0000,0.0000,0.0000,0.00,0.00,0.00,Pull
37,241461960,0.0000,0.0000,0.0000,0.00,0.00,0.00,Pull
37,241501958,0.0000,0.0000,0.0000,0.00,0.00,0.00,Pull
37,241541960,0.0000,0.0000,0.0000,0.00,0.00,0.00,Pull
37,241581958,0.0000,0.0000,0.0000,0.00,0.00,0.00,Pull
37,241621959,0.0000,0.0000,0.0000,0.00,0.00,0.00,Pull
37,241661958,0.0000,0.0000,0.0000,0.00,0.00,0.00,Pull
37,241701960,0.0000,0.0000,0.0000,0.00,0.00,0.00,Pull
37,241741959,0.0000,0.0000,0.0000,0.00,0.00,0.00,Pull
37,241781960,0.0000,0.0000,0.0000,0.00,0.00,0.00,Pull
37,241821960,0.0000,0.0000,0.0000,0.00,0.00,0.00,Pull
37,241861960,0.0000,0.0000,0.0000,0.00,0.00,0.00,Pull
37,241901960,0.0000,0.0000,0.0000,0.00,0.00,0.00,Pull
37,241941960,0.0000,0.0000,0.0000,0.00,0.00,0.00,Pull
37,241981960,0.0000,0.0000,0.0000,0.00,0.00,0.00,Pull
37,242021960,0.0000,0.0000,0.1250,46.88,0.00,0.00,Pull
37,242061959,0.0000,0.0000,0.0000,0.00,0.00,0.00,Pull
37,242101960,0.0000,0.0000,0.0000,0.00,0.00,0.00,Pull
37,242141958,0.0000,0.0000,0.0000,0.00,0.00,0.00,Pull
37,242181958,0.0000,0.0000,0.0000,0.00,0.00,0.00,Pull
37,242221960,0.0000,0.0000,0.0000,0.00,0.00,0.00,Pull
37,242261960,0.0000,0.0000,0.0000,0.00,0.00,0.00,Pull
37,242301962,0.0000,0.0000,0.1250,46.88,0.00,0.00,Pull
37,242341962,0.0000,0.0000,0.0000,46.88,0.00,0.00,Pull
37,242381961,0.0000,0.0000,0.0000,0.00,0.00,0.00,Pull
37,242421959,0.0000,0.0000,0.0000,0.00,0.00,0.00,Pull
37,242461960,0.0000,0.0000,0.0000,0.00,0.00,0.00,Pull
37,242501960,0.0000,0.0000,0.0000,0.00,0.00,0.00,Pull
37,242543715,-1.2432,-0.1177,0.5200,-25.88,-108.34,-3.36,Pull
37,242583715,-0.8462,-0.0005,-0.0005,-0.06,-0.06,-0.06,Pull
37,242621959,0.0000,0.0000,0.0000,0.00,0.00,0.00,Pull
37,242661959,0.0000,0.0000,0.0000,0.00,0.00,0.00,Pull
37,242701960,0.0000,0.0000,0.1250,46.88,0.00,0.00,Pull
37,242741960,0.0000,0.0000,0.0000,0.00,0.00,0.00,Pull
37,242781958,0.0000,0.0000,0.0000,0.00,0.00,0.00,Pull
37,242821960,0.0000,0.0000,0.0000,0.00,0.00,0.00,Pull
37,242861960,0.0000,0.0000,0.0000,0.00,0.00,1.95,Pull
38,248901960,0.0000,0.0000,0.0000,0.00,0.00,0.00,Pull
38,248941959,0.0000,0.0000,0.0000,0.00,0.00,0.00,Pull
38,248981959,0.0000,0.0000,0.0000,0.00,0.00,0.00,Pull
38,249021960,0.0000,0.0000,0.0000,0.00,0.00,0.00,Pull
38,249061960,0.0000,0.0000,0.0000,0.00,0.00,0.00,Pull
38,249101960,0.0000,0.0000,0.0000,0.00,0.00,0.00,Pull
38,249141960,0.0000,0.0000,0.0000,0.00,0.00,0.00,Pull
38,249181958,0.0000,0.0000,0.0000,0.00,0.00,0.00,Pull
38,249221960,0.0000,0.0000,0.0000,0.00,0.00,0.00,Pull
38,249261958,0.0000,0.0000,0.0000,0.00,0.00,0.00,Pull
38,249301962,0.0000,0.0000,0.1250,46.88,0.00,0.00,Pull
38,249341960,0.0000,0.0000,0.0000,0.00,0.00,0.00,Pull
38,249385589,0.0000,0.0000,0.0000,0.00,0.00,0.00,Pull
38,249421958,0.0000,0.0000,0.0000,0.00,0.00,0.00,Pull
38,249461959,0.0000,0.0000,0.0000,0.00,0.00,0.00,Pull
38,249501960,0.0000,0.0000,0.0000,0.00,0.00,0.00,Pull
38,249541960,0.0000,0.0000,0.0000,0.00,0.00,0.00,Pull
38,249581959,0.0000,0.0000,0.0000,0.00,0.00,1.95,Pull
38,249621960,0.0000,0.0000,0.0000,0.00,0.00,0.00,Pull
38,249661960,0.0000,0.0000,0.0000,0.00,0.00,0.00,Pull
38,249701960,0.0000,0.0000,0.0000,0.00,0.00,0.00,Pull
38,249741960,0.0000,0.0000,0.0000,0.00,0.00,0.00,Pull
38,249781961,0.0000,0.0000,0.0000,0.00,0.00,0.00,Pull
38,249821960,0.0000,0.0000,0.0000,0.00,0.00,0.00,Pull
38,249861958,0.0000,0.0000,0.0000,0.00,0.00,0.00,Pull
38,249901959,0.0000,0.0000,0.0000,0.00,0.00,0.00,Pull
38,249941960,0.0000,0.0000,0.0000,0.00,0.00,0.00,Pull
38,249981958,0.0000,0.0000,0.0000,0.00,0.00,0.00,Pull
38,250021960,0.0000,0.0000,0.0000,0.00,0.00,0.00,Pull
38,250061960,0.0000,0.0000,0.0000,0.00,0.00,0.00,Pull
38,250101961,0.0000,0.0000,0.0000,46.88,0.00,0.00,Pull
38,250141961,0.0000,0.0000,0.0000,0.00,0.00,0.00,Pull
38,250181960,0.0000,0.0000,0.0000,0.00,0.00,1.95,Pull
38,250221962,0.0000,0.0000,0.0000,46.88,0.00,0.00,Pull
38,250261960,0.0000,0.0000,0.0000,0.00,0.00,0.00,Pull
38,250301959,0.0000,0.0000,0.0000,0.00,0.00,0.00,Pull
38,250341960,0.0000,0.0000,0.1250,46.88,0.00,0.00,Pull
38,250381961,0.0000,0.0000,0.0000,0.00,0.00,0.00,Pull
38,250421960,0.0000,0.0000,0.0000,0.00,0.00,0.00,Pull
38,250461959,0.0000,0.0000,0.0000,0.00,0.00,0.00,Pull
38,250501959,0.0000,0.0000,0.0000,0.00,0.00,0.00,Pull
38,250541960,0.0000,0.0000,0.0000,0.00,0.00,0.00,Pull
38,250581960,0.0000,0.0000,0.0000,0.00,0.00,0.00,Pull
38,250621958,0.0000,0.0000,0.0000,0.00,0.00,0.00,Pull
38,250661960,0.0000,0.0000,0.0000,0.00,0.00,0.00,Pull
38,250701961,0.0000,0.0000,0.0000,46.88,0.00,0.00,Pull
38,250741959,0.0000,0.0000,0.0000,0.00,0.00,0.00,Pull
38,250781961,0.0000,0.0000,0.0000,0.00,0.00,0.00,Pull
38,250821959,0.0000,0.0000,0.0000,0.00,0.00,0.00,Pull
38,250861960,0.0000,0.0000,0.0000,0.00,0.00,0.00,Pull
39,253341959,0.0000,0.0000,0.0000,0.00,0.00,0.00,Pull
39,253381960,0.0000,0.0000,0.0000,0.00,0.00,0.00,Pull
39,253421961,0.0000,0.0000,0.0000,0.00,0.00,1.95,Pull
39,253461959,0.0000,0.0000,0.0000,0.00,0.00,0.00,Pull
39,253501961,0.0000,0.0000,0.0000,0.00,0.00,0.00,Pull
39,253541959,0.0000,0.0000,0.0000,0.00,0.00,0.00,Pull
39,253581958,0.0000,0.0000,0.0000,0.00,0.00,0.00,Pull
39,253621959,0.0000,0.0000,0.0000,0.00,0.00,0.00,Pull
39,253661959,0.0000,0.0000,0.0000,0.00,0.00,0.00,Pull
39,253701959,0.0000,0.0000,0.0000,0.00,0.00,0.00,Pull
39,253741959,0.0000,0.0000,0.0000,0.00,0.00,0.00,Pull
39,253781958,0.0000,0.0000,0.0000,0.00,0.00,0.00,Pull
39,253821961,0.0000,0.0000,0.0000,0.00,0.00,0.00,Pull
39,253861960,0.0000,0.0000,0.0000,0.00,0.00,0.00,Pull
39,253901960,0.0000,0.0000,0.0000,0.00,0.00,0.00,Pull
39,253941960,0.0000,0.0000,0.1250,46.88,0.00,0.00,Pull
39,253981962,0.0000,0.0000,0.1250,46.88,0.00,0.00,Pull
39,254021960,0.0000,0.0000,0.0000,0.00,0.00,0.00,Pull
39,254061959,0.0000,0.0000,0.0000,0.00,0.00,0.00,Pull
39,254101961,-11.9648,4.6323,0.1250,46.88,0.00,0.00,Pull
39,254141961,0.0000,0.0000,0.0000,0.00,0.00,0.00,Pull
39,254181960,0.0000,0.0000,0.0000,0.00,0.00,0.00,Pull
39,254221959,0.0000,0.0000,0.0000,0.00,0.00,0.00,Pull
39,254261959,0.0000,0.0000,0.0000,0.00,0.00,1.95,Pull
39,254301959,0.0000,0.0000,0.0000,0.00,0.00,0.00,Pull
39,254341960,0.0000,0.0000,0.0000,0.00,0.00,0.00,Pull
39,254381960,0.0000,0.0000,0.0000,0.00,0.00,0.00,Pull
39,254421959,0.0000,0.0000,0.0000,0.00,0.00,0.00,Pull
39,254461959,0.0000,0.0000,0.0000,0.00,0.00,1.95,Pull
39,254501959,0.0000,0.0000,0.0000,0.00,0.00,0.00,Pull
39,254541960,0.0000,0.0000,0.0000,0.00,0.00,1.95,Pull
39,254581961,0.0000,0.0000,0.0000,0.00,0.00,1.95,Pull
39,254621960,0.0000,0.0000,0.0000,0.00,0.00,0.00,Pull
39,254661959,0.0000,0.0000,0.0000,0.00,0.00,0.00,Pull
39,254701959,0.0000,0.0000,0.0000,0.00,0.00,0.00,Pull
39,254741960,0.0000,0.0000,0.0000,0.00,0.00,0.00,Pull
39,254781961,0.0000,0.0000,0.0000,0.00,0.00,1.95,Pull
39,254821961,0.0000,0.0000,0.0000,0.00,0.00,0.00,Pull
39,254861960,0.0000,0.0000,0.0000,0.00,0.00,0.00,Pull
39,254901959,0.0000,0.0000,0.0000,0.00,0.00,0.00,Pull
39,254941960,0.0000,0.0000,0.1250,46.88,0.00,0.00,Pull
39,254981961,0.0000,0.0000,0.0000,0.00,0.00,0.00,Pull
39,255021962,0.0000,0.0000,0.0000,46.88,0.00,0.00,Pull
39,255061960,0.0000,0.0000,0.0000,0.00,0.00,0.00,Pull
39,255101960,0.0000,0.0000,0.0000,0.00,0.00,0.00,Pull
39,255141959,0.0000,0.0000,0.0000,0.00,0.00,0.00,Pull
39,255181959,0.0000,0.0000,0.0000,0.00,0.00,0.00,Pull
39,255221959,0.0000,0.0000,0.0000,0.00,0.00,0.00,Pull
39,255261959,0.0000,0.0000,0.0000,0.00,0.00,0.00,Pull
39,255301959,0.0000,0.0000,0.0000,0.00,0.00,0.00,Pull
40,257141959,0.0000,0.0000,0.0000,0.00,0.00,0.00,Pull
40,257181960,0.0000,0.0000,0.0000,0.00,0.00,0.00,Pull
40,257221961,0.0000,0.0000,0.0000,0.00,0.00,0.00,Pull
40,257261960,0.0000,0.0000,0.0000,0.00,0.00,0.00,Pull
40,257301959,0.0000,0.0000,0.0000,0.00,0.00,0.00,Pull
40,257341960,0.0000,0.0000,0.0000,0.00,0.00,0.00,Pull
40,257381960,0.0000,0.0000,0.0000,0.00,0.00,0.00,Pull
40,257421959,0.0000,0.0000,0.0000,0.00,0.00,0.00,Pull
40,257461959,0.0000,0.0000,0.0000,0.00,0.00,0.00,Pull
40,257501960,0.0000,0.0000,0.0000,0.00,0.00,0.00,Pull
40,257541959,0.0000,0.0000,0.0000,0.00,0.00,0.00,Pull
40,257581960,0.0000,0.0000,0.0000,0.00,0.00,0.00,Pull
40,257621959,0.0000,0.0000,0.0000,0.00,0.00,0.00,Pull
40,257661960,0.0000,0.0000,0.0000,0.00,0.00,0.00,Pull
40,257701960,0.0000,0.0000,0.0000,0.00,0.00,0.00,Pull
40,257741960,0.0000,0.0000,0.0000,0.00,0.00,0.00,Pull
40,257781961,-11.9458,11.6323,0.1250,46.88,0.00,0.00,Pull
40,257821960,0.0000,0.0000,0.0000,0.00,0.00,0.00,Pull
40,257861961,0.0000,0.0000,0.0000,0.00,0.00,0.00,Pull
40,257901960,0.0000,0.0000,0.0000,0.00,0.00,0.00,Pull
40,257941959,0.0000,0.0000,0.0000,0.00,0.00,0.00,Pull
40,257981960,0.0000,0.0000,0.0000,0.00,0.00,0.00,Pull
40,258021960,0.0000,0.0000,0.0000,0.00,0.00,0.00,Pull
40,258061959,0.0000,0.0000,0.0000,0.00,0.00,0.00,Pull
40,258101960,0.0000,0.0000,0.0000,0.00,0.00,1.95,Pull
40,258141959,0.0000,0.0000,0.0000,0.00,0.00,0.00,Pull
40,258181961,4.0674,12.3823,0.1250,46.88,0.00,0.00,Pull
40,258221962,12.0186,12.5073,0.1250,46.88,0.00,0.00,Pull
40,258263716,-1.1074,-0.1201,1.1929,-127.69,130.86,2.99,Pull
40,258301961,0.0000,0.0000,0.0000,0.00,0.00,0.00,Pull
40,258341959,0.0000,0.0000,0.0000,0.00,0.00,0.00,Pull
40,258381961,0.0000,0.0000,0.0000,46.88,0.00,0.00,Pull
40,258421959,0.0000,0.0000,0.0000,0.00,0.00,1.95,Pull
40,258461960,0.0000,0.0000,0.0000,0.00,0.00,0.00,Pull
40,258501958,0.0000,0.0000,0.0000,0.00,0.00,0.00,Pull
40,258541958,0.0000,0.0000,0.0000,0.00,0.00,0.00,Pull
40,258581961,0.0000,0.0000,0.1250,46.88,0.00,0.00,Pull
40,258621959,0.0000,0.0000,0.0000,0.00,0.00,0.00,Pull
40,258661960,0.0000,0.0000,0.0000,0.00,0.00,0.00,Pull
40,258701960,0.0000,0.0000,0.0000,0.00,0.00,0.00,Pull
40,258741959,0.0000,0.0000,0.0000,0.00,0.00,0.00,Pull
40,258781959,0.0000,0.0000,0.0000,0.00,0.00,0.00,Pull
40,258821958,0.0000,0.0000,0.0000,0.00,0.00,0.00,Pull
40,258861961,0.0000,0.0000,0.0000,0.00,0.00,1.95,Pull
40,258901960,0.0000,0.0000,0.0000,0.00,0.00,0.00,Pull
40,258941960,0.0000,0.0000,0.0000,0.00,0.00,0.00,Pull
40,258981961,4.0933,13.8823,0.1250,46.88,0.00,0.00,Pull
40,259021959,0.0000,0.0000,0.0000,0.00,0.00,0.00,Pull
40,259061960,0.0000,0.0000,0.0000,0.00,0.00,0.00,Pull
40,259101960,0.0000,0.0000,0.0000,0.00,0.00,0.00,Pull
41,261341959,0.0000,0.0000,0.0000,0.00,0.00,0.00,Pull
41,261381960,0.0000,0.0000,0.0000,0.00,0.00,1.95,Pull
41,261421959,0.0000,0.0000,0.0000,0.00,0.00,0.00,Pull
41,261461959,0.0000,0.0000,0.0000,0.00,0.00,0.00,Pull
41,261501961,0.0000,0.0000,0.1250,46.88,0.00,0.00,Pull
41,261541959,0.0000,0.0000,0.0000,0.00,0.00,0.00,Pull
41,261581960,0.0000,0.0000,0.0000,0.00,0.00,0.00,Pull
41,261621959,0.0000,0.0000,0.0000,0.00,0.00,0.00,Pull
41,261661960,0.0000,0.0000,0.0000,0.00,0.00,0.00,Pull
41,261701959,0.0000,0.0000,0.0000,0.00,0.00,0.00,Pull
41,261741959,0.0000,0.0000,0.0000,0.00,0.00,0.00,Pull
41,261781959,0.0000,0.0000,0.0000,0.00,0.00,0.00,Pull
41,261821960,0.0000,0.0000,0.0000,0.00,0.00,0.00,Pull
41,261861961,0.0000,0.0000,0.0000,46.88,0.00,0.00,Pull
41,261901959,0.0000,0.0000,0.0000,0.00,0.00,0.00,Pull
41,261941959,0.0000,0.0000,0.0000,0.00,0.00,0.00,Pull
41,261981959,0.0000,0.0000,0.0000,0.00,0.00,0.00,Pull
41,262021959,0.0000,0.0000,0.0000,0.00,0.00,0.00,Pull
41,262061960,0.0000,0.0000,0.0000,0.00,0.00,0.00,Pull
41,262101958,0.0000,0.0000,0.0000,0.00,0.00,0.00,Pull
41,262141959,0.0000,0.0000,0.0000,0.00,0.00,0.00,Pull
41,262181960,0.0000,0.0000,0.0000,0.00,0.00,0.00,Pull
41,262221960,0.0000,0.0000,0.0000,0.00,0.00,0.00,Pull
41,262261960,0.0000,0.0000,0.0000,0.00,0.00,0.00,Pull
41,262301961,0.0000,0.0000,0.0000,0.00,0.00,1.95,Pull
41,262341960,0.0000,0.0000,0.0000,0.00,0.00,0.00,Pull
41,262381961,0.0000,0.0000,0.0000,46.88,0.00,0.00,Pull
41,262421961,0.0000,0.0000,0.0000,0.00,0.00,0.00,Pull
41,262461959,0.0000,0.0000,0.0000,0.00,0.00,0.00,Pull
41,262503715,-0.6987,-0.0327,0.6543,-56.95,-200.20,-29.17,Pull
41,262543716,-1.0933,0.0601,0.0107,-74.52,-34.67,-29.60,Pull
41,262581960,0.0000,0.0000,0.0000,0.00,0.00,0.00,Pull
41,262621959,0.0000,0.0000,0.0000,0.00,0.00,0.00,Pull
41,262661960,0.0000,0.0000,0.0000,0.00,0.00,0.00,Pull
41,262701958,0.0000,0.0000,0.0000,0.00,0.00,0.00,Pull
41,262741959,0.0000,0.0000,0.0000,0.00,0.00,0.00,Pull
41,262781958,0.0000,0.0000,0.0000,0.00,0.00,0.00,Pull
41,262821958,0.0000,0.0000,0.0000,0.00,0.00,0.00,Pull
41,262861959,0.0000,0.0000,0.0000,0.00,0.00,0.00,Pull
41,262901959,0.0000,0.0000,0.0000,0.00,0.00,0.00,Pull
41,262941961,-3.9790,-10.4927,0.1250,46.88,0.00,0.00,Pull
41,262981960,0.0000,0.0000,0.1250,46.88,0.00,0.00,Pull
41,263023716,-0.6270,0.0811,0.3931,39.55,10.80,-13.49,Pull
41,263061961,0.0000,0.0000,0.0000,0.00,0.00,0.00,Pull
41,263101960,0.0000,0.0000,0.0000,0.00,0.00,0.00,Pull
41,263141960,0.0000,0.0000,0.0000,0.00,0.00,0.00,Pull
41,263181958,0.0000,0.0000,0.0000,0.00,0.00,0.00,Pull
41,263221960,0.0000,0.0000,0.0000,0.00,0.00,0.00,Pull
41,263261961,0.0000,0.0000,0.0000,0.00,0.00,0.00,Pull
41,263301959,0.0000,0.0000,0.0000,0.00,0.00,0.00,Pull
42,265621960,0.0000,0.0000,0.0000,0.00,0.00,0.00,Pull
42,265661959,0.0000,0.0000,0.0000,0.00,0.00,0.00,Pull
42,265701959,0.0000,0.0000,0.0000,0.00,0.00,0.00,Pull
42,265741960,0.0000,0.0000,0.0000,0.00,0.00,0.00,Pull
42,265781958,0.0000,0.0000,0.0000,0.00,0.00,0.00,Pull
42,265821959,0.0000,0.0000,0.0000,0.00,0.00,0.00,Pull
42,265861959,0.0000,0.0000,0.0000,0.00,0.00,0.00,Pull
42,265901961,0.0000,0.0000,0.0000,0.00,0.00,1.95,Pull
42,265941960,0.0000,0.0000,0.0000,0.00,0.00,0.00,Pull
42,265981959,0.0000,0.0000,0.0000,0.00,0.00,0.00,Pull
42,266021958,0.0000,0.0000,0.0000,0.00,0.00,0.00,Pull
42,266061958,0.0000,0.0000,0.0000,0.00,0.00,0.00,Pull
42,266101958,0.0000,0.0000,0.0000,0.00,0.00,0.00,Pull
42,266141960,0.0000,0.0000,0.0000,0.00,0.00,0.00,Pull
42,266181958,0.0000,0.0000,0.0000,0.00,0.00,0.00,Pull
42,266221958,0.0000,0.0000,0.0000,0.00,0.00,0.00,Pull
42,266261960,0.0000,0.0000,0.0000,0.00,0.00,0.00,Pull
42,266301959,0.0000,0.0000,0.0000,0.00,0.00,0.00,Pull
42,266341959,0.0000,0.0000,0.0000,0.00,0.00,0.00,Pull
42,266381960,12.0825,-3.9927,0.1250,46.88,0.00,0.00,Pull
42,266421959,0.0000,0.0000,0.0000,0.00,0.00,0.00,Pull
42,266461960,0.0000,0.0000,0.0000,0.00,0.00,0.00,Pull
42,266501959,0.0000,0.0000,0.0000,0.00,0.00,0.00,Pull
42,266541960,0.0000,0.0000,0.0000,0.00,0.00,0.00,Pull
42,266581960,0.0000,0.0000,0.0000,0.00,0.00,0.00,Pull
42,266621959,0.0000,0.0000,0.0000,0.00,0.00,0.00,Pull
42,266661959,0.0000,0.0000,0.0000,0.00,0.00,0.00,Pull
42,266701961,0.0000,0.0000,0.0000,46.88,0.00,0.00,Pull
42,266741960,0.0000,0.0000,0.0000,0.00,0.00,0.00,Pull
42,266781959,0.0000,0.0000,0.0000,0.00,0.00,0.00,Pull
42,266821961,4.0469,-3.1177,0.1250,46.88,0.00,0.00,Pull
42,266861960,0.0000,0.0000,0.0000,0.00,0.00,0.00,Pull
42,266903714,-1.1572,0.0356,0.5181,-87.04,-4.58,-15.69,Pull
42,266941959,0.0000,0.0000,0.0000,0.00,0.00,0.00,Pull
42,266981960,0.0000,0.0000,0.0000,0.00,0.00,0.00,Pull
42,267021959,0.0000,0.0000,0.0000,0.00,0.00,0.00,Pull
42,267061960,0.0000,0.0000,0.0000,0.00,0.00,0.00,Pull
42,267101960,0.0000,0.0000,0.0000,0.00,0.00,0.00,Pull
42,267141959,0.0000,0.0000,0.0000,0.00,0.00,0.00,Pull
42,267181961,12.1084,-2.4927,0.1250,46.88,0.00,0.00,Pull
42,267221959,0.0000,0.0000,0.0000,0.00,0.00,0.00,Pull
42,267261961,0.0000,0.0000,0.1250,46.88,0.00,0.00,Pull
42,267301960,0.0000,0.0000,0.0000,0.00,0.00,0.00,Pull
42,267341959,0.0000,0.0000,0.0000,0.00,0.00,0.00,Pull
42,267381958,0.0000,0.0000,0.0000,0.00,0.00,0.00,Pull
42,267421959,0.0000,0.0000,0.0000,0.00,0.00,0.00,Pull
42,267461959,0.0000,0.0000,0.0000,0.00,0.00,0.00,Pull
42,267501960,0.0000,0.0000,0.0000,0.00,0.00,0.00,Pull
42,267541958,0.0000,0.0000,0.0000,0.00,0.00,0.00,Pull
42,267581961,0.0000,0.0000,0.0000,0.00,0.00,1.95,Pull
43,270141959,0.0000,0.0000,0.0000,0.00,0.00,0.00,Pull
43,270181959,0.0000,0.0000,0.0000,0.00,0.00,0.00,Pull
43,270221958,0.0000,0.0000,0.0000,0.00,0.00,0.00,Pull
43,270261960,0.0000,0.0000,0.0000,0.00,0.00,0.00,Pull
43,270301960,0.0000,0.0000,0.0000,0.00,0.00,0.00,Pull
43,270341960,0.0000,0.0000,0.0000,0.00,0.00,0.00,Pull
43,270381959,0.0000,0.0000,0.0000,0.00,0.00,0.00,Pull
43,270421958,0.0000,0.0000,0.0000,0.00,0.00,0.00,Pull
43,270461960,0.0000,0.0000,0.1250,46.88,0.00,0.00,Pull
43,270501959,0.0000,0.0000,0.0000,0.00,0.00,0.00,Pull
43,270541961,0.0000,0.0000,0.1250,46.88,0.00,0.00,Pull
43,270581959,0.0000,0.0000,0.0000,0.00,0.00,0.00,Pull
43,270621960,0.0000,0.0000,0.1250,46.88,0.00,0.00,Pull
43,270661959,0.0000,0.0000,0.0000,0.00,0.00,0.00,Pull
43,270701961,0.0000,0.0000,0.0000,0.00,0.00,0.00,Pull
43,270741960,0.0000,0.0000,0.0000,0.00,0.00,0.00,Pull
43,270781958,0.0000,0.0000,0.0000,0.00,0.00,0.00,Pull
43,270821961,0.0000,0.0000,0.0000,0.00,0.00,1.95,Pull
43,270861960,0.0000,0.0000,0.0000,0.00,0.00,0.00,Pull
43,270901961,0.0000,0.0000,0.0000,0.00,0.00,1.95,Pull
43,270941960,0.0000,0.0000,0.0000,0.00,0.00,0.00,Pull
43,270981959,0.0000,0.0000,0.0000,0.00,0.00,0.00,Pull
43,271021959,0.0000,0.0000,0.0000,0.00,0.00,0.00,Pull
43,271061961,0.0000,0.0000,0.0000,0.00,0.00,1.95,Pull
43,271101960,0.0000,0.0000,0.0000,0.00,0.00,0.00,Pull
43,271141958,0.0000,0.0000,0.0000,0.00,0.00,0.00,Pull
43,271181960,0.0000,0.0000,0.0000,0.00,0.00,0.00,Pull
43,271221959,0.0000,0.0000,0.0000,0.00,0.00,0.00,Pull
43,271261959,0.0000,0.0000,0.0000,0.00,0.00,0.00,Pull
43,271301958,0.0000,0.0000,0.0000,0.00,0.00,0.00,Pull
43,271341959,0.0000,0.0000,0.1250,46.88,0.00,0.00,Pull
43,271382227,0.0000,0.0000,0.0000,0.00,0.00,0.00,Pull
43,271421958,0.0000,0.0000,0.0000,0.00,0.00,0.00,Pull
43,271461960,0.0000,0.0000,0.0000,0.00,0.00,1.95,Pull
43,271501959,0.0000,0.0000,0.0000,0.00,0.00,0.00,Pull
43,271541961,-11.9507,5.8828,0.1250,46.88,0.00,0.00,Pull
43,271581962,-3.9995,6.0078,0.1250,46.88,0.00,0.00,Pull
43,271621960,0.0000,0.0000,0.0000,0.00,0.00,0.00,Pull
43,271661960,0.0000,0.0000,0.0000,0.00,0.00,0.00,Pull
43,271701960,0.0000,0.0000,0.0000,0.00,0.00,0.00,Pull
43,271741959,0.0000,0.0000,0.0000,0.00,0.00,0.00,Pull
43,271781959,0.0000,0.0000,0.0000,0.00,0.00,0.00,Pull
43,271821960,0.0000,0.0000,0.0000,0.00,0.00,0.00,Pull
43,271861960,0.0000,0.0000,0.0000,0.00,0.00,0.00,Pull
43,271901959,0.0000,0.0000,0.0000,0.00,0.00,0.00,Pull
43,271941961,0.0000,0.0000,0.0000,0.00,0.00,1.95,Pull
43,271981960,0.0000,0.0000,0.0000,0.00,0.00,0.00,Pull
43,272021959,0.0000,0.0000,0.0000,0.00,0.00,0.00,Pull
43,272061960,0.0000,0.0000,0.0000,0.00,0.00,0.00,Pull
43,272101959,0.0000,0.0000,0.0000,0.00,0.00,0.00,Pull
44,275461960,0.0000,0.0000,0.0000,0.00,0.00,0.00,Pull
44,275501961,0.0000,0.0000,0.0000,46.88,0.00,0.00,Pull
44,275541960,0.0000,0.0000,0.0000,0.00,0.00,0.00,Pull
44,275581958,0.0000,0.0000,0.0000,0.00,0.00,0.00,Pull
44,275621960,0.0000,0.0000,0.0000,0.00,0.00,0.00,Pull
44,275661960,0.0000,0.0000,0.0000,0.00,0.00,0.00,Pull
44,275701958,0.0000,0.0000,0.0000,0.00,0.00,0.00,Pull
44,275741960,0.0000,0.0000,0.0000,0.00,0.00,0.00,Pull
44,275781960,0.0000,0.0000,0.0000,0.00,0.00,0.00,Pull
44,275821960,0.0000,0.0000,0.0000,0.00,0.00,0.00,Pull
44,275861960,0.0000,0.0000,0.0000,0.00,0.00,0.00,Pull
44,275901959,0.0000,0.0000,0.0000,0.00,0.00,0.00,Pull
44,275941958,0.0000,0.0000,0.0000,0.00,0.00,0.00,Pull
44,275981959,0.0000,0.0000,0.0000,0.00,0.00,0.00,Pull
44,276021960,0.0000,0.0000,0.0000,0.00,0.00,0.00,Pull
44,276061959,0.0000,0.0000,0.0000,0.00,0.00,0.00,Pull
44,276101959,0.0000,0.0000,0.0000,0.00,0.00,1.95,Pull
44,276141960,0.0000,0.0000,0.0000,0.00,0.00,0.00,Pull
44,276181958,0.0000,0.0000,0.0000,0.00,0.00,0.00,Pull
44,276221961,0.0000,0.0000,0.0000,46.88,0.00,0.00,Pull
44,276261960,0.0000,0.0000,0.0000,0.00,0.00,0.00,Pull
44,276301959,0.0000,0.0000,0.0000,0.00,0.00,0.00,Pull
44,276341959,0.0000,0.0000,0.0000,0.00,0.00,0.00,Pull
44,276381959,0.0000,0.0000,0.0000,0.00,0.00,0.00,Pull
44,276421960,0.0000,0.0000,0.0000,0.00,0.00,0.00,Pull
44,276461961,0.0000,0.0000,0.0000,46.88,0.00,0.00,Pull
44,276501959,0.0000,0.0000,0.0000,0.00,0.00,0.00,Pull
44,276541960,0.0000,0.0000,0.0000,0.00,0.00,0.00,Pull
44,276581961,0.0000,0.0000,0.0000,46.88,0.00,0.00,Pull
44,276621959,0.0000,0.0000,0.0000,0.00,0.00,0.00,Pull
44,276663716,-1.2212,0.1084,0.4956,-59.94,-39.86,-10.86,Pull
44,276703716,-1.4995,-0.0601,0.2563,-91.61,119.45,18.80,Pull
44,276743715,0.7383,0.7363,2.3955,-91.86,-130.19,-11.60,Pull
44,276781961,0.0000,0.0000,0.0000,0.00,0.00,0.00,Pull
44,276821959,0.0000,0.0000,0.0000,0.00,0.00,0.00,Pull
44,276861960,0.0000,0.0000,0.0000,0.00,0.00,0.00,Pull
44,276901960,0.0000,0.0000,0.0000,0.00,0.00,0.00,Pull
44,276941960,0.0000,0.0000,0.0000,0.00,0.00,0.00,Pull
44,276981960,0.0000,0.0000,0.1250,46.88,0.00,0.00,Pull
44,277021959,0.0000,0.0000,0.0000,0.00,0.00,0.00,Pull
44,277061961,0.0000,0.0000,0.1250,46.88,0.00,0.00,Pull
44,277101959,0.0000,0.0000,0.0000,0.00,0.00,0.00,Pull
44,277141961,0.0000,0.0000,0.0000,0.00,0.00,0.00,Pull
44,277181960,0.0000,0.0000,0.0000,0.00,0.00,0.00,Pull
44,277221960,0.0000,0.0000,0.0000,0.00,0.00,1.95,Pull
44,277261960,0.0000,0.0000,0.0000,0.00,0.00,0.00,Pull
44,277301958,0.0000,0.0000,0.0000,0.00,0.00,0.00,Pull
44,277341959,0.0000,0.0000,0.0000,0.00,0.00,0.00,Pull
44,277381961,0.0000,0.0000,0.0000,0.00,0.00,0.00,Pull
44,277421961,0.0000,0.0000,0.0000,46.88,0.00,0.00,Pull
45,280061960,0.0000,0.0000,0.0000,0.00,0.00,0.00,Pull
45,280101963,4.0015,-9.7422,0.1250,46.88,0.00,0.00,Pull
45,280141961,0.0000,0.0000,0.0000,0.00,0.00,0.00,Pull
45,280181959,0.0000,0.0000,0.0000,0.00,0.00,0.00,Pull
45,280221959,0.0000,0.0000,0.0000,0.00,0.00,0.00,Pull
45,280261959,0.0000,0.0000,0.0000,0.00,0.00,0.00,Pull
45,280301959,0.0000,0.0000,0.0000,0.00,0.00,0.00,Pull
45,280341959,0.0000,0.0000,0.0000,0.00,0.00,0.00,Pull
45,280381961,0.0000,0.0000,0.0000,0.00,0.00,0.00,Pull
45,280421958,0.0000,0.0000,0.0000,0.00,0.00,0.00,Pull
45,280461960,0.0000,0.0000,0.1250,46.88,0.00,0.00,Pull
45,280501959,0.0000,0.0000,0.0000,0.00,0.00,0.00,Pull
45,280541960,0.0000,0.0000,0.0000,0.00,0.00,0.00,Pull
45,280581959,0.0000,0.0000,0.0000,0.00,0.00,0.00,Pull
45,280621960,0.0000,0.0000,0.0000,0.00,0.00,0.00,Pull
45,280661959,0.0000,0.0000,0.0000,0.00,0.00,0.00,Pull
45,280701960,0.0000,0.0000,0.0000,0.00,0.00,0.00,Pull
45,280741959,0.0000,0.0000,0.0000,0.00,0.00,0.00,Pull
45,280781960,0.0000,0.0000,0.0000,0.00,0.00,1.95,Pull
45,280821960,0.0000,0.0000,0.0000,0.00,0.00,1.95,Pull
45,280861963,-3.9243,-8.3672,0.1250,46.88,0.00,0.00,Pull
45,280901961,0.0000,0.0000,0.0000,0.00,0.00,0.00,Pull
45,280941960,0.0000,0.0000,0.0000,0.00,0.00,1.95,Pull
45,280981961,0.0000,0.0000,0.1250,46.88,0.00,0.00,Pull
45,281021961,0.0000,0.0000,0.0000,0.00,0.00,0.00,Pull
45,281061960,0.0000,0.0000,0.0000,0.00,0.00,0.00,Pull
45,281101960,0.0000,0.0000,0.0000,0.00,0.00,0.00,Pull
45,281143715,-2.6924,-5.5542,3.6108,-602.29,-330.26,-218.20,Pull
45,281183714,-1.5474,-4.8965,0.7021,-609.01,-189.27,-174.80,Pull
45,281223716,-5.1997,-2.9004,5.6309,-501.71,-273.62,-13.55,Pull
45,281261959,0.0000,0.0000,0.0000,0.00,0.00,0.00,Pull
45,281303715,-1.3799,-0.1074,0.9243,-103.03,-5.92,-23.99,Pull
45,281343715,-1.1289,0.0635,0.1577,-130.92,-64.15,-26.86,Pull
45,281383716,-0.0747,0.1934,1.4189,-132.08,20.02,-93.57,Pull
45,281421961,0.0000,0.0000,0.0000,0.00,0.00,0.00,Pull
45,281461959,0.0000,0.0000,0.0000,0.00,0.00,0.00,Pull
45,281501959,0.0000,0.0000,0.0000,0.00,0.00,1.95,Pull
45,281541958,0.0000,0.0000,0.0000,0.00,0.00,0.00,Pull
45,281581958,0.0000,0.0000,0.0000,0.00,0.00,0.00,Pull
45,281621960,0.0000,0.0000,0.1250,46.88,0.00,0.00,Pull
45,281663714,-0.2749,0.0352,1.0454,28.75,-56.76,-44.37,Pull
45,281701960,0.0000,0.0000,0.0000,0.00,0.00,0.00,Pull
45,281741959,0.0000,0.0000,0.0000,0.00,0.00,0.00,Pull
45,281781960,0.0000,0.0000,0.0000,0.00,0.00,0.00,Pull
45,281821958,0.0000,0.0000,0.0000,0.00,0.00,0.00,Pull
45,281861960,0.0000,0.0000,0.0000,0.00,0.00,0.00,Pull
45,281901961,0.0000,0.0000,0.0000,0.00,0.00,1.95,Pull
45,281941960,0.0000,0.0000,0.0000,0.00,0.00,1.95,Pull
45,281981960,0.0000,0.0000,0.0000,0.00,0.00,0.00,Pull
45,282021960,0.0000,0.0000,0.0000,0.00,0.00,0.00,Pull
46,288701960,0.0000,0.0000,0.0000,0.00,0.00,0.00,Pull
46,288741960,0.0000,0.0000,0.0000,0.00,0.00,0.00,Pull
46,288781960,0.0000,0.0000,0.0000,0.00,0.00,0.00,Pull
46,288821959,0.0000,0.0000,0.0000,0.00,0.00,0.00,Pull
46,288861958,0.0000,0.0000,0.0000,0.00,0.00,0.00,Pull
46,288901960,0.0000,0.0000,0.0000,0.00,0.00,0.00,Pull
46,288941960,0.0000,0.0000,0.0000,0.00,0.00,0.00,Pull
46,288981959,0.0000,0.0000,0.0000,0.00,0.00,0.00,Pull
46,289021960,0.0000,0.0000,0.0000,0.00,0.00,0.00,Pull
46,289061960,0.0000,0.0000,0.1250,46.88,0.00,0.00,Pull
46,289101960,0.0000,0.0000,0.0000,0.00,0.00,0.00,Pull
46,289141962,-11.8813,7.3833,0.1250,46.88,0.00,0.00,Pull
46,289181961,0.0000,0.0000,0.0000,0.00,0.00,0.00,Pull
46,289221959,0.0000,0.0000,0.0000,0.00,0.00,0.00,Pull
46,289261960,0.0000,0.0000,0.0000,0.00,0.00,0.00,Pull
46,289301960,0.0000,0.0000,0.0000,0.00,0.00,0.00,Pull
46,289341961,0.0000,0.0000,0.0000,46.88,0.00,0.00,Pull
46,289381960,0.0000,0.0000,0.0000,0.00,0.00,0.00,Pull
46,289421960,0.0000,0.0000,0.0000,0.00,0.00,0.00,Pull
46,289461959,0.0000,0.0000,0.0000,0.00,0.00,0.00,Pull
46,289501959,0.0000,0.0000,0.0000,0.00,0.00,0.00,Pull
46,289541960,0.0000,0.0000,0.0000,0.00,0.00,0.00,Pull
46,289581959,0.0000,0.0000,0.0000,0.00,0.00,0.00,Pull
46,289621959,0.0000,0.0000,0.0000,0.00,0.00,0.00,Pull
46,289661959,0.0000,0.0000,0.0000,0.00,0.00,0.00,Pull
46,289701958,0.0000,0.0000,0.0000,0.00,0.00,0.00,Pull
46,289741959,0.0000,0.0000,0.1250,46.88,0.00,0.00,Pull
46,289781960,0.0000,0.0000,0.0000,0.00,0.00,0.00,Pull
46,289821958,0.0000,0.0000,0.0000,0.00,0.00,0.00,Pull
46,289861960,0.0000,0.0000,0.0000,0.00,0.00,0.00,Pull
46,289901960,0.0000,0.0000,0.0000,0.00,0.00,0.00,Pull
46,289941960,0.0000,0.0000,0.0000,0.00,0.00,0.00,Pull
46,289981960,0.0000,0.0000,0.0000,0.00,0.00,0.00,Pull
46,290023714,-0.7666,-0.1797,1.1680,16.97,-32.41,-21.12,Pull
46,290061962,0.0000,0.0000,0.0000,0.00,0.00,1.95,Pull
46,290101962,-11.9253,9.2583,0.1250,46.88,0.00,0.00,Pull
46,290141962,-3.9741,9.3833,0.1250,46.88,0.00,0.00,Pull
46,290181960,0.0000,0.0000,0.0000,0.00,0.00,0.00,Pull
46,290221959,0.0000,0.0000,0.0000,0.00,0.00,0.00,Pull
46,290261959,0.0000,0.0000,0.0000,0.00,0.00,0.00,Pull
46,290301959,0.0000,0.0000,0.0000,0.00,0.00,0.00,Pull
46,290341960,0.0000,0.0000,0.0000,0.00,0.00,0.00,Pull
46,290381960,0.0000,0.0000,0.0000,0.00,0.00,0.00,Pull
46,290421958,0.0000,0.0000,0.0000,0.00,0.00,0.00,Pull
46,290461959,0.0000,0.0000,0.0000,0.00,0.00,0.00,Pull
46,290501958,0.0000,0.0000,0.0000,0.00,0.00,0.00,Pull
46,290541958,0.0000,0.0000,0.0000,0.00,0.00,0.00,Pull
46,290581958,0.0000,0.0000,0.0000,0.00,0.00,0.00,Pull
46,290621960,0.0000,0.0000,0.0000,0.00,0.00,0.00,Pull
46,290661958,0.0000,0.0000,0.0000,0.00,0.00,0.00,Pull
47,293541958,0.0000,0.0000,0.0000,0.00,0.00,0.00,Pull
47,293581959,0.0000,0.0000,0.0000,0.00,0.00,0.00,Pull
47,293621960,0.0000,0.0000,0.0000,0.00,0.00,0.00,Pull
47,293661961,0.0000,0.0000,0.0000,0.00,0.00,0.00,Pull
47,293701960,0.0000,0.0000,0.0000,0.00,0.00,0.00,Pull
47,293741959,0.0000,0.0000,0.0000,0.00,0.00,0.00,Pull
47,293781962,-11.9062,-15.7417,0.1250,46.88,0.00,0.00,Pull
47,293821960,0.0000,0.0000,0.0000,0.00,0.00,0.00,Pull
47,293861960,0.0000,0.0000,0.0000,0.00,0.00,0.00,Pull
47,293901960,0.0000,0.0000,0.0000,0.00,0.00,0.00,Pull
47,293941959,0.0000,0.0000,0.0000,0.00,0.00,0.00,Pull
47,293981960,0.0000,0.0000,0.0000,0.00,0.00,0.00,Pull
47,294021960,0.0000,0.0000,0.0000,0.00,0.00,0.00,Pull
47,294061959,0.0000,0.0000,0.0000,0.00,0.00,0.00,Pull
47,294101960,0.0000,0.0000,0.0000,0.00,0.00,0.00,Pull
47,294141959,0.0000,0.0000,0.0000,0.00,0.00,0.00,Pull
47,294181958,0.0000,0.0000,0.0000,0.00,0.00,0.00,Pull
47,294221958,0.0000,0.0000,0.0000,0.00,0.00,0.00,Pull
47,294261958,0.0000,0.0000,0.0000,0.00,0.00,0.00,Pull
47,294301959,0.0000,0.0000,0.0000,0.00,0.00,0.00,Pull
47,294341958,0.0000,0.0000,0.0000,0.00,0.00,0.00,Pull
47,294381959,0.0000,0.0000,0.0000,0.00,0.00,0.00,Pull
47,294421958,0.0000,0.0000,0.0000,0.00,0.00,0.00,Pull
47,294461959,0.0000,0.0000,0.0000,0.00,0.00,0.00,Pull
47,294501958,0.0000,0.0000,0.0000,0.00,0.00,0.00,Pull
47,294541960,0.0000,0.0000,0.0000,0.00,0.00,0.00,Pull
47,294581961,0.0000,0.0000,0.0000,0.00,0.00,0.00,Pull
47,294623714,-0.1567,-4.3735,6.0034,-542.24,-320.13,-82.82,Pull
47,294661960,0.0000,0.0000,0.0000,0.00,0.00,0.00,Pull
47,294701958,0.0000,0.0000,0.0000,0.00,0.00,0.00,Pull
47,294741960,0.0000,0.0000,0.0000,0.00,0.00,1.95,Pull
47,294781960,0.0000,0.0000,0.0000,0.00,0.00,0.00,Pull
47,294821960,0.0000,0.0000,0.0000,0.00,0.00,0.00,Pull
47,294861959,0.0000,0.0000,0.0000,0.00,0.00,0.00,Pull
47,294901958,0.0000,0.0000,0.0000,0.00,0.00,0.00,Pull
47,294941958,0.0000,0.0000,0.0000,0.00,0.00,0.00,Pull
47,294981960,0.0000,0.0000,0.0000,0.00,0.00,1.95,Pull
47,295021960,0.0000,0.0000,0.0000,0.00,0.00,0.00,Pull
47,295061960,0.0000,0.0000,0.0000,0.00,0.00,0.00,Pull
47,295101958,0.0000,0.0000,0.0000,0.00,0.00,0.00,Pull
47,295141960,0.0000,0.0000,0.0000,0.00,0.00,0.00,Pull
47,295181960,0.0000,0.0000,0.0000,0.00,0.00,1.95,Pull
47,295221960,0.0000,0.0000,0.0000,0.00,0.00,0.00,Pull
47,295261959,0.0000,0.0000,0.0000,0.00,0.00,0.00,Pull
47,295301959,0.0000,0.0000,0.0000,0.00,0.00,0.00,Pull
47,295341958,0.0000,0.0000,0.0000,0.00,0.00,0.00,Pull
47,295381959,0.0000,0.0000,0.0000,0.00,0.00,0.00,Pull
47,295421960,0.0000,0.0000,0.0000,0.00,0.00,0.00,Pull
47,295461960,0.0000,0.0000,0.0000,0.00,0.00,0.00,Pull
47,295501960,0.0000,0.0000,0.0000,0.00,0.00,0.00,Pull
48,297221959,0.0000,0.0000,0.0000,0.00,0.00,0.00,Pull
48,297261960,0.0000,0.0000,0.0000,0.00,0.00,0.00,Pull
48,297301958,0.0000,0.0000,0.0000,0.00,0.00,0.00,Pull
48,297341958,0.0000,0.0000,0.0000,0.00,0.00,0.00,Pull
48,297381960,0.0000,0.0000,0.0000,0.00,0.00,0.00,Pull
48,297421958,0.0000,0.0000,0.0000,0.00,0.00,0.00,Pull
48,297461958,0.0000,0.0000,0.0000,0.00,0.00,0.00,Pull
48,297501960,0.0000,0.0000,0.0000,0.00,0.00,0.00,Pull
48,297541959,0.0000,0.0000,0.0000,0.00,0.00,0.00,Pull
48,297581959,0.0000,0.0000,0.0000,0.00,0.00,0.00,Pull
48,297621958,0.0000,0.0000,0.0000,0.00,0.00,0.00,Pull
48,297661961,0.0000,0.0000,0.1250,46.88,0.00,0.00,Pull
48,297701959,0.0000,0.0000,0.0000,0.00,0.00,0.00,Pull
48,297741960,0.0000,0.0000,0.0000,0.00,0.00,0.00,Pull
48,297781961,0.0000,0.0000,0.0000,0.00,0.00,1.95,Pull
48,297821961,0.0000,0.0000,0.0000,46.88,0.00,0.00,Pull
48,297861959,0.0000,0.0000,0.0000,0.00,0.00,0.00,Pull
48,297901960,0.0000,0.0000,0.0000,0.00,0.00,0.00,Pull
48,297941958,0.0000,0.0000,0.0000,0.00,0.00,0.00,Pull
48,297981959,0.0000,0.0000,0.0000,0.00,0.00,0.00,Pull
48,298021960,0.0000,0.0000,0.0000,0.00,0.00,0.00,Pull
48,298061959,0.0000,0.0000,0.0000,0.00,0.00,0.00,Pull
48,298101960,0.0000,0.0000,0.0000,0.00,0.00,0.00,Pull
48,298141959,0.0000,0.0000,0.0000,0.00,0.00,0.00,Pull
48,298181959,0.0000,0.0000,0.0000,0.00,0.00,0.00,Pull
48,298221958,0.0000,0.0000,0.0000,0.00,0.00,0.00,Pull
48,298261960,0.0000,0.0000,0.0000,0.00,0.00,0.00,Pull
48,298301960,0.0000,0.0000,0.0000,0.00,0.00,0.00,Pull
48,298341961,0.0000,0.0000,0.0000,0.00,0.00,0.00,Pull
48,298383716,-0.6865,0.2876,-0.8433,-38.27,7.87,0.49,Pull
48,298421961,0.0000,0.0000,0.0000,0.00,0.00,0.00,Pull
48,298461960,0.0000,0.0000,0.0000,0.00,0.00,0.00,Pull
48,298501960,0.0000,0.0000,0.0000,0.00,0.00,0.00,Pull
48,298541959,0.0000,0.0000,0.0000,0.00,0.00,0.00,Pull
48,298581960,0.0000,0.0000,0.0000,0.00,0.00,0.00,Pull
48,298621959,0.0000,0.0000,0.0000,0.00,0.00,0.00,Pull
48,298661959,0.0000,0.0000,0.0000,0.00,0.00,0.00,Pull
48,298701960,0.0000,0.0000,0.0000,0.00,0.00,0.00,Pull
48,298741958,0.0000,0.0000,0.0000,0.00,0.00,0.00,Pull
48,298781960,0.0000,0.0000,0.0000,0.00,0.00,0.00,Pull
48,298821959,0.0000,0.0000,0.0000,0.00,0.00,0.00,Pull
48,298861960,0.0000,0.0000,0.0000,0.00,0.00,0.00,Pull
48,298901959,0.0000,0.0000,0.0000,0.00,0.00,0.00,Pull
48,298941960,0.0000,0.0000,0.0000,0.00,0.00,0.00,Pull
48,298981960,0.0000,0.0000,0.0000,0.00,0.00,0.00,Pull
48,299021960,0.0000,0.0000,0.0000,0.00,0.00,0.00,Pull
48,299061960,0.0000,0.0000,0.0000,0.00,0.00,0.00,Pull
48,299101960,0.0000,0.0000,0.0000,0.00,0.00,0.00,Pull
48,299141960,0.0000,0.0000,0.0000,0.00,0.00,0.00,Pull
48,299181959,0.0000,0.0000,0.0000,0.00,0.00,0.00,Pull
49,301621960,0.0000,0.0000,0.0000,0.00,0.00,0.00,Pull
49,301661959,0.0000,0.0000,0.0000,0.00,0.00,0.00,Pull
49,301701960,0.0000,0.0000,0.0000,0.00,0.00,0.00,Pull
49,301741958,0.0000,0.0000,0.0000,0.00,0.00,0.00,Pull
49,301781960,0.0000,0.0000,0.0000,0.00,0.00,0.00,Pull
49,301821959,0.0000,0.0000,0.0000,0.00,0.00,0.00,Pull
49,301861960,0.0000,0.0000,0.0000,0.00,0.00,0.00,Pull
49,301901959,0.0000,0.0000,0.0000,0.00,0.00,0.00,Pull
49,301941959,0.0000,0.0000,0.0000,0.00,0.00,0.00,Pull
49,301981961,0.0000,0.0000,0.0000,0.00,0.00,1.95,Pull
49,302021961,4.0605,0.0088,0.1250,46.88,0.00,0.00,Pull
49,302061959,0.0000,0.0000,0.0000,0.00,0.00,0.00,Pull
49,302101958,0.0000,0.0000,0.0000,0.00,0.00,0.00,Pull
49,302141958,0.0000,0.0000,0.0000,0.00,0.00,0.00,Pull
49,302181960,0.0000,0.0000,0.0000,0.00,0.00,0.00,Pull
49,302221961,0.0000,0.0000,0.0000,0.00,0.00,0.00,Pull
49,302261960,0.0000,0.0000,0.0000,0.00,0.00,0.00,Pull
49,302301960,0.0000,0.0000,0.0000,0.00,0.00,1.95,Pull
49,302341959,0.0000,0.0000,0.0000,0.00,0.00,0.00,Pull
49,302381959,0.0000,0.0000,0.0000,0.00,0.00,0.00,Pull
49,302421960,0.0000,0.0000,0.0000,0.00,0.00,0.00,Pull
49,302461958,0.0000,0.0000,0.0000,0.00,0.00,0.00,Pull
49,302501960,0.0000,0.0000,0.0000,0.00,0.00,0.00,Pull
49,302541959,0.0000,0.0000,0.0000,0.00,0.00,0.00,Pull
49,302581960,0.0000,0.0000,0.0000,0.00,0.00,0.00,Pull
49,302621960,0.0000,0.0000,0.0000,0.00,0.00,0.00,Pull
49,302661959,0.0000,0.0000,0.0000,0.00,0.00,0.00,Pull
49,302701960,0.0000,0.0000,0.0000,0.00,0.00,0.00,Pull
49,302741960,0.0000,0.0000,0.0000,0.00,0.00,0.00,Pull
49,302781960,0.0000,0.0000,0.1250,46.88,0.00,0.00,Pull
49,302821960,0.0000,0.0000,0.0000,0.00,0.00,0.00,Pull
49,302861959,0.0000,0.0000,0.0000,0.00,0.00,0.00,Pull
49,302901961,0.0000,0.0000,0.0000,0.00,0.00,0.00,Pull
49,302941959,0.0000,0.0000,0.0000,0.00,0.00,0.00,Pull
49,302981962,4.0166,1.8838,0.1250,46.88,0.00,0.00,Pull
49,303021959,0.0000,0.0000,0.0000,0.00,0.00,0.00,Pull
49,303061959,0.0000,0.0000,0.0000,0.00,0.00,0.00,Pull
49,303101960,0.0000,0.0000,0.0000,0.00,0.00,0.00,Pull
49,303141961,0.0000,0.0000,0.0000,0.00,0.00,1.95,Pull
49,303181959,0.0000,0.0000,0.0000,0.00,0.00,0.00,Pull
49,303221959,0.0000,0.0000,0.0000,0.00,0.00,0.00,Pull
49,303261959,0.0000,0.0000,0.0000,0.00,0.00,0.00,Pull
49,303301958,0.0000,0.0000,0.0000,0.00,0.00,0.00,Pull
49,303341959,0.0000,0.0000,0.0000,0.00,0.00,0.00,Pull
49,303381959,0.0000,0.0000,0.0000,0.00,0.00,0.00,Pull
49,303421960,0.0000,0.0000,0.0000,0.00,0.00,0.00,Pull
49,303461958,0.0000,0.0000,0.0000,0.00,0.00,0.00,Pull
49,303501960,0.0000,0.0000,0.0000,0.00,0.00,0.00,Pull
49,303541961,0.0000,0.0000,0.0000,0.00,0.00,0.00,Pull
49,303581960,0.0000,0.0000,0.0000,0.00,0.00,0.00,Pull
50,305541959,0.0000,0.0000,0.0000,0.00,0.00,0.00,Pull
50,305581960,0.0000,0.0000,0.0000,0.00,0.00,0.00,Pull
50,305621960,0.0000,0.0000,0.0000,0.00,0.00,0.00,Pull
50,305661960,0.0000,0.0000,0.0000,0.00,0.00,0.00,Pull
50,305701959,0.0000,0.0000,0.0000,0.00,0.00,0.00,Pull
50,305741961,0.0000,0.0000,0.0000,0.00,0.00,1.95,Pull
50,305781959,0.0000,0.0000,0.0000,0.00,0.00,0.00,Pull
50,305821959,0.0000,0.0000,0.0000,0.00,0.00,0.00,Pull
50,305861961,4.0098,7.3838,0.1250,46.88,0.00,0.00,Pull
50,305901962,0.0000,0.0000,0.0000,0.00,0.00,0.00,Pull
50,305941960,0.0000,0.0000,0.0000,0.00,0.00,0.00,Pull
50,305981960,0.0000,0.0000,0.1250,46.88,0.00,0.00,Pull
50,306021960,0.0000,0.0000,0.0000,0.00,0.00,0.00,Pull
50,306061961,0.0000,0.0000,0.0000,0.00,0.00,1.95,Pull
50,306101959,0.0000,0.0000,0.0000,0.00,0.00,0.00,Pull
50,306141959,0.0000,0.0000,0.0000,0.00,0.00,0.00,Pull
50,306181961,4.1201,7.8838,0.1250,46.88,0.00,0.00,Pull
50,306221960,0.0000,0.0000,0.0000,0.00,0.00,0.00,Pull
50,306261960,0.0000,0.0000,0.0000,0.00,0.00,0.00,Pull
50,306301958,0.0000,0.0000,0.0000,0.00,0.00,0.00,Pull
50,306341959,0.0000,0.0000,0.0000,0.00,0.00,0.00,Pull
50,306381958,0.0000,0.0000,0.0000,0.00,0.00,0.00,Pull
50,306421959,0.0000,0.0000,0.0000,0.00,0.00,0.00,Pull
50,306461960,0.0000,0.0000,0.0000,0.00,0.00,0.00,Pull
50,306501959,0.0000,0.0000,0.0000,0.00,0.00,0.00,Pull
50,306541959,0.0000,0.0000,0.0000,0.00,0.00,0.00,Pull
50,306581959,0.0000,0.0000,0.0000,0.00,0.00,0.00,Pull
50,306621959,0.0000,0.0000,0.0000,0.00,0.00,0.00,Pull
50,306661960,0.0000,0.0000,0.0000,0.00,0.00,0.00,Pull
50,306701959,0.0000,0.0000,0.0000,0.00,0.00,0.00,Pull
50,306741958,0.0000,0.0000,0.0000,0.00,0.00,0.00,Pull
50,306781960,0.0000,0.0000,0.0000,0.00,0.00,0.00,Pull
50,306821960,0.0000,0.0000,0.0000,0.00,0.00,0.00,Pull
50,306861958,0.0000,0.0000,0.0000,0.00,0.00,0.00,Pull
50,306901960,0.0000,0.0000,0.0000,0.00,0.00,0.00,Pull
50,306941959,0.0000,0.0000,0.0000,0.00,0.00,0.00,Pull
50,306981960,0.0000,0.0000,0.0000,0.00,0.00,0.00,Pull
50,307021960,0.0000,0.0000,0.0000,0.00,0.00,0.00,Pull
50,307061961,0.0000,0.0000,0.0000,46.88,0.00,0.00,Pull
50,307101960,0.0000,0.0000,0.0000,0.00,0.00,0.00,Pull
50,307141960,0.0000,0.0000,0.0000,0.00,0.00,0.00,Pull
50,307181959,0.0000,0.0000,0.0000,0.00,0.00,0.00,Pull
50,307221960,0.0000,0.0000,0.0000,0.00,0.00,0.00,Pull
50,307261960,0.0000,0.0000,0.0000,0.00,0.00,0.00,Pull
50,307301958,0.0000,0.0000,0.0000,0.00,0.00,0.00,Pull
50,307341960,0.0000,0.0000,0.0000,0.00,0.00,0.00,Pull
50,307381960,0.0000,0.0000,0.0000,0.00,0.00,0.00,Pull
50,307421959,0.0000,0.0000,0.0000,0.00,0.00,0.00,Pull
50,307461960,0.0000,0.0000,0.0000,0.00,0.00,0.00,Pull
50,307501959,0.0000,0.0000,0.0000,0.00,0.00,0.00,Pull
