Recording ID,Timestamp,Acceleration X,Acceleration Y,Acceleration Z,Gyroscope X,Gyroscope Y,Gyroscope Z,Shot Type
1,31649421,-0.1323,0.0498,0.9746,-9.40,0.24,-0.06,Stationary
1,31709420,-0.1338,0.0811,0.9678,-3.78,-18.07,9.58,Stationary
1,31769421,-0.1074,0.0894,1.0962,-9.64,-23.62,13.31,Stationary
1,31829418,-0.1074,0.0591,1.1367,-11.66,-15.81,12.02,Stationary
1,31889420,-0.0923,0.0229,1.0464,-4.64,-13.85,11.05,Stationary
1,43979614,-0.1196,-0.1592,1.0200,-13.55,-11.23,7.93,Stationary
1,44313711,-0.1377,-0.1738,1.0596,-5.19,-13.43,4.76,Stationary
1,44373713,-0.1392,-0.1841,1.0718,-3.17,-8.12,2.20,Stationary
1,44433715,-0.1001,-0.1646,1.0645,-2.01,-16.42,2.20,Stationary
1,44493712,-0.0854,-0.1758,1.0581,-1.53,-13.79,1.83,Stationary
1,44553712,-0.1147,-0.2266,1.0703,-1.59,-6.90,-1.53,Stationary
1,44613713,-0.1206,-0.2798,1.0630,-3.30,-9.77,-4.58,Stationary
1,44673714,-0.0693,-0.4292,1.2163,2.81,-22.52,31.56,Stationary
1,44733713,0.0630,0.0205,1.3154,38.33,-53.47,23.01,Stationary
1,44793714,0.0288,-0.2246,1.3843,58.96,-27.53,3.91,Stationary
1,44853712,0.0181,0.0479,1.0664,73.61,43.70,-13.43,Stationary
1,44913712,-0.1533,0.2095,0.8140,56.70,-1.95,-9.34,Stationary
1,44973713,-0.1973,-0.0718,0.5410,2.81,-6.90,-4.64,Stationary
1,45033714,-0.1074,0.2036,0.6006,-39.43,-19.47,1.28,Stationary
1,45093714,-0.3262,-0.3535,1.0190,-66.96,-81.12,17.40,Stationary
1,45153713,-0.0234,-0.1196,1.7637,-1.65,-52.12,2.87,Stationary
1,45213712,0.0142,0.1035,1.6089,38.51,11.60,-19.71,Stationary
1,45273715,-0.0522,0.2388,1.0605,26.06,-10.13,-5.07,Stationary
1,45333715,-0.0044,0.1196,0.7314,-0.12,-28.32,10.80,Stationary
1,45393712,0.0732,0.0586,0.6006,-10.80,-16.91,12.94,Stationary
1,45453713,0.0234,0.0068,0.7490,-15.14,-41.69,9.64,Stationary
1,45513713,0.0488,0.0698,1.3784,-31.13,-30.88,-6.35,Stationary
1,45573713,0.0996,-0.0308,1.5483,-29.60,0.18,-26.37,Stationary
1,45633714,0.0361,-0.0659,1.2476,-12.76,1.89,-23.62,Stationary
1,45693715,-0.0190,-0.0693,0.9053,8.06,-13.55,-6.47,Stationary
1,45753714,0.0303,0.0337,0.6836,20.75,-18.86,9.28,Stationary
1,45813713,-0.0576,0.0425,0.8228,6.16,-22.46,17.33,Stationary
1,45873713,-0.0220,0.0464,1.2148,-33.26,-2.75,5.55,Stationary
1,45933714,0.0356,-0.1089,1.3765,-48.46,17.64,-12.70,Stationary
1,45993714,-0.0151,-0.1577,1.2275,-25.02,21.18,-17.88,Stationary
1,46053715,-0.0107,-0.0742,1.0215,5.80,-6.90,-2.62,Stationary
1,46113715,-0.0005,0.0103,0.8511,20.94,-30.64,17.94,Stationary
1,46173712,-0.0591,0.0122,0.8389,15.50,-34.18,25.27,Stationary
1,46233714,-0.0601,-0.0015,1.2642,-2.75,-25.45,14.22,Stationary
1,46293714,-0.0474,-0.1323,1.4941,-8.00,14.65,-7.39,Stationary
1,46353714,0.0249,-0.0688,1.2949,17.21,-2.08,-7.93,Stationary
1,46413714,0.0127,0.0439,1.0166,36.19,-21.61,6.47,Stationary
1,46473715,-0.0303,0.0669,0.8477,27.28,-19.10,12.15,Stationary
1,46533713,-0.0405,-0.0024,0.7085,4.76,-9.16,9.83,Stationary
1,46593713,-0.0249,-0.0239,0.8501,-15.32,-26.55,7.45,Stationary
1,46653715,0.0078,-0.0078,1.3691,-31.13,-27.22,-1.28,Stationary
1,46713713,0.0000,-0.0972,1.4536,-27.10,13.43,-17.52,Stationary
1,46773712,0.0137,-0.0210,1.1699,3.23,-8.67,-9.52,Stationary
1,46833715,-0.0181,0.0591,0.9668,17.70,-20.02,5.00,Stationary
1,46893715,-0.0522,0.0571,0.7549,11.60,-16.48,14.40,Stationary
2,49293713,-0.0249,-0.1509,1.0718,-2.81,-19.78,6.10,Stationary
2,49353714,-0.0127,-0.1514,1.0400,-1.89,-16.66,7.51,Stationary
2,49413712,-0.0273,-0.1172,1.0547,-3.91,-26.06,8.18,Stationary
2,49473713,-0.0151,-0.1665,1.0229,-8.06,-0.12,6.04,Stationary
2,49533712,0.0527,-0.0957,1.0649,-3.97,-17.88,8.42,Stationary
2,49593712,0.0767,-0.1694,1.0640,0.24,-23.07,7.08,Stationary
2,49653713,0.0322,-0.0796,1.0215,1.71,-21.55,4.64,Stationary
2,49713712,-0.2344,-0.0586,0.9600,-5.62,-1.40,-6.71,Stationary
2,49773712,-0.0405,-0.2158,0.8540,-12.21,2.56,1.40,Stationary
2,49833715,0.0327,-0.2031,0.8892,-18.07,-11.35,0.18,Stationary
2,49893713,0.1763,-0.1265,0.7891,-14.95,-65.43,13.00,Stationary
2,49953715,-0.0986,-0.1929,0.7671,-26.37,16.48,-6.16,Stationary
2,50013715,0.0640,-0.2412,0.8008,-48.95,-37.35,-8.12,Stationary
2,50073713,0.1167,-0.4316,0.8608,-65.19,-27.83,-10.13,Stationary
2,50133714,0.1089,-0.5210,1.0430,-79.28,10.68,-15.75,Stationary
2,50193714,0.0093,-0.6108,1.0503,-71.04,-10.62,-14.04,Stationary
2,50253712,0.0005,-0.6016,1.0757,-60.79,-16.17,-7.63,Stationary
2,50313713,0.0107,-0.7612,1.2202,-65.37,-6.04,-2.50,Stationary
2,50373715,0.0903,-0.9814,1.3237,-48.16,-5.43,1.40,Stationary
2,50433712,0.1543,-1.0757,1.5547,2.08,5.31,2.75,Stationary
2,50493715,0.1523,-0.8208,1.3882,62.68,-0.61,6.16,Stationary
2,50553714,0.0991,-0.5898,1.1904,93.63,0.85,3.91,Stationary
2,50613713,0.0591,-0.3667,0.9648,97.35,6.65,-0.98,Stationary
2,50673713,0.0142,-0.2739,0.8687,87.77,-5.43,-3.48,Stationary
2,50733712,0.0303,-0.1836,0.7964,72.75,-7.81,-0.55,Stationary
2,50793713,0.0635,-0.1631,0.8994,54.08,-16.97,4.03,Stationary
2,50853713,0.0776,-0.1821,1.0176,28.44,-0.12,5.13,Stationary
2,50913713,0.0830,-0.1846,0.9722,16.36,-12.51,7.08,Stationary
2,50973712,0.0610,-0.1597,0.8726,17.58,-17.21,9.28,Stationary
2,51033712,0.0161,-0.0996,0.7920,20.02,-23.13,8.30,Stationary
2,51093714,-0.0454,-0.0312,0.8159,13.18,-15.20,5.43,Stationary
2,51153714,-0.0337,-0.0303,1.0654,-9.09,-16.60,-2.38,Stationary
2,51213712,-0.0254,-0.0986,1.2207,-16.30,-10.01,-12.63,Stationary
2,51273713,-0.0186,-0.1162,1.3667,-7.63,6.23,-17.21,Stationary
2,51333714,-0.0142,-0.1030,1.1050,12.08,8.42,-7.63,Stationary
2,51393713,-0.0068,-0.0098,0.8345,26.25,-13.61,10.99,Stationary
2,51453713,-0.0771,0.0410,0.7700,10.07,-8.42,16.78,Stationary
2,51513714,-0.1211,0.0425,1.2261,-29.60,-23.07,6.53,Stationary
2,51573714,0.0684,-0.2104,1.5078,-22.95,36.56,-7.02,Stationary
2,51633714,0.0952,-0.1641,1.3140,47.42,-23.56,12.08,Stationary
2,51693714,-0.0210,0.0918,1.0894,71.84,-37.11,20.45,Stationary
2,51753712,-0.0830,0.1177,0.7534,49.44,-23.13,6.96,Stationary
2,51813712,-0.1084,0.1377,0.6699,9.89,6.90,-11.90,Stationary
2,51873713,-0.0640,0.1924,1.1855,-39.25,-13.18,-27.04,Stationary
2,51933713,0.2056,-0.1523,1.5859,-53.71,5.86,-34.06,Stationary
2,51993715,-0.0005,-0.1392,1.3862,21.67,-0.06,-26.92,Stationary
2,52053714,-0.1357,0.1055,1.0107,55.66,0.18,-9.77,Stationary
2,52113715,-0.0938,0.2271,0.7651,29.79,5.31,3.42,Stationary
2,52173712,-0.0400,0.1699,0.7437,-0.37,1.53,7.51,Stationary
2,52233715,-0.0723,0.1084,0.9033,-17.09,-25.88,-0.06,Stationary
3,54333715,-0.1777,-0.0845,1.0898,-3.97,-15.32,-1.89,Stationary
3,54393715,-0.1987,-0.0977,1.0640,-0.12,-21.85,0.98,Stationary
3,54453713,-0.1636,-0.1147,1.0977,-1.53,-21.12,4.21,Stationary
3,54513714,-0.1143,-0.1006,1.0806,-3.78,-26.67,9.89,Stationary
3,54573714,-0.1499,-0.0854,1.1177,-1.71,-24.48,11.41,Stationary
3,54633712,-0.1206,-0.1182,1.1387,1.59,-12.02,9.22,Stationary
3,54693712,-0.0308,-0.0840,1.1509,8.12,-14.28,4.46,Stationary
3,54753713,-0.0366,-0.1460,1.0889,13.18,-25.45,5.80,Stationary
3,54813712,0.0483,-0.1260,0.9312,17.33,-4.46,-2.08,Stationary
3,54873713,-0.0708,-0.0410,1.0132,9.40,-6.96,-12.15,Stationary
3,54933713,-0.0122,-0.1055,0.9399,5.68,-34.48,-5.92,Stationary
3,54993715,-0.0933,-0.0498,0.8931,2.44,-46.94,4.15,Stationary
3,55053712,-0.0474,-0.0840,1.0059,-9.28,-29.48,2.14,Stationary
3,55113712,-0.0249,-0.1108,1.3188,-3.48,-15.56,-6.84,Stationary
3,55173714,-0.0635,-0.0444,1.4663,23.68,-32.59,-12.39,Stationary
3,55233712,-0.1245,0.0396,1.3413,56.09,-17.21,-15.81,Stationary
3,55293713,-0.1055,0.1558,1.0718,69.40,-11.96,-6.71,Stationary
3,55353713,-0.1919,0.1099,0.7886,51.33,33.08,-3.05,Stationary
3,55413715,-0.1230,0.1021,0.5693,18.74,18.55,-3.23,Stationary
3,55473715,-0.1187,0.0703,0.5864,-13.98,-4.52,-3.30,Stationary
3,55533715,-0.1309,0.0952,0.9922,-48.34,-28.63,-12.21,Stationary
3,55593714,-0.1191,0.0142,1.3091,-60.30,-14.40,-24.17,Stationary
3,55653714,-0.0605,0.0151,1.4946,-26.12,-15.20,-19.23,Stationary
3,55713714,-0.1270,0.0947,1.3965,22.95,-10.13,1.22,Stationary
3,55773714,-0.1406,0.2017,1.0835,40.77,-6.41,19.78,Stationary
3,55833714,-0.1733,0.1357,0.7666,22.89,19.41,20.45,Stationary
3,55893715,-0.1362,0.0142,0.6143,-13.18,10.25,13.43,Stationary
3,55953712,-0.1089,-0.0181,0.8389,-45.84,-24.35,5.86,Stationary
3,56013712,-0.0859,0.0132,1.2515,-60.18,-49.26,-4.21,Stationary
3,56073712,-0.0693,-0.0576,1.2715,-43.46,-16.72,-13.18,Stationary
3,56133713,-0.1294,0.0322,1.1670,-18.37,-23.93,-8.42,Stationary
3,56193713,-0.1494,0.0435,1.0854,-15.81,-11.84,-1.53,Stationary
3,56253714,-0.1680,-0.0181,1.0386,-19.47,-9.40,2.87,Stationary
3,56313712,-0.1377,-0.0879,1.1562,-26.12,-5.92,3.78,Stationary
3,56373713,-0.1240,-0.2197,1.3701,-10.13,1.65,0.67,Stationary
3,56433714,-0.0957,-0.1323,1.4072,27.16,-0.85,2.62,Stationary
3,56493713,-0.1006,-0.0205,1.0278,52.37,1.71,8.91,Stationary
3,56553713,-0.1543,0.0640,0.7217,33.81,10.31,7.81,Stationary
3,56613714,-0.2046,0.0601,0.4727,-9.34,-1.34,1.04,Stationary
3,56673715,-0.1699,0.0439,0.5444,-55.05,-17.82,-8.97,Stationary
3,56733714,-0.0708,-0.2188,0.9019,-84.90,-39.61,-17.09,Stationary
3,56793712,-0.1802,-0.4521,1.4272,-76.05,-21.73,-22.71,Stationary
3,56853713,-0.1763,-0.5215,1.5845,-51.39,10.07,-26.31,Stationary
3,56913714,-0.2324,-0.4663,1.5254,7.39,-5.31,-8.18,Stationary
3,56973715,-0.2495,-0.3188,1.4399,50.11,-8.36,14.77,Stationary
3,57033714,-0.2070,-0.1777,1.2812,80.32,-0.31,32.29,Stationary
3,57093715,-0.1367,-0.0400,1.1230,106.87,23.74,40.34,Stationary
3,57153714,-0.2202,0.1050,0.8179,96.13,46.02,40.28,Stationary
3,57213714,-0.2124,0.1377,0.5996,54.81,43.03,30.88,Stationary
3,57273714,-0.1719,0.0669,0.5103,4.39,14.59,13.12,Stationary
4,59013713,-0.1831,-0.2207,0.9824,-11.17,-26.79,4.03,Stationary
4,59073714,-0.1777,-0.1685,1.0059,-17.76,-22.77,2.08,Stationary
4,59133713,-0.2104,-0.1475,0.9990,-22.95,-13.49,-3.17,Stationary
4,59193713,-0.1470,-0.1436,1.0269,-28.99,-18.92,-2.75,Stationary
4,59253714,-0.1445,-0.1406,0.9863,-35.77,-59.39,7.69,Stationary
4,59313713,-0.1396,-0.3403,1.0127,-38.33,-47.61,12.08,Stationary
4,59373713,-0.0225,-0.4829,1.0386,-41.69,-9.52,6.47,Stationary
4,59433714,-0.0229,-0.5996,1.0166,-39.31,-22.16,-0.43,Stationary
4,59493713,0.0581,-0.6353,0.9785,-24.90,-8.18,-6.71,Stationary
4,59553714,-0.3594,-0.5234,0.9453,-15.08,47.85,-25.09,Stationary
4,59613713,0.0337,-0.6011,1.1484,-13.49,17.15,-28.56,Stationary
4,59673713,-0.0991,-0.6001,1.0938,5.49,38.33,-25.09,Stationary
4,59733713,-0.2412,-0.4829,1.1309,30.09,6.10,-18.01,Stationary
4,59793715,-0.2480,-0.4819,1.1377,35.10,7.63,-12.02,Stationary
4,59853715,-0.2017,-0.4565,1.2095,55.85,20.08,-0.67,Stationary
4,59913712,-0.1973,-0.3262,1.0913,88.32,-19.47,25.51,Stationary
4,59973715,-0.2510,-0.2871,1.1533,112.79,-49.62,37.23,Stationary
4,60033713,-0.2705,-0.1343,1.1353,120.24,-4.70,32.41,Stationary
4,60093713,-0.2778,0.0371,1.1094,118.59,-11.23,32.29,Stationary
4,60153714,-0.1982,0.1465,0.9551,93.32,-2.81,24.41,Stationary
4,60213713,-0.1089,0.1606,0.6460,64.33,16.97,21.79,Stationary
4,60273712,-0.1030,0.2222,0.5513,33.63,0.00,20.51,Stationary
4,60333715,-0.1543,0.1895,0.5547,-5.80,-1.83,9.40,Stationary
4,60393715,-0.1450,0.1958,0.6333,-34.97,-15.87,-0.12,Stationary
4,60453715,-0.1929,0.1865,0.5723,-55.97,-16.30,-9.70,Stationary
4,60513715,-0.2183,0.1714,0.6997,-79.83,-18.92,-14.40,Stationary
4,60573713,-0.1519,0.0142,0.8770,-98.21,-5.13,-20.57,Stationary
4,60633715,-0.1772,-0.0469,1.0693,-103.88,-27.95,-17.33,Stationary
4,60693714,-0.1846,-0.2012,1.0552,-92.71,-16.72,-15.26,Stationary
4,60753715,-0.1787,-0.1816,0.8516,-80.81,-40.22,-9.16,Stationary
4,60813714,-0.1519,-0.2134,0.8589,-85.45,-30.82,-1.34,Stationary
4,60873714,-0.1504,-0.4287,1.0444,-88.56,-13.98,-6.47,Stationary
4,60933715,-0.1777,-0.6523,1.1929,-95.70,-29.17,-8.24,Stationary
4,60993714,-0.1606,-1.0283,1.3628,-90.45,-32.53,-5.62,Stationary
4,61053713,-0.0835,-1.1865,1.5586,-45.04,-25.39,4.64,Stationary
4,61113712,-0.0688,-1.0420,1.5483,33.33,-21.00,22.34,Stationary
4,61173714,-0.1436,-0.7563,1.3652,83.13,13.06,21.30,Stationary
4,61233714,-0.1401,-0.5039,1.2129,94.91,19.71,15.38,Stationary
4,61293712,-0.1475,-0.3555,1.0640,90.58,30.76,12.88,Stationary
4,61353714,-0.1543,-0.2139,1.0200,79.22,14.89,12.63,Stationary
4,61413714,-0.1655,-0.1626,0.8442,62.38,3.11,12.02,Stationary
4,61473715,-0.1758,-0.1270,0.8105,45.23,-0.24,10.38,Stationary
4,61533713,-0.1318,-0.1177,0.6284,37.11,-24.96,14.10,Stationary
4,61593715,-0.1514,-0.0449,0.5957,35.52,-34.06,18.80,Stationary
4,61653713,-0.2153,-0.0112,0.6387,25.94,-15.93,17.58,Stationary
4,61713714,-0.2368,0.0200,0.9443,8.24,-43.09,9.16,Stationary
4,61773713,-0.2642,-0.0732,1.3755,-1.40,4.21,-14.22,Stationary
4,61833714,-0.2808,-0.0293,1.2861,8.48,17.21,-14.71,Stationary
4,61893715,-0.2144,0.0674,0.9688,18.55,-11.05,5.74,Stationary
4,61953713,-0.2124,0.1074,0.7817,15.99,-32.78,18.37,Stationary
5,63633714,-0.2061,-0.1802,1.0562,-7.69,-15.81,-1.16,Stationary
5,63693714,-0.2266,-0.1641,1.0698,-9.95,-14.53,-3.97,Stationary
5,63753714,-0.2056,-0.1567,1.0405,-10.62,-15.81,-1.40,Stationary
5,63813714,-0.2070,-0.1479,1.1221,-5.49,-34.97,6.77,Stationary
5,63873715,-0.2065,-0.2095,1.1431,0.61,-25.21,11.17,Stationary
5,63933714,-0.1807,-0.2065,1.1733,13.49,-18.43,15.75,Stationary
5,63993712,-0.0815,-0.1553,1.2290,26.92,-36.07,22.09,Stationary
5,64053712,-0.1943,-0.1875,1.1318,36.99,-32.84,17.09,Stationary
5,64113714,-0.0815,-0.0376,1.2310,39.67,-10.99,-0.61,Stationary
5,64173713,-0.0410,-0.1279,1.2256,42.91,37.23,-2.93,Stationary
5,64233714,-0.2896,-0.1577,1.1641,78.06,20.87,0.43,Stationary
5,64293713,-0.2559,0.1235,0.9897,94.97,-1.77,14.83,Stationary
5,64353714,-0.2095,0.2021,0.7002,87.28,-25.09,24.17,Stationary
5,64413714,-0.1943,0.2139,0.5405,50.96,-9.46,17.46,Stationary
5,64473715,-0.1890,0.2046,0.5474,-0.18,-29.24,5.68,Stationary
5,64533713,-0.1719,0.1714,0.7256,-59.33,-38.64,-11.60,Stationary
5,64593713,-0.1606,0.1250,0.9316,-93.99,-22.16,-21.36,Stationary
5,64653713,-0.1299,0.0264,1.2080,-84.11,-33.14,-20.14,Stationary
5,64713712,-0.2217,0.0020,1.4639,-51.45,-7.93,-18.31,Stationary
5,64773712,-0.2739,0.0708,1.5352,-2.81,-13.55,-11.60,Stationary
5,64833713,-0.2979,0.1279,1.3037,43.76,-20.26,-0.24,Stationary
5,64893714,-0.2246,0.1782,1.0356,63.54,-12.45,8.97,Stationary
5,64953713,-0.2300,0.1392,0.7939,42.91,7.08,10.31,Stationary
5,65013715,-0.2231,0.0742,0.6494,-2.62,19.29,2.93,Stationary
5,65073713,-0.1748,0.0674,0.7612,-44.62,-9.64,-4.76,Stationary
5,65133713,-0.1299,0.0825,1.1011,-65.43,-17.15,-8.12,Stationary
5,65193714,-0.2324,-0.0068,1.3999,-43.58,-6.47,-6.71,Stationary
5,65253712,-0.3027,0.0020,1.3818,11.54,-17.40,1.59,Stationary
5,65313712,-0.2480,0.1226,1.1665,49.38,-32.35,16.72,Stationary
5,65373714,-0.2456,0.1846,0.9233,47.67,-5.98,20.51,Stationary
5,65433713,-0.2061,0.1821,0.7803,15.87,-7.45,15.99,Stationary
5,65493713,-0.1685,0.1040,0.7222,-27.10,-18.68,7.63,Stationary
5,65553713,-0.1206,0.0615,0.8447,-51.88,-37.48,1.28,Stationary
5,65613715,-0.1514,0.0366,1.1152,-56.58,-30.82,-5.98,Stationary
5,65673712,-0.2085,0.0542,1.6060,-56.52,-4.39,-18.07,Stationary
5,65733714,-0.2651,-0.0986,1.5171,-18.55,15.14,-20.81,Stationary
5,65793713,-0.2490,-0.0322,1.2471,41.69,-12.82,-1.22,Stationary
5,65853713,-0.1675,0.0542,0.9702,68.36,-41.20,14.10,Stationary
5,65913712,-0.1577,0.0835,0.7715,52.31,-27.10,21.00,Stationary
5,65973714,-0.1167,0.0562,0.6406,20.69,-28.26,19.35,Stationary
5,66033713,-0.1235,0.0996,0.8252,-14.16,-40.22,12.08,Stationary
5,66093712,-0.0688,0.1079,1.0713,-39.61,-28.87,1.28,Stationary
5,66153714,-0.0542,0.0527,1.1709,-35.89,-25.39,-2.44,Stationary
5,66213713,-0.0874,0.0625,1.2827,-21.55,-20.02,-5.98,Stationary
5,66273713,-0.0840,0.0771,1.3066,-15.87,5.92,-9.28,Stationary
5,66333715,-0.0645,0.0547,1.1426,-3.60,3.66,-4.33,Stationary
5,66393714,-0.1187,0.0293,0.9829,10.25,-9.46,2.81,Stationary
5,66453715,-0.1128,0.0596,0.8550,10.19,-12.02,8.42,Stationary
5,66513712,-0.1001,0.0684,0.8716,-3.60,-15.93,10.50,Stationary
5,66573714,-0.0850,0.0698,1.0044,-16.91,-18.62,9.70,Stationary
6,68253713,-0.1660,-0.0913,1.0664,-2.62,-10.01,0.43,Stationary
6,68313715,-0.1987,-0.0811,1.0615,-3.11,-14.16,-0.37,Stationary
6,68373712,-0.1538,-0.0713,1.0591,-5.00,-3.05,-3.11,Stationary
6,68433714,-0.1680,-0.0649,1.0737,-1.77,-10.80,-4.33,Stationary
6,68493713,-0.1479,-0.0586,1.1694,1.22,-8.91,-1.71,Stationary
6,68553715,-0.1143,-0.0962,1.2598,8.54,-22.16,-0.24,Stationary
6,68613713,-0.0498,-0.0767,1.2100,18.25,-41.02,2.44,Stationary
6,68673715,-0.0742,-0.0933,1.0293,26.37,-40.65,0.73,Stationary
6,68733714,-0.1060,0.0068,0.9595,19.17,-27.95,-7.93,Stationary
6,68793713,-0.0449,-0.0610,0.9331,10.13,-21.42,5.00,Stationary
6,68853714,-0.0552,-0.0215,0.9180,8.36,-29.91,12.27,Stationary
6,68913713,-0.1108,0.0527,1.1177,1.59,-35.22,9.58,Stationary
6,68973715,-0.0396,-0.0376,1.1475,-3.91,-15.14,2.26,Stationary
6,69033713,-0.1289,-0.0449,1.1392,7.81,-2.44,-9.52,Stationary
6,69093715,-0.1353,0.0381,1.1445,14.16,8.73,-15.14,Stationary
6,69153713,-0.1162,0.0864,1.0908,20.45,-8.42,-14.16,Stationary
6,69213713,-0.1455,0.1392,1.0210,20.39,-7.08,-10.68,Stationary
6,69273714,-0.1489,0.1616,0.9917,17.64,-23.13,-5.25,Stationary
6,69333715,-0.1362,0.1377,1.0005,12.70,-30.03,0.92,Stationary
6,69393713,-0.0537,0.1055,0.9907,18.62,-35.71,6.96,Stationary
6,69453714,-0.0615,0.0586,0.8833,41.44,-55.24,13.37,Stationary
6,69513714,-0.0981,0.1621,0.7402,55.05,-43.03,8.00,Stationary
6,69573714,-0.0571,0.3486,0.8672,43.88,-39.18,6.59,Stationary
6,69633715,0.1191,0.3374,1.0405,28.38,-54.44,7.51,Stationary
6,69693713,0.1685,0.3667,1.1978,39.31,-52.86,5.25,Stationary
6,69753715,0.1226,0.4082,1.1646,56.76,-25.27,-3.54,Stationary
6,69813715,0.0532,0.5142,1.0645,56.88,-18.25,-7.02,Stationary
6,69873714,0.0049,0.5645,0.9365,30.70,-5.62,-5.49,Stationary
6,69933713,0.0239,0.5278,0.8955,-22.89,-0.85,-4.39,Stationary
6,69993713,0.0312,0.4180,0.8755,-74.58,9.22,-4.46,Stationary
6,70053713,0.1655,0.3320,1.0605,-104.86,-2.99,2.44,Stationary
6,70113715,0.2344,0.1523,1.3667,-97.05,-5.43,6.77,Stationary
6,70173712,0.0742,0.0664,1.5117,-54.87,1.16,6.41,Stationary
6,70233712,0.0840,0.1309,1.2690,10.38,-11.96,8.12,Stationary
6,70293714,0.0781,0.3218,1.0894,53.41,-32.23,15.81,Stationary
6,70353713,0.1455,0.2441,0.9404,64.33,25.63,8.12,Stationary
6,70413714,-0.0034,0.1152,0.6255,74.34,27.04,-5.49,Stationary
6,70473714,-0.0449,0.4375,0.4414,33.75,25.94,-13.43,Stationary
6,70533714,0.0425,0.4683,0.6084,-34.97,-16.17,-13.24,Stationary
6,70593714,0.1035,0.3853,0.9941,-72.81,-53.77,-12.82,Stationary
6,70653714,0.0771,0.2690,1.3848,-52.73,-41.02,-21.73,Stationary
6,70713714,-0.0239,0.2812,1.4644,-0.98,-11.35,-30.94,Stationary
6,70773714,-0.0215,0.3511,1.0850,34.12,-10.93,-20.20,Stationary
6,70833712,-0.0625,0.4048,0.9243,25.76,-9.89,-6.41,Stationary
6,70893713,-0.0669,0.3599,0.9287,-1.16,1.53,-1.77,Stationary
6,70953714,-0.0103,0.2007,1.0483,-14.28,16.78,-6.35,Stationary
6,71013715,-0.0488,0.3330,1.0264,-9.28,-5.43,2.08,Stationary
6,71073714,-0.0942,0.3276,1.0088,-13.18,-5.13,8.30,Stationary
6,71133714,-0.0615,0.3467,1.0254,-22.83,-9.58,7.87,Stationary
6,71193714,-0.0122,0.3086,1.0806,-31.80,7.63,7.02,Stationary
7,72813713,-0.0708,-0.1021,1.0298,-2.87,-13.06,17.15,Stationary
7,72873713,-0.0728,-0.0664,1.0610,-4.09,-5.55,13.00,Stationary
7,72933713,-0.0527,0.0005,1.0659,-5.92,-8.42,11.41,Stationary
7,72993715,-0.0815,0.0029,1.0991,-6.35,4.03,10.25,Stationary
7,73053715,-0.0210,-0.0132,1.1118,-0.24,-25.39,13.31,Stationary
7,73113714,0.0171,-0.0796,1.1123,8.36,-56.76,17.64,Stationary
7,73173714,0.0542,-0.0620,1.0718,9.52,-45.29,18.98,Stationary
7,73233712,0.1904,-0.0928,1.0298,14.83,-63.29,21.97,Stationary
7,73293714,0.1460,-0.1128,1.0898,8.30,-54.32,9.22,Stationary
7,73353713,0.1479,-0.1553,0.9902,4.21,-33.94,1.28,Stationary
7,73413715,0.2251,-0.0518,0.9062,4.15,-24.17,-1.16,Stationary
7,73473713,0.1709,0.2065,1.0791,-11.90,-26.25,-1.95,Stationary
7,73533712,0.0015,-0.1235,1.1338,-13.43,25.76,-10.86,Stationary
7,73593714,-0.0757,-0.1245,1.2310,3.54,-10.74,-3.85,Stationary
7,73653714,0.0361,-0.0869,1.2344,21.97,-32.65,-2.26,Stationary
7,73713715,-0.0396,-0.0508,1.0933,29.72,-19.17,-10.25,Stationary
7,73773715,-0.0298,0.0513,0.9492,17.76,-4.94,-15.56,Stationary
7,73833713,-0.0132,0.0830,0.8613,-4.58,-8.24,-17.21,Stationary
7,73893714,0.0317,0.1084,0.9512,-23.99,5.80,-18.62,Stationary
7,73953712,-0.0073,-0.0186,0.9604,-26.98,27.77,-23.44,Stationary
7,74013714,-0.0239,-0.0356,0.8726,-13.73,15.20,-23.07,Stationary
7,74073714,-0.1245,0.0669,0.7275,-21.24,33.39,-27.16,Stationary
7,74133712,-0.1411,0.0601,0.5615,-60.18,7.45,-28.32,Stationary
7,74193713,-0.1006,-0.0967,0.6826,-110.96,9.58,-30.70,Stationary
7,74253714,0.0972,-0.4868,0.8677,-140.75,-24.84,-24.84,Stationary
7,74313714,-0.0562,-0.7007,1.0986,-137.82,-103.15,-13.31,Stationary
7,74373714,-0.0586,-0.8843,1.0967,-128.66,-44.56,-5.80,Stationary
7,74433714,0.0996,-1.1045,1.0986,-115.23,-67.02,4.88,Stationary
7,74493713,0.0630,-1.5728,1.0884,-74.71,-39.31,0.92,Stationary
7,74553712,0.1133,-0.9653,1.1392,56.34,9.22,-3.11,Stationary
7,74613713,0.1475,-0.7544,1.2100,65.06,23.19,1.65,Stationary
7,74673714,0.0771,-0.6792,1.0327,86.18,-2.38,21.85,Stationary
7,74733714,0.0269,-0.5000,0.9478,101.75,-1.16,27.28,Stationary
7,74793714,-0.0020,-0.4209,0.8350,99.43,11.72,23.86,Stationary
7,74853715,-0.0576,-0.2900,0.6113,87.89,-2.93,20.87,Stationary
7,74913715,-0.1245,-0.0957,0.4067,41.20,4.15,8.06,Stationary
7,74973715,-0.0542,-0.0903,0.3765,-32.29,7.02,-6.84,Stationary
7,75033713,0.0029,-0.2534,0.6514,-93.69,-25.02,-8.61,Stationary
7,75093713,-0.0332,-0.6118,0.9180,-124.63,-36.50,-8.06,Stationary
7,75153713,0.0039,-0.7681,1.0591,-123.29,-59.08,-6.41,Stationary
7,75213713,-0.0781,-0.9893,1.1738,-87.46,-21.06,-12.39,Stationary
7,75273712,0.0063,-0.9692,1.3296,-27.04,-7.02,-11.17,Stationary
7,75333712,0.0615,-0.8975,1.3315,24.96,11.60,-4.15,Stationary
7,75393714,0.0396,-0.8066,1.3086,74.52,-9.77,9.89,Stationary
7,75453713,0.0020,-0.6123,1.2607,100.10,18.07,15.69,Stationary
7,75513713,0.0469,-0.4746,1.1797,120.18,-3.60,19.41,Stationary
7,75573714,-0.0210,-0.3809,1.1587,127.32,-17.03,18.86,Stationary
7,75633713,-0.0645,-0.2910,1.0522,114.01,-16.97,13.92,Stationary
7,75693714,0.0469,-0.1436,0.9531,87.59,-17.88,2.38,Stationary
7,75753715,0.0029,0.0024,0.9082,61.46,-38.02,3.05,Stationary
8,77673715,-0.0708,-0.1621,1.0605,-6.10,-6.71,-12.27,Stationary
8,77733714,-0.0479,-0.1558,1.0767,-3.72,-16.42,-8.97,Stationary
8,77793714,-0.0767,-0.1523,1.0928,-4.33,-15.75,-9.52,Stationary
8,77853712,-0.0610,-0.1646,1.1079,-5.00,-5.98,-10.62,Stationary
8,77913714,-0.0391,-0.1816,1.1406,-0.49,-15.50,-5.86,Stationary
8,77973713,-0.0830,-0.1968,1.2007,11.66,-16.72,-5.37,Stationary
8,78033714,-0.0552,-0.1323,1.2354,24.72,-8.48,-5.19,Stationary
8,78093714,-0.0410,-0.0605,1.1855,33.94,-25.33,-2.38,Stationary
8,78153714,-0.0615,-0.0791,1.0986,37.66,-16.78,-2.01,Stationary
8,78213713,-0.2451,-0.0269,1.0264,36.80,18.49,-12.27,Stationary
8,78273713,-0.0454,-0.0176,0.9126,32.35,2.69,-7.02,Stationary
8,78333714,0.0127,0.0151,0.8975,26.43,-22.83,3.42,Stationary
8,78393713,-0.3350,0.0039,0.8735,4.94,34.36,-7.93,Stationary
8,78453715,-0.0981,0.0264,1.0771,-8.61,-15.14,-0.31,Stationary
8,78513713,-0.1079,-0.0811,1.1270,-13.98,-4.09,5.92,Stationary
8,78573715,-0.0781,0.0332,1.1616,5.25,-42.30,8.30,Stationary
8,78633714,-0.1611,0.0977,1.1255,12.39,-22.64,2.32,Stationary
8,78693713,-0.1191,0.1172,1.0308,11.72,-6.23,-2.32,Stationary
8,78753713,-0.0894,0.1284,1.0132,13.85,-26.25,-0.55,Stationary
8,78813715,-0.0933,0.1226,1.0908,19.29,-25.94,2.08,Stationary
8,78873712,-0.0469,0.1152,1.1899,36.38,-29.11,3.97,Stationary
8,78933713,-0.0601,0.1890,1.0845,55.97,-33.26,5.31,Stationary
8,78993714,-0.0850,0.2397,0.8604,56.21,-22.40,5.68,Stationary
8,79053714,-0.1030,0.2930,0.6484,29.79,-2.87,2.99,Stationary
8,79113714,-0.0918,0.2866,0.5601,-18.98,-2.14,-4.15,Stationary
8,79173714,-0.0293,0.2085,0.5938,-66.22,-16.42,-12.63,Stationary
8,79233714,0.0044,0.1055,0.6748,-99.79,-24.17,-16.97,Stationary
8,79293713,-0.0024,0.0093,0.6997,-120.30,-17.64,-18.49,Stationary
8,79353714,0.0283,-0.1533,0.7817,-132.93,-33.57,-8.00,Stationary
8,79413714,-0.0400,-0.3516,1.0928,-150.70,-44.86,2.32,Stationary
8,79473714,-0.0659,-0.8564,1.3853,-158.63,-22.03,7.26,Stationary
8,79533715,0.0474,-1.0024,1.3032,-111.69,-61.58,13.61,Stationary
8,79593714,0.0176,-0.9414,1.4297,-72.81,-20.94,6.84,Stationary
8,79653714,0.1797,-1.0381,1.5864,-12.94,9.77,0.43,Stationary
8,79713714,0.1338,-0.8428,1.6191,75.87,6.10,12.02,Stationary
8,79773714,0.0596,-0.6313,1.5088,131.41,19.96,19.17,Stationary
8,79833714,0.0786,-0.4443,1.3857,166.02,8.42,24.66,Stationary
8,79893712,-0.0298,-0.2290,1.1406,169.74,-0.73,22.71,Stationary
8,79953714,0.0176,-0.0781,0.8657,146.73,-16.48,15.69,Stationary
8,80013714,0.0093,-0.0186,0.6626,109.80,-13.31,10.68,Stationary
8,80073712,-0.0083,0.1250,0.5293,69.89,-0.43,8.79,Stationary
8,80133712,-0.0298,0.1655,0.5137,28.26,-3.48,7.39,Stationary
8,80193712,0.0073,0.1973,0.6885,-5.31,-32.59,4.46,Stationary
8,80253712,0.0215,0.2285,0.9028,-27.04,-30.52,-1.10,Stationary
8,80313715,-0.0093,0.2471,1.0088,-33.69,-27.34,-6.35,Stationary
8,80373714,-0.0410,0.2388,1.1152,-29.91,-15.08,-12.21,Stationary
8,80433712,-0.0430,0.1992,1.1528,-18.01,-9.40,-16.30,Stationary
8,80493713,-0.0742,0.1567,1.0762,-5.98,-5.92,-14.65,Stationary
8,80553712,-0.0454,0.1855,0.9980,2.08,-17.33,-7.93,Stationary
8,80613713,-0.0454,0.2236,1.0103,0.12,-20.14,0.24,Stationary
9,93753715,-0.1636,-0.2090,1.0449,-1.89,-15.50,2.93,Stationary
9,93813715,-0.1782,-0.2046,1.0137,2.32,-24.29,4.46,Stationary
9,93873715,-0.1865,-0.1870,1.0410,1.40,-6.90,0.85,Stationary
9,93933714,-0.1611,-0.1709,1.0376,-3.36,-4.46,2.56,Stationary
9,93993714,-0.1675,-0.2339,1.1304,1.22,-23.44,6.47,Stationary
9,94053712,-0.0337,-0.1919,1.2637,17.21,-21.30,4.21,Stationary
9,94113714,0.0503,-0.0654,1.1685,33.63,-23.38,3.85,Stationary
9,94173714,0.0425,-0.1016,1.0698,50.60,-42.60,12.45,Stationary
9,94233715,-0.7544,-0.1875,0.9741,40.77,93.57,-7.26,Stationary
9,94293714,0.0464,-0.0625,0.9751,19.71,20.20,-9.03,Stationary
9,94353715,0.0713,-0.0762,0.8081,14.47,-61.89,-0.06,Stationary
9,94413713,-0.0474,-0.0654,1.0903,0.12,-21.00,-2.81,Stationary
9,94473715,0.0288,-0.0381,1.2695,-4.70,-18.43,-15.50,Stationary
9,94533713,-0.1006,-0.0322,1.4082,13.67,-31.25,-24.54,Stationary
9,94593713,-0.0815,-0.0024,1.3447,32.47,-17.40,-30.33,Stationary
9,94653714,-0.2017,0.0737,1.1211,49.50,-26.43,-30.09,Stationary
9,94713714,-0.1782,0.1123,0.8101,42.79,-12.63,-24.60,Stationary
9,94773712,-0.1011,0.0952,0.5654,16.60,-5.55,-7.51,Stationary
9,94833715,-0.1313,0.0630,0.7505,-22.03,-22.22,8.06,Stationary
9,94893714,-0.0952,0.0396,1.2490,-54.02,0.98,-0.06,Stationary
9,94953713,-0.0547,0.0425,1.4561,-29.91,-0.37,-10.01,Stationary
9,95013715,-0.0649,0.1392,1.3662,18.25,-21.30,1.89,Stationary
9,95073713,-0.0488,0.2339,1.1191,40.59,-22.16,14.59,Stationary
9,95133714,-0.0449,0.1597,0.8530,29.66,-10.44,19.10,Stationary
9,95193715,-0.0635,0.0391,0.7075,-1.22,-3.17,13.00,Stationary
9,95253714,0.0054,0.0327,0.8164,-31.43,-3.78,5.31,Stationary
9,95313714,0.0708,0.0786,1.2456,-39.49,-16.54,1.46,Stationary
9,95373714,-0.0308,0.1089,1.4189,-24.35,-25.02,-5.98,Stationary
9,95433713,-0.0674,0.0908,1.2441,-0.79,-12.39,-6.35,Stationary
9,95493715,-0.0640,0.1025,0.9927,16.36,-15.69,8.48,Stationary
9,95553715,-0.0737,0.0884,0.8774,7.32,-15.75,18.86,Stationary
9,95613714,-0.0454,0.0601,0.9009,-18.43,-7.93,15.56,Stationary
9,95673715,-0.0508,0.0293,1.0698,-38.82,-0.73,7.02,Stationary
9,95733712,-0.0254,0.0078,1.2241,-40.34,-0.85,0.18,Stationary
9,95793714,-0.0269,0.0225,1.3105,-12.82,-11.11,-1.46,Stationary
9,95853715,-0.0542,0.0615,1.2231,20.94,-23.68,5.86,Stationary
9,95913713,-0.0786,0.0850,1.0176,26.98,-25.63,10.93,Stationary
9,95973714,-0.0898,0.0361,0.8193,3.97,-3.54,4.03,Stationary
9,96033712,-0.0698,-0.0112,0.8408,-20.20,-7.63,-1.40,Stationary
9,96093714,-0.0601,-0.0254,1.1704,-30.88,-10.74,-8.18,Stationary
9,96153712,-0.0796,-0.0361,1.3682,-14.04,-2.08,-12.39,Stationary
9,96213715,-0.0542,0.0244,1.2676,15.93,-1.95,-4.88,Stationary
9,96273713,-0.0479,0.0938,1.0303,25.33,-22.64,10.01,Stationary
9,96333712,-0.0938,0.0317,0.8687,9.22,-18.19,13.67,Stationary
9,96393715,-0.1001,-0.0483,0.8325,-13.49,-14.47,7.02,Stationary
9,96453714,-0.0972,-0.0332,1.0137,-28.99,-15.38,-0.31,Stationary
9,96513712,-0.0752,-0.0225,1.3145,-27.47,-12.33,-5.19,Stationary
9,96573713,-0.0698,0.0024,1.2969,-7.57,-4.88,-5.43,Stationary
9,96633715,-0.0674,0.0459,1.1372,18.74,-16.17,3.54,Stationary
9,96693715,-0.0898,0.0425,0.9346,15.62,-14.65,9.09,Stationary
10,98253712,-0.0391,-0.0923,1.0532,-2.32,-12.94,-5.74,Stationary
10,98313714,-0.0381,-0.0801,1.0723,-5.00,-17.70,-5.00,Stationary
10,98373712,-0.0024,-0.0952,1.0283,-2.93,-43.40,3.48,Stationary
10,98433713,0.0234,-0.0674,1.0928,2.38,-49.13,11.78,Stationary
10,98493715,0.0410,0.0020,1.1323,3.78,-40.16,11.60,Stationary
10,98553715,0.1489,-0.0410,1.1230,8.67,-7.63,1.46,Stationary
10,98613713,-0.0825,-0.0972,0.6387,16.17,59.88,-13.24,Stationary
10,98673715,0.2920,-0.0376,1.0366,3.78,-80.44,-8.36,Stationary
10,98733712,0.2510,-0.2104,0.7676,-14.47,-45.96,2.62,Stationary
10,98793713,-0.1450,0.0205,0.6694,-7.69,-60.79,7.39,Stationary
10,98853715,-0.0547,-0.0107,0.7935,-40.59,-20.39,6.77,Stationary
10,98913712,0.1890,-0.2061,1.0093,-58.53,-40.59,5.25,Stationary
10,98973714,0.1289,-0.4053,1.3896,-45.53,-33.51,-5.00,Stationary
10,99033715,0.3662,-0.4756,2.1626,-17.88,-2.26,-12.82,Stationary
10,99093713,0.4561,-0.5039,1.9004,57.74,-25.82,-4.39,Stationary
10,99153714,0.0962,-0.1240,1.2720,115.30,-15.69,-7.26,Stationary
10,99213714,-0.2026,-0.0078,0.5249,91.00,30.03,-18.55,Stationary
10,99273715,-0.1870,0.0825,0.2363,22.58,11.17,-20.75,Stationary
10,99333713,-0.1509,0.1221,0.6484,-50.90,-50.78,-16.48,Stationary
10,99393713,0.2451,-0.0801,1.3867,-51.45,-20.63,-9.83,Stationary
10,99453714,0.1650,-0.1152,1.4551,26.86,-10.74,-1.95,Stationary
10,99513714,0.0713,0.0093,0.9668,60.55,7.63,2.87,Stationary
10,99573712,-0.0981,0.0532,0.4634,27.16,8.73,8.91,Stationary
10,99633714,-0.1060,0.0610,0.1919,-40.77,3.72,5.86,Stationary
10,99693715,-0.0146,-0.0713,0.3032,-104.37,-9.09,1.83,Stationary
10,99753714,0.1011,-0.2969,0.5649,-155.09,-28.32,7.20,Stationary
10,99813714,0.2280,-0.5366,0.9414,-203.43,-54.87,21.00,Stationary
10,99873714,0.2642,-1.0923,1.2910,-232.06,-41.50,27.22,Stationary
10,99933714,-2.6201,2.2920,-1.2559,88.93,321.59,-96.37,Stationary
10,99993715,-0.1455,-0.6792,0.6807,23.56,177.19,-46.94,Stationary
10,100053713,0.1250,-0.3940,0.6401,-44.62,-12.45,7.63,Stationary
10,100113714,-0.4443,-0.3271,0.8228,22.22,-4.94,-7.20,Stationary
10,100173714,-0.0771,-0.7202,0.7358,-6.96,2.26,-1.22,Stationary
10,100233715,0.1016,-0.6919,0.9170,-6.65,-4.15,1.28,Stationary
10,100293715,0.1655,-1.1045,1.2139,7.45,-25.63,4.94,Stationary
10,100353712,0.2397,-1.0669,1.4785,93.63,21.61,-4.15,Stationary
10,100413712,0.1069,-0.8169,1.3462,162.60,18.98,-7.14,Stationary
10,100473715,0.1514,-0.4922,1.1934,192.63,-36.44,-6.16,Stationary
10,100533712,0.0796,-0.2783,0.8599,193.30,-26.79,-10.74,Stationary
10,100593713,-0.0059,-0.0312,0.5615,168.21,-21.00,-12.82,Stationary
10,100653714,-0.0767,0.3667,0.5107,120.67,-8.97,-14.71,Stationary
10,100713714,-0.0830,0.4072,0.4951,62.19,-8.54,-18.31,Stationary
10,100773714,-0.0649,0.4531,0.5933,2.08,-3.30,-10.93,Stationary
10,100833714,0.0098,0.4092,0.7168,-41.14,13.79,-3.66,Stationary
10,100893715,0.0327,0.3921,0.9556,-62.87,8.42,3.78,Stationary
10,100953714,0.0269,0.1660,1.1196,-64.94,15.87,7.63,Stationary
10,101013713,-0.0205,0.0928,1.1953,-45.23,3.36,13.00,Stationary
10,101073712,-0.0391,0.1318,1.1914,-25.39,-11.35,21.73,Stationary
10,101133712,-0.0137,0.2153,1.2847,-19.59,-11.29,26.55,Stationary
10,101193712,0.0024,0.2046,1.3667,-31.62,11.96,25.63,Stationary
11,103713713,-0.2388,-0.1772,1.0454,-6.23,-14.16,4.39,Stationary
11,103773712,-0.2134,-0.1758,1.0220,-6.53,-13.85,2.81,Stationary
11,103833714,-0.1680,-0.0967,0.9517,-11.66,-29.11,2.81,Stationary
11,103893715,-0.2354,-0.1089,0.9185,-26.55,-15.14,-0.67,Stationary
11,103953714,-0.0498,-0.2070,0.9292,-32.90,-47.12,5.00,Stationary
11,104013712,-0.0400,-0.3276,1.0200,-34.97,-20.32,-0.79,Stationary
11,104073714,-0.1226,-0.3413,1.0820,-35.16,44.25,-19.78,Stationary
11,104133713,-0.0010,-0.3701,0.9927,-31.68,5.80,-27.59,Stationary
11,104193715,-0.4341,-0.2988,0.8442,-35.10,39.73,-43.88,Stationary
11,104253713,-0.1289,-0.5234,0.9697,-52.25,-22.28,-39.86,Stationary
11,104313714,-0.1797,-0.7578,1.1992,-37.90,2.99,-29.42,Stationary
11,104373712,-0.2012,-0.6665,1.2710,1.65,-22.77,-14.04,Stationary
11,104433714,-0.1812,-0.5308,1.0649,31.98,-22.40,-1.46,Stationary
11,104493714,-0.1704,-0.3779,0.9604,37.90,-29.48,6.77,Stationary
11,104553714,-0.1895,-0.3706,0.8896,21.06,-15.75,7.45,Stationary
11,104613714,-0.2065,-0.3608,0.8721,-0.55,-12.51,3.66,Stationary
11,104673714,-0.2026,-0.4346,0.9272,-15.38,-17.27,-1.71,Stationary
11,104733714,-0.1592,-0.4653,0.9224,-25.15,-21.79,-6.04,Stationary
11,104793714,-0.1177,-0.5151,0.9692,-16.66,-39.49,-1.89,Stationary
11,104853712,-0.0605,-0.5098,1.0903,-2.75,-28.87,3.72,Stationary
11,104913715,-0.1035,-0.5303,1.2388,19.96,-21.42,6.71,Stationary
11,104973714,-0.0361,-0.4858,1.3408,58.04,-23.32,13.00,Stationary
11,105033713,-0.0332,-0.3574,1.3345,100.71,-25.70,17.03,Stationary
11,105093714,-0.0996,-0.2563,1.2456,125.92,23.80,16.05,Stationary
11,105153714,-0.1318,-0.1821,1.1338,145.69,-13.79,22.28,Stationary
11,105213713,-0.1201,0.0508,1.1436,148.80,-44.68,19.71,Stationary
11,105273714,0.0029,0.1055,0.9893,131.53,-45.10,8.91,Stationary
11,105333715,-0.0171,0.2637,0.8647,110.66,-28.08,2.01,Stationary
11,105393713,0.0161,0.3345,0.6562,79.59,3.30,-3.23,Stationary
11,105453713,-0.0693,0.4170,0.5234,45.10,-6.90,-3.17,Stationary
11,105513712,-0.0723,0.4272,0.5117,9.16,-15.14,-2.26,Stationary
11,105573713,-0.0151,0.4487,0.6489,-22.64,-22.77,-0.73,Stationary
11,105633713,0.0527,0.4839,0.9883,-48.10,-12.63,-1.83,Stationary
11,105693714,0.0122,0.4907,1.2256,-55.11,-0.67,-7.75,Stationary
11,105753713,-0.0903,0.4600,1.2480,-34.24,2.81,-13.00,Stationary
11,105813712,-0.1416,0.4365,1.1401,0.12,8.73,-13.55,Stationary
11,105873713,-0.1475,0.4404,0.8750,21.61,-5.74,-5.74,Stationary
11,105933713,-0.1592,0.4331,0.7041,14.40,-9.28,-1.34,Stationary
11,105993713,-0.1177,0.4087,0.6841,-13.98,-7.14,-0.18,Stationary
11,106053713,-0.0825,0.4233,0.8667,-45.04,-23.38,-0.61,Stationary
11,106113714,-0.1138,0.4170,1.2285,-53.47,-15.87,-3.48,Stationary
11,106173715,-0.1533,0.2969,1.3477,-24.11,18.01,-8.24,Stationary
11,106233714,-0.1694,0.3188,1.1821,24.11,-29.36,1.95,Stationary
11,106293715,-0.1548,0.3516,0.9341,42.48,-23.56,8.61,Stationary
11,106353713,-0.1006,0.3774,0.7500,27.59,-15.56,10.93,Stationary
11,106413715,-0.1309,0.3789,0.7104,-6.65,-2.14,6.71,Stationary
11,106473714,-0.1040,0.3872,0.8340,-41.99,-12.15,0.18,Stationary
11,106533713,-0.1021,0.3223,1.0342,-58.72,-18.37,-6.90,Stationary
11,106593715,-0.1211,0.2842,1.1528,-50.72,-4.21,-12.27,Stationary
11,106653714,-0.1724,0.2036,1.0845,-32.53,5.31,-12.51,Stationary
12,112233715,-0.1577,0.1113,1.1533,3.66,-22.22,0.79,Stationary
12,112293714,-0.0962,0.1982,1.1548,-12.39,9.03,1.46,Stationary
12,112353715,-0.0347,0.1274,1.1045,-15.08,-4.09,7.63,Stationary
12,112413713,-0.1597,0.0991,1.0835,-0.18,-51.76,16.17,Stationary
12,112473715,-0.1411,0.1416,1.1758,10.25,-30.40,9.58,Stationary
12,112533715,-0.0415,0.1489,1.1465,16.17,-48.58,4.94,Stationary
12,112593715,-0.1733,0.2017,1.2104,19.04,-37.35,1.65,Stationary
12,112653712,-0.0518,0.1167,1.1260,16.85,-28.93,-3.60,Stationary
12,112713714,-0.1230,0.1904,0.9937,9.77,-8.54,-15.08,Stationary
12,112773713,-0.1631,0.1646,0.8657,3.85,5.92,-21.06,Stationary
12,112833714,-0.0825,0.1445,0.7144,-0.37,-18.62,-11.72,Stationary
12,112893714,-0.1387,0.1553,0.7505,-6.35,-27.71,1.53,Stationary
12,112953714,-0.1143,0.1904,1.0908,-23.32,-5.00,2.69,Stationary
12,113013713,-0.0981,0.1621,1.2480,-32.29,2.20,-0.43,Stationary
12,113073714,-0.1025,0.1235,1.3354,-21.42,-11.90,3.05,Stationary
12,113133712,-0.1040,0.0933,1.2744,7.51,0.61,2.01,Stationary
12,113193713,-0.1016,0.2246,1.1035,41.26,-9.22,12.94,Stationary
12,113253712,-0.1094,0.2446,0.9155,46.08,-9.89,23.44,Stationary
12,113313713,-0.1299,0.2085,0.7310,11.23,16.17,19.53,Stationary
12,113373715,-0.1494,0.1646,0.7388,-35.40,0.37,7.81,Stationary
12,113433714,-0.0957,0.1914,1.0991,-60.49,-19.84,-2.99,Stationary
12,113493712,-0.1064,0.0938,1.3413,-42.85,7.14,-16.24,Stationary
12,113553713,-0.1519,0.1201,1.2568,3.48,-2.62,-15.75,Stationary
12,113613714,-0.1797,0.1582,1.0825,28.75,-20.14,-4.58,Stationary
12,113673713,-0.1597,0.1812,0.8579,12.02,-5.74,1.77,Stationary
12,113733715,-0.1133,0.1357,0.7417,-19.35,1.59,6.16,Stationary
12,113793714,-0.1431,0.1201,1.0029,-41.87,-27.59,10.68,Stationary
12,113853714,-0.1543,0.0488,1.3491,-45.78,5.37,2.26,Stationary
12,113913715,-0.1694,-0.0020,1.4243,4.03,-27.10,5.74,Stationary
12,113973714,-0.1943,0.0894,1.2085,49.44,-32.59,9.58,Stationary
12,114033714,-0.1577,0.1562,0.8687,50.66,-2.38,10.93,Stationary
12,114093714,-0.1616,0.1670,0.7427,15.75,-6.35,10.13,Stationary
12,114153714,-0.1499,0.1377,0.8462,-20.51,-20.81,3.54,Stationary
12,114213715,-0.1748,0.1187,1.2119,-32.90,-19.23,-6.47,Stationary
12,114273715,-0.2026,0.0923,1.3491,-12.15,-0.24,-12.76,Stationary
12,114333713,-0.1914,0.1431,1.1729,16.60,-3.97,-4.15,Stationary
12,114393713,-0.1787,0.1831,0.9487,22.95,-5.92,8.00,Stationary
12,114453715,-0.1904,0.1660,0.8247,-1.22,1.53,10.99,Stationary
12,114513712,-0.1694,0.1089,0.8516,-32.10,-7.57,8.97,Stationary
12,114573712,-0.2021,0.1489,1.1919,-38.94,-32.29,10.13,Stationary
12,114633714,-0.1592,0.1958,1.3525,-24.78,-2.69,2.32,Stationary
12,114693715,-0.1807,0.1558,1.1729,13.67,-1.83,1.34,Stationary
12,114753714,-0.1982,0.2114,0.9331,28.87,3.05,3.66,Stationary
12,114813714,-0.1958,0.1992,0.7686,15.26,-4.33,5.19,Stationary
12,114873714,-0.1792,0.1865,0.8413,-11.23,-28.63,4.46,Stationary
12,114933713,-0.1289,0.1216,1.1157,-27.89,-49.56,-0.61,Stationary
12,114993715,-0.1138,0.0352,1.3013,-25.70,-24.29,-10.50,Stationary
12,115053715,-0.1128,-0.0049,1.1460,-7.20,-15.26,-12.94,Stationary
12,115113715,-0.1318,0.0752,0.9067,7.69,-29.05,-3.97,Stationary
12,115173712,-0.2090,0.1616,1.0078,-2.93,-39.18,2.56,Stationary
13,117333714,-0.1699,0.1650,1.0835,-5.07,-0.85,1.53,Stationary
13,117393714,-0.0527,0.2061,1.1714,-19.35,13.37,-0.85,Stationary
13,117453714,0.0718,0.1562,1.0815,-39.06,47.61,3.60,Stationary
13,117513714,-0.0327,0.0752,0.9629,-42.72,22.22,23.19,Stationary
13,117573713,-0.0376,-0.0156,0.9189,-32.65,-93.51,40.89,Stationary
13,117633714,-0.1963,-0.0513,0.8989,-48.22,-37.84,35.83,Stationary
13,117693712,-0.0493,-0.1152,0.8804,-63.42,-43.40,29.60,Stationary
13,117753713,-0.2192,-0.1924,0.9321,-65.73,-47.49,18.43,Stationary
13,117813715,-0.2202,-0.2656,1.0903,-69.64,8.42,-3.72,Stationary
13,117873715,-0.2407,-0.3945,1.1104,-63.78,-2.50,-17.64,Stationary
13,117933715,-0.3188,-0.5366,1.2051,-43.15,5.43,-23.19,Stationary
13,117993714,-0.2134,-0.5405,1.2822,-19.23,-4.33,-23.68,Stationary
13,118053714,-0.2241,-0.4307,1.1636,7.39,17.40,-20.81,Stationary
13,118113714,-0.1621,-0.3091,1.0596,30.64,-16.05,-4.09,Stationary
13,118173713,-0.1353,-0.2344,1.0166,31.56,-31.86,12.88,Stationary
13,118233714,-0.1245,-0.2402,0.9751,26.79,-27.95,24.11,Stationary
13,118293714,-0.1484,-0.2041,1.0239,17.33,-21.79,28.14,Stationary
13,118353715,-0.1738,-0.2305,1.0615,8.36,-22.40,25.39,Stationary
13,118413714,-0.1626,-0.2256,1.0190,5.55,-11.11,16.78,Stationary
13,118473715,-0.1084,-0.1953,1.0503,6.90,-4.21,7.02,Stationary
13,118533714,-0.0923,-0.2080,1.1201,9.28,-5.74,3.78,Stationary
13,118593715,-0.0767,-0.1807,1.0781,13.00,-4.70,3.85,Stationary
13,118653714,-0.1191,-0.1489,0.9902,15.26,-13.61,4.33,Stationary
13,118713715,-0.1543,-0.1274,0.9565,8.91,-3.23,1.10,Stationary
13,118773715,-0.1338,-0.1401,0.9761,-1.83,-6.96,-0.12,Stationary
13,118833715,-0.1333,-0.1787,1.0298,-11.90,-8.42,-1.22,Stationary
13,118893714,-0.1235,-0.2114,1.0698,-14.04,-7.08,-2.01,Stationary
13,118953713,-0.1245,-0.2256,1.1001,-8.00,-13.85,0.06,Stationary
13,119013712,-0.1489,-0.1929,1.0908,-1.28,-16.85,2.93,Stationary
13,119073711,-0.1606,-0.1504,1.0615,0.00,-15.62,3.85,Stationary
13,119133712,-0.1475,-0.1494,1.0562,1.77,-16.97,3.48,Stationary
13,119193714,-0.1538,-0.1821,1.1694,5.98,-23.13,2.20,Stationary
13,119253715,-0.0962,-0.1694,1.1997,23.44,-29.36,3.54,Stationary
13,119313714,-0.1182,-0.1382,1.1890,41.87,-11.90,-0.37,Stationary
13,119373712,-0.1436,-0.0952,1.1567,53.71,-4.88,-2.26,Stationary
13,119433713,-0.1265,-0.0601,1.1299,61.40,14.40,-2.32,Stationary
13,119493714,-0.1831,0.0283,0.9995,62.81,20.08,0.92,Stationary
13,119553713,-0.1846,0.1406,0.8711,45.10,10.01,4.88,Stationary
13,119613714,-0.1597,0.1455,0.7666,15.62,10.13,6.41,Stationary
13,119673715,-0.1768,0.1362,0.8052,-14.53,-13.00,5.07,Stationary
13,119733715,-0.1763,0.0903,0.9448,-39.98,-25.82,-1.95,Stationary
13,119793714,-0.1558,0.0142,1.0825,-50.05,-26.73,-9.52,Stationary
13,119853714,-0.1724,-0.0273,1.1841,-42.72,-15.08,-14.04,Stationary
13,119913714,-0.1724,-0.0542,1.2886,-18.19,-27.47,-12.51,Stationary
13,119973715,-0.1689,-0.0107,1.2720,15.32,-23.74,-5.43,Stationary
13,120033714,-0.1821,0.0889,1.1455,38.64,-19.17,3.23,Stationary
13,120093714,-0.1870,0.1499,0.9902,40.10,-10.74,8.24,Stationary
13,120153712,-0.2065,0.1548,0.8521,20.51,-0.37,9.52,Stationary
13,120213714,-0.1816,0.1323,0.8281,-8.54,-8.06,8.54,Stationary
13,120273715,-0.1470,0.0757,0.9360,-33.08,-24.35,5.62,Stationary
14,121893714,-0.1714,-0.1465,1.0327,-2.14,-23.56,13.49,Stationary
14,121953714,-0.1694,-0.1548,1.0571,-0.98,-33.81,15.08,Stationary
14,122017613,-0.1953,-0.1440,1.0903,-1.34,-14.28,11.41,Stationary
14,122073713,-0.1929,-0.1343,1.1157,0.85,-12.15,12.27,Stationary
14,122133714,-0.1318,-0.0889,1.1392,6.16,-18.86,18.25,Stationary
14,122193714,-0.1416,-0.1279,1.1733,16.17,-33.39,17.88,Stationary
14,122253712,-0.1382,-0.0913,1.2261,23.86,-43.64,16.54,Stationary
14,122313715,-0.0073,-0.1274,1.1353,21.42,-23.62,9.58,Stationary
14,122373715,0.0205,-0.1548,1.0400,22.71,-15.50,4.03,Stationary
14,122433714,-0.0396,-0.1074,0.8599,21.24,39.61,-7.57,Stationary
14,122493714,-0.0234,-0.0425,0.8936,10.38,-12.15,-4.58,Stationary
14,122553712,-0.0688,-0.1548,0.9067,3.11,-40.16,3.78,Stationary
14,122613715,-0.0117,-0.0391,1.0576,-15.08,-25.88,2.87,Stationary
14,122673713,-0.0591,-0.1230,1.2700,-19.41,-16.72,-1.22,Stationary
14,122733713,-0.0620,-0.1050,1.3574,17.52,7.32,-20.94,Stationary
14,122793712,-0.1851,-0.0342,1.1357,50.48,19.10,-26.55,Stationary
14,122853713,-0.0996,0.1597,0.9351,53.96,-21.85,-10.93,Stationary
14,122913715,-0.2339,0.2568,0.8149,25.70,-9.28,-2.20,Stationary
14,122973715,-0.1841,0.1567,0.8345,-13.61,6.71,-2.56,Stationary
14,123033713,-0.0850,0.0591,1.0371,-38.64,-25.09,1.95,Stationary
14,123093714,-0.0103,-0.0688,1.2441,-34.91,-33.33,-1.95,Stationary
14,123153714,-0.1440,-0.0298,1.3101,-5.86,6.23,-13.67,Stationary
14,123213713,-0.1821,0.1147,1.2109,21.91,0.37,-10.50,Stationary
14,123273715,-0.1489,0.1958,1.0640,26.55,-1.59,-0.06,Stationary
14,123333712,-0.1816,0.1802,0.8975,24.05,-14.40,9.03,Stationary
14,123393715,-0.1377,0.2002,0.8447,20.51,-26.92,11.78,Stationary
14,123453714,-0.1680,0.2407,1.0698,4.39,-45.78,9.77,Stationary
14,123513713,-0.0918,0.1499,1.1406,-13.92,-6.16,-3.17,Stationary
14,123573713,-0.1260,0.1284,1.0596,-8.85,-8.79,-6.04,Stationary
14,123633712,-0.1372,0.1328,0.9307,1.10,-10.68,-0.12,Stationary
14,123693714,-0.1006,0.1489,0.8823,4.76,-27.71,12.02,Stationary
14,123753712,-0.1343,0.1797,1.0874,-9.95,-45.10,15.87,Stationary
14,123813713,-0.0493,0.1016,1.1792,-29.05,-6.96,6.84,Stationary
14,123873712,-0.0254,-0.0195,1.1089,-30.88,-3.66,4.03,Stationary
14,123933714,-0.0552,-0.0186,1.0977,-17.88,-22.34,6.71,Stationary
14,123993715,-0.0596,0.0146,1.1084,-8.36,-25.39,8.00,Stationary
14,124053715,-0.1021,0.0605,1.0996,-5.55,-26.18,6.10,Stationary
14,124113712,-0.0825,0.0654,1.0850,-6.53,-3.48,2.14,Stationary
14,124173713,-0.0562,0.0195,1.0591,-3.97,-11.96,3.36,Stationary
14,124233714,-0.0381,0.0020,1.0845,-2.20,-19.53,4.39,Stationary
14,124293712,-0.0420,0.0151,1.0977,-3.72,-8.73,1.89,Stationary
14,124353712,-0.0205,0.0059,1.0693,-3.17,-7.93,0.43,Stationary
14,124413715,-0.0400,0.0063,1.0215,-0.49,-11.35,1.53,Stationary
14,124473715,-0.0591,0.0669,1.1006,-2.81,-16.05,2.75,Stationary
14,124533715,-0.0425,0.0444,1.1519,-9.64,5.43,-1.46,Stationary
14,124593714,-0.0698,-0.0332,1.0513,-4.64,8.18,-2.56,Stationary
14,124653712,-0.0527,-0.0078,0.9780,4.15,-20.51,3.05,Stationary
14,124713715,-0.0864,0.0508,1.0352,1.89,-37.29,6.35,Stationary
14,124773714,-0.0591,0.0479,1.1660,-13.00,-15.81,1.59,Stationary
14,124833714,-0.0405,-0.0498,1.1479,-15.20,8.97,-4.09,Stationary
15,126633715,-0.1216,-0.1313,1.0884,-3.85,-5.07,6.10,Stationary
15,126693715,-0.0972,-0.1494,1.0918,-4.58,-1.34,2.26,Stationary
15,126753714,-0.0815,-0.1230,1.0532,-8.06,18.86,-6.84,Stationary
15,126813715,-0.0806,-0.0610,1.0269,-7.69,10.44,-6.53,Stationary
15,126873712,-0.0425,-0.0225,1.0854,-3.42,-43.70,5.49,Stationary
15,126933714,-0.0093,-0.1157,1.1650,3.23,-34.30,3.42,Stationary
15,126993714,-0.0215,-0.1226,1.2119,10.99,-13.12,-1.65,Stationary
15,127053712,0.0762,-0.1362,1.0845,18.98,-19.65,0.79,Stationary
15,127113713,0.0229,-0.1504,1.0068,19.53,-11.23,-2.99,Stationary
15,127173713,0.0249,-0.1768,0.9888,14.28,0.92,-5.00,Stationary
15,127233715,0.0151,-0.1406,0.9419,5.13,-5.62,-0.31,Stationary
15,127293712,-0.0679,-0.1138,0.8301,-13.73,2.32,2.26,Stationary
15,127353714,-0.0435,-0.1274,0.8784,-24.60,-26.67,4.94,Stationary
15,127413713,0.0933,-0.1450,1.1494,-17.82,-58.65,6.84,Stationary
15,127473714,0.1089,-0.1206,1.3857,-6.59,-39.73,0.98,Stationary
15,127533714,0.1260,-0.0854,1.2700,13.31,-23.86,-6.65,Stationary
15,127593715,0.0176,-0.0024,1.0752,34.91,-18.49,-8.06,Stationary
15,127653713,-0.0474,0.0586,0.9170,35.16,3.17,-8.12,Stationary
15,127713713,-0.0566,0.0762,0.6997,8.61,14.71,-10.25,Stationary
15,127773713,-0.0664,0.0630,0.5391,-25.15,7.69,-7.63,Stationary
15,127833713,0.0142,-0.0005,0.5630,-53.16,-13.55,-3.60,Stationary
15,127893715,0.0557,-0.0547,0.8145,-77.09,-20.51,-4.27,Stationary
15,127953713,-0.0718,-0.3555,0.9985,-90.09,-0.18,-10.50,Stationary
15,128013713,0.0488,-0.4072,1.0356,-85.82,-2.81,-14.34,Stationary
15,128073715,-0.0454,-0.4683,0.9199,-91.37,-9.89,-12.76,Stationary
15,128133712,-0.0234,-0.5635,0.9253,-114.56,-14.95,-7.93,Stationary
15,128193714,0.0044,-0.8252,0.9116,-132.20,-29.48,-1.95,Stationary
15,128253714,0.0498,-1.2603,1.0942,-129.03,-124.39,20.45,Stationary
15,128313713,-0.0464,-1.0493,1.6284,71.66,-11.90,-14.22,Stationary
15,128373712,-0.0693,-1.1821,1.1797,38.21,68.48,-17.58,Stationary
15,128433712,0.2515,-0.9448,1.3550,84.59,-11.60,9.58,Stationary
15,128493712,-0.0200,-0.8252,1.1865,129.33,-28.02,18.92,Stationary
15,128553714,0.0474,-0.5303,1.1758,134.89,-56.95,9.77,Stationary
15,128613713,0.1006,-0.2749,1.0947,113.28,-32.78,3.30,Stationary
15,128673713,0.0107,-0.1313,0.9756,87.10,-31.13,1.95,Stationary
15,128733713,0.0811,-0.0210,0.9121,57.86,-17.09,-0.67,Stationary
15,128793715,0.0151,-0.0347,0.6743,42.66,-14.95,1.95,Stationary
15,128853714,-0.0161,-0.0176,0.4604,42.05,-7.69,6.59,Stationary
15,128913712,-0.0830,0.0103,0.3770,38.57,-8.12,7.26,Stationary
15,128973713,-0.1016,0.1006,0.5142,25.57,-27.95,10.68,Stationary
15,129033714,0.1279,0.0962,0.7534,6.59,-11.84,13.43,Stationary
15,129093715,0.0020,0.1489,1.3945,-8.97,6.10,14.89,Stationary
15,129153715,0.1875,0.1846,1.6763,-2.50,-0.55,12.82,Stationary
15,129213714,0.1846,0.2256,1.3872,6.35,23.44,14.53,Stationary
15,129273713,0.0532,0.1860,1.0898,-1.28,27.16,20.51,Stationary
15,129333714,0.0645,0.0571,0.8262,-10.25,15.20,21.67,Stationary
15,129393714,0.0601,0.0181,0.7358,-8.61,20.20,17.52,Stationary
15,129453713,-0.0083,0.0615,0.7998,-9.58,-5.19,9.52,Stationary
15,129513714,0.0366,0.1465,1.0381,-20.51,-37.96,0.92,Stationary
15,129573713,0.0537,0.1636,1.2744,-33.20,-33.51,-12.63,Stationary
16,131193715,-0.1543,-0.0483,1.0684,-4.27,2.20,1.89,Stationary
16,131253714,-0.1377,-0.0928,1.0728,-6.35,-7.26,3.17,Stationary
16,131313713,-0.1445,-0.0825,1.0654,-6.65,3.05,3.17,Stationary
16,131373713,-0.1533,-0.0303,1.1123,-5.49,-10.13,8.79,Stationary
16,131433713,-0.1846,-0.0420,1.1616,-1.77,-0.98,13.06,Stationary
16,131493712,-0.0283,-0.1079,1.2598,25.15,-53.16,20.45,Stationary
16,131553713,0.0288,-0.0229,1.3369,43.27,-47.00,20.14,Stationary
16,131613714,-0.0962,0.0923,1.2056,48.03,-36.44,16.60,Stationary
16,131673714,0.0420,0.0645,0.9844,42.79,-21.85,15.56,Stationary
16,131733713,0.0137,0.0459,0.8892,28.99,-8.54,13.37,Stationary
16,131793715,-0.0415,-0.0562,0.6470,12.08,-16.05,12.51,Stationary
16,131853712,0.0557,0.1025,0.7705,-18.19,1.40,20.14,Stationary
16,131913713,0.0493,0.0049,0.8340,-45.41,-41.26,25.09,Stationary
16,131973714,0.1489,-0.0605,1.0542,-61.04,-32.29,21.55,Stationary
16,132033715,0.0786,-0.1538,1.2637,-57.50,-31.31,15.08,Stationary
16,132093714,0.1729,-0.1714,1.4399,-30.94,-29.97,4.15,Stationary
16,132153712,0.0801,-0.1064,1.5068,7.63,-28.26,-4.21,Stationary
16,132213715,0.0903,-0.0376,1.2827,41.63,-2.69,-8.54,Stationary
16,132273714,0.0581,0.0176,0.9858,64.15,-8.42,-7.69,Stationary
16,132333714,0.0435,0.0986,0.8413,56.03,4.94,-9.64,Stationary
16,132393714,0.0234,0.0952,0.7490,21.67,12.02,-7.63,Stationary
16,132453713,0.0298,0.1045,0.8335,-12.70,-27.10,-2.56,Stationary
16,132513713,0.1543,0.1528,1.1343,-28.56,-50.11,1.77,Stationary
16,132573714,0.2393,0.0791,1.3257,-13.18,-65.49,0.92,Stationary
16,132633715,0.2515,0.1060,1.3301,25.82,-67.14,-8.36,Stationary
16,132693713,0.1836,0.1699,1.2290,56.15,-54.02,-21.30,Stationary
16,132753712,0.2036,0.2637,1.1372,66.16,-30.52,-31.74,Stationary
16,132813715,0.2480,0.3022,1.0220,60.24,-18.98,-34.67,Stationary
16,132873715,0.1553,0.2822,0.8496,43.58,11.78,-30.82,Stationary
16,132933714,0.0996,0.3188,0.7197,22.16,11.23,-21.48,Stationary
16,132993714,0.0522,0.3076,0.6753,-2.99,4.33,-9.03,Stationary
16,133053715,0.1416,0.3926,0.8623,-23.44,-48.34,6.29,Stationary
16,133113712,0.2451,0.4419,1.1191,-32.41,-25.02,11.41,Stationary
16,133173713,0.2900,0.3350,1.2744,-17.46,-19.84,6.10,Stationary
16,133233713,0.2754,0.3477,1.2627,19.10,-16.78,-6.41,Stationary
16,133293713,0.1953,0.3921,1.0073,48.34,-2.38,-9.83,Stationary
16,133353712,0.1152,0.4155,0.8008,40.28,26.55,-0.24,Stationary
16,133413713,0.0552,0.3774,0.6763,2.69,26.12,9.83,Stationary
16,133473715,0.0942,0.3335,0.6890,-35.64,-6.96,17.82,Stationary
16,133533715,0.2627,0.4185,0.9810,-54.81,-56.82,23.99,Stationary
16,133593713,0.3267,0.3838,1.2466,-49.50,-19.84,14.59,Stationary
16,133653714,0.2852,0.2896,1.2344,-19.59,-12.33,-1.34,Stationary
16,133713715,0.1577,0.2705,1.0654,13.43,-9.09,-14.04,Stationary
16,133773713,0.1465,0.3433,0.8799,36.44,-37.60,-15.69,Stationary
16,133833714,0.1514,0.4106,0.8521,29.36,-16.97,-15.08,Stationary
16,133893713,0.1504,0.4326,0.8433,5.68,-5.62,-10.62,Stationary
16,133953714,0.1602,0.3887,0.8418,-31.49,13.37,-2.75,Stationary
16,134013713,0.1758,0.3008,0.8442,-65.92,-16.42,8.85,Stationary
16,134073712,0.1948,0.2314,0.8296,-85.02,-15.14,16.60,Stationary
16,134133713,0.1919,0.1030,0.8745,-84.72,1.34,21.85,Stationary
17,136473713,0.0938,-0.0874,1.0493,-2.20,-22.46,8.79,Stationary
17,136533713,0.0767,-0.1045,1.0645,-1.77,-21.55,8.97,Stationary
17,136593715,0.0659,-0.0898,1.0967,-4.09,-6.10,6.96,Stationary
17,136653714,0.0972,-0.0957,1.1196,-5.25,-0.79,7.02,Stationary
17,136713713,0.1177,-0.1074,1.1426,-0.12,1.22,9.46,Stationary
17,136773715,0.1675,0.0024,1.2090,16.42,-25.82,13.61,Stationary
17,136833715,0.1157,-0.0093,1.3042,23.44,-7.63,5.00,Stationary
17,136893715,0.1362,-0.0605,1.3213,29.66,10.80,-3.48,Stationary
17,136953714,-0.3682,-0.0718,1.2012,24.05,83.07,-22.64,Stationary
17,137013715,0.1494,-0.0679,0.9390,26.86,-7.08,-2.81,Stationary
17,137073714,0.1362,-0.0024,0.8218,34.91,-54.02,11.47,Stationary
17,137133714,0.1143,0.0859,0.6743,27.65,-75.26,16.05,Stationary
17,137193714,0.1377,0.1128,0.6309,5.92,-45.29,16.24,Stationary
17,137253713,0.0537,0.0527,0.6855,-28.50,-8.67,12.39,Stationary
17,137313712,0.2197,0.0063,0.7529,-51.39,-52.25,22.64,Stationary
17,137373713,0.1934,-0.0889,1.0107,-61.34,-81.42,29.30,Stationary
17,137433714,0.4238,-0.1665,1.3223,-59.57,-72.57,29.05,Stationary
17,137493714,0.5596,-0.2397,1.4561,-42.24,-86.85,22.52,Stationary
17,137553714,0.6030,-0.1875,1.4277,-13.55,-45.35,4.39,Stationary
17,137613713,0.5303,-0.1348,1.2153,16.85,-20.75,-11.90,Stationary
17,137673713,0.4805,-0.0566,1.0264,44.68,-38.09,-21.61,Stationary
17,137733713,0.3696,0.0278,0.9492,49.07,-28.99,-28.26,Stationary
17,137793713,0.2734,0.0591,0.8481,24.60,-22.22,-31.98,Stationary
17,137853713,0.3833,0.0498,0.8281,-2.38,14.65,-24.84,Stationary
17,137913715,0.4189,0.0425,1.0225,-7.57,-26.06,-16.17,Stationary
17,137973714,0.5571,0.0640,1.1494,7.26,-51.27,-16.85,Stationary
17,138033712,0.5615,0.1157,1.1030,31.19,-25.45,-29.11,Stationary
17,138093714,0.5200,0.2144,1.0962,49.07,-8.79,-39.25,Stationary
17,138153712,0.4922,0.2363,1.0068,52.37,-0.24,-40.16,Stationary
17,138213712,0.4307,0.2202,0.8833,55.48,2.08,-35.52,Stationary
17,138273712,0.3848,0.2837,0.8066,55.60,1.65,-28.75,Stationary
17,138333714,0.3345,0.3145,0.7212,45.65,6.96,-18.80,Stationary
17,138393713,0.3213,0.3906,0.7524,27.47,-4.39,-6.35,Stationary
17,138453712,0.3691,0.4043,0.8213,9.34,-7.63,1.65,Stationary
17,138513712,0.3848,0.3735,0.8281,2.99,-5.07,2.62,Stationary
17,138573714,0.3872,0.4121,0.8457,5.13,-12.82,2.20,Stationary
17,138633714,0.3999,0.4946,0.8652,5.25,-19.23,2.08,Stationary
17,138693714,0.3750,0.4917,0.8423,1.40,-11.54,1.10,Stationary
17,138753714,0.3550,0.4893,0.8320,-2.99,-10.07,0.73,Stationary
17,138813712,0.3535,0.4629,0.8237,-9.22,-6.96,0.98,Stationary
17,138873714,0.3247,0.4351,0.7993,-14.34,-8.18,3.60,Stationary
17,138933715,0.2568,0.4004,0.7476,-27.10,-4.33,11.17,Stationary
17,138993714,0.2964,0.3594,0.7676,-44.56,-9.34,21.55,Stationary
17,139053715,0.3379,0.3315,0.7930,-59.63,-19.41,30.70,Stationary
17,139113713,0.3872,0.2734,0.8784,-69.15,-18.07,33.02,Stationary
17,139173715,0.3984,0.2041,0.9316,-72.75,-9.34,31.86,Stationary
17,139233712,0.4771,0.1426,1.0103,-73.61,-8.61,31.49,Stationary
17,139293712,0.4761,0.0654,1.0771,-70.25,2.75,28.08,Stationary
17,139353713,0.3979,-0.0181,1.0928,-58.72,-6.90,25.27,Stationary
17,139413713,0.4727,-0.0669,1.0786,-42.91,-7.20,18.92,Stationary
18,140853715,0.2412,-0.2900,1.0024,-0.31,24.05,6.16,Stationary
18,140913714,0.2734,-0.2173,1.0303,-0.06,7.08,0.85,Stationary
18,140973713,0.2671,-0.2183,0.9771,-2.38,0.43,-2.32,Stationary
18,141033713,0.2964,-0.2422,0.8862,-1.46,-27.77,-1.22,Stationary
18,141093714,0.3467,-0.2153,0.8418,2.93,-49.62,4.39,Stationary
18,141153714,0.3984,-0.1987,0.8770,3.05,-82.28,6.29,Stationary
18,141213712,0.3418,-0.2368,0.8979,-7.14,-46.20,-3.97,Stationary
18,141273714,0.4829,-0.2876,0.8564,-17.33,-5.68,-16.30,Stationary
18,141333714,0.2402,-0.3228,0.9194,-20.51,51.15,-33.26,Stationary
18,141393714,0.6245,-0.3237,0.7793,-11.90,-41.50,-22.71,Stationary
18,141453713,0.1543,-0.3296,0.8613,-18.98,-31.07,-22.71,Stationary
18,141513715,0.4976,-0.3633,0.8887,-19.23,-60.49,-5.68,Stationary
18,141573714,0.2246,-0.4043,0.7593,-21.91,-12.02,-4.88,Stationary
18,141633714,0.3193,-0.3467,0.8232,-50.84,10.44,6.77,Stationary
18,141693713,0.2593,-0.3960,0.7505,-79.22,-2.01,31.62,Stationary
18,141753713,0.3008,-0.4790,0.7427,-104.43,58.29,41.02,Stationary
18,141813715,0.1714,-0.8413,0.7944,-139.53,177.43,33.20,Stationary
18,141873714,2.3364,-3.4854,1.3013,-114.62,-15.38,38.21,Stationary
18,141933713,0.7388,-0.9473,1.1123,61.65,-195.68,-8.30,Stationary
18,141993714,-0.1650,-0.8223,0.9902,65.86,75.26,-23.01,Stationary
18,142053712,0.2495,-0.5820,0.8184,73.61,67.57,-9.03,Stationary
18,142113713,-0.0190,-0.2974,0.1978,42.72,-4.76,2.32,Stationary
18,142173714,-0.0815,-0.1523,0.3340,-64.09,9.40,4.70,Stationary
18,142233712,-0.0024,-0.7314,0.5308,-139.95,-43.88,9.09,Stationary
18,142293715,0.0557,-0.1006,1.1318,49.50,24.90,-9.83,Stationary
18,142353712,0.1372,-1.0557,1.1221,47.85,85.75,-16.72,Stationary
18,142413713,0.2036,-0.7734,1.1426,99.12,2.14,5.49,Stationary
18,142473714,-0.1011,-0.4976,0.9644,96.80,52.86,-3.85,Stationary
18,142533715,0.0308,-0.2637,0.3867,49.68,60.79,-6.41,Stationary
18,142593712,-0.0146,-0.0391,0.1655,-6.84,-24.29,7.51,Stationary
18,142653714,-0.0356,-0.2173,0.3760,-72.02,-42.11,11.29,Stationary
18,142713714,0.0742,-0.5459,0.7744,-110.41,-75.74,16.05,Stationary
18,142773712,-0.0498,-1.0552,1.3564,-125.85,-128.30,14.47,Stationary
18,142833714,0.0752,-1.3838,1.5752,-60.49,-3.48,-3.30,Stationary
18,142893713,0.2104,-1.3442,1.5317,61.89,13.24,-4.15,Stationary
18,142953714,0.1899,-1.1865,1.3057,161.38,-24.54,-1.16,Stationary
18,143013713,0.0459,-0.6582,1.2700,189.33,-43.46,-0.55,Stationary
18,143073715,0.2324,-0.1772,0.8926,159.18,-8.79,-12.88,Stationary
18,143133713,0.2583,0.1226,0.8208,115.23,26.00,-20.45,Stationary
18,143193715,0.0059,0.1133,0.6382,67.87,42.60,-25.51,Stationary
18,143253715,-0.0107,-0.0059,0.3008,36.56,32.84,-20.63,Stationary
18,143313714,-0.0747,-0.0068,0.1245,27.59,0.06,-3.91,Stationary
18,143373714,-0.1001,0.0449,0.2241,19.10,-37.29,8.85,Stationary
18,143433714,-0.0430,0.1821,0.7983,-4.15,-96.13,14.83,Stationary
18,143493714,-0.0635,0.1265,1.3794,-49.44,12.57,-2.99,Stationary
18,143553713,-0.0352,-0.1172,1.8452,-64.45,54.44,-1.34,Stationary
18,143613714,0.1309,-0.1948,1.8662,-23.25,5.19,11.72,Stationary
18,143673713,0.0366,-0.1079,1.4019,29.17,-4.46,19.84,Stationary
18,143733715,-0.0015,0.0825,1.0654,46.08,-4.03,22.95,Stationary
18,143793714,-0.0337,0.1196,0.7207,34.67,15.14,21.18,Stationary
19,145833714,-0.0908,0.0640,1.0918,-1.22,-31.74,3.72,Stationary
19,145893715,-0.0762,0.0850,1.1406,-11.29,2.87,-1.53,Stationary
19,145953715,0.0762,0.0869,1.1855,-30.70,47.12,-0.37,Stationary
19,146013714,-0.0010,0.0215,1.1128,-30.27,0.92,12.76,Stationary
19,146073713,0.0361,-0.0742,1.0898,5.19,-91.61,28.26,Stationary
19,146133712,0.0229,-0.0200,1.2710,32.78,-91.55,25.63,Stationary
19,146193714,-0.0591,0.0234,1.1997,38.09,-53.47,11.60,Stationary
19,146253714,0.0815,0.0991,1.1143,38.94,-4.52,-0.61,Stationary
19,146313714,-0.2261,0.1523,0.8984,40.95,18.62,-6.35,Stationary
19,146373714,-0.3008,0.2236,0.5151,6.53,77.70,-3.78,Stationary
19,146433714,-0.1646,0.0435,0.5869,-44.86,-20.51,11.72,Stationary
19,146493714,-0.1523,-0.0996,0.9756,-82.64,-30.58,6.71,Stationary
19,146553715,-0.1240,-0.2075,1.3984,-76.60,-18.01,-3.30,Stationary
19,146613714,-0.0923,-0.1743,1.5161,-25.76,-22.34,-8.73,Stationary
19,146673713,-0.0918,0.0635,1.3994,31.07,-24.78,2.44,Stationary
19,146733713,0.0161,0.1572,1.2202,73.18,-53.89,28.44,Stationary
19,146793714,0.0342,0.2456,0.9883,88.01,-25.09,38.57,Stationary
19,146853713,-0.0454,0.2075,0.7354,54.87,4.33,33.45,Stationary
19,146913713,0.0068,0.1836,0.7554,-1.22,-6.47,17.40,Stationary
19,146973712,0.0088,0.1328,0.9321,-49.74,-16.60,4.27,Stationary
19,147033714,0.0815,0.0996,1.2314,-65.49,-44.49,-2.32,Stationary
19,147093715,0.0498,-0.0264,1.4111,-45.96,-23.01,-12.33,Stationary
19,147153715,-0.0298,-0.0352,1.3950,-1.10,3.72,-16.91,Stationary
19,147213714,-0.0176,0.0967,1.1299,28.56,1.59,-11.35,Stationary
19,147273715,-0.0288,0.1499,0.7344,23.62,23.44,1.28,Stationary
19,147333715,-0.0552,0.0161,0.6460,-4.88,-0.37,17.82,Stationary
19,147393714,-0.1016,-0.0381,0.9526,-41.26,-40.28,18.80,Stationary
19,147453715,0.0127,-0.1089,1.3101,-52.80,-23.44,7.87,Stationary
19,147513714,0.0112,-0.2090,1.2808,-15.93,-10.62,-3.05,Stationary
19,147573713,-0.0112,-0.0376,1.1250,23.68,-18.07,-1.65,Stationary
19,147633713,-0.0312,0.1143,1.0918,30.27,-21.61,4.46,Stationary
19,147693714,-0.0229,0.1333,1.2471,17.70,-24.60,5.80,Stationary
19,147753714,0.0225,0.1001,1.1440,20.45,-13.31,0.73,Stationary
19,147813714,0.0073,0.2065,0.9233,33.08,-10.93,-0.98,Stationary
19,147873714,-0.0195,0.2773,0.7095,27.22,9.70,3.48,Stationary
19,147933715,-0.0317,0.2896,0.7373,1.77,-8.36,9.34,Stationary
19,147993715,0.0308,0.1621,0.8994,-31.86,-17.15,3.85,Stationary
19,148053713,0.1289,0.0439,1.1816,-41.02,-39.73,5.43,Stationary
19,148113712,0.0815,0.0498,1.6587,-29.11,-58.17,3.97,Stationary
19,148173712,0.0381,-0.0361,1.4424,-13.55,39.31,-16.17,Stationary
19,148233713,0.0430,0.0640,0.9448,21.00,-7.57,-6.04,Stationary
19,148293713,0.0039,0.1646,0.6836,29.05,-4.76,7.63,Stationary
19,148353714,-0.0195,0.1763,0.6016,3.36,-17.03,18.74,Stationary
19,148413714,0.0137,0.1602,0.7432,-36.13,-25.27,20.45,Stationary
19,148473712,0.0337,-0.0376,0.9614,-58.35,-34.48,13.49,Stationary
19,148533714,0.0864,-0.0532,1.2896,-50.48,-40.53,3.30,Stationary
19,148593713,0.0596,-0.0366,1.5537,-40.41,-35.95,-5.62,Stationary
19,148653712,0.1758,-0.1064,1.6484,-32.17,5.92,-16.24,Stationary
19,148713714,0.0737,-0.2031,1.4390,-8.67,55.73,-19.35,Stationary
19,148773713,-0.0903,-0.1343,1.2686,19.71,95.76,-10.50,Stationary
20,150213715,-0.1040,0.1577,1.1006,-9.70,0.24,9.16,Stationary
20,150273714,0.0098,0.1592,1.1660,-13.12,-12.08,14.89,Stationary
20,150333713,0.0029,0.0928,1.1597,-29.24,34.73,11.60,Stationary
20,150393712,0.0156,0.0889,1.0811,-19.10,31.98,19.84,Stationary
20,150453713,-0.0776,-0.0137,1.1230,11.54,-89.05,43.64,Stationary
20,150513714,-0.0889,0.1411,1.1084,13.61,-57.74,34.24,Stationary
20,150573712,-0.1562,0.2017,1.0396,2.69,-37.05,26.25,Stationary
20,150633714,-0.1113,0.3359,1.1299,-9.03,-84.41,24.78,Stationary
20,150693713,-0.0405,0.1328,1.2500,-15.99,-30.94,1.83,Stationary
20,150753713,-0.0303,0.0952,1.1514,-3.23,5.19,-21.61,Stationary
20,150813713,-0.0601,0.0698,0.9282,13.43,6.04,-26.98,Stationary
20,150873715,-0.0674,0.1260,0.9121,17.21,-15.93,-17.70,Stationary
20,150933715,-0.0532,0.1387,0.9541,2.81,-0.49,-11.29,Stationary
20,150993715,0.0107,0.1245,1.0508,-9.34,-8.00,-5.49,Stationary
20,151053713,0.0361,0.1006,1.1265,-8.73,-13.49,-3.42,Stationary
20,151113712,-0.0034,0.0771,1.0591,-0.49,-8.48,-2.99,Stationary
20,151173713,-0.0615,0.0742,0.9155,12.08,-9.22,-1.16,Stationary
20,151233712,-0.0781,0.1562,0.9600,19.23,-18.31,4.70,Stationary
20,151293715,-0.0752,0.2241,1.1191,9.89,-19.59,8.54,Stationary
20,151353712,-0.0493,0.2070,1.1694,-5.00,-10.38,6.35,Stationary
20,151413713,-0.0625,0.1514,1.0615,-8.61,-13.24,4.39,Stationary
20,151473712,-0.0449,0.1807,1.0508,-3.97,-10.99,1.71,Stationary
20,151533713,-0.0513,0.1963,1.0864,-2.75,-10.13,-0.61,Stationary
20,151593714,-0.0430,0.1997,1.0864,-5.55,-2.38,-0.06,Stationary
20,151653714,-0.0352,0.1572,1.0615,-6.96,-1.95,2.56,Stationary
20,151713714,-0.0571,0.1177,1.0410,-6.59,-1.16,3.78,Stationary
20,151773714,-0.0820,0.1548,1.0288,-6.16,-7.45,5.31,Stationary
20,151833715,-0.0581,0.1616,1.0425,-7.26,-0.06,4.94,Stationary
20,151893713,-0.0757,0.1304,1.0625,-5.74,-6.16,6.65,Stationary
20,151953715,-0.0752,0.1235,1.0669,-1.83,-23.19,9.70,Stationary
20,152013714,-0.0645,0.1484,1.1069,-2.69,-25.76,7.93,Stationary
20,152073714,-0.0474,0.1167,1.0376,-6.71,-15.26,3.23,Stationary
20,152133714,-0.0210,0.1377,1.0210,-6.23,-28.02,5.07,Stationary
20,152193715,-0.0312,0.1372,1.0249,-10.50,-29.97,6.23,Stationary
20,152253712,-0.0029,0.1343,1.1030,-19.41,-20.08,8.85,Stationary
20,152313714,-0.0503,0.0918,1.1548,-21.97,3.36,9.28,Stationary
20,152373713,0.0015,0.0562,1.2080,0.24,-36.44,13.92,Stationary
20,152433713,0.0176,0.1055,1.1909,21.79,-18.74,10.13,Stationary
20,152493714,0.0337,0.1431,1.0366,31.92,-13.92,7.69,Stationary
20,152553712,0.0044,0.1465,0.8750,25.09,-3.85,9.16,Stationary
20,152613715,-0.0151,0.1943,0.8569,3.54,-9.16,12.21,Stationary
20,152673714,0.0190,0.2163,1.0239,-18.86,-21.67,13.79,Stationary
20,152733713,0.0181,0.1553,1.2148,-19.59,3.42,7.93,Stationary
20,152793714,0.0591,0.1304,1.2168,-5.68,-12.94,1.10,Stationary
20,152853712,0.0107,0.1221,1.0923,8.36,1.28,-4.88,Stationary
20,152913714,-0.0181,0.1475,0.9751,12.88,-16.78,-3.30,Stationary
20,152973714,-0.0083,0.1729,0.9150,0.31,-8.24,-1.22,Stationary
20,153033715,-0.0059,0.2139,1.0747,-18.74,-13.92,1.71,Stationary
20,153093712,-0.0376,0.1113,1.1914,-21.55,9.70,-1.71,Stationary
20,153153713,0.0259,0.1060,1.1367,2.38,-19.78,-0.67,Stationary
21,154593715,-0.0786,0.2993,1.1138,-1.40,-10.74,1.89,Stationary
21,154653713,0.0166,0.3569,1.1860,-24.84,31.25,0.79,Stationary
21,154713715,-0.0815,0.1426,1.0630,-32.90,-0.31,10.74,Stationary
21,154773714,0.0439,0.1479,1.1260,-14.34,-31.43,17.46,Stationary
21,154833715,-0.0488,0.1074,1.1230,7.32,-88.68,27.77,Stationary
21,154893714,-0.0620,0.1948,1.1396,3.97,-46.88,18.68,Stationary
21,154953713,-0.0562,0.1577,1.0508,-4.94,-29.85,7.32,Stationary
21,155013714,-0.2021,0.0884,0.8633,-13.55,2.38,-3.60,Stationary
21,155073714,-0.1675,0.1108,0.8105,-6.35,-13.79,-5.25,Stationary
21,155133715,-0.1982,0.1343,0.8613,-10.93,-23.25,0.79,Stationary
21,155193714,-0.1318,0.1509,0.9473,-36.13,-15.32,3.54,Stationary
21,155253715,-0.0508,0.0562,0.9961,-62.01,6.96,3.23,Stationary
21,155313713,-0.0918,-0.0649,1.0703,-65.73,-18.68,2.38,Stationary
21,155373712,-0.0664,-0.0806,1.2495,-56.82,-17.46,-0.43,Stationary
21,155433714,-0.0771,-0.1323,1.4053,-30.33,-21.12,-3.91,Stationary
21,155493714,-0.0605,-0.0923,1.3931,3.48,4.27,-8.91,Stationary
21,155553713,-0.0415,-0.0200,1.2451,38.51,-14.34,-2.01,Stationary
21,155613714,-0.0474,0.0264,1.1743,59.08,-5.00,3.36,Stationary
21,155673715,-0.0483,0.0645,1.0444,67.26,-0.31,8.12,Stationary
21,155733714,-0.0723,0.0591,0.8779,59.27,10.62,12.08,Stationary
21,155793715,-0.0825,0.0718,0.7656,39.73,11.90,17.76,Stationary
21,155853713,-0.1206,0.0898,0.7949,16.48,-13.85,21.97,Stationary
21,155913713,-0.0747,0.0938,0.9727,-3.60,-8.73,15.75,Stationary
21,155973714,-0.0039,0.1328,1.2197,-6.04,-38.27,12.02,Stationary
21,156034613,-0.0674,0.2407,1.2607,-2.08,-24.66,5.00,Stationary
21,156093713,-0.1108,0.3433,1.2349,-1.34,-19.90,-1.77,Stationary
21,156153712,-0.2275,0.3564,1.2583,-3.91,5.13,-7.81,Stationary
21,156213715,-0.0962,0.3511,1.2148,-7.26,47.00,-14.16,Stationary
21,156273712,-0.1514,0.1909,1.0083,-6.29,18.98,-8.30,Stationary
21,156333712,-0.1797,0.1133,0.8521,-0.73,17.33,-4.03,Stationary
21,156393713,-0.1616,0.1509,0.7314,5.07,-0.55,4.33,Stationary
21,156453714,-0.1533,0.1655,0.6938,3.66,-15.62,13.73,Stationary
21,156513715,-0.2007,0.1982,0.7759,-2.56,-54.26,20.94,Stationary
21,156573712,-0.1860,0.2031,0.9351,-16.36,-29.60,17.21,Stationary
21,156633712,-0.0967,0.1973,1.1108,-21.61,-38.21,12.39,Stationary
21,156693714,-0.1216,0.1763,1.2568,-20.02,-32.90,3.48,Stationary
21,156753714,-0.0850,0.1772,1.3188,-15.99,-19.53,-4.21,Stationary
21,156813714,-0.0898,0.1543,1.2979,-10.56,-5.00,-9.52,Stationary
21,156873712,-0.0962,0.1299,1.1631,-1.34,-0.73,-8.48,Stationary
21,156933714,-0.1084,0.1177,0.9810,7.32,-0.79,-3.66,Stationary
21,156993714,-0.1055,0.1553,0.8599,12.21,-17.09,5.37,Stationary
21,157053715,-0.1396,0.1992,0.8857,5.55,-27.16,12.02,Stationary
21,157113713,-0.1230,0.2480,1.1357,-12.82,-30.46,11.96,Stationary
21,157173714,-0.1133,0.1489,1.2788,-27.89,2.87,2.38,Stationary
21,157233713,-0.1001,0.0454,1.1821,-17.82,28.38,-7.93,Stationary
21,157293715,-0.1333,0.0645,0.9985,2.32,8.79,-3.66,Stationary
21,157353713,-0.1167,0.1133,0.8472,11.41,-10.56,7.69,Stationary
21,157413713,-0.0864,0.1802,0.9053,7.32,-49.56,21.73,Stationary
21,157473714,-0.1206,0.2173,1.0928,-11.29,-37.78,20.26,Stationary
21,157533715,-0.0762,0.1294,1.1792,-25.45,-20.51,10.01,Stationary
22,159573713,-0.0806,0.0889,1.1294,7.69,-5.19,-3.78,Stationary
22,159633713,-0.0674,0.1143,1.1294,-7.63,17.21,-2.75,Stationary
22,159693713,-0.0093,0.0962,1.1343,-21.30,17.27,5.62,Stationary
22,159753712,0.0840,0.0459,1.1167,-25.94,11.35,17.21,Stationary
22,159813713,-0.0234,-0.0303,1.0762,-12.63,-47.24,30.40,Stationary
22,159873714,0.1025,0.0161,1.1748,6.65,-52.61,33.57,Stationary
22,159933712,-0.0127,-0.0737,1.1138,4.58,-21.42,29.60,Stationary
22,159993714,0.0146,-0.0229,1.0381,8.67,-22.03,27.34,Stationary
22,160053714,-0.1270,-0.0029,0.9658,4.88,-3.60,21.18,Stationary
22,160113712,-0.1484,0.0518,1.0137,-0.61,5.37,14.34,Stationary
22,160173713,-0.2026,0.0298,1.0508,-7.20,-2.38,9.03,Stationary
22,160233715,-0.1675,0.0444,1.0259,-5.19,-10.44,4.09,Stationary
22,160293712,-0.1636,0.0625,1.0444,0.06,-15.99,-0.49,Stationary
22,160353714,-0.1377,0.0596,1.0859,-0.12,-12.94,-4.46,Stationary
22,160413714,-0.1284,0.0552,1.0850,-4.09,-7.26,-6.59,Stationary
22,160473713,-0.1328,0.0352,1.0635,-6.29,0.79,-6.84,Stationary
22,160533714,-0.1094,0.0122,1.0742,-3.85,-5.74,-2.32,Stationary
22,160593712,-0.1035,-0.0034,1.0889,-0.67,-8.30,1.10,Stationary
22,160653714,-0.0996,0.0005,1.0889,3.05,-11.84,3.54,Stationary
22,160713714,-0.1201,-0.0005,1.0874,5.00,-10.86,6.10,Stationary
22,160773713,-0.0952,0.0229,1.0576,6.10,-13.79,8.24,Stationary
22,160833713,-0.1064,0.0557,1.0586,5.92,-15.75,9.22,Stationary
22,160893712,-0.1094,0.0801,1.1064,9.40,-14.95,8.61,Stationary
22,160953714,-0.0874,0.0835,1.2021,23.19,-24.90,7.93,Stationary
22,161013712,-0.1289,0.0962,1.1118,33.51,-2.20,2.69,Stationary
22,161073714,-0.0835,0.1602,0.9800,39.79,-14.59,6.29,Stationary
22,161133714,-0.0908,0.2085,0.9072,28.63,-10.44,10.38,Stationary
22,161193715,-0.1030,0.2456,0.8911,1.22,-3.97,11.84,Stationary
22,161253715,-0.0957,0.2051,0.9678,-23.93,-12.21,11.96,Stationary
22,161313713,-0.0576,0.1484,1.0762,-35.52,-10.68,8.12,Stationary
22,161373713,-0.0527,0.1001,1.1226,-31.31,-13.73,4.15,Stationary
22,161433713,-0.0703,0.1035,1.1597,-21.61,-5.55,-0.92,Stationary
22,161493713,-0.0869,0.0859,1.1572,-14.10,-6.23,-2.81,Stationary
22,161553715,-0.0981,0.0981,1.1216,-6.41,-2.75,-4.21,Stationary
22,161613713,-0.1240,0.0889,1.0332,-0.43,-6.90,-3.11,Stationary
22,161673714,-0.1196,0.1016,0.9946,3.11,-18.01,-0.79,Stationary
22,161733713,-0.1299,0.1172,1.0537,-2.44,-17.52,0.43,Stationary
22,161793715,-0.1226,0.0908,1.1211,-11.29,-9.40,-1.10,Stationary
22,161853714,-0.1367,0.0435,1.1455,-12.51,-1.16,-2.56,Stationary
22,161913715,-0.1406,0.0503,1.1270,-1.40,-1.10,-3.78,Stationary
22,161973714,-0.1167,0.0786,1.0767,16.42,-18.49,-1.59,Stationary
22,162037612,-0.1250,0.1411,1.0132,28.08,-16.91,0.00,Stationary
22,162093714,-0.1328,0.1812,0.9434,21.36,-15.20,2.50,Stationary
22,162153715,-0.1289,0.1948,0.9131,0.49,-13.73,5.13,Stationary
22,162213714,-0.1152,0.1538,0.9443,-20.63,-15.14,5.55,Stationary
22,162273714,-0.1216,0.0952,0.9956,-32.29,-9.52,3.60,Stationary
22,162333713,-0.1216,0.0483,1.0278,-29.42,-17.58,2.14,Stationary
22,162393715,-0.1152,0.0737,1.2275,-20.45,-27.40,2.50,Stationary
22,162453714,-0.0840,0.0542,1.3472,-12.76,-6.77,-2.14,Stationary
22,162513715,-0.0938,0.0327,1.2441,4.09,2.56,-3.85,Stationary
23,165033715,-0.1001,-0.0498,1.1011,5.62,-18.19,6.53,Stationary
23,165093712,-0.0654,-0.0137,1.0894,-2.50,10.99,2.75,Stationary
23,165153713,0.0142,0.0195,1.0762,-16.97,51.39,10.13,Stationary
23,165213715,0.0513,-0.0547,0.8125,-12.88,10.38,28.14,Stationary
23,165273714,-0.0259,-0.0376,0.7632,2.75,-43.52,39.86,Stationary
23,165333714,-0.1157,0.0200,0.7720,-5.37,-45.90,30.64,Stationary
23,165393713,-0.1162,0.0513,0.7529,-31.37,-46.08,22.28,Stationary
23,165453712,-0.0820,0.0078,0.7881,-65.00,-22.16,11.29,Stationary
23,165513715,-0.1763,-0.0776,0.8613,-96.92,16.78,-1.65,Stationary
23,165573713,-0.2031,-0.3530,0.9526,-110.23,7.20,-7.57,Stationary
23,165633712,-0.2129,-0.5952,1.0679,-100.83,-15.69,-8.54,Stationary
23,165693714,-0.2080,-0.7349,1.1553,-78.92,-21.42,-4.52,Stationary
23,165753713,-0.2227,-0.7803,1.1274,-62.99,8.54,-6.47,Stationary
23,165813713,-0.2515,-0.7505,1.0083,-56.76,-4.46,-6.29,Stationary
23,165873715,-0.2061,-0.8569,1.0679,-63.72,-25.88,-2.14,Stationary
23,165933714,-0.0869,-0.9287,1.0894,-52.55,-46.51,7.20,Stationary
23,165993714,-0.1411,-1.0049,1.1382,-22.58,-29.54,13.49,Stationary
23,166053714,-0.0210,-0.9077,1.1313,19.53,-8.42,20.20,Stationary
23,166113712,-0.0537,-0.8174,1.0586,58.96,1.89,25.88,Stationary
23,166173712,-0.1079,-0.6367,0.9844,81.97,6.35,27.53,Stationary
23,166233712,-0.1323,-0.4253,0.8306,88.87,18.80,23.93,Stationary
23,166293712,-0.1270,-0.2583,0.5923,74.58,38.57,16.97,Stationary
23,166353714,-0.2227,-0.0757,0.3989,36.32,13.37,6.84,Stationary
23,166413714,-0.1250,-0.2295,0.5220,-18.07,15.81,-18.37,Stationary
23,166473715,-0.1060,-0.5337,0.9868,-41.81,-41.02,-22.89,Stationary
23,166533712,-0.2104,-0.8179,1.4390,-22.58,-36.93,-13.85,Stationary
23,166593714,-0.2798,-0.8203,1.4375,31.31,-10.93,0.18,Stationary
23,166653715,-0.2778,-0.5884,1.3657,83.07,-23.62,18.43,Stationary
23,166713714,-0.2310,-0.3486,1.2329,109.01,-3.91,26.73,Stationary
23,166773713,-0.2910,-0.2002,1.0396,107.67,44.07,22.46,Stationary
23,166833714,-0.2744,-0.2041,0.8271,99.55,-3.72,20.39,Stationary
23,166893714,-0.1548,-0.1167,0.7715,90.03,-93.63,21.24,Stationary
23,166953714,-0.0596,0.1016,0.5435,59.45,-38.70,13.61,Stationary
23,167013713,-0.2695,0.2031,0.4570,19.65,-5.07,4.94,Stationary
23,167073715,-0.2856,0.2207,0.6865,-25.76,-37.90,-16.72,Stationary
23,167133714,-0.1719,0.1934,1.0581,-60.85,-65.55,-24.60,Stationary
23,167193714,-0.1538,0.0732,1.5859,-53.22,-13.06,-26.06,Stationary
23,167253714,-0.3345,-0.1992,1.4888,-1.16,58.23,-8.61,Stationary
23,167313715,-0.1353,0.0933,1.2217,53.04,18.49,25.88,Stationary
23,167373712,-0.1387,0.1841,0.8115,56.76,12.21,42.42,Stationary
23,167433713,-0.1646,0.1567,0.5474,34.97,4.76,37.35,Stationary
23,167493714,-0.1602,0.2051,0.6377,-1.65,4.76,20.02,Stationary
23,167553714,-0.2944,0.2676,1.0005,-38.76,-41.50,2.14,Stationary
23,167613714,-0.2788,0.1831,1.3721,-52.98,-24.17,-16.85,Stationary
23,167673714,-0.3047,-0.0337,1.3169,-24.48,15.75,-25.82,Stationary
23,167733715,-0.3325,0.0830,1.1738,10.86,14.95,-19.65,Stationary
23,167793714,-0.2822,0.1328,0.9478,22.89,11.47,-13.67,Stationary
23,167853712,-0.2754,0.1230,0.8105,22.71,-4.15,-5.92,Stationary
23,167913712,-0.3921,0.1611,1.0835,6.10,-36.80,-8.79,Stationary
23,167973714,-0.3438,0.1562,1.3018,-12.57,11.90,-21.55,Stationary
24,169533715,-0.3916,0.0107,1.0239,2.01,-14.34,-0.61,Stationary
24,169593715,-0.3867,0.0425,1.1040,-10.50,-7.26,6.04,Stationary
24,169653713,-0.2886,0.0234,0.9971,-21.06,-9.77,12.57,Stationary
24,169713713,-0.2632,-0.0054,0.9092,-13.31,-52.80,23.68,Stationary
24,169773715,-0.3701,-0.0576,1.0479,-5.25,-54.20,23.25,Stationary
24,169833714,-0.3745,-0.0205,1.1597,-6.90,-34.30,13.00,Stationary
24,169893715,-0.3438,-0.0786,1.0400,-3.05,-19.59,5.25,Stationary
24,169953714,-0.2666,-0.0396,0.9482,9.95,-23.93,5.43,Stationary
24,170013713,-0.2822,-0.0034,0.9565,15.08,-17.58,8.42,Stationary
24,170073715,-0.3345,0.0430,1.1079,8.18,-22.09,7.57,Stationary
24,170133713,-0.2798,0.0415,1.2041,-0.12,-31.49,4.52,Stationary
24,170193715,-0.2671,-0.0151,1.2559,2.62,-18.80,6.04,Stationary
24,170253713,-0.2114,-0.0122,1.1592,24.54,-35.22,12.88,Stationary
24,170313714,-0.1924,0.0771,1.0815,39.12,-13.00,15.08,Stationary
24,170373712,-0.2212,0.1406,0.8818,29.72,26.79,14.59,Stationary
24,170433712,-0.2490,0.0898,0.6846,2.93,29.54,14.71,Stationary
24,170493713,-0.2480,0.0591,0.8027,-28.81,-21.24,11.72,Stationary
24,170553715,-0.2817,0.1060,1.1079,-48.10,-51.88,4.39,Stationary
24,170613713,-0.2832,0.0239,1.3418,-40.34,-17.15,-4.46,Stationary
24,170673715,-0.2593,0.0039,1.3301,-3.17,-0.31,-2.69,Stationary
24,170733714,-0.2334,0.0981,1.1582,24.84,3.05,7.26,Stationary
24,170793713,-0.2358,0.1318,0.8677,22.64,16.24,11.84,Stationary
24,170853714,-0.2178,0.0835,0.6650,0.43,6.65,9.16,Stationary
24,170913713,-0.2505,0.0391,0.8003,-24.48,-22.64,-0.12,Stationary
24,170973712,-0.2998,0.0186,1.2031,-34.42,-41.26,-8.67,Stationary
24,171033713,-0.3086,-0.0698,1.3950,-22.16,5.80,-16.72,Stationary
24,171093713,-0.3037,-0.0225,1.2314,6.29,14.89,-10.31,Stationary
24,171153714,-0.3135,0.0449,0.9766,11.41,12.51,-1.71,Stationary
24,171213712,-0.2598,0.0635,0.7886,2.32,-7.08,5.68,Stationary
24,171273715,-0.2524,0.0444,0.7578,-7.93,-28.87,9.95,Stationary
24,171333714,-0.2783,0.0269,0.9585,-18.80,-36.13,5.62,Stationary
24,171393713,-0.3755,-0.0269,1.3418,-21.67,-34.55,-3.17,Stationary
24,171453715,-0.3638,-0.1182,1.3506,-14.59,17.27,-14.95,Stationary
24,171513713,-0.3135,-0.0635,1.1187,3.66,10.13,-8.67,Stationary
24,171573714,-0.2847,-0.0122,0.8726,12.70,2.14,0.61,Stationary
24,171633713,-0.2100,0.0552,0.6899,12.27,-7.20,11.41,Stationary
24,171693715,-0.2949,0.0718,0.7979,-1.10,-35.22,15.81,Stationary
24,171753714,-0.3667,0.0142,1.1270,-20.20,-44.25,7.63,Stationary
24,171813713,-0.3374,-0.0962,1.2324,-21.61,-15.75,-4.21,Stationary
24,171873714,-0.3052,-0.1152,1.1631,-6.59,-5.86,-4.52,Stationary
24,171933715,-0.2886,-0.0635,1.1309,6.35,-14.83,4.27,Stationary
24,171993712,-0.2749,-0.0005,1.1172,10.80,-16.05,9.89,Stationary
24,172053715,-0.3013,0.0874,1.1514,10.74,-18.74,11.90,Stationary
24,172113712,-0.2837,0.0518,1.1816,21.06,-18.19,13.31,Stationary
24,172173714,-0.3237,0.0029,1.2012,44.07,-28.75,15.93,Stationary
24,172233713,-0.2432,0.0508,1.2119,76.17,-6.84,16.11,Stationary
24,172293712,-0.2603,0.2026,0.8872,81.42,4.64,22.52,Stationary
24,172353713,-0.2002,0.2705,0.6724,47.61,0.24,29.79,Stationary
24,172413712,-0.1851,0.2026,0.6523,6.29,7.69,26.86,Stationary
24,172473713,-0.2080,0.1372,0.7603,-24.05,-20.69,13.92,Stationary
25,182433714,-0.2441,0.0171,1.0610,-0.98,-14.22,0.92,Stationary
25,182493715,-0.1860,0.0156,1.2114,-4.46,-10.07,1.65,Stationary
25,182553713,-0.1714,-0.0664,1.3037,-11.05,9.95,5.55,Stationary
25,182613714,-0.1636,-0.0806,1.1699,-0.55,-28.14,15.87,Stationary
25,182673714,-0.1514,-0.0405,1.0444,21.06,-55.30,21.91,Stationary
25,182733715,-0.1738,0.0962,1.0845,23.99,-58.78,19.29,Stationary
25,182793714,-0.2671,0.0962,1.0479,5.00,-15.20,5.80,Stationary
25,182853714,-0.2764,0.0640,0.9497,-5.80,-7.81,-4.94,Stationary
25,182913714,-0.2261,0.0381,0.8691,-0.67,9.70,-8.73,Stationary
25,182973715,-0.2002,0.0542,0.7363,8.79,1.40,-2.62,Stationary
25,183033715,-0.2480,0.1206,0.7861,11.05,0.73,2.62,Stationary
25,183093714,-0.2349,0.1548,1.0063,-0.31,-12.70,2.50,Stationary
25,183153714,-0.3628,0.0630,1.2285,-12.88,32.53,-6.53,Stationary
25,183213714,-0.3496,0.0435,1.3369,-12.57,31.37,-8.06,Stationary
25,183273715,-0.3511,0.0308,1.1646,-1.71,11.47,0.85,Stationary
25,183333714,-0.2793,0.0757,0.9951,8.97,-10.68,14.04,Stationary
25,183393713,-0.2754,0.0840,0.8872,9.64,-15.01,18.37,Stationary
25,183453714,-0.2578,0.1118,0.8989,-0.61,-25.39,15.14,Stationary
25,183513714,-0.3169,0.1011,1.0376,-19.65,-20.63,3.66,Stationary
25,183573714,-0.3359,-0.0093,1.1567,-27.22,4.27,-11.05,Stationary
25,183633714,-0.3179,-0.0063,1.1338,-11.17,1.77,-10.68,Stationary
25,183693715,-0.3149,0.0264,1.0571,9.64,-7.63,0.73,Stationary
25,183753714,-0.3008,0.1050,0.9409,18.49,-15.32,12.27,Stationary
25,183813714,-0.2900,0.1416,0.9150,9.22,-24.41,16.42,Stationary
25,183873713,-0.3120,0.1084,0.9717,-7.45,-27.47,11.60,Stationary
25,183933714,-0.3359,0.0703,1.0796,-20.51,-23.80,0.92,Stationary
25,183993714,-0.3296,0.0298,1.1592,-22.95,-7.81,-9.64,Stationary
25,184053712,-0.3125,-0.0083,1.0957,-8.18,-2.69,-10.07,Stationary
25,184113715,-0.2866,0.0210,1.0020,9.40,-7.20,-2.99,Stationary
25,184173713,-0.2764,0.0635,0.9219,12.88,-10.86,3.60,Stationary
25,184233713,-0.2861,0.0684,0.9058,3.66,-19.59,4.33,Stationary
25,184293715,-0.3257,0.0562,1.0112,-11.05,-24.41,-0.12,Stationary
25,184353714,-0.3281,0.0103,1.1587,-16.72,-13.12,-7.02,Stationary
25,184413714,-0.3286,-0.0215,1.1714,-8.06,-2.14,-9.95,Stationary
25,184473713,-0.3066,-0.0010,1.0547,5.13,-2.69,-4.27,Stationary
25,184533713,-0.2925,0.0547,0.9380,10.80,-12.57,4.88,Stationary
25,184593712,-0.3022,0.0581,0.8696,6.59,-19.17,10.19,Stationary
25,184653714,-0.3071,0.0996,0.9736,-6.84,-16.60,9.03,Stationary
25,184713712,-0.3594,0.0400,1.2402,-19.65,-15.38,2.38,Stationary
25,184773714,-0.3315,-0.0469,1.2305,-19.47,26.92,-6.10,Stationary
25,184833713,-0.3154,-0.0356,1.0103,0.18,0.92,3.72,Stationary
25,184893714,-0.2480,0.0483,0.8423,13.92,-15.62,18.98,Stationary
25,184953715,-0.2812,0.0688,0.7939,7.51,-17.82,23.13,Stationary
25,185013715,-0.3438,0.1123,0.9917,-8.91,-42.54,17.03,Stationary
25,185073714,-0.3452,-0.0063,1.3750,-25.94,-38.57,-1.89,Stationary
25,185133713,-0.2930,-0.0981,1.2114,-11.96,1.16,-13.00,Stationary
25,185193713,-0.2373,-0.0015,0.9209,15.26,-17.88,0.00,Stationary
25,185253714,-0.2231,0.0981,0.7837,18.74,-32.78,11.78,Stationary
25,185313713,-0.2534,0.1255,0.8750,2.08,-38.21,8.48,Stationary
25,185373714,-0.2998,0.0957,1.2617,-21.06,-35.03,-6.84,Stationary
26,188853713,-0.0059,0.0703,1.0605,8.24,-6.29,1.65,Stationary
26,188913712,0.0269,0.0532,1.0557,-2.50,17.64,6.47,Stationary
26,188973715,0.0630,0.0435,1.0068,-16.11,25.15,10.62,Stationary
26,189033715,-0.0381,0.0225,1.0859,-18.25,3.42,16.36,Stationary
26,189093712,-0.0396,-0.0254,1.1201,-7.08,-24.72,15.99,Stationary
26,189153713,-0.0068,0.0059,1.0913,6.23,-25.33,9.77,Stationary
26,189213713,-0.0679,0.0586,1.0503,6.59,6.71,3.48,Stationary
26,189273714,-0.1567,0.1396,0.9023,-3.66,38.57,9.89,Stationary
26,189333713,-0.1523,0.1187,0.7788,-16.36,4.94,21.61,Stationary
26,189393714,-0.1738,0.0425,0.6753,-36.99,9.70,21.48,Stationary
26,189453714,-0.1997,0.0337,0.7349,-66.71,-2.14,12.51,Stationary
26,189513714,-0.1411,-0.1611,0.7900,-83.74,-19.71,-0.37,Stationary
26,189573713,-0.1743,-0.2778,0.9019,-88.13,-8.18,-10.07,Stationary
26,189633715,-0.0151,-0.4155,1.0752,-86.12,-47.97,-7.14,Stationary
26,189693712,-0.1831,-0.6172,1.0942,-80.20,-24.66,-9.34,Stationary
26,189753712,-0.1553,-0.6240,1.1289,-68.91,0.18,-8.85,Stationary
26,189813714,-0.1157,-0.7051,1.0991,-63.96,-18.43,-7.57,Stationary
26,189873715,-0.1699,-0.7871,1.1411,-53.65,-13.49,-5.43,Stationary
26,189933713,-0.1626,-0.8428,1.2651,-28.99,-20.75,2.01,Stationary
26,189993714,-0.1650,-0.8188,1.2593,-1.53,-21.85,4.15,Stationary
26,190053713,-0.1274,-0.6787,1.1885,26.49,-16.78,9.58,Stationary
26,190113714,-0.1489,-0.5391,1.0576,51.33,-13.61,7.93,Stationary
26,190173712,-0.1743,-0.4146,1.0479,52.80,16.48,1.10,Stationary
26,190233713,-0.1367,-0.4629,1.1934,39.25,13.24,-1.71,Stationary
26,190293714,-0.0967,-0.5830,1.1436,60.85,-10.99,10.38,Stationary
26,190353713,-0.1460,-0.4526,1.1074,97.41,-42.36,20.02,Stationary
26,190413713,-0.1392,-0.2363,0.9458,98.21,-30.46,15.56,Stationary
26,190473712,-0.1836,-0.0156,0.9087,67.32,-7.63,10.31,Stationary
26,190533714,-0.0820,-0.0107,1.2065,32.10,17.64,-1.77,Stationary
26,190593713,-0.0664,-0.2705,1.1655,29.05,35.95,-7.14,Stationary
26,190653715,-0.2085,-0.1704,1.0039,50.35,-18.43,16.17,Stationary
26,190713713,-0.1675,-0.0361,0.6816,55.42,-15.50,27.40,Stationary
26,190773715,-0.1152,0.0811,0.5581,41.26,-25.45,27.16,Stationary
26,190833714,-0.1045,0.0830,0.4771,18.25,-24.54,18.92,Stationary
26,190893713,-0.1392,0.1221,0.5942,-0.55,-18.43,-2.81,Stationary
26,190953715,-0.0151,0.1323,1.1562,-14.40,-19.17,-26.25,Stationary
26,191013715,-0.0664,0.0815,1.4688,-10.99,-41.81,-20.69,Stationary
26,191073714,-0.2192,0.1528,1.5322,-2.01,-33.26,-15.01,Stationary
26,191133714,-0.2979,0.1030,1.3130,8.85,14.28,-17.21,Stationary
26,191193714,-0.1899,0.1279,1.1284,11.78,5.68,-6.90,Stationary
26,191253715,-0.1201,0.1118,0.9292,8.12,-18.13,8.24,Stationary
26,191313714,-0.0479,0.0938,0.7593,10.19,-23.56,17.70,Stationary
26,191373712,-0.1523,0.1987,0.6978,8.30,-26.31,16.97,Stationary
26,191433713,-0.1260,0.2383,0.9146,-11.41,-19.41,3.66,Stationary
26,191493714,-0.1782,0.2168,1.4854,-30.82,-31.68,-7.93,Stationary
26,191553712,-0.2183,-0.0049,1.7202,-41.14,20.02,-25.57,Stationary
26,191613712,-0.0894,-0.0024,1.3540,-12.21,24.78,-18.62,Stationary
26,191673712,-0.1421,0.1206,0.9834,21.30,-5.62,3.66,Stationary
26,191733713,-0.1318,0.2422,0.8999,32.23,-27.59,21.91,Stationary
26,191793712,-0.1904,0.2607,0.7969,18.25,-1.40,16.97,Stationary
27,193113712,-0.2407,0.0986,1.0488,5.62,-17.27,10.38,Stationary
27,193173715,-0.2183,0.1494,1.1133,-6.29,-2.08,6.35,Stationary
27,193233713,-0.1836,0.0718,1.0254,-24.96,4.52,1.77,Stationary
27,193293715,-0.1318,0.0459,0.9702,-17.64,-15.93,7.39,Stationary
27,193353714,-0.1997,0.0425,0.9951,-6.71,-24.17,5.86,Stationary
27,193413715,-0.1411,0.1016,1.1206,-6.59,-27.40,7.81,Stationary
27,193473714,-0.1699,0.1069,1.0806,-15.56,-12.94,6.10,Stationary
27,193533715,-0.1997,0.0601,1.0752,-16.72,-38.15,10.25,Stationary
27,193593712,-0.1504,0.0449,1.1455,-15.62,-37.05,11.78,Stationary
27,193653712,-0.1870,0.0054,1.0991,-9.16,-35.22,10.50,Stationary
27,193713714,-0.1445,0.0234,1.0693,-0.49,-28.38,6.53,Stationary
27,193773713,-0.1333,0.0625,1.0527,5.37,-28.14,3.05,Stationary
27,193833715,-0.1392,0.1040,1.0674,3.17,-18.74,1.46,Stationary
27,193893713,-0.1182,0.0859,1.0430,-2.81,-17.52,1.71,Stationary
27,193953713,-0.1060,0.0322,1.0635,-6.53,-8.91,2.44,Stationary
27,194013714,-0.0962,0.0015,1.0933,-6.16,-18.37,4.33,Stationary
27,194073713,-0.0991,-0.0229,1.1641,0.00,-17.52,5.62,Stationary
27,194133714,-0.1411,-0.0371,1.1660,13.92,7.20,5.74,Stationary
27,194193715,-0.1167,0.0659,1.0518,25.70,-25.63,11.54,Stationary
27,194253715,-0.1113,0.1455,0.9653,18.55,-16.54,14.34,Stationary
27,194313714,-0.0884,0.1426,0.9526,-0.73,-12.15,15.44,Stationary
27,194373714,-0.0737,0.0898,1.0547,-17.33,-8.30,12.82,Stationary
27,194433713,-0.0376,0.0483,1.1523,-19.47,-1.46,7.57,Stationary
27,194493713,-0.1055,0.0317,1.1313,-7.63,-7.26,0.73,Stationary
27,194553713,-0.0996,0.0815,1.0566,1.34,-9.09,-3.60,Stationary
27,194613712,-0.0737,0.1113,1.0142,0.06,-15.81,-2.26,Stationary
27,194673713,-0.0835,0.0815,1.0449,-6.41,-16.30,-0.43,Stationary
27,194733713,-0.1011,0.0454,1.0791,-11.29,-10.01,-1.40,Stationary
27,194793714,-0.1147,0.0303,1.0981,-8.91,-5.98,-4.39,Stationary
27,194853713,-0.1123,0.0444,1.0938,-3.11,-6.41,-4.21,Stationary
27,194913714,-0.0967,0.0581,1.0737,-0.37,-8.61,-0.31,Stationary
27,194973714,-0.0771,0.0493,1.0571,-0.67,-10.56,4.88,Stationary
27,195033715,-0.0835,0.0610,1.0659,-0.61,-19.53,9.40,Stationary
27,195093714,-0.1191,0.0732,1.0864,-2.08,-15.50,6.47,Stationary
27,195153712,-0.1060,0.0322,1.0688,-3.42,-4.33,0.92,Stationary
27,195213714,-0.0723,0.0322,1.0640,-1.53,-12.15,0.31,Stationary
27,195273715,-0.1040,0.0518,1.0713,-2.32,-16.24,0.55,Stationary
27,195333715,-0.1196,0.0601,1.0713,-4.76,-8.06,-1.34,Stationary
27,195393713,-0.1099,0.0400,1.0679,-4.82,-9.52,-1.28,Stationary
27,195453713,-0.1104,0.0298,1.0781,-3.11,-13.43,1.71,Stationary
27,195513714,-0.1167,0.0356,1.0845,-1.53,-12.45,3.30,Stationary
27,195573714,-0.1069,0.0396,1.0781,-0.79,-11.41,4.76,Stationary
27,195633714,-0.1006,0.0435,1.0737,-1.16,-9.64,6.23,Stationary
27,195693713,-0.1011,0.0479,1.0610,-0.43,-14.53,7.39,Stationary
27,195753713,-0.1050,0.0552,1.0674,-1.04,-10.31,4.70,Stationary
27,195813713,-0.0957,0.0542,1.0615,-3.17,-10.86,2.62,Stationary
27,195873714,-0.1064,0.0474,1.0615,-4.21,-12.21,1.77,Stationary
27,195933715,-0.1138,0.0459,1.0806,-4.33,-12.63,0.67,Stationary
27,195993715,-0.1191,0.0400,1.0796,-4.09,-8.67,-0.06,Stationary
27,196054613,-0.1118,0.0518,1.0776,-2.44,-11.17,1.34,Stationary
28,198093714,-0.0410,0.0581,1.1025,6.90,-18.98,2.93,Stationary
28,198153713,-0.0249,0.0664,1.1055,7.45,-13.85,1.89,Stationary
28,198213712,-0.0308,0.0708,1.1123,5.92,-11.66,3.05,Stationary
28,198273714,-0.0811,0.0840,1.0669,0.24,1.28,-0.12,Stationary
28,198333714,-0.0840,0.0400,0.9883,-4.27,-19.96,3.78,Stationary
28,198393712,-0.0103,0.0820,0.9907,-14.53,-14.47,3.23,Stationary
28,198453715,-0.0649,0.0630,0.9829,-32.41,-18.62,6.10,Stationary
28,198513714,-0.0405,0.0093,1.0171,-44.31,-20.20,4.46,Stationary
28,198573714,-0.0605,-0.0659,1.1055,-42.66,-15.56,0.92,Stationary
28,198633715,-0.0059,-0.1123,1.1885,-27.65,-41.38,-1.65,Stationary
28,198693714,0.0273,-0.1255,1.2197,-5.49,-31.25,-5.74,Stationary
28,198753714,0.0576,-0.0913,1.1904,18.55,-33.20,-8.00,Stationary
28,198813713,0.0215,-0.0420,1.1328,32.65,-34.61,-6.47,Stationary
28,198873713,0.0537,-0.0073,1.0454,35.16,-18.37,-3.72,Stationary
28,198933714,0.0205,0.0303,0.9604,23.50,-2.93,1.28,Stationary
28,198993712,0.0024,0.0396,0.9473,3.91,7.69,7.39,Stationary
28,199053713,0.0391,0.0269,1.0005,-7.45,-23.25,15.08,Stationary
28,199113714,0.0547,0.0317,1.0894,-13.55,-29.48,15.32,Stationary
28,199173714,0.0835,-0.0083,1.0957,-16.85,-15.56,10.38,Stationary
28,199233714,0.0977,-0.0103,1.1118,-16.17,-9.28,6.10,Stationary
28,199293714,0.0791,-0.0215,1.1177,-14.16,-5.37,1.16,Stationary
28,199353713,0.0757,-0.0439,1.0947,-7.45,-10.31,-3.17,Stationary
28,199413714,0.0771,-0.0298,1.0918,2.93,-14.83,-5.74,Stationary
28,199473715,0.0415,-0.0107,1.0737,6.96,-14.53,-5.37,Stationary
28,199533712,0.0400,0.0054,1.0610,3.60,-12.27,-2.56,Stationary
28,199593714,0.0371,-0.0186,1.0166,-2.56,-7.81,0.24,Stationary
28,199653712,0.0381,-0.0347,1.0186,-5.74,-12.33,3.42,Stationary
28,199713713,0.0610,-0.0322,1.0747,-8.42,-14.40,4.82,Stationary
28,199773712,0.0635,-0.0356,1.1060,-10.62,-9.46,5.19,Stationary
28,199833715,0.0610,-0.0439,1.1250,-8.91,-7.69,3.72,Stationary
28,199893714,0.0474,-0.0518,1.1304,1.46,-10.56,2.20,Stationary
28,199953713,0.0488,-0.0366,1.1006,10.99,-11.84,2.14,Stationary
28,200013715,0.0425,0.0068,1.0615,12.94,-11.78,4.52,Stationary
28,200073714,0.0161,0.0186,1.0298,6.16,-5.07,6.77,Stationary
28,200133714,0.0059,0.0112,1.0991,0.92,-5.31,6.59,Stationary
28,200193713,0.0527,-0.0312,1.1890,9.03,-17.27,3.91,Stationary
28,200253714,0.1079,-0.0273,1.1973,34.00,-22.40,-1.16,Stationary
28,200313714,0.0825,0.0801,1.1831,52.80,-30.58,-4.52,Stationary
28,200373713,0.0972,0.1577,1.1782,61.58,-46.02,-6.23,Stationary
28,200433714,0.1221,0.2471,1.2056,65.86,-7.51,-15.08,Stationary
28,200493712,0.0488,0.2319,0.9014,66.77,36.99,-19.53,Stationary
28,200553714,-0.0801,0.3418,0.7266,55.11,25.51,-8.97,Stationary
28,200613714,-0.0918,0.3940,0.6763,21.42,16.36,2.32,Stationary
28,200673715,-0.0508,0.3896,0.7505,-18.98,-14.10,11.78,Stationary
28,200733714,0.0078,0.3496,0.8569,-50.35,-32.78,17.40,Stationary
28,200793714,0.0737,0.2695,0.9849,-66.53,-14.77,14.53,Stationary
28,200853712,-0.0337,0.2217,1.0923,-63.66,-38.76,13.67,Stationary
28,200913714,0.0796,0.1860,1.1777,-52.86,-26.73,8.61,Stationary
28,200973713,0.0615,0.1616,1.2290,-41.81,-16.54,-0.43,Stationary
28,201033713,0.0601,0.0786,1.2104,-26.43,-4.03,-7.14,Stationary
29,203313715,0.0762,0.0918,1.0654,0.24,-5.00,-2.20,Stationary
29,203373713,0.0845,0.1011,1.0835,-5.49,2.93,2.08,Stationary
29,203433713,0.0649,0.0723,1.0596,-12.57,-0.67,6.53,Stationary
29,203493712,0.0562,0.0566,0.9990,-13.06,-15.93,10.80,Stationary
29,203553714,0.0425,0.0796,1.0669,-14.10,-14.28,10.93,Stationary
29,203613713,0.0537,0.0762,1.0635,-20.45,-13.31,10.07,Stationary
29,203673712,0.0415,0.0439,1.0713,-27.47,-3.23,10.13,Stationary
29,203733713,0.0591,-0.0244,1.0552,-29.91,-19.53,10.86,Stationary
29,203793714,0.0635,-0.0308,1.0923,-27.53,-14.71,7.02,Stationary
29,203853715,0.0728,-0.0747,1.1558,-16.54,-18.80,2.99,Stationary
29,203913714,0.0840,-0.0889,1.1777,-3.17,-19.35,-3.17,Stationary
29,203973714,0.0952,-0.1089,1.2461,16.60,-19.96,-7.51,Stationary
29,204033714,0.1328,-0.0854,1.2930,46.57,-30.27,-12.15,Stationary
29,204093714,0.1440,0.0034,1.2373,77.21,-21.61,-20.45,Stationary
29,204153714,0.1138,0.1099,1.1533,99.49,2.14,-25.02,Stationary
29,204213714,0.0283,0.2666,0.9712,104.31,21.36,-20.57,Stationary
29,204273715,-0.0654,0.4097,0.8354,83.86,31.43,-7.69,Stationary
29,204333713,-0.1182,0.4336,0.7402,47.67,30.94,4.33,Stationary
29,204393713,-0.0811,0.3950,0.6670,12.08,22.71,12.45,Stationary
29,204453715,-0.0679,0.3970,0.7656,-19.53,-9.70,17.21,Stationary
29,204513714,-0.0181,0.4233,0.8638,-45.29,-30.46,22.28,Stationary
29,204573715,-0.0132,0.3613,0.9517,-63.48,-27.04,17.70,Stationary
29,204633714,-0.0112,0.3345,1.0156,-72.88,-22.89,9.03,Stationary
29,204693715,0.0039,0.1792,1.1597,-66.16,-4.03,-2.44,Stationary
29,204753713,0.0596,0.1147,1.2837,-42.36,-12.76,-10.38,Stationary
29,204813713,0.0117,0.0767,1.2646,-7.93,-9.77,-15.69,Stationary
29,204873713,-0.0723,0.1304,1.2036,28.26,-31.80,-14.53,Stationary
29,204933714,-0.0278,0.2280,1.0796,40.83,-25.88,-12.39,Stationary
29,204993713,-0.0679,0.2563,0.9282,34.55,-18.68,-8.30,Stationary
29,205053713,-0.0601,0.3052,0.8452,15.38,1.10,-3.91,Stationary
29,205113715,-0.0684,0.2837,0.8491,-8.73,-6.04,4.52,Stationary
29,205173714,0.0088,0.3110,0.9575,-29.48,-22.83,12.33,Stationary
29,205233713,0.0186,0.2578,1.0337,-40.59,-12.21,14.47,Stationary
29,205293714,0.0186,0.1914,1.1128,-38.45,-11.54,12.51,Stationary
29,205353714,0.0078,0.1294,1.1577,-26.67,-6.47,7.81,Stationary
29,205413714,-0.0093,0.1084,1.1772,-11.23,-14.95,6.04,Stationary
29,205473712,-0.0215,0.1255,1.2007,1.53,-13.00,4.39,Stationary
29,205533712,-0.0308,0.1489,1.1572,14.40,-4.58,2.32,Stationary
29,205593713,-0.0371,0.1729,1.0840,24.35,-10.68,1.89,Stationary
29,205653712,-0.0181,0.1992,0.9927,26.12,-13.98,4.15,Stationary
29,205713714,-0.0352,0.2144,0.9341,15.93,-14.65,6.71,Stationary
29,205773715,-0.0215,0.2290,0.8970,-2.99,-9.03,8.67,Stationary
29,205833713,-0.0146,0.2578,0.9492,-19.96,-16.05,12.88,Stationary
29,205893713,-0.0098,0.2192,1.0483,-31.31,-19.78,12.76,Stationary
29,205953715,0.0142,0.1382,1.0854,-31.80,-6.84,6.71,Stationary
29,206013715,0.0356,0.1245,1.1553,-25.57,-12.70,2.75,Stationary
29,206073715,0.0288,0.1265,1.2251,-15.56,-11.11,-0.24,Stationary
29,206133715,-0.0215,0.1099,1.1802,0.00,1.89,-3.60,Stationary
29,206193713,-0.0322,0.1421,1.1030,15.93,-0.18,-3.23,Stationary
29,206253715,-0.0591,0.1475,1.0161,22.77,-7.81,1.04,Stationary
30,207453713,0.0591,0.1782,1.1274,-8.06,-16.11,3.11,Stationary
30,207513715,0.1226,0.1489,1.2148,-10.13,-10.25,1.59,Stationary
30,207573714,0.1313,0.1138,1.2539,10.31,-1.77,-6.59,Stationary
30,207633713,0.0981,0.0864,1.2158,42.72,4.82,-19.35,Stationary
30,207693712,0.0972,0.1689,1.1919,68.24,-15.20,-21.24,Stationary
30,207753713,0.0464,0.2725,1.0791,71.72,16.24,-26.12,Stationary
30,207813712,-0.0332,0.3223,0.8813,60.12,32.53,-18.86,Stationary
30,207873713,-0.1572,0.4038,0.7671,28.14,54.57,-11.66,Stationary
30,207933715,-0.1519,0.3486,0.6450,-7.81,24.66,0.06,Stationary
30,207993714,-0.1929,0.2378,0.6133,-41.02,16.85,7.20,Stationary
30,208053713,-0.1875,0.4004,0.8301,-71.04,-22.46,13.55,Stationary
30,208113715,-0.2100,0.3101,1.0337,-88.13,-21.24,12.33,Stationary
30,208173712,-0.1709,0.2012,1.1743,-81.05,-29.11,10.44,Stationary
30,208233714,-0.1416,0.0903,1.3330,-56.40,-32.59,9.77,Stationary
30,208293715,-0.1006,0.0229,1.3672,-15.44,-14.95,7.63,Stationary
30,208353714,-0.1274,0.0454,1.2388,25.57,-14.83,8.24,Stationary
30,208413712,-0.0923,0.1284,1.1011,49.07,-26.67,11.11,Stationary
30,208473714,-0.0957,0.1812,0.9668,53.22,-28.32,13.37,Stationary
30,208533715,-0.0684,0.2329,0.8774,41.32,-26.67,13.79,Stationary
30,208593715,-0.0913,0.2603,0.8350,15.81,-7.45,13.61,Stationary
30,208653712,-0.0962,0.2744,0.8584,-14.10,-15.69,14.95,Stationary
30,208713712,-0.0464,0.3032,0.9692,-41.93,-22.83,14.83,Stationary
30,208773714,-0.0562,0.2007,1.0449,-59.57,7.08,9.09,Stationary
30,208833714,-0.0396,0.1260,1.1079,-55.30,-12.94,2.87,Stationary
30,208893714,-0.0488,0.0601,1.2681,-33.51,-23.80,-4.03,Stationary
30,208953714,-0.0107,0.0498,1.3071,-7.14,-2.93,-12.02,Stationary
30,209013712,-0.0381,0.0737,1.1934,18.55,-13.92,-13.85,Stationary
30,209073713,-0.0518,0.1416,1.0874,31.31,-16.42,-12.08,Stationary
30,209133712,-0.0664,0.1724,0.9873,32.23,-11.54,-9.40,Stationary
30,209193714,-0.1060,0.1772,0.9009,24.11,-22.46,-4.94,Stationary
30,209253714,-0.0913,0.2148,0.9048,7.14,-23.68,-1.04,Stationary
30,209313715,-0.0483,0.2305,0.9858,-14.77,-21.18,2.20,Stationary
30,209373714,0.0068,0.2168,1.0991,-28.56,-15.69,3.97,Stationary
30,209433713,-0.0498,0.1260,1.1807,-23.32,-8.97,1.10,Stationary
30,209493715,-0.0449,0.1050,1.2080,-2.01,-4.76,-2.93,Stationary
30,209553715,-0.0361,0.1450,1.2070,20.69,-6.77,-3.97,Stationary
30,209613714,0.0493,0.1836,1.1836,37.66,43.15,-5.55,Stationary
30,209673713,-0.2563,0.1558,1.0869,59.57,11.72,5.00,Stationary
30,209733715,-0.1406,0.2939,0.9355,65.25,-12.02,12.63,Stationary
30,209793714,-0.1396,0.3306,0.7803,48.22,-15.50,17.58,Stationary
30,209853715,-0.1279,0.3926,0.7212,17.09,-20.02,20.26,Stationary
30,209913712,-0.1357,0.4038,0.7881,-19.90,-19.90,19.90,Stationary
30,209973712,-0.0142,0.3984,0.8774,-49.87,-9.52,14.04,Stationary
30,210033713,-0.1011,0.2881,0.9722,-65.67,19.10,1.46,Stationary
30,210093715,-0.0796,0.2310,1.0825,-66.04,-11.17,-4.70,Stationary
30,210153713,-0.0918,0.1807,1.1479,-59.81,-13.43,-8.18,Stationary
30,210213713,-0.1118,0.0962,1.2339,-49.01,-10.56,-10.80,Stationary
30,210273714,-0.1621,0.0356,1.2080,-33.26,7.57,-14.04,Stationary
30,210333715,-0.1606,0.0278,1.1270,-15.26,4.52,-12.08,Stationary
30,210393715,-0.1855,0.0542,1.0610,-3.72,-18.43,-5.37,Stationary
31,211533714,-0.0176,0.0347,1.0825,-1.10,-3.05,-1.53,Stationary
31,211593715,-0.0054,0.0469,1.0669,-4.58,-13.18,1.16,Stationary
31,211653712,-0.0122,0.0327,1.0645,-13.43,3.91,3.48,Stationary
31,211713715,-0.0288,0.0098,1.0474,-16.11,-7.08,5.43,Stationary
31,211773712,-0.0005,-0.0122,1.0649,-14.53,13.00,3.36,Stationary
31,211833714,-0.0591,-0.0234,0.9883,-12.51,-14.04,8.67,Stationary
31,211893715,-0.0146,-0.0063,0.9409,-18.07,-22.16,13.98,Stationary
31,211953714,-0.0786,0.0161,0.8618,-26.06,-48.83,18.43,Stationary
31,212013713,0.0474,-0.0464,0.7896,-39.37,-6.84,11.90,Stationary
31,212073715,-0.0488,-0.0776,0.7881,-46.69,-11.23,5.92,Stationary
31,212133713,-0.0483,-0.1152,0.7861,-58.41,-31.25,1.04,Stationary
31,212193714,0.0127,-0.2378,0.8838,-68.42,-47.36,3.54,Stationary
31,212253714,-0.0020,-0.2964,0.9087,-79.96,-26.43,1.10,Stationary
31,212313713,-0.0752,-0.4399,0.9463,-99.67,6.10,-5.86,Stationary
31,212373715,-0.0576,-0.6333,0.9048,-118.29,-8.30,-11.23,Stationary
31,212433714,0.0508,-0.7988,0.8774,-126.04,-22.16,-9.58,Stationary
31,212493713,0.0210,-1.1079,0.9819,-124.27,-28.63,-4.27,Stationary
31,212553714,-0.4136,1.3467,1.0005,57.92,77.03,-18.86,Stationary
31,212613714,-0.3101,-1.3091,1.0298,21.91,9.52,7.32,Stationary
31,212673715,0.1460,-0.7290,0.9810,36.62,13.37,2.62,Stationary
31,212733715,0.0024,-0.7280,0.9102,54.57,-3.11,17.82,Stationary
31,212793712,0.0713,-0.7588,1.1421,58.23,-5.92,20.51,Stationary
31,212853714,-0.0205,-0.7651,1.1108,79.90,-36.93,23.25,Stationary
31,212913714,-0.0259,-0.6177,1.1094,113.04,-68.97,13.06,Stationary
31,212973713,0.0117,-0.3555,0.9873,117.43,-25.57,-5.19,Stationary
31,213033713,-0.0225,-0.2061,0.9351,106.32,-39.25,-11.84,Stationary
31,213093715,0.1567,0.0034,0.9829,81.18,-9.89,-16.60,Stationary
31,213153712,0.0645,-0.1143,0.9629,60.61,30.15,-16.60,Stationary
31,213213713,0.0366,-0.0298,0.9473,58.04,-1.89,-10.62,Stationary
31,213273714,0.0244,0.0376,0.8291,46.88,5.80,-10.80,Stationary
31,213333713,-0.0449,0.0728,0.8125,29.11,21.61,-13.00,Stationary
31,213393714,-0.0093,0.0898,0.7759,10.62,33.20,-13.06,Stationary
31,213453713,-0.0830,0.0854,0.8389,-3.60,35.95,-10.56,Stationary
31,213513712,-0.1763,0.1416,1.0420,-13.31,4.76,-6.23,Stationary
31,213573714,-0.1641,0.0835,1.1470,-16.11,5.98,-6.65,Stationary
31,213633712,-0.1689,0.0425,1.0771,-7.20,14.47,-6.23,Stationary
31,213693713,-0.1729,0.1255,1.0273,0.18,-19.47,2.87,Stationary
31,213753715,-0.1758,0.1611,1.0352,-2.26,-5.00,5.55,Stationary
31,213813713,-0.1538,0.1274,1.0381,-6.10,-5.07,6.41,Stationary
31,213873713,-0.1626,0.1113,1.0366,-4.15,-20.87,8.61,Stationary
31,213933714,-0.1699,0.1274,1.0347,-4.64,-19.10,9.09,Stationary
31,213993712,-0.1748,0.1055,1.0513,-4.70,-16.42,7.26,Stationary
31,214053714,-0.1631,0.1123,1.0698,-5.00,-14.89,5.13,Stationary
31,214113712,-0.1870,0.1021,1.0664,-4.58,-6.35,3.23,Stationary
31,214173712,-0.1763,0.1191,1.0669,-2.69,-18.92,3.54,Stationary
31,214233713,-0.1763,0.1128,1.0889,-0.73,-11.60,2.20,Stationary
31,214293714,-0.1758,0.0952,1.0801,1.10,-9.46,1.59,Stationary
31,214353714,-0.1650,0.0815,1.0386,0.37,-9.83,0.55,Stationary
31,214413713,-0.1855,0.0923,1.0283,-1.46,-12.70,-0.37,Stationary
31,214473713,-0.1699,0.0908,1.0337,-4.64,-8.06,-2.01,Stationary
32,215553713,-0.1069,0.0474,1.0757,-6.41,-15.75,6.35,Stationary
32,215613713,-0.0483,0.0547,1.0420,-7.75,-1.89,6.29,Stationary
32,215673713,-0.0713,0.0371,0.9976,-13.55,19.96,6.10,Stationary
32,215733715,-0.0835,0.0259,0.9478,-18.80,1.65,8.06,Stationary
32,215793715,-0.1011,0.0396,0.8745,-24.35,-11.11,11.05,Stationary
32,215853714,-0.0942,0.0342,0.9116,-27.16,-40.41,14.59,Stationary
32,215913715,-0.1265,0.0054,0.9980,-37.23,-41.32,12.27,Stationary
32,215973714,-0.0361,-0.0693,0.9888,-40.16,-20.45,5.13,Stationary
32,216033714,-0.1250,-0.1709,0.9604,-34.24,-18.19,4.52,Stationary
32,216093712,-0.1362,-0.1416,0.9409,-36.80,-19.04,0.98,Stationary
32,216153715,-0.1279,-0.1772,0.8687,-54.81,0.67,-6.04,Stationary
32,216213715,-0.0962,-0.1758,0.8555,-81.73,-3.85,-9.58,Stationary
32,216273715,-0.1265,-0.3984,0.8618,-102.66,-36.74,-6.47,Stationary
32,216333713,-0.0581,-0.5273,0.8657,-113.59,-75.20,0.55,Stationary
32,216393713,0.0146,-0.8989,0.9966,-128.30,-35.58,3.48,Stationary
32,216453713,-0.0161,-1.1021,1.0542,-106.81,-23.86,2.99,Stationary
32,216513712,0.0654,-1.2832,1.1631,-69.58,-33.51,6.59,Stationary
32,216573713,0.0972,-1.2236,1.2339,22.09,-17.46,8.73,Stationary
32,216633715,0.0854,-0.9463,1.1533,60.18,1.71,11.84,Stationary
32,216693713,0.1953,-0.7959,1.1465,89.90,-47.67,13.61,Stationary
32,216753714,0.1230,-0.6367,1.0894,101.75,-7.51,6.23,Stationary
32,216813714,0.0562,-0.4570,1.0635,105.10,-20.87,-0.37,Stationary
32,216873714,0.0483,-0.4058,0.9585,106.08,1.28,-10.80,Stationary
32,216933713,-0.0181,-0.2617,0.9902,106.87,-11.84,-14.34,Stationary
32,216993713,0.0034,-0.1631,0.8574,96.50,4.39,-16.05,Stationary
32,217053713,-0.0112,-0.0972,0.8740,80.63,-3.11,-11.72,Stationary
32,217113714,-0.0659,-0.0498,0.7979,62.19,-17.94,-10.93,Stationary
32,217173715,-0.0791,-0.0234,0.6665,41.02,2.20,-14.10,Stationary
32,217233715,-0.0371,-0.0029,0.5303,25.76,18.55,-11.17,Stationary
32,217293713,-0.0679,0.0693,0.6328,8.30,-7.93,-3.54,Stationary
32,217353713,-0.1118,0.0942,0.8545,-14.77,-2.38,1.22,Stationary
32,217413713,-0.0483,0.0747,1.1055,-24.66,-13.98,6.04,Stationary
32,217473714,-0.0005,0.1035,1.4209,-35.22,-22.71,1.71,Stationary
32,217533712,-0.0430,-0.0103,1.4810,-39.06,8.91,-6.84,Stationary
32,217593713,-0.0518,-0.1108,1.3008,-24.54,31.31,-10.74,Stationary
32,217653714,-0.1104,-0.0869,1.1841,-1.95,2.99,-2.50,Stationary
32,217713712,-0.0991,-0.0146,1.0400,11.47,-4.27,5.07,Stationary
32,217773713,-0.1084,0.0181,0.8730,11.17,-12.76,10.56,Stationary
32,217833714,-0.1191,0.0342,0.7969,1.89,-16.48,12.57,Stationary
32,217893713,-0.1431,0.0659,0.8726,-8.36,-15.38,11.35,Stationary
32,217953714,-0.1548,0.0615,1.1274,-20.57,-22.77,4.88,Stationary
32,218013714,-0.1484,-0.0439,1.1714,-27.47,6.84,-4.39,Stationary
32,218073712,-0.0903,-0.0698,1.1621,-21.79,-4.52,-6.96,Stationary
32,218133713,-0.1445,-0.0854,1.0918,-8.18,-3.91,-5.62,Stationary
32,218193715,-0.1396,-0.0625,1.0723,1.89,-19.23,-0.92,Stationary
32,218253715,-0.1509,-0.0513,1.0708,3.66,-14.77,0.31,Stationary
32,218313713,-0.1577,-0.0347,1.0469,1.40,-12.76,2.08,Stationary
32,218373715,-0.1274,-0.0312,1.0610,-0.18,-19.23,5.92,Stationary
32,218433712,-0.1333,-0.0449,1.0894,-2.99,-13.85,7.08,Stationary
32,218493713,-0.1265,-0.0732,1.0615,-3.05,-5.25,8.42,Stationary
33,219573715,-0.1460,-0.0039,1.0659,5.37,-2.01,5.68,Stationary
33,219633713,-0.0806,0.0347,1.0771,-0.61,11.35,7.26,Stationary
33,219693715,-0.0801,0.0010,0.9849,-8.67,12.63,9.64,Stationary
33,219753714,-0.1460,0.0098,0.9087,-9.58,-3.36,15.93,Stationary
33,219813714,-0.0981,0.0122,0.9512,-4.82,-13.98,14.95,Stationary
33,219873714,-0.1309,0.0249,0.8960,-1.22,-35.03,12.63,Stationary
33,219933714,-0.1367,0.0244,0.9053,-1.16,-36.19,7.63,Stationary
33,219993714,-0.0708,0.0142,1.0112,10.19,-46.20,6.29,Stationary
33,220053715,-0.0952,0.0303,1.0186,21.42,-34.30,1.71,Stationary
33,220113713,-0.0708,0.0566,0.9795,14.83,-24.05,-4.15,Stationary
33,220173713,-0.1465,0.0527,0.9106,-15.69,10.74,-10.74,Stationary
33,220233715,-0.0767,0.0181,0.8364,-65.43,21.18,-16.66,Stationary
33,220293714,-0.1069,-0.1333,0.8447,-101.20,1.59,-12.57,Stationary
33,220353713,-0.1919,-0.1978,0.8647,-131.35,-37.72,-11.47,Stationary
33,220413713,-0.3037,-0.5288,1.0894,-157.65,15.01,-21.91,Stationary
33,220473712,-0.1372,-0.9185,0.9399,-149.48,-52.73,-4.03,Stationary
33,220533712,-0.1772,-1.0034,1.0703,-128.36,-94.73,9.58,Stationary
33,220593715,1.1895,0.3013,0.8608,80.44,-119.75,4.03,Stationary
33,220653714,-0.2339,-1.0156,1.2070,51.03,43.76,10.93,Stationary
33,220713714,0.0850,-0.8940,1.2861,79.65,-14.59,23.99,Stationary
33,220773712,-0.0435,-0.7334,1.3374,114.26,-38.64,30.64,Stationary
33,220833714,0.1016,-0.5034,1.2041,134.83,-57.25,20.94,Stationary
33,220893712,0.0171,-0.2651,1.0713,133.18,-55.97,6.16,Stationary
33,220953713,-0.0137,-0.0957,0.9580,110.78,-21.12,-8.42,Stationary
33,221013713,0.0073,0.0615,0.8779,83.86,-19.59,-16.48,Stationary
33,221073712,-0.0254,0.0933,0.7578,54.75,-1.34,-21.61,Stationary
33,221133713,-0.0488,0.0581,0.5811,32.96,14.28,-19.29,Stationary
33,221193712,-0.0522,0.0532,0.4463,21.42,6.47,-13.73,Stationary
33,221253714,-0.0942,0.0840,0.4141,9.16,17.82,-11.11,Stationary
33,221313715,0.0615,0.1689,0.5151,-6.71,18.80,-3.85,Stationary
33,221373714,-0.0742,0.2539,1.0894,-27.95,-57.86,10.01,Stationary
33,221433712,-0.2451,0.2363,1.5796,-44.92,-24.17,2.01,Stationary
33,221493715,-0.0439,0.1270,1.6924,-44.74,-0.73,-11.60,Stationary
33,221553714,-0.1416,-0.0410,1.4185,-16.91,48.46,-13.92,Stationary
33,221613712,-0.1460,-0.0449,1.0713,11.47,-0.43,-0.18,Stationary
33,221673713,-0.0894,0.0508,0.7705,23.44,-18.31,9.52,Stationary
33,221733712,-0.0293,0.0718,0.5610,20.63,-22.28,15.08,Stationary
33,221793714,-0.1753,0.1313,0.6201,4.82,-22.22,16.30,Stationary
33,221853712,-0.0845,0.2280,1.0381,-19.84,-38.70,13.31,Stationary
33,221913713,-0.1284,0.1836,1.3237,-38.70,-10.01,4.82,Stationary
33,221973715,-0.0454,0.0454,1.3779,-39.37,-6.71,-1.53,Stationary
33,222033715,-0.0728,-0.0449,1.3022,-25.33,13.24,-5.55,Stationary
33,222093713,-0.1182,-0.0723,1.1226,-7.51,8.79,-0.18,Stationary
33,222153713,-0.1030,-0.0352,0.9922,6.47,-6.47,8.36,Stationary
33,222213713,-0.1133,0.0249,0.9565,11.17,-28.08,16.05,Stationary
33,222273714,-0.1348,0.0728,1.0215,2.75,-24.90,15.87,Stationary
33,222333713,-0.1226,0.0781,1.0806,-12.51,2.99,9.09,Stationary
33,222393715,-0.1655,-0.0034,1.0532,-20.32,0.31,2.75,Stationary
33,222453715,-0.1377,-0.0161,1.0659,-14.47,-3.30,-1.04,Stationary
33,222513715,-0.1826,-0.0474,1.1006,-2.20,3.60,-2.20,Stationary
34,223473714,-0.1475,0.0068,1.0776,11.72,6.23,-8.97,Stationary
34,223533713,-0.1626,0.0303,0.9912,3.72,25.88,-7.32,Stationary
34,223593712,-0.1382,0.0107,0.9282,-1.95,19.84,-2.93,Stationary
34,223653713,-0.1753,0.0728,0.7793,-3.66,-7.93,5.13,Stationary
34,223713715,-0.1733,0.0757,0.7334,-8.73,-4.94,3.72,Stationary
34,223773715,-0.2324,0.0952,0.7905,-21.36,-19.41,5.07,Stationary
34,223833715,-0.1870,0.0469,0.9751,-43.46,-42.42,-0.31,Stationary
34,223893714,-0.1938,-0.1196,1.0781,-45.29,-55.91,-0.12,Stationary
34,223953714,-0.0488,-0.1475,1.1157,-19.71,-61.65,3.17,Stationary
34,224013714,-0.1152,-0.1348,1.1606,1.10,-50.17,4.46,Stationary
34,224073712,-0.1035,-0.0996,1.4258,-2.08,-40.41,3.36,Stationary
34,224133714,-0.0967,-0.1450,1.7632,-9.58,-29.36,1.04,Stationary
34,224193714,-0.0918,-0.2412,1.7974,15.08,-19.17,5.74,Stationary
34,224253714,-0.1304,-0.1465,1.5737,48.40,-31.31,10.07,Stationary
34,224313714,-0.1299,-0.0098,1.2896,63.66,-20.20,4.64,Stationary
34,224373715,-0.0581,0.0669,1.0869,53.41,1.28,-1.22,Stationary
34,224433713,-0.0449,0.1191,0.9629,34.30,2.99,-3.91,Stationary
34,224493714,-0.0342,0.0327,0.7207,20.20,25.70,-4.58,Stationary
34,224553713,-0.0488,0.0298,0.4570,21.67,3.72,5.13,Stationary
34,224613714,-0.0825,0.0835,0.3125,15.62,9.46,13.55,Stationary
34,224673713,-0.0781,0.1865,0.5679,-7.51,-35.40,16.54,Stationary
34,224733714,-0.1196,0.1924,0.9775,-33.81,-35.58,10.44,Stationary
34,224793713,-0.1172,0.2490,1.4619,-45.78,-11.54,4.33,Stationary
34,224853712,-0.0615,0.0986,1.6187,-38.02,0.73,-0.98,Stationary
34,224913713,-0.0176,0.0879,1.5151,-15.87,-3.36,5.00,Stationary
34,224973713,-0.0439,0.0605,1.2227,1.16,0.98,15.01,Stationary
34,225033715,-0.0635,0.0557,1.0059,7.69,-1.71,20.75,Stationary
34,225093713,-0.0718,0.0547,0.9126,7.26,-3.72,22.22,Stationary
34,225153714,-0.0972,0.0322,0.8628,-0.43,5.80,18.37,Stationary
34,225213714,-0.1304,-0.0200,0.8813,-8.48,1.53,13.37,Stationary
34,225273712,-0.1299,-0.0293,0.9819,-14.77,-4.88,5.00,Stationary
34,225333715,-0.1626,-0.0435,1.0347,-15.50,8.18,-5.98,Stationary
34,225393712,-0.1475,-0.0205,1.0552,-9.03,2.75,-12.08,Stationary
34,225453712,-0.1665,0.0405,1.1240,-4.88,-24.17,-11.29,Stationary
34,225513715,-0.2031,0.1055,1.1128,-4.15,-6.65,-15.14,Stationary
34,225573715,-0.1860,0.1699,1.1099,-3.36,-13.43,-12.45,Stationary
34,225633714,-0.2002,0.1665,1.0400,-2.81,-13.06,-7.57,Stationary
34,225693714,-0.2295,0.1611,1.0342,-0.55,-10.68,-4.70,Stationary
34,225753713,-0.2549,0.1313,1.0117,-0.61,-9.58,-4.70,Stationary
34,225813713,-0.2422,0.0771,0.9990,-0.92,-9.40,-5.68,Stationary
34,225873712,-0.2329,0.0322,1.0298,0.92,-10.25,-3.91,Stationary
34,225933714,-0.2178,-0.0010,1.0796,2.44,-16.72,0.92,Stationary
34,225993712,-0.1943,0.0444,1.1016,-2.01,-21.73,8.85,Stationary
34,226053714,-0.2344,-0.0117,1.0718,-6.41,-9.83,9.22,Stationary
34,226113713,-0.2227,-0.0498,1.0347,-2.08,-10.50,6.04,Stationary
34,226173715,-0.2578,-0.0425,1.0576,2.20,5.49,1.28,Stationary
34,226233714,-0.2300,0.0308,1.0850,4.15,-20.14,2.50,Stationary
34,226293713,-0.2021,0.0342,1.0693,-1.77,-7.02,1.95,Stationary
34,226353714,-0.1431,0.0566,1.0254,-7.14,-8.42,4.27,Stationary
34,226413714,-0.1343,0.0376,1.0410,-9.22,-18.55,6.77,Stationary
35,227793713,-0.1704,0.0366,1.0474,-6.35,-13.49,-3.66,Stationary
35,227853714,-0.1602,0.0376,1.0498,-8.54,-9.16,-6.04,Stationary
35,227913714,-0.1572,0.0298,1.0615,-15.75,11.17,-11.05,Stationary
35,227973714,-0.1528,-0.0161,0.9922,-22.40,15.69,-10.56,Stationary
35,228033714,-0.1685,-0.0537,0.9775,-12.76,-48.40,5.74,Stationary
35,228093713,-0.1343,-0.0776,1.1099,1.46,-48.83,11.90,Stationary
35,228153712,-0.0776,-0.1079,1.0640,30.46,-52.73,19.65,Stationary
35,228213714,-0.1108,-0.2095,1.3765,79.71,-86.18,18.19,Stationary
35,228273715,-0.2646,0.0938,1.0957,109.92,46.02,1.40,Stationary
35,228333714,-0.0767,0.2568,0.6812,100.22,-15.56,12.57,Stationary
35,228393714,-0.1694,0.4150,0.4141,33.63,37.23,1.22,Stationary
35,228453714,-0.1714,0.3472,0.5078,-47.79,-1.16,-6.84,Stationary
35,228513715,-0.1069,0.3247,0.6396,-119.69,-18.68,-13.79,Stationary
35,228573712,-0.2334,0.1602,0.8428,-155.40,-53.65,-13.85,Stationary
35,228633713,-0.0557,-0.1353,1.0732,-164.92,-58.96,-8.73,Stationary
35,228693712,-0.0850,-0.4883,1.1445,-145.02,-22.22,-7.93,Stationary
35,228753715,-0.1113,-0.5552,1.1509,-116.88,-33.63,0.49,Stationary
35,228813714,-0.1323,-0.6328,1.0044,-113.71,-23.13,1.16,Stationary
35,228873715,-0.1538,-0.8560,0.9634,-130.13,4.64,-4.70,Stationary
35,228933713,-0.1064,-1.1484,1.1299,-122.56,-99.06,2.50,Stationary
35,228993713,0.1553,-1.0034,1.4653,63.66,71.29,16.30,Stationary
35,229053714,0.0195,-1.0400,1.1401,99.98,-3.17,25.82,Stationary
35,229113714,-0.0127,-0.8530,1.1938,150.45,-40.71,30.88,Stationary
35,229173714,-0.0835,-0.5293,1.2046,171.39,-67.50,21.42,Stationary
35,229233713,0.0737,-0.2993,0.9429,163.82,-32.47,0.92,Stationary
35,229293715,-0.0029,-0.0459,0.8174,145.39,-38.45,-5.74,Stationary
35,229353715,0.0415,0.1147,0.6353,105.29,10.62,-12.21,Stationary
35,229413715,-0.0566,0.3403,0.6240,54.81,-0.61,-12.33,Stationary
35,229473714,-0.1704,0.3213,0.6553,-8.24,29.30,-19.71,Stationary
35,229533714,-0.0957,0.3633,0.7417,-81.67,71.35,-40.10,Stationary
35,229593712,-0.0742,0.0024,0.8667,-92.35,5.86,-17.94,Stationary
35,229653714,-0.2471,-0.1450,1.5835,-58.96,-61.10,11.78,Stationary
35,229713715,-0.3135,-0.2363,1.8848,-31.13,2.69,1.89,Stationary
35,229773714,-0.1870,-0.2998,1.3345,-5.55,-2.14,-2.14,Stationary
35,229833712,0.0083,-0.0093,1.0146,21.85,-43.82,14.28,Stationary
35,229893714,-0.0269,0.0322,0.5488,36.25,-42.85,21.30,Stationary
35,229953714,-0.0767,0.0991,0.3755,34.97,-13.37,21.24,Stationary
35,230013713,-0.2104,0.1265,0.5117,21.30,-4.52,22.58,Stationary
35,230073713,-0.0825,0.1372,0.8555,-13.73,15.01,15.20,Stationary
35,230133712,-0.0259,0.0708,1.1997,-33.45,-28.63,17.88,Stationary
35,230193715,-0.0552,-0.0234,1.3003,-36.07,-5.00,11.23,Stationary
35,230253715,-0.0063,-0.0938,1.3218,-25.82,-15.75,6.35,Stationary
35,230313713,-0.0605,-0.0991,1.2549,-13.31,-11.60,2.93,Stationary
35,230373712,-0.0356,-0.0747,1.1592,-2.01,-14.71,3.42,Stationary
35,230433715,-0.0894,-0.0396,1.1084,4.33,-16.91,2.99,Stationary
35,230493715,-0.0732,-0.0059,1.0703,4.88,-8.12,0.06,Stationary
35,230553713,-0.0938,-0.0063,1.0542,1.28,1.53,-2.87,Stationary
35,230613715,-0.1050,-0.0171,1.0342,-2.75,8.97,-4.39,Stationary
35,230673714,-0.0879,-0.0249,1.0151,-4.46,-4.82,-2.99,Stationary
35,230733713,-0.1362,-0.0386,1.0591,-5.19,-5.13,-3.11,Stationary
36,231933712,-0.1318,0.0298,1.0464,-3.05,-16.91,0.55,Stationary
36,231993714,-0.0923,0.0239,1.0684,-11.41,9.22,-1.65,Stationary
36,232053714,-0.0293,0.0293,1.0151,-15.50,-5.13,2.93,Stationary
36,232113714,-0.1074,-0.0171,0.9775,-13.67,-1.46,5.55,Stationary
36,232173713,-0.0293,-0.0176,0.9497,-1.95,-30.52,8.12,Stationary
36,232233712,-0.1567,0.0000,0.9795,2.20,-18.55,5.07,Stationary
36,232293715,-0.1045,0.0151,1.0132,6.59,-47.55,7.32,Stationary
36,232353712,-0.0928,0.0024,1.0044,3.17,-36.99,4.21,Stationary
36,232413714,-0.0581,0.0010,1.0874,2.62,-45.23,10.07,Stationary
36,232473714,-0.0103,0.0723,1.1304,-5.86,-47.67,13.73,Stationary
36,232533715,-0.0586,0.0396,0.9790,-19.78,-56.34,14.77,Stationary
36,232593713,-0.0054,0.0400,0.8711,-42.11,-30.76,7.81,Stationary
36,232653714,-0.0479,-0.0640,0.8281,-73.55,28.50,-4.15,Stationary
36,232713715,-0.0405,-0.1396,0.8872,-102.36,20.14,-11.29,Stationary
36,232773712,-0.0483,-0.3276,0.9189,-134.70,51.51,-21.67,Stationary
36,232833713,-0.1343,-0.6411,0.7964,-150.27,50.96,-28.20,Stationary
36,232893712,-0.1714,-1.0103,0.9878,-124.63,-100.52,-12.70,Stationary
36,232953713,0.1313,-1.1177,1.0234,-97.29,-80.08,-3.66,Stationary
36,233013713,0.1514,-1.2300,1.2461,-45.90,-17.88,-6.29,Stationary
36,233073714,0.1548,-1.0044,1.1855,25.02,36.74,-2.08,Stationary
36,233133714,0.1733,-0.8433,1.1982,90.15,-39.55,14.04,Stationary
36,233193713,0.1348,-0.7461,1.1851,132.87,-21.24,8.61,Stationary
36,233253713,0.1045,-0.4473,1.0547,157.78,-27.59,4.27,Stationary
36,233313715,0.0225,-0.2915,0.9453,162.29,-20.81,-0.12,Stationary
36,233373712,0.0376,-0.1235,0.7998,146.61,-28.87,-7.63,Stationary
36,233433714,-0.0396,0.0215,0.8071,116.03,-12.02,-10.74,Stationary
36,233493714,0.0449,0.1694,0.7988,78.00,-13.18,-11.11,Stationary
36,233553714,-0.0181,0.2100,0.8613,41.56,-18.62,-7.93,Stationary
36,233613713,0.0498,0.2192,0.8755,13.00,20.63,-12.76,Stationary
36,233673712,-0.0225,0.2168,0.8950,-7.08,8.61,-7.32,Stationary
36,233733712,-0.0283,0.2095,0.9722,-18.68,-6.10,0.12,Stationary
36,233793714,0.0176,0.1865,1.0933,-23.13,-9.46,4.46,Stationary
36,233853715,-0.0029,0.1255,1.1328,-20.87,6.96,5.07,Stationary
36,233913715,-0.0337,0.0874,1.0952,-12.02,-2.99,9.70,Stationary
36,233973713,-0.0298,0.0952,1.0498,-5.55,-3.36,13.79,Stationary
36,234033712,-0.0366,0.1221,1.0317,-4.03,-9.40,17.03,Stationary
36,234093714,0.0181,0.1655,1.0854,-8.36,-5.49,17.33,Stationary
36,234153714,-0.0234,0.1855,1.1689,-11.96,-9.89,15.99,Stationary
36,234213714,-0.0293,0.1704,1.2788,-22.28,8.91,9.83,Stationary
36,234273715,0.0117,0.1431,1.2539,-31.86,2.14,8.00,Stationary
36,234333713,-0.0430,0.0054,1.1172,-32.23,-28.99,13.12,Stationary
36,234393712,-0.0640,-0.0049,1.0591,-26.61,-18.49,13.92,Stationary
36,234453715,-0.0293,-0.0220,0.9175,-11.66,-17.46,10.38,Stationary
36,234513714,-0.0684,0.0083,0.8271,2.75,-6.41,7.69,Stationary
36,234573714,-0.0464,0.0737,0.7554,7.69,3.60,10.74,Stationary
36,234633715,-0.0039,0.1118,0.9419,0.06,-35.71,20.69,Stationary
36,234693715,-0.1152,0.0303,1.0825,-11.35,-1.16,18.68,Stationary
36,234753714,0.0176,-0.0205,1.2427,-15.81,-28.56,20.20,Stationary
36,234813712,-0.0176,-0.0771,1.2881,-16.05,-36.32,18.43,Stationary
36,234873713,-0.0063,-0.0459,1.3330,-14.22,-32.96,16.97,Stationary
37,236193714,-0.1221,0.1245,1.1079,-1.95,-10.38,12.76,Stationary
37,236253715,-0.0605,0.1646,1.1396,-14.10,3.72,9.16,Stationary
37,236313713,-0.1001,0.0488,1.0693,-16.17,1.89,9.83,Stationary
37,236373713,-0.0625,0.0557,1.1157,0.67,-35.10,13.18,Stationary
37,236433714,-0.0908,0.0723,1.2671,5.19,-42.79,11.84,Stationary
37,236493715,-0.1226,0.1479,1.2139,-8.30,-13.79,13.12,Stationary
37,236553713,-0.1489,-0.0132,0.9595,-21.61,-55.54,17.27,Stationary
37,236613715,-0.1836,0.0181,0.8506,-30.40,-18.43,5.37,Stationary
37,236673712,-0.1284,-0.0093,0.9312,-27.34,-7.63,-6.16,Stationary
37,236733712,-0.1177,-0.0571,1.1416,-25.09,5.98,-17.33,Stationary
37,236793714,-0.1211,-0.0386,1.1108,-12.33,7.26,-20.02,Stationary
37,236853715,-0.2031,-0.0229,1.0234,9.58,-17.94,-11.17,Stationary
37,236913714,-0.2036,0.0303,0.9995,19.47,-23.07,-4.09,Stationary
37,236973712,-0.0952,0.0474,1.0796,22.46,-25.33,5.13,Stationary
37,237033714,0.0361,0.0322,1.1689,43.70,-54.81,18.43,Stationary
37,237093714,-0.0093,0.0801,1.1660,49.44,-22.34,11.54,Stationary
37,237153713,-0.0259,0.1577,0.8916,42.72,8.18,3.85,Stationary
37,237213713,-0.0640,0.1982,0.6826,18.13,14.16,2.08,Stationary
37,237273712,-0.0615,0.1934,0.6426,-20.32,5.25,-0.85,Stationary
37,237333713,-0.0327,0.1455,0.6797,-54.99,-17.88,-4.82,Stationary
37,237393713,-0.0107,0.0645,0.6348,-81.85,-3.42,-9.58,Stationary
37,237453715,-0.0415,-0.0337,0.6997,-107.36,-4.52,-12.27,Stationary
37,237513714,-0.0718,-0.1587,0.7827,-133.48,-15.69,-15.26,Stationary
37,237573713,-0.0996,-0.4087,0.8203,-159.06,-23.86,-18.19,Stationary
37,237633714,-0.0767,-0.6631,0.9385,-185.06,-33.33,-14.34,Stationary
37,237693713,-0.0278,-1.1616,0.8628,-176.09,-58.47,-0.12,Stationary
37,237753714,0.0225,-1.5454,1.2275,-111.69,-115.42,25.63,Stationary
37,237813714,0.1860,-1.4087,1.5806,55.91,110.66,-12.27,Stationary
37,237873712,0.0229,-1.3047,1.3413,87.04,-33.75,10.25,Stationary
37,237933713,0.0396,-0.8833,1.3325,127.44,33.81,17.94,Stationary
37,237993714,0.0303,-0.7749,1.1147,153.87,-73.79,15.81,Stationary
37,238053714,0.0034,-0.4224,1.0239,142.76,-19.90,-4.39,Stationary
37,238113714,-0.0254,-0.1509,0.8027,118.59,-25.82,-16.42,Stationary
37,238173714,-0.0059,-0.0146,0.5352,92.71,20.45,-20.57,Stationary
37,238233714,-0.0576,0.0010,0.4175,70.19,7.51,-12.33,Stationary
37,238293715,-0.0767,0.0835,0.5850,40.28,-5.80,2.26,Stationary
37,238353714,0.0288,0.1538,0.9399,10.56,-54.08,9.89,Stationary
37,238413713,-0.0454,0.2153,1.1255,-15.93,-12.94,10.31,Stationary
37,238473713,0.0068,0.1108,1.0425,-22.03,2.69,10.62,Stationary
37,238533715,-0.0669,0.0557,1.0117,-16.60,0.61,9.77,Stationary
37,238593712,-0.0527,0.0513,1.0249,-10.19,3.30,8.48,Stationary
37,238653715,-0.0518,0.0303,1.0669,-8.54,0.61,10.93,Stationary
37,238713713,-0.0337,0.0186,1.0854,-10.19,-0.12,16.24,Stationary
37,238773714,-0.0430,-0.0034,1.0767,-5.19,-16.11,19.65,Stationary
37,238833712,-0.0767,-0.0005,1.0737,-0.43,-8.61,17.21,Stationary
37,238893714,-0.0508,0.0298,1.0518,0.92,-9.58,13.73,Stationary
37,238953713,-0.0889,0.0396,1.0708,-4.52,-7.93,10.44,Stationary
37,239013714,-0.0513,0.0532,1.0923,-10.50,-1.71,6.29,Stationary
37,239073715,-0.0908,0.0044,1.0820,-8.79,-4.39,3.54,Stationary
37,239133713,-0.0625,-0.0015,1.0933,-1.71,-6.41,3.11,Stationary
38,240453713,-0.0195,0.1553,1.1094,-0.24,-7.02,2.99,Stationary
38,240513715,-0.0273,0.1562,1.0962,-13.49,16.17,2.14,Stationary
38,240573713,-0.0161,0.1221,1.0967,-20.39,-3.72,4.70,Stationary
38,240633713,-0.0762,0.1069,1.1709,-10.19,-35.71,5.19,Stationary
38,240693712,0.0000,0.0981,1.1704,-4.76,-63.60,0.67,Stationary
38,240753715,-0.0620,0.1577,1.1714,-17.33,-23.07,-5.55,Stationary
38,240813714,-0.0562,0.0225,1.0132,-30.94,-33.69,-3.91,Stationary
38,240873713,0.0430,0.0146,1.0435,-22.89,-19.29,-1.95,Stationary
38,240933715,-0.1099,-0.0610,1.0317,-14.71,28.81,-11.96,Stationary
38,240993715,-0.0923,-0.0083,1.0903,-6.77,12.02,-15.14,Stationary
38,241053714,-0.1553,-0.0571,1.0830,-4.39,2.93,-15.56,Stationary
38,241113714,-0.0879,-0.0049,0.9639,0.31,5.00,-14.89,Stationary
38,241173714,-0.0801,0.0010,0.7949,12.33,-9.83,-4.03,Stationary
38,241233715,-0.1460,0.0327,0.8276,23.56,-38.27,10.62,Stationary
38,241293712,-0.0898,0.0420,0.9307,21.91,-24.23,16.60,Stationary
38,241353714,-0.0688,0.0957,1.2173,17.88,-55.66,23.56,Stationary
38,241413715,-0.0249,0.1255,1.3711,7.87,-19.53,15.99,Stationary
38,241473715,0.0034,0.0591,1.3145,0.98,2.62,5.74,Stationary
38,241533715,-0.0493,0.0708,1.0879,4.70,-0.24,4.33,Stationary
38,241593715,-0.0254,0.1001,0.9907,11.78,-19.35,8.85,Stationary
38,241653713,-0.0835,0.1133,1.0356,12.08,-21.91,11.66,Stationary
38,241713714,-0.0444,0.1270,1.0537,3.11,2.14,9.28,Stationary
38,241773713,-0.0391,0.0928,1.0195,-2.44,-4.58,8.06,Stationary
38,241833714,-0.0664,0.1084,1.0259,-2.38,-12.39,7.81,Stationary
38,241893713,-0.0430,0.1411,1.0635,-3.72,-13.43,7.87,Stationary
38,241953714,-0.0352,0.1318,1.0708,-6.35,-13.37,5.68,Stationary
38,242013714,-0.0386,0.1162,1.0674,-7.26,-7.63,2.93,Stationary
38,242077613,-0.0439,0.1089,1.0547,-5.49,-11.90,2.56,Stationary
38,242133712,-0.0449,0.1230,1.0762,-5.49,-11.84,2.62,Stationary
38,242193713,-0.0605,0.1177,1.0811,-5.98,-11.23,2.32,Stationary
38,242253713,-0.0493,0.1133,1.0762,-5.49,-10.56,2.08,Stationary
38,242313713,-0.0430,0.0947,1.0762,-4.39,-10.99,2.75,Stationary
38,242373713,-0.0449,0.1040,1.0762,-3.48,-11.66,3.54,Stationary
38,242433714,-0.0615,0.1006,1.0737,-2.93,-12.76,3.05,Stationary
38,242493713,-0.0547,0.1006,1.0679,-2.87,-11.17,2.75,Stationary
38,242553715,-0.0522,0.0952,1.0811,-1.83,-13.12,2.75,Stationary
38,242613714,-0.0698,0.0874,1.0752,-1.71,-7.51,1.71,Stationary
38,242673713,-0.0591,0.0864,1.0786,-0.49,-10.56,2.01,Stationary
38,242733713,-0.0557,0.1011,1.0669,0.18,-11.54,2.50,Stationary
38,242793713,-0.0649,0.1143,1.0825,-1.28,-13.43,3.17,Stationary
38,242853712,-0.0713,0.1113,1.1069,-1.59,-11.11,2.81,Stationary
38,242913714,-0.0664,0.0864,1.1035,-0.37,-6.59,1.95,Stationary
38,242973712,-0.0703,0.0874,1.0171,2.50,-5.25,1.71,Stationary
38,243033712,-0.0747,0.1118,0.9722,2.75,-19.71,4.94,Stationary
38,243093715,-0.0562,0.1592,1.0562,-5.07,-26.61,5.92,Stationary
38,243153714,-0.0552,0.1021,1.1265,-10.13,-25.33,4.64,Stationary
38,243213714,-0.0112,0.0615,1.1807,1.53,-17.21,2.69,Stationary
38,243273715,-0.0283,0.0869,1.1079,15.14,-12.45,-0.49,Stationary
38,243333713,-0.0376,0.1685,0.9951,22.22,-10.99,0.61,Stationary
38,243393713,-0.0410,0.1929,0.9844,11.35,-18.62,4.88,Stationary
39,244473713,-0.1191,0.0972,1.0527,-3.97,-16.72,-5.92,Stationary
39,244533713,-0.0537,0.0981,1.0225,-16.24,15.69,-9.77,Stationary
39,244593712,-0.0684,0.1372,0.9526,-29.05,31.62,-7.63,Stationary
39,244653715,-0.0688,0.1362,0.8203,-41.93,20.02,-1.04,Stationary
39,244713713,-0.0322,0.0063,0.7393,-38.02,-36.19,16.24,Stationary
39,244773714,-0.1021,0.0034,0.8237,-37.41,-41.87,22.46,Stationary
39,244833712,-0.1631,-0.0674,0.7925,-43.15,-74.16,25.63,Stationary
39,244893713,-0.0376,-0.1465,0.8691,-58.96,-28.93,27.59,Stationary
39,244953714,-0.0869,-0.2637,0.9570,-75.38,-44.37,28.81,Stationary
39,245013715,0.0435,-0.2803,0.9585,-92.53,-44.37,27.47,Stationary
39,245073713,-0.0581,-0.4546,0.9341,-107.67,-5.80,18.62,Stationary
39,245133714,-0.0654,-0.7676,0.9614,-99.43,-73.79,20.14,Stationary
39,245193714,0.0259,-0.8696,1.1699,-91.61,-76.05,20.20,Stationary
39,245253713,0.1211,-1.0928,1.3354,-95.95,-31.62,14.59,Stationary
39,245313713,-0.1211,-1.0127,1.3608,62.19,27.04,-1.89,Stationary
39,245373713,0.0718,-0.6973,1.0059,52.06,21.79,-3.30,Stationary
39,245433715,0.0078,-0.4849,0.7207,48.40,21.48,2.32,Stationary
39,245493715,-0.0654,-0.2622,0.3193,29.54,14.16,3.42,Stationary
39,245553714,-0.0537,-0.2422,0.4844,-21.91,-44.62,7.69,Stationary
39,245613713,-0.1060,-0.5405,0.7930,-100.28,-25.15,-4.70,Stationary
39,245673714,-0.3975,-2.5332,2.0713,-103.82,-46.33,0.67,Stationary
39,245733713,-0.1040,-0.6904,1.0068,42.48,72.75,2.26,Stationary
39,245793712,0.1152,-0.7017,0.6611,40.22,0.06,8.73,Stationary
39,245853713,-0.0815,-0.3091,0.2827,24.41,-13.61,13.43,Stationary
39,245913714,-0.1392,-0.2070,0.3145,-41.81,15.62,-4.70,Stationary
39,245973714,-0.0273,-0.6802,0.8740,-130.25,-58.72,-5.31,Stationary
39,246033713,0.0186,-0.7456,1.4546,32.90,152.71,6.90,Stationary
39,246093714,0.3384,-1.0933,1.2231,77.82,-96.13,32.29,Stationary
39,246153713,0.1494,-0.7393,1.2520,104.06,-73.12,10.93,Stationary
39,246213712,0.0562,-0.6260,1.1582,96.98,-17.52,-13.98,Stationary
39,246273714,0.0894,-0.4463,1.0488,85.82,-22.89,-17.09,Stationary
39,246333712,0.1484,-0.2109,1.0161,72.88,-35.28,-8.48,Stationary
39,246393712,0.0166,-0.1812,0.9629,61.16,-22.71,-9.09,Stationary
39,246453713,0.0186,-0.0371,0.9238,51.76,-22.83,-15.20,Stationary
39,246513715,0.0063,0.0698,0.8335,38.82,-0.24,-20.39,Stationary
39,246573714,-0.0322,0.0293,0.5635,32.17,34.24,-21.18,Stationary
39,246633712,-0.0195,0.0215,0.3765,31.86,39.73,-12.88,Stationary
39,246693715,-0.0303,0.0732,0.3364,28.08,10.93,0.92,Stationary
39,246753714,-0.0889,0.1025,0.6689,15.50,-9.52,11.54,Stationary
39,246813714,-0.0435,0.1436,1.1831,-5.80,-12.15,12.39,Stationary
39,246873714,0.0078,0.1270,1.3960,-20.81,2.44,6.77,Stationary
39,246933713,0.0537,0.0283,1.2314,-20.26,16.91,-0.98,Stationary
39,246993712,-0.1138,0.0000,1.1133,-11.60,30.15,0.12,Stationary
39,247053713,-0.0801,0.1016,1.3242,-10.13,-31.62,5.07,Stationary
39,247113712,-0.1006,0.0400,1.3438,-20.45,-7.08,-2.38,Stationary
39,247173715,-0.0967,-0.0879,1.2158,-10.68,19.78,-5.25,Stationary
39,247233712,-0.1240,-0.0283,1.1211,16.05,1.95,2.32,Stationary
39,247293712,-0.1157,0.0625,1.0488,28.50,-21.48,8.79,Stationary
39,247353714,-0.1411,0.1475,1.0303,17.58,-8.12,3.66,Stationary
39,247413715,-0.0820,0.0840,0.9229,3.17,20.87,-3.66,Stationary
40,248793713,-0.1479,0.1338,1.0854,-4.39,-17.76,0.06,Stationary
40,248853714,-0.1523,0.1021,1.1611,-9.28,-9.03,-0.67,Stationary
40,248913713,-0.0767,0.0762,1.2319,-12.45,-0.98,-1.95,Stationary
40,248973714,-0.0918,0.0039,1.0972,4.58,-31.13,1.46,Stationary
40,249033714,-0.1279,0.0762,1.1172,17.76,-1.77,-4.46,Stationary
40,249093713,-0.2236,0.1235,0.9839,18.43,-9.40,-3.85,Stationary
40,249153713,-0.2310,0.1465,0.9478,8.91,-11.78,0.67,Stationary
40,249213714,-0.1909,0.1396,0.9131,-6.77,-11.96,4.39,Stationary
40,249273713,-0.2549,0.0474,0.8530,-21.30,-4.39,10.07,Stationary
40,249333712,-0.2969,0.0913,0.8774,-20.87,-37.17,19.65,Stationary
40,249393713,-0.1855,0.0806,0.8794,-13.79,-30.82,22.64,Stationary
40,249453715,-0.1714,0.1284,0.8999,-10.31,-36.50,20.02,Stationary
40,249513714,-0.0874,0.1514,0.8394,-16.91,-22.22,10.74,Stationary
40,249573713,-0.0981,0.1104,0.7690,-35.16,-26.79,2.32,Stationary
40,249633713,-0.0396,0.0396,0.7656,-60.97,-35.28,-2.08,Stationary
40,249693712,-0.0830,-0.1001,0.7979,-89.17,-32.47,-5.98,Stationary
40,249753712,-0.1357,-0.2612,0.8691,-112.49,-9.64,-12.21,Stationary
40,249813714,-0.0884,-0.4463,0.9951,-130.43,-18.86,-12.94,Stationary
40,249873714,-0.0996,-0.6069,0.9365,-141.17,-50.90,-7.75,Stationary
40,249933714,-0.0815,-0.8506,1.0298,-146.42,-82.15,-0.12,Stationary
40,249993715,0.1235,-1.2646,1.1348,-146.12,-35.64,5.86,Stationary
40,250053712,0.1875,-0.6831,1.5405,84.05,-13.73,-2.08,Stationary
40,250113715,-0.0942,-0.8433,0.9409,56.27,73.91,15.08,Stationary
40,250173713,0.0752,-0.4985,0.6748,54.50,-15.44,27.53,Stationary
40,250233715,-0.1875,-0.3486,0.3779,18.43,-18.07,19.17,Stationary
40,250293713,-0.0444,-0.3252,0.5288,-60.61,-17.09,4.64,Stationary
40,250353714,-0.1016,-0.8359,0.7524,-130.07,-29.85,-0.31,Stationary
40,250413713,0.3955,-0.2939,1.1577,61.89,12.27,5.98,Stationary
40,250473712,-0.0825,-0.7632,0.7749,28.93,29.42,5.74,Stationary
40,250533715,0.0107,-0.5215,0.6465,25.57,14.71,5.80,Stationary
40,250593712,-0.0420,-0.4033,0.5186,11.60,-6.71,8.18,Stationary
40,250653715,-0.0532,-0.4688,0.5425,-22.71,-26.12,3.78,Stationary
40,250713715,-0.0474,-0.7021,0.8228,-79.35,-25.09,-8.61,Stationary
40,250773714,0.3789,-0.8369,1.5830,45.47,-45.65,16.66,Stationary
40,250833715,0.0249,-1.1206,1.1826,67.69,0.49,14.10,Stationary
40,250893713,0.1577,-0.9058,1.1162,117.68,-31.49,11.72,Stationary
40,250953713,0.0029,-0.6113,1.0879,125.92,-54.50,1.59,Stationary
40,251013714,0.0107,-0.3438,0.9849,103.58,-41.50,-11.29,Stationary
40,251073714,-0.0420,-0.2036,0.9316,81.67,-46.51,-20.75,Stationary
40,251133714,0.0591,-0.0942,0.9531,57.19,-34.00,-22.40,Stationary
40,251193714,0.1030,-0.0532,0.8721,43.33,-13.18,-16.11,Stationary
40,251253714,0.0381,-0.0010,0.7168,37.54,-18.31,-11.96,Stationary
40,251313715,-0.0552,0.0464,0.5566,32.84,4.52,-14.22,Stationary
40,251373715,-0.0034,0.0718,0.4590,22.64,10.80,-9.34,Stationary
40,251433715,-0.0552,0.0698,0.7090,0.55,-5.49,-2.69,Stationary
40,251493713,0.0161,0.0430,0.8960,-25.02,25.76,-2.81,Stationary
40,251553714,-0.0718,0.0503,1.2051,-31.74,-10.19,0.18,Stationary
40,251613714,-0.0918,-0.1431,1.3110,-32.04,-11.17,-3.48,Stationary
40,251673712,0.1035,-0.1104,1.3354,-23.86,-8.12,-7.81,Stationary
40,251733714,0.0464,-0.1538,1.2593,-14.53,13.67,-6.10,Stationary
41,253653712,-0.0820,0.0020,1.0718,-9.64,-7.93,-0.43,Stationary
41,253713713,-0.0347,0.0098,1.0220,-15.87,6.29,1.95,Stationary
41,253773715,-0.0400,-0.0078,0.9502,-23.62,27.40,5.00,Stationary
41,253833715,-0.0674,-0.0024,0.8174,-16.48,-34.00,16.11,Stationary
41,253893715,-0.0952,-0.0298,0.8071,-12.82,-33.75,15.93,Stationary
41,253953712,-0.0620,0.0298,0.7563,-11.29,-28.20,14.16,Stationary
41,254013713,-0.1836,-0.0366,0.7930,-29.30,-30.15,8.06,Stationary
41,254073714,-0.1235,-0.0098,0.9375,-58.84,-13.24,-2.50,Stationary
41,254133712,-0.2578,-0.2837,0.9341,-86.55,-36.99,-7.32,Stationary
41,254193714,-0.0220,-0.4136,0.9219,-105.65,-28.81,-5.92,Stationary
41,254253712,-0.0854,-0.6431,0.9517,-122.07,-46.57,-2.69,Stationary
41,254313714,-0.1250,-0.9727,1.1709,-141.05,5.43,-12.82,Stationary
41,254373713,-0.1968,-1.2681,1.1548,-130.68,-110.29,-2.81,Stationary
41,254433712,0.2808,-0.6636,1.2466,76.17,24.90,6.16,Stationary
41,254493713,0.0283,-0.7852,0.7905,60.97,41.75,8.97,Stationary
41,254553712,0.0552,-0.4180,0.6245,54.93,1.95,21.00,Stationary
41,254613714,-0.1147,-0.2363,0.4976,18.49,-24.35,17.82,Stationary
41,254673714,-0.1436,-0.3262,0.6143,-60.42,-4.70,4.70,Stationary
41,254733714,-0.1528,-0.8101,0.7900,-125.98,-12.02,-7.32,Stationary
41,254793713,0.6265,0.3530,0.5659,59.20,-126.89,16.54,Stationary
41,254853715,-0.3618,-0.7979,0.7549,15.32,69.89,6.04,Stationary
41,254913712,0.0317,-0.5791,0.5923,21.00,10.86,12.82,Stationary
41,254973712,-0.0342,-0.4600,0.5337,16.17,-27.28,23.32,Stationary
41,255033713,-0.1245,-0.4541,0.6270,-28.44,-19.90,9.46,Stationary
41,255093712,-0.1230,-0.8462,0.7822,-77.94,-24.23,-5.98,Stationary
41,255153715,0.5552,-0.4668,1.2148,32.17,-106.51,17.03,Stationary
41,255213715,-0.2520,-1.0615,1.0420,5.68,34.36,2.20,Stationary
41,255273713,0.0640,-0.9331,0.9922,40.89,-13.37,3.36,Stationary
41,255333713,-0.0269,-0.8125,1.0527,77.15,-27.16,8.30,Stationary
41,255393713,-0.0054,-0.7100,1.0581,93.63,-37.96,7.45,Stationary
41,255453715,0.0254,-0.6504,1.0503,104.19,-15.38,3.78,Stationary
41,255513714,-0.0933,-0.5703,1.1255,130.55,-11.17,9.58,Stationary
41,255573713,-0.0425,-0.2808,1.0156,138.18,-118.59,14.28,Stationary
41,255633712,-0.1338,0.0576,0.6470,121.09,-22.64,-7.08,Stationary
41,255693713,-0.1157,0.2505,0.3862,90.09,-17.09,-13.79,Stationary
41,255753712,-0.1689,0.1646,0.2559,49.93,18.37,-19.65,Stationary
41,255813713,-0.1924,0.1743,0.3872,9.16,18.19,-19.96,Stationary
41,255873714,-0.0532,0.1753,0.6621,-30.46,5.37,-16.05,Stationary
41,255933714,-0.0029,0.1802,1.1123,-55.66,-9.09,-12.94,Stationary
41,255993714,-0.1016,0.0566,1.4966,-63.54,-12.02,-14.53,Stationary
41,256053715,-0.0361,-0.1064,1.7241,-55.42,10.99,-22.95,Stationary
41,256113712,-0.1074,-0.2271,1.5430,-23.93,56.15,-23.68,Stationary
41,256173715,-0.1724,-0.1636,1.2065,12.70,19.65,-7.93,Stationary
41,256233714,-0.1753,-0.0449,0.8901,32.47,-19.35,8.36,Stationary
41,256293712,-0.1230,0.0283,0.6919,36.01,-19.53,18.49,Stationary
41,256353713,-0.1143,0.0508,0.6079,28.81,-33.69,27.10,Stationary
41,256413714,-0.1260,0.1299,0.8320,6.35,-54.32,28.99,Stationary
41,256473714,-0.1968,0.1421,1.0718,-22.28,-20.39,16.42,Stationary
41,256533714,-0.1904,0.0161,1.2261,-37.29,-7.75,0.98,Stationary
41,256593714,-0.1001,-0.0308,1.2510,-35.22,20.20,-11.05,Stationary
42,257733714,-0.1201,0.0542,1.0273,1.65,-31.25,-2.56,Stationary
42,257793715,0.0044,0.1304,1.0098,-7.20,23.32,0.06,Stationary
42,257853715,-0.1919,0.0811,0.8970,-28.93,76.48,3.42,Stationary
42,257913714,-0.0688,0.0986,0.7959,-29.30,-9.03,17.52,Stationary
42,257973715,-0.1772,-0.0337,0.7124,-24.54,-67.57,28.44,Stationary
42,258033714,-0.1567,0.0190,0.8550,-31.98,-63.35,24.29,Stationary
42,258093712,-0.1968,-0.0508,0.8589,-58.72,-46.14,9.22,Stationary
42,258153713,-0.1543,-0.1572,0.8770,-88.50,-47.85,0.43,Stationary
42,258213715,-0.0771,-0.3398,0.9707,-106.75,-65.06,-0.67,Stationary
42,258273713,0.0205,-0.5142,1.0449,-111.45,6.41,-2.20,Stationary
42,258333713,-0.0879,-0.6450,0.9614,-99.55,-14.83,-3.36,Stationary
42,258393714,-0.1782,-0.7280,1.0010,-94.18,-13.24,-5.07,Stationary
42,258453715,-0.1104,-0.8740,0.9326,-100.28,-47.79,-0.06,Stationary
42,258513712,0.0229,-1.1792,2.2739,48.77,-37.35,8.61,Stationary
42,258573712,-0.1982,-0.8452,1.0518,39.43,26.43,10.01,Stationary
42,258633713,-0.0674,-0.6558,0.7891,33.87,21.91,10.25,Stationary
42,258693714,-0.0181,-0.4697,0.6055,17.94,-12.51,15.87,Stationary
42,258753713,-0.0996,-0.4253,0.4443,-35.22,-71.41,11.90,Stationary
42,258813713,-0.0620,-0.6079,0.7212,-113.22,-51.09,-1.89,Stationary
42,258873712,0.2886,-0.8315,1.0234,29.97,88.99,2.93,Stationary
42,258933712,0.0557,-0.8203,0.7065,12.57,2.44,4.52,Stationary
42,258993714,0.0234,-0.6543,0.6523,26.18,-29.54,10.80,Stationary
42,259053713,-0.0645,-0.4580,0.4995,9.52,-35.28,7.14,Stationary
42,259113712,-0.0532,-0.4868,0.7583,-54.02,-39.18,-6.53,Stationary
42,259173714,-0.0596,-1.3447,3.3359,-4.70,-57.25,3.11,Stationary
42,259233713,0.0361,-0.9556,1.0591,26.43,-10.44,12.76,Stationary
42,259293714,0.1064,-0.9282,1.0352,57.13,-41.44,7.26,Stationary
42,259353713,0.0679,-0.7632,1.0659,82.09,-22.34,-5.68,Stationary
42,259413714,0.0425,-0.6392,1.0239,100.46,-39.79,-13.00,Stationary
42,259473715,0.1357,-0.4360,1.0630,105.16,-14.77,-21.79,Stationary
42,259533713,0.0410,-0.2837,1.0366,97.78,-6.04,-26.31,Stationary
42,259593714,0.1187,-0.1694,0.9424,84.53,-17.94,-25.57,Stationary
42,259653714,-0.0542,-0.0933,0.9507,63.72,-20.51,-22.03,Stationary
42,259713713,-0.0317,0.0059,0.9448,36.13,2.50,-27.34,Stationary
42,259773715,-0.0005,-0.0098,0.6846,18.80,20.81,-27.89,Stationary
42,259833714,-0.0352,-0.0024,0.5024,18.86,29.85,-20.14,Stationary
42,259893713,-0.0332,0.0557,0.5449,16.24,12.39,-6.35,Stationary
42,259953714,-0.0527,0.0767,0.8340,3.05,-12.33,4.15,Stationary
42,260013713,-0.0898,0.0591,1.0547,-8.12,12.76,2.81,Stationary
42,260073713,-0.1479,0.0977,1.1934,-10.50,13.43,-2.01,Stationary
42,260133713,-0.1694,0.0015,1.3628,-21.42,16.17,-3.36,Stationary
42,260193713,-0.1484,-0.1177,1.3340,-21.42,19.04,-8.97,Stationary
42,260253715,-0.0337,-0.0811,1.1606,-9.64,17.03,1.46,Stationary
42,260313712,-0.1221,-0.0762,0.9902,11.35,-11.17,18.74,Stationary
42,260373714,-0.1064,-0.0381,0.8286,25.94,-26.31,27.28,Stationary
42,260433714,-0.1396,0.0396,0.8047,24.60,-22.89,29.17,Stationary
42,260493714,-0.1255,0.1348,0.9512,2.44,-6.77,21.12,Stationary
42,260553713,-0.1270,0.0952,1.0488,-24.54,15.50,5.74,Stationary
42,260613715,-0.2007,0.0654,1.1060,-38.02,18.07,-7.14,Stationary
42,260673712,-0.2114,-0.0117,1.2070,-35.16,-15.32,-10.44,Stationary
43,262113713,-0.1938,0.0566,1.0708,-2.69,-4.94,-20.08,Stationary
43,262173715,-0.1802,0.0693,1.1064,-2.20,-32.59,-11.17,Stationary
43,262233712,-0.2476,0.0723,1.1489,-11.96,10.99,-10.86,Stationary
43,262293714,-0.2163,0.0674,1.1689,-13.43,-3.72,-3.48,Stationary
43,262353714,-0.2769,0.0127,1.0957,-4.39,-13.06,7.51,Stationary
43,262413715,-0.1460,0.0020,1.0044,12.70,-36.99,21.48,Stationary
43,262473713,-0.2432,0.0361,0.9639,14.22,-29.54,29.72,Stationary
43,262533712,-0.1914,0.0264,0.8374,5.68,-52.12,31.19,Stationary
43,262593715,-0.1494,0.0415,0.7544,0.55,-50.17,26.18,Stationary
43,262653714,-0.1470,0.0610,0.9297,-9.52,-47.00,17.94,Stationary
43,262713714,-0.1436,0.0415,1.2520,-23.01,-47.30,2.69,Stationary
43,262773713,-0.0830,0.0137,1.4507,-27.53,-25.82,-12.57,Stationary
43,262833714,-0.0474,-0.0703,1.3184,-16.72,-5.25,-17.82,Stationary
43,262893714,-0.0752,-0.0142,1.1860,-2.08,0.61,-13.12,Stationary
43,262953713,-0.1426,-0.0342,0.9502,10.44,-8.00,-4.64,Stationary
43,263013715,-0.1519,-0.0015,0.7861,18.25,-29.91,3.85,Stationary
43,263073714,-0.1299,0.0601,0.7686,12.51,-26.43,7.81,Stationary
43,263133714,-0.1011,0.0957,0.9951,-5.43,-21.18,8.36,Stationary
43,263193715,-0.0894,0.0913,1.2881,-23.25,-6.84,3.23,Stationary
43,263253714,-0.0508,-0.0190,1.3784,-16.85,-2.62,-1.89,Stationary
43,263313714,-0.0737,-0.0620,1.2920,7.45,6.35,-3.11,Stationary
43,263373714,-0.0703,-0.0273,1.1636,28.32,10.99,0.12,Stationary
43,263433714,-0.1079,0.0259,0.9761,34.91,3.30,7.02,Stationary
43,263493714,-0.0962,0.0854,0.7964,24.23,-10.80,15.26,Stationary
43,263553712,-0.0913,0.0762,0.7378,2.08,-12.33,21.06,Stationary
43,263613713,-0.0640,0.0903,0.9165,-22.40,-28.56,21.73,Stationary
43,263673714,-0.0649,0.0645,1.1558,-38.27,-22.77,14.28,Stationary
43,263733714,-0.0601,-0.0015,1.3628,-36.99,-33.14,4.88,Stationary
43,263793713,-0.0518,-0.0547,1.3677,-17.88,-2.56,-3.23,Stationary
43,263853714,-0.0928,-0.0381,1.1914,7.69,-0.61,-4.94,Stationary
43,263913712,-0.1128,0.0254,0.9683,20.63,-7.26,-2.93,Stationary
43,263973713,-0.0967,0.0757,0.7935,17.21,-9.03,0.37,Stationary
43,264033713,-0.1216,0.1064,0.7920,3.97,-23.93,5.74,Stationary
43,264093712,-0.0674,0.1323,1.0146,-17.03,-25.76,5.13,Stationary
43,264153714,-0.0723,0.0527,1.1797,-30.09,-13.55,-0.31,Stationary
43,264213712,-0.0801,-0.0181,1.2461,-27.04,-12.76,-5.49,Stationary
43,264273713,-0.0635,-0.0596,1.3115,-17.21,5.62,-9.52,Stationary
43,264333713,-0.0933,-0.0938,1.1597,-2.32,12.27,-7.69,Stationary
43,264393715,-0.1187,-0.0605,1.0039,13.24,-9.89,0.31,Stationary
43,264453714,-0.1201,-0.0049,0.9053,18.80,-23.74,7.20,Stationary
43,264513714,-0.1226,0.0356,0.8892,12.57,-26.73,10.62,Stationary
43,264573713,-0.1099,0.0737,1.0098,-3.66,-26.98,9.52,Stationary
43,264633712,-0.1045,0.0342,1.1060,-17.21,-10.68,4.70,Stationary
43,264693714,-0.0728,-0.0137,1.2505,-20.26,-9.70,-0.55,Stationary
43,264753712,-0.0850,-0.0737,1.2354,-12.45,4.09,-5.19,Stationary
43,264813715,-0.0879,-0.0728,1.1489,2.01,-4.39,-2.20,Stationary
43,264873713,-0.1147,-0.0503,1.0674,12.88,-11.41,0.92,Stationary
43,264933713,-0.1104,-0.0024,0.9512,15.01,-13.49,3.54,Stationary
43,264993713,-0.0977,0.0190,0.8589,11.78,-14.53,7.39,Stationary
43,265053715,-0.0947,0.0610,0.9448,0.31,-32.53,12.94,Stationary
44,266253715,-0.0854,0.0806,1.1519,-1.22,10.74,10.19,Stationary
44,266313715,-0.0566,0.1074,1.1514,-12.82,-4.88,18.31,Stationary
44,266373714,-0.1084,0.0405,1.1587,-22.58,-4.88,21.18,Stationary
44,266433713,-0.0615,-0.0234,1.0952,-13.79,-13.55,20.02,Stationary
44,266493712,-0.0649,-0.0771,1.0796,7.69,-7.81,13.18,Stationary
44,266553714,-0.0913,-0.0425,0.9517,23.01,-18.55,8.36,Stationary
44,266613712,-0.0669,-0.0078,0.8677,22.16,-9.89,5.92,Stationary
44,266673715,-0.1938,0.0361,0.9414,0.98,-0.12,5.19,Stationary
44,266733712,-0.2080,0.0972,1.1011,-26.61,-36.19,-0.37,Stationary
44,266793713,-0.1890,0.0254,1.1860,-42.36,-22.52,-5.07,Stationary
44,266853714,-0.0728,-0.1060,1.3174,-19.59,-31.49,-2.01,Stationary
44,266913712,-0.1440,-0.0806,1.2598,2.81,10.93,-7.93,Stationary
44,266973714,-0.1484,-0.0264,1.0122,10.38,26.12,-8.06,Stationary
44,267033712,-0.1270,0.0181,0.8306,11.84,-13.98,1.77,Stationary
44,267093713,-0.1123,0.0234,0.7319,9.64,-20.94,8.18,Stationary
44,267153714,-0.1362,0.0571,0.9067,2.44,-41.32,10.68,Stationary
44,267213714,-0.1646,0.0664,1.1929,-11.54,-20.26,4.88,Stationary
44,267273715,-0.1333,0.0083,1.3823,-23.01,-14.59,-3.23,Stationary
44,267333714,-0.1357,-0.0635,1.2534,-19.71,21.91,-10.99,Stationary
44,267393715,-0.1655,-0.0820,1.0840,-4.03,18.19,-8.97,Stationary
44,267453713,-0.1665,-0.0645,0.9844,11.17,-9.34,-0.43,Stationary
44,267513715,-0.1196,-0.0425,0.9268,19.90,-15.93,5.92,Stationary
44,267573715,-0.0972,-0.0137,0.8789,18.55,-37.72,14.22,Stationary
44,267633715,-0.1084,0.0508,0.9697,0.43,-50.90,20.02,Stationary
44,267693715,-0.1157,0.0576,1.0967,-29.48,-22.95,15.08,Stationary
44,267753715,-0.1382,0.0093,1.2373,-54.81,20.51,2.50,Stationary
44,267813712,-0.1875,-0.1504,1.2095,-54.20,51.64,-9.52,Stationary
44,267873713,-0.1782,-0.1934,1.1558,-20.32,17.52,-6.65,Stationary
44,267933712,-0.2178,-0.1768,1.0957,14.10,-3.66,-0.12,Stationary
44,267993714,-0.2017,-0.1182,0.9658,30.03,-18.07,5.25,Stationary
44,268053715,-0.1592,-0.0513,0.8970,28.26,-28.93,10.50,Stationary
44,268113713,-0.1460,-0.0200,0.9663,14.10,-15.32,11.41,Stationary
44,268173714,-0.2432,-0.0654,1.1333,5.55,-17.64,8.79,Stationary
44,268233713,-0.1860,-0.0215,1.2710,2.93,-15.14,4.33,Stationary
44,268293713,-0.1772,-0.0176,1.1631,1.95,-5.37,-0.06,Stationary
44,268353714,-0.2026,-0.0225,0.9819,9.22,-7.93,1.40,Stationary
44,268413715,-0.1665,0.0020,0.8760,13.31,-25.33,6.23,Stationary
44,268473715,-0.1611,0.0332,0.8740,4.82,-34.48,9.70,Stationary
44,268533713,-0.1216,0.0464,1.0293,-11.23,-38.88,10.31,Stationary
44,268593713,-0.1606,-0.0239,1.1763,-20.45,-23.13,4.21,Stationary
44,268653715,-0.1284,-0.0347,1.2427,-10.68,-17.58,0.67,Stationary
44,268713715,-0.1387,-0.0532,1.1987,8.36,-16.60,0.37,Stationary
44,268773713,-0.1338,-0.0132,1.0659,22.95,-15.62,2.69,Stationary
44,268833713,-0.1479,0.0181,0.9678,20.81,-10.38,3.97,Stationary
44,268893713,-0.1357,0.0254,0.8931,6.23,-12.08,6.29,Stationary
44,268953714,-0.0996,0.0527,0.9458,-14.10,-21.67,11.23,Stationary
44,269013715,-0.0854,0.0327,1.0898,-28.08,-32.04,14.65,Stationary
44,269073714,-0.0825,-0.0220,1.1816,-27.16,-12.08,10.50,Stationary
44,269133712,-0.0664,-0.0420,1.1875,-11.41,-15.32,6.77,Stationary
44,269193712,-0.0918,-0.0200,1.1538,2.81,-10.99,6.71,Stationary
45,270453712,-0.0654,0.0479,1.1514,-5.74,1.40,-6.53,Stationary
45,270513715,-0.1035,0.0732,1.1460,-18.07,-5.37,-5.43,Stationary
45,270573712,-0.0869,0.0137,1.0747,-23.07,8.61,-4.15,Stationary
45,270633715,-0.0459,-0.0332,1.0747,-7.32,-41.02,5.86,Stationary
45,270693713,-0.0786,-0.0254,1.1079,8.91,-54.20,7.87,Stationary
45,270753714,-0.0908,-0.0039,1.1440,12.94,-24.72,0.24,Stationary
45,270813715,-0.0669,-0.0024,1.0615,11.90,-21.18,-0.85,Stationary
45,270873713,-0.1025,0.0303,0.9961,6.84,-15.56,0.43,Stationary
45,270933713,-0.0869,0.0127,1.0249,0.49,-2.69,4.52,Stationary
45,270993713,-0.1299,0.0122,1.0527,-2.62,-16.24,7.93,Stationary
45,271053713,-0.1353,0.0308,1.1001,-5.13,-11.05,4.27,Stationary
45,271113713,-0.0825,0.0444,1.0923,-5.43,-2.26,3.91,Stationary
45,271173713,-0.0620,0.0137,1.0469,-2.01,-7.14,8.85,Stationary
45,271233714,-0.0806,0.0259,1.0884,0.61,-15.62,12.82,Stationary
45,271293713,-0.0938,0.0410,1.0889,0.67,-7.75,12.33,Stationary
45,271353715,-0.0698,0.0376,1.0601,0.06,-8.61,11.23,Stationary
45,271413715,-0.0645,0.0405,1.0586,-1.53,-10.44,11.78,Stationary
45,271473715,-0.0508,0.0586,1.0698,-2.99,-15.93,11.66,Stationary
45,271533715,-0.0659,0.0352,1.0820,-3.97,-9.95,8.79,Stationary
45,271593713,-0.0527,0.0259,1.0693,-3.11,-16.24,7.51,Stationary
45,271653715,-0.0420,0.0342,1.0806,-3.30,-13.92,6.29,Stationary
45,271713713,-0.0557,0.0381,1.0718,-2.56,-12.15,3.66,Stationary
45,271773714,-0.0640,0.0425,1.0693,-3.48,-12.33,1.22,Stationary
45,271833714,-0.0664,0.0444,1.0781,-4.39,-11.23,-0.18,Stationary
45,271893713,-0.0718,0.0278,1.0752,-5.74,-8.18,-1.83,Stationary
45,271953712,-0.0693,0.0264,1.0728,-4.39,-12.27,-0.85,Stationary
45,272013715,-0.0811,0.0225,1.0894,-2.69,-12.51,0.24,Stationary
45,272073713,-0.0791,0.0249,1.0938,-1.59,-10.31,1.40,Stationary
45,272133714,-0.0869,0.0142,1.0806,-1.40,-9.16,1.71,Stationary
45,272193712,-0.0859,0.0068,1.0635,-1.77,-9.58,2.81,Stationary
45,272253713,-0.0977,0.0366,1.0815,-2.50,-14.65,3.36,Stationary
45,272313712,-0.0903,0.0244,1.0806,-6.04,-6.59,0.92,Stationary
45,272373714,-0.0884,0.0151,1.0723,-5.74,-8.30,0.06,Stationary
45,272433714,-0.0840,0.0166,1.0791,-4.52,-9.83,1.40,Stationary
45,272493714,-0.0986,0.0103,1.0830,-2.32,-10.86,2.81,Stationary
45,272553714,-0.0923,0.0176,1.0776,-0.67,-11.41,3.23,Stationary
45,272613714,-0.0938,0.0254,1.0718,-1.16,-11.54,3.23,Stationary
45,272673714,-0.0874,0.0171,1.0708,-2.38,-11.11,2.87,Stationary
45,272733715,-0.1011,0.0083,1.0635,-2.56,-11.84,2.50,Stationary
45,272793714,-0.0957,0.0088,1.0718,-2.81,-11.05,1.46,Stationary
45,272853713,-0.1021,0.0151,1.0762,-2.93,-11.41,0.79,Stationary
45,272913713,-0.1147,0.0054,1.0806,-2.69,-13.12,1.04,Stationary
45,272973715,-0.1172,0.0054,1.0747,-2.26,-11.54,0.98,Stationary
45,273033713,-0.1040,0.0195,1.0688,-2.75,-9.77,1.10,Stationary
45,273093715,-0.1099,0.0107,1.0659,-2.87,-12.76,2.62,Stationary
45,273153715,-0.1108,0.0117,1.0737,-2.75,-13.49,3.30,Stationary
45,273213715,-0.1074,0.0029,1.0830,-2.38,-13.00,3.23,Stationary
45,273273715,-0.1035,0.0103,1.0752,-1.40,-12.82,3.17,Stationary
45,273333714,-0.1035,0.0127,1.0786,-1.04,-12.70,3.60,Stationary
45,273393714,-0.1045,0.0122,1.0767,-2.20,-8.91,2.69,Stationary
46,274773713,-0.0840,0.1694,1.0557,-2.01,-17.09,0.24,Stationary
46,274833715,-0.0488,0.1914,1.1138,-8.36,-6.10,-1.10,Stationary
46,274893712,-0.0430,0.1616,1.0581,-18.74,1.16,-0.37,Stationary
46,274953714,-0.0669,0.1250,1.1025,-16.42,-12.76,4.15,Stationary
46,275013712,-0.1230,0.0879,1.0703,-12.15,-21.97,4.76,Stationary
46,275073713,-0.0713,0.0811,1.0283,-4.21,-17.27,3.05,Stationary
46,275133712,-0.1025,0.1079,1.0566,-2.50,-26.86,3.23,Stationary
46,275193714,-0.1001,0.1577,1.0801,-7.93,-8.67,3.23,Stationary
46,275253713,-0.0435,0.1245,1.0610,-6.65,-15.01,7.20,Stationary
46,275313715,-0.0869,0.0605,1.0923,-2.75,-13.79,8.06,Stationary
46,275373713,-0.0723,0.0879,1.0918,-0.49,-6.47,5.98,Stationary
46,275433713,-0.0913,0.0972,1.0693,-0.79,-7.32,5.37,Stationary
46,275493715,-0.0776,0.1206,1.0562,-2.08,-9.40,5.98,Stationary
46,275553714,-0.0977,0.1055,1.0576,-4.03,-7.69,5.62,Stationary
46,275613714,-0.0703,0.0796,1.0698,-4.52,-10.38,4.70,Stationary
46,275673715,-0.0981,0.0889,1.0952,-2.01,-17.88,5.37,Stationary
46,275733713,-0.0728,0.1035,1.0981,-1.40,-9.22,3.42,Stationary
46,275793714,-0.0659,0.0986,1.0469,0.37,-12.27,3.23,Stationary
46,275853715,-0.0850,0.1113,1.0464,-0.37,-12.76,2.62,Stationary
46,275913713,-0.0898,0.1055,1.0610,-2.56,-16.97,1.16,Stationary
46,275973713,-0.0962,0.1055,1.0557,-5.92,-8.91,-1.71,Stationary
46,276033713,-0.0811,0.1045,1.0596,-6.04,-15.14,-0.49,Stationary
46,276094613,-0.1021,0.0869,1.0811,-6.04,-13.31,0.55,Stationary
46,276153713,-0.1016,0.0776,1.0884,-4.88,-12.27,0.85,Stationary
46,276213713,-0.0996,0.0747,1.0923,-2.20,-14.53,1.89,Stationary
46,276273715,-0.0786,0.0674,1.1177,0.85,-14.59,3.23,Stationary
46,276333714,-0.0532,0.0610,1.1108,5.68,-16.72,4.33,Stationary
46,276393715,-0.0986,0.0806,1.0537,9.77,-20.69,5.37,Stationary
46,276453713,-0.1167,0.1465,1.0171,5.25,-10.07,3.42,Stationary
46,276513712,-0.0713,0.1655,1.0156,-2.87,-5.80,5.62,Stationary
46,276573714,-0.0620,0.1265,1.0474,-6.65,-11.66,8.30,Stationary
46,276633714,-0.0801,0.0908,1.0859,-6.96,-12.63,7.51,Stationary
46,276693714,-0.0708,0.0869,1.0952,-4.94,-11.84,4.33,Stationary
46,276753714,-0.0708,0.1025,1.0913,-2.75,-8.42,1.53,Stationary
46,276813713,-0.0635,0.1123,1.0757,-2.08,-11.17,1.22,Stationary
46,276873715,-0.0854,0.1094,1.0659,-2.26,-11.90,1.22,Stationary
46,276933713,-0.0898,0.1025,1.0625,-4.03,-11.05,1.22,Stationary
46,276993713,-0.0747,0.1035,1.0659,-4.46,-11.05,1.34,Stationary
46,277053715,-0.0713,0.0938,1.0718,-4.64,-11.11,0.85,Stationary
46,277113714,-0.0723,0.0913,1.0713,-4.58,-10.13,-0.18,Stationary
46,277173712,-0.0776,0.0864,1.0752,-3.91,-14.10,0.61,Stationary
46,277233713,-0.0908,0.0869,1.0693,-4.33,-10.99,0.61,Stationary
46,277293713,-0.0781,0.0874,1.0713,-3.78,-10.19,1.46,Stationary
46,277353713,-0.0835,0.0830,1.0610,-3.54,-12.27,2.62,Stationary
46,277413712,-0.0942,0.0742,1.0654,-3.97,-13.31,3.60,Stationary
46,277473714,-0.0864,0.0728,1.0757,-4.52,-11.84,4.33,Stationary
46,277533714,-0.0874,0.0796,1.0762,-3.30,-11.66,4.21,Stationary
46,277593715,-0.0742,0.0747,1.0835,-3.36,-9.34,3.66,Stationary
46,277653713,-0.0952,0.0698,1.0786,-3.36,-11.17,3.72,Stationary
46,277713714,-0.0967,0.0781,1.0630,-3.17,-9.70,2.75,Stationary
47,278913714,-0.3643,0.0552,1.0469,-5.49,21.91,0.12,Stationary
47,278973713,-0.3867,0.0151,1.0049,-16.30,54.02,-3.85,Stationary
47,279033713,-0.4229,0.0117,0.9585,-13.98,11.66,5.31,Stationary
47,279093714,-0.4756,0.0093,0.9585,-11.11,-6.71,9.64,Stationary
47,279153715,-0.4629,-0.0078,0.9834,-8.97,-15.99,8.54,Stationary
47,279213712,-0.4551,-0.0229,0.9824,-7.20,-14.47,4.58,Stationary
47,279273713,-0.4482,-0.0093,0.9824,-5.19,-6.04,-0.24,Stationary
47,279333712,-0.4663,0.0000,0.9707,-2.87,-13.31,-1.53,Stationary
47,279393715,-0.4731,-0.0029,0.9624,-2.75,-9.70,-2.75,Stationary
47,279453712,-0.4668,-0.0103,0.9639,-3.42,-13.92,-4.39,Stationary
47,279513713,-0.4736,-0.0210,0.9678,-3.36,-15.87,-5.13,Stationary
47,279573712,-0.4780,-0.0420,0.9727,-1.40,-26.61,-3.48,Stationary
47,279633715,-0.4424,-0.0356,0.9761,-0.49,-35.46,-2.62,Stationary
47,279693713,-0.4097,-0.0557,1.0049,2.01,-55.79,2.26,Stationary
47,279753713,-0.3354,-0.0259,1.0396,3.36,-47.06,5.62,Stationary
47,279813714,-0.3711,-0.0254,1.0229,5.92,-61.65,8.85,Stationary
47,279873714,-0.2876,0.0000,1.0371,5.98,-66.83,10.74,Stationary
47,279933714,-0.2090,-0.0015,1.0391,4.09,-73.00,11.29,Stationary
47,279993713,-0.1577,-0.0034,1.0688,1.65,-58.96,11.29,Stationary
47,280053714,-0.1157,-0.0044,1.0610,1.95,-67.26,11.96,Stationary
47,280113714,-0.0356,0.0391,1.0923,5.13,-70.07,9.28,Stationary
47,280173712,-0.0073,0.0215,1.1060,6.16,-46.75,4.58,Stationary
47,280233714,0.0698,0.0366,1.0664,5.25,-40.22,1.77,Stationary
47,280293714,0.0674,0.0703,1.0439,3.36,-38.39,2.44,Stationary
47,280353713,0.0977,0.0820,1.0703,-0.98,0.61,0.92,Stationary
47,280413714,0.0161,0.0635,1.0669,-5.07,35.95,-1.10,Stationary
47,280473712,-0.0171,0.0557,1.0708,-6.41,53.41,-0.24,Stationary
47,280533712,-0.0713,0.0498,1.0610,-8.48,45.90,0.49,Stationary
47,280593712,-0.2188,-0.0083,1.0522,-9.40,22.71,3.85,Stationary
47,280653715,-0.1895,0.0078,1.0679,-8.30,10.38,4.52,Stationary
47,280713714,-0.1587,0.0176,1.0693,-2.75,-37.54,7.02,Stationary
47,280773713,-0.1406,0.0249,1.0918,1.83,-41.38,7.45,Stationary
47,280833713,-0.0532,0.0288,1.0649,4.52,-54.32,7.51,Stationary
47,280893712,-0.0898,0.0215,1.0752,2.01,-42.42,5.25,Stationary
47,280953715,-0.0459,0.0293,1.0757,1.04,-48.71,2.93,Stationary
47,281013714,0.0327,0.0435,1.0889,2.32,-64.39,3.05,Stationary
47,281073715,0.0610,0.0718,1.0874,2.32,-48.40,-0.31,Stationary
47,281133714,0.0835,0.0776,1.0562,-0.61,-10.68,-4.52,Stationary
47,281193715,0.0396,0.0586,1.0342,-5.86,-0.43,-3.85,Stationary
47,281253713,0.0571,0.0508,1.0488,-10.25,-3.54,0.92,Stationary
47,281313714,0.0552,0.0391,1.0825,-12.02,-4.70,2.56,Stationary
47,281373712,0.0146,0.0107,1.0864,-13.18,-0.49,2.81,Stationary
47,281433714,0.0322,0.0142,1.0879,-13.37,7.93,1.16,Stationary
47,281493713,0.0112,-0.0244,1.0879,-11.35,4.21,0.98,Stationary
47,281553715,-0.0117,-0.0156,1.0977,-7.08,-0.06,3.17,Stationary
47,281613714,-0.0508,-0.0229,1.0830,-4.27,-8.06,3.91,Stationary
47,281673712,-0.0356,-0.0068,1.0718,-2.69,-11.96,5.19,Stationary
47,281733713,-0.0239,-0.0044,1.0781,-3.97,-11.17,5.62,Stationary
47,281793714,-0.0215,-0.0161,1.0713,-4.52,-9.40,5.37,Stationary
47,281853715,-0.0186,-0.0215,1.0874,-3.78,-7.45,3.72,Stationary
48,284793713,0.0283,-0.0391,0.9800,2.14,-13.61,10.31,Stationary
48,284853715,0.1548,-0.0049,0.9463,-14.22,13.79,5.80,Stationary
48,284913715,0.0098,0.0317,0.8442,-39.06,37.84,10.62,Stationary
48,284973715,-0.0015,-0.0986,0.7598,-54.20,1.16,22.40,Stationary
48,285033712,-0.0527,-0.0879,0.7959,-57.13,-81.73,34.79,Stationary
48,285093714,-0.0293,-0.1709,0.8496,-67.02,-56.34,32.17,Stationary
48,285153712,-0.0469,-0.3140,0.8682,-77.39,-26.49,17.46,Stationary
48,285213715,0.0054,-0.3955,0.8628,-87.22,-21.30,9.40,Stationary
48,285273714,0.0015,-0.5225,0.9038,-96.50,-15.99,7.02,Stationary
48,285333714,0.0537,-0.7007,0.8604,-101.44,-13.18,3.85,Stationary
48,285393714,-0.0020,-0.9561,0.8184,-109.99,21.73,-4.09,Stationary
48,285453712,0.0122,-1.1182,0.9644,-112.55,-49.01,4.03,Stationary
48,285513713,0.2563,-0.9058,1.4004,48.28,46.08,4.94,Stationary
48,285573713,0.0176,-1.1553,1.0386,33.08,7.81,18.31,Stationary
48,285633715,0.0879,-0.8721,1.2163,82.40,-89.11,38.39,Stationary
48,285693714,-0.0479,-0.7686,1.1348,108.40,-49.01,21.36,Stationary
48,285753713,0.0312,-0.5054,1.1084,109.62,-50.11,2.20,Stationary
48,285813714,0.0757,-0.4507,1.2241,99.49,29.54,-15.44,Stationary
48,285873713,-0.0425,-0.4688,1.0752,121.95,36.56,-12.02,Stationary
48,285933713,-0.0068,-0.3379,0.9541,127.20,62.38,-12.70,Stationary
48,285993714,-0.0449,0.0239,0.9502,110.72,56.88,-1.83,Stationary
48,286053713,-0.1899,0.1128,0.7329,83.50,13.31,10.07,Stationary
48,286113714,-0.1582,0.1230,0.5693,48.22,32.53,6.10,Stationary
48,286173715,-0.1099,0.0645,0.4146,20.32,25.09,3.48,Stationary
48,286233713,-0.1641,0.0698,0.3862,-4.64,7.81,0.92,Stationary
48,286293714,-0.1504,0.1670,0.7549,-29.36,-53.16,-1.16,Stationary
48,286353713,-0.1753,0.1152,0.9966,-43.09,-47.73,-0.55,Stationary
48,286413713,-0.1328,0.1729,1.2739,-47.91,-47.12,-2.87,Stationary
48,286473713,-0.2480,0.1123,1.5054,-42.91,-43.15,-12.08,Stationary
48,286533714,-0.1104,-0.0361,1.5493,-16.36,36.74,-21.12,Stationary
48,286593714,-0.1768,0.0381,1.2725,42.30,-19.90,-2.87,Stationary
48,286653713,-0.1934,0.1963,0.9507,60.00,-0.24,8.61,Stationary
48,286713714,-0.2178,0.2305,0.6362,28.08,27.34,8.61,Stationary
48,286773712,-0.2188,0.1118,0.5020,-18.80,12.15,1.34,Stationary
48,286833715,-0.2168,0.0459,0.6343,-60.42,-32.53,-7.02,Stationary
48,286893713,-0.1040,0.0596,1.2451,-82.03,-77.15,-11.35,Stationary
48,286953712,-0.1904,-0.1206,1.5063,-58.11,-1.04,-25.02,Stationary
48,287013713,-0.2129,-0.0845,1.4282,-4.64,-16.24,-24.96,Stationary
48,287073713,-0.2202,0.0098,1.2207,32.23,-11.72,-18.01,Stationary
48,287133712,-0.1831,0.0674,0.9653,38.64,-4.76,-5.25,Stationary
48,287193714,-0.1948,0.0679,0.8232,28.08,-12.51,4.09,Stationary
48,287253712,-0.1787,0.0874,0.8242,3.85,-4.39,6.53,Stationary
48,287313714,-0.2041,0.0615,0.9858,-22.71,-32.23,5.19,Stationary
48,287373712,-0.1484,0.0186,1.1562,-34.48,-1.46,-0.79,Stationary
48,287433712,-0.1885,-0.0244,1.2109,-17.15,-16.17,1.10,Stationary
48,287493713,-0.1851,-0.0132,1.1953,2.75,-1.65,5.92,Stationary
48,287553713,-0.1885,-0.0063,1.0771,11.60,-7.75,14.47,Stationary
48,287613714,-0.1621,-0.0200,0.9424,8.12,-19.35,20.02,Stationary
48,287673714,-0.1665,0.0186,0.9297,-3.11,-31.13,21.42,Stationary
48,287733714,-0.1821,0.0156,1.0430,-14.95,-16.54,16.66,Stationary
49,288873714,-0.1006,-0.0205,1.0171,-10.56,-30.64,-12.70,Stationary
49,288933715,-0.0586,-0.0337,1.0640,-9.83,-20.87,-5.55,Stationary
49,288993714,-0.1074,0.0708,0.9663,-20.20,32.29,-5.07,Stationary
49,289053715,-0.0845,0.0093,0.7847,-38.88,37.96,6.59,Stationary
49,289113715,-0.1226,0.0225,0.6777,-43.03,-42.72,29.11,Stationary
49,289173713,-0.1147,-0.0669,0.7314,-49.62,-59.02,36.68,Stationary
49,289233714,-0.0664,-0.1084,0.8047,-68.36,-69.27,39.73,Stationary
49,289293713,-0.1079,-0.3276,0.9019,-100.89,-42.18,37.72,Stationary
49,289353712,-0.1201,-0.4243,0.8613,-136.35,-40.53,27.22,Stationary
49,289413712,-0.0649,-0.7583,0.7261,-159.91,-4.52,11.78,Stationary
49,289473713,-0.0576,-0.9829,0.8862,-153.38,-27.59,7.81,Stationary
49,289533712,-0.1304,-1.3765,1.0928,-121.52,-76.90,11.17,Stationary
49,289593714,0.5708,-0.2554,1.1865,65.49,40.83,13.12,Stationary
49,289653713,-0.1265,-0.9536,0.7642,69.09,-0.37,19.29,Stationary
49,289713713,-0.0552,-0.4507,0.6997,59.33,-3.54,12.88,Stationary
49,289773714,-0.1343,-0.3628,0.5288,19.71,-6.47,-1.46,Stationary
49,289833715,-0.1841,-0.5200,0.6714,-70.92,-13.00,-30.82,Stationary
49,289893713,0.6274,-2.3311,2.4927,10.99,-211.49,21.12,Stationary
49,289953712,-0.3389,-1.0322,0.7642,20.32,28.81,7.02,Stationary
49,290013714,0.0674,-0.7759,0.5444,41.50,-12.57,16.97,Stationary
49,290073713,-0.0137,-0.4775,0.4937,35.64,-65.12,26.67,Stationary
49,290133715,-0.1182,-0.3667,0.5410,-35.58,-23.25,2.20,Stationary
49,290193714,-0.3413,-1.2773,0.7979,-119.45,-44.68,-21.48,Stationary
49,290253714,-0.0879,-1.2534,1.1812,40.04,64.39,0.73,Stationary
49,290313715,0.1938,-1.0542,1.1167,94.06,-40.65,11.78,Stationary
49,290373715,0.0288,-0.7891,1.1216,121.95,-42.72,2.01,Stationary
49,290433713,0.1968,-0.4619,1.1992,114.87,-82.15,-9.52,Stationary
49,290493714,0.1382,-0.4224,1.0757,107.12,-58.11,-23.99,Stationary
49,290553714,0.0767,-0.1450,1.1865,96.01,26.55,-34.00,Stationary
49,290613714,-0.2139,-0.1836,0.9697,73.18,139.71,-32.65,Stationary
49,290673714,-0.1064,-0.1016,0.4771,78.92,24.60,-8.18,Stationary
49,290733713,-0.0894,0.0737,0.1880,59.33,6.71,9.46,Stationary
49,290793714,-0.1274,0.1025,0.1260,29.60,-7.26,15.50,Stationary
49,290853714,-0.2026,-0.0596,0.2256,0.12,0.79,5.74,Stationary
49,290913714,-0.1714,0.0210,0.8706,-30.03,-23.07,2.99,Stationary
49,290973713,-0.1348,0.0762,1.7271,-57.13,-32.65,6.10,Stationary
49,291033714,-0.1045,-0.0918,2.0630,-34.61,11.66,-3.30,Stationary
49,291093713,-0.1304,-0.1270,1.7095,14.04,25.02,-3.42,Stationary
49,291153714,-0.1309,0.0400,1.2466,39.06,15.50,13.18,Stationary
49,291213714,-0.1289,0.0347,0.7544,38.76,-1.53,27.04,Stationary
49,291273714,-0.1250,0.0796,0.5039,30.46,-8.00,26.86,Stationary
49,291333712,-0.1519,0.0767,0.4048,11.29,6.10,15.44,Stationary
49,291393713,-0.2173,0.1484,0.6709,-20.57,-33.14,2.69,Stationary
49,291453713,-0.2007,0.2593,1.2061,-62.07,-33.69,-10.44,Stationary
49,291513713,-0.2808,0.0127,1.5898,-86.55,29.42,-29.17,Stationary
49,291573713,-0.2388,-0.2944,1.4697,-54.38,78.00,-34.48,Stationary
49,291633713,-0.3330,-0.2056,1.3560,22.28,-20.45,-0.31,Stationary
49,291693712,-0.2710,-0.0596,1.1328,67.02,-39.92,23.56,Stationary
49,291753714,-0.1636,0.1157,0.8633,70.80,-30.03,32.29,Stationary
49,291813715,-0.2334,0.1333,0.6973,41.99,9.70,23.56,Stationary
50,292953714,-0.1885,0.0640,1.0278,-9.34,-19.17,4.52,Stationary
50,293013714,-0.1831,0.0811,1.1592,-7.45,-7.63,1.16,Stationary
50,293073713,-0.1323,0.0830,1.1636,-15.62,-2.01,0.98,Stationary
50,293133712,-0.1226,0.0571,1.1016,-13.12,-25.94,9.09,Stationary
50,293193715,-0.1733,0.0249,1.1914,-0.31,-58.29,16.42,Stationary
50,293253713,-0.0513,0.0703,1.2329,23.32,-54.57,11.72,Stationary
50,293313714,-0.0205,0.0410,1.1685,58.59,-44.43,7.14,Stationary
50,293373713,-0.2378,0.1582,0.8818,69.58,26.37,6.10,Stationary
50,293433712,-0.2280,0.2622,0.6875,32.53,30.82,13.24,Stationary
50,293493714,-0.2686,0.2007,0.6680,-22.89,4.39,13.67,Stationary
50,293553713,-0.2017,0.1460,0.8257,-63.11,-19.96,9.77,Stationary
50,293613713,-0.1953,0.0996,1.0371,-77.94,-24.05,6.35,Stationary
50,293673713,-0.1382,0.0542,1.3433,-71.90,-29.60,5.86,Stationary
50,293733714,-0.0962,-0.0967,1.5132,-41.56,-15.81,7.63,Stationary
50,293793712,-0.1577,-0.1812,1.4561,3.42,5.43,7.39,Stationary
50,293853714,-0.1968,-0.0186,1.2451,35.10,-17.27,12.27,Stationary
50,293913712,-0.1270,0.0967,0.9116,36.01,-6.04,13.85,Stationary
50,293973715,-0.1104,0.1528,0.7295,22.40,-22.46,14.34,Stationary
50,294033712,-0.1084,0.1489,0.6499,3.66,-11.11,9.52,Stationary
50,294093713,-0.1558,0.1479,0.7866,-13.79,-34.73,5.07,Stationary
50,294153712,-0.1260,0.0840,0.9951,-28.81,-13.49,-2.93,Stationary
50,294213713,-0.1465,0.0225,1.1836,-27.47,-13.18,-8.24,Stationary
50,294273715,-0.1006,0.0283,1.3862,-18.01,-22.22,-6.71,Stationary
50,294333714,-0.1006,-0.0073,1.4233,-5.68,-18.31,-6.16,Stationary
50,294393714,-0.1318,-0.0522,1.2793,9.46,6.71,-6.10,Stationary
50,294453713,-0.1040,-0.0078,1.1587,23.32,-2.81,0.24,Stationary
50,294513712,-0.1221,0.0200,1.0635,31.19,-10.38,7.32,Stationary
50,294573715,-0.1157,0.0596,0.9194,35.58,-14.95,14.04,Stationary
50,294633714,-0.1025,0.1284,0.8071,28.02,-18.49,17.76,Stationary
50,294693713,-0.1558,0.1782,0.7891,1.22,-15.81,13.79,Stationary
50,294753713,-0.1201,0.1797,0.8745,-32.47,-25.51,8.48,Stationary
50,294813714,-0.0645,0.0767,0.9907,-55.97,-9.46,3.42,Stationary
50,294873714,-0.0479,-0.0039,1.1177,-56.21,-9.89,-0.67,Stationary
50,294933715,-0.1113,-0.0654,1.2681,-41.44,-6.71,-4.88,Stationary
50,294993715,-0.0913,-0.0874,1.3662,-19.47,-13.67,-5.25,Stationary
50,295053713,-0.1230,-0.0747,1.3018,7.32,-4.64,-4.64,Stationary
50,295113713,-0.1162,0.0063,1.1709,32.04,-21.42,0.24,Stationary
50,295173714,-0.0986,0.0859,1.0029,42.05,-23.56,3.30,Stationary
50,295233714,-0.1108,0.1113,0.8779,32.17,-13.49,3.85,Stationary
50,295293713,-0.1050,0.1040,0.8135,6.90,-2.81,2.99,Stationary
50,295353713,-0.1343,0.0703,0.8638,-26.00,-9.58,0.73,Stationary
50,295413714,-0.0957,0.0352,0.9312,-52.92,-12.51,-0.12,Stationary
50,295473715,-0.0942,0.0239,1.1353,-51.76,-9.28,4.76,Stationary
50,295533714,-0.1079,-0.1050,1.3179,-27.40,-35.03,6.96,Stationary
50,295593712,-0.0542,-0.1021,1.3755,5.86,-23.56,4.39,Stationary
50,295653713,-0.0684,-0.0684,1.2290,29.11,-17.64,2.81,Stationary
50,295713712,-0.0718,-0.0020,1.0718,33.14,-16.78,2.32,Stationary
50,295773713,-0.0737,0.0322,0.9756,21.85,-9.28,1.34,Stationary
50,295833715,-0.0762,0.0186,0.8901,5.49,-4.09,0.18,Stationary
50,295893714,-0.0645,-0.0293,0.9150,-5.92,-20.57,1.83,Stationary
