Recording ID,Timestamp,Acceleration X,Acceleration Y,Acceleration Z,Gyroscope X,Gyroscope Y,Gyroscope Z,Shot Type
1,9607247430,-0.1369,0.0930,0.9794,5.18,-0.98,1.96,Cut
1,9607280856,-0.1479,0.0769,0.9984,5.32,-1.75,1.05,Cut
1,9607320845,-0.1530,0.0769,1.0263,2.31,-2.87,0.14,Cut
1,9607360890,-0.1545,0.1025,1.0424,-2.66,-4.55,-0.21,Cut
1,9607400849,-0.1984,0.0864,1.1258,0.91,-8.19,0.00,Cut
1,9607440865,-0.3089,0.0849,1.2634,1.75,-16.87,1.89,Cut
1,9607480853,-0.4817,-0.0124,1.4662,-1.19,-38.22,6.23,Cut
1,9607520844,-0.6544,-0.0190,1.6433,-11.76,-77.21,10.29,Cut
1,9607560844,-0.7144,-0.0739,1.7605,-26.46,-122.64,6.65,Cut
1,9607600842,-0.6961,-0.1523,1.6155,-55.93,-170.94,-4.55,Cut
1,9607640842,-0.6405,0.0176,1.4032,-70.07,-212.94,-16.24,Cut
1,9607680841,-0.6032,-0.0512,1.1836,-70.14,-246.75,-29.54,Cut
1,9607720842,-0.5607,0.0615,0.8616,-83.65,-272.23,-36.82,Cut
1,9607760841,-0.4085,0.1325,0.5248,-84.00,-289.87,-35.63,Cut
1,9607800840,-0.2913,0.3638,0.1654,-66.50,-294.28,-26.60,Cut
1,9607840846,-0.2306,0.3426,-0.0849,-26.60,-284.34,-19.95,Cut
1,9607880840,-0.1259,0.2818,-0.2152,-22.54,-262.92,-18.69,Cut
1,9607920840,-0.0842,0.3382,-0.4502,1.47,-236.67,-28.00,Cut
1,9607960852,0.0798,0.2255,-0.5124,-5.46,-224.00,-41.44,Cut
1,9608000843,0.3272,0.4582,-0.4721,20.65,-206.57,-73.64,Cut
1,9608040869,0.5944,0.2752,-0.5124,28.77,-179.27,-129.15,Cut
1,9608080848,0.8220,0.8133,-0.7847,21.98,-130.34,-207.62,Cut
1,9608120843,1.2817,0.6529,-1.1368,9.59,-34.02,-316.54,Cut
1,9608160842,2.0781,0.9414,-1.4911,24.22,118.16,-421.75,Cut
1,9608200846,2.9778,1.2122,-1.6353,107.45,332.29,-465.85,Cut
1,9608240843,4.2112,0.8733,-1.3688,170.52,562.87,-441.00,Cut
1,9608280842,5.5398,0.5036,-1.3615,133.28,751.17,-383.88,Cut
1,9608320846,6.7564,0.8477,-0.5827,244.65,882.98,-238.00,Cut
1,9608360840,8.7489,1.6799,1.4677,319.20,872.97,1.26,Cut
1,9608400839,6.4167,-0.3777,2.6293,719.88,611.17,326.27,Cut
1,9608440847,2.9221,-1.4186,3.1886,349.02,219.80,335.02,Cut
1,9608480840,1.1214,-0.5065,2.6096,8.61,25.55,196.42,Cut
1,9608520855,0.1325,-0.3645,2.2502,-50.82,-40.81,129.99,Cut
1,9608560851,-0.3916,-0.3353,1.9208,-137.69,-45.85,109.13,Cut
1,9608600840,-0.6229,0.0146,1.5665,-55.16,-28.14,113.68,Cut
1,9608640839,-0.9553,-0.2877,1.4003,-77.14,-20.44,116.55,Cut
1,9608680859,-0.8908,-0.0029,1.0885,-59.64,-9.24,112.63,Cut
1,9608720841,-1.0116,-0.1793,1.0175,-41.30,-12.74,102.13,Cut
1,9608760842,-0.9670,-0.0622,0.9026,-26.95,-19.81,93.24,Cut
1,9608800846,-1.0599,-0.1610,0.7657,-35.07,-38.43,83.02,Cut
1,9608840839,-1.1653,-0.0813,0.5607,-33.81,-49.56,71.19,Cut
1,9608880841,-1.1902,-0.0234,0.4282,-20.44,-52.22,52.85,Cut
1,9608920842,-1.1222,-0.0417,0.3235,-5.53,-52.36,36.89,Cut
1,9608960857,-1.0614,-0.0366,0.2094,-13.72,-50.05,23.17,Cut
1,9609000883,-0.9904,0.1039,0.1625,4.97,-42.42,15.47,Cut
1,9609040847,-0.9223,0.0066,0.1222,29.12,-33.46,6.86,Cut
1,9609080845,-0.8674,0.0483,0.1274,11.48,-26.60,-4.55,Cut
1,9609120843,-0.8513,0.1362,0.1464,22.40,-19.32,-14.84,Cut
1,9609160844,-0.8330,0.1296,0.1479,21.70,-12.04,-27.09,Cut
1,9609200839,-0.8477,0.2101,0.1427,23.24,-7.84,-38.71,Cut
2,9614411404,-0.6288,0.1215,1.3886,-44.17,-142.87,-20.65,Cut
2,9614443836,-0.7803,0.2079,1.2598,-49.91,-162.40,-23.38,Cut
2,9614483834,-1.0592,0.3345,1.2261,-48.30,-175.70,-30.03,Cut
2,9614523833,-0.8579,0.0168,1.2041,-73.15,-189.00,-45.57,Cut
2,9614563831,-0.5907,0.2921,1.1544,-112.70,-220.57,-56.00,Cut
2,9614603837,-0.4729,0.2211,0.9165,-116.34,-252.28,-47.04,Cut
2,9614643831,-0.2657,0.3221,0.5468,-142.94,-273.98,-33.25,Cut
2,9614683857,-0.0695,0.2503,0.1391,-139.23,-282.59,-10.29,Cut
2,9614723845,0.0403,0.4392,-0.0871,-119.42,-270.41,2.87,Cut
2,9614763831,0.1464,0.3726,-0.1325,-90.79,-247.45,-7.56,Cut
2,9614803833,0.3528,0.3748,-0.2277,-70.63,-222.81,-36.33,Cut
2,9614843841,0.5358,0.3323,-0.3982,-17.08,-198.24,-72.66,Cut
2,9614883833,0.5168,0.4677,-0.5307,-0.63,-158.69,-130.90,Cut
2,9614923831,0.7767,0.3689,-0.6976,-17.43,-106.68,-193.62,Cut
2,9614963845,0.9428,0.6500,-0.7810,21.35,-47.95,-250.67,Cut
2,9615003832,1.1793,0.7657,-0.8162,50.05,28.77,-318.22,Cut
2,9615043837,1.6960,0.6756,-0.8330,90.93,130.06,-373.66,Cut
2,9615083841,2.6418,1.0124,-0.6464,145.95,266.77,-396.55,Cut
2,9615123832,3.7735,0.8755,-0.4451,176.61,443.94,-400.19,Cut
2,9615163833,4.3905,0.6449,-0.5292,201.25,626.71,-342.51,Cut
2,9615203831,5.0523,0.5439,-0.2899,315.42,801.92,-166.25,Cut
2,9615243854,7.0294,0.9033,0.6120,300.58,873.11,-22.47,Cut
2,9615283854,7.2936,2.0884,1.9061,389.83,770.14,155.26,Cut
2,9615323834,4.6284,-0.0117,2.4603,592.62,487.83,379.33,Cut
2,9615363834,2.1294,-0.2716,2.7267,146.86,230.93,347.69,Cut
2,9615403862,1.3710,-0.1127,2.3483,67.90,109.83,283.99,Cut
2,9615443856,0.6603,-0.7379,2.5210,-23.59,35.77,256.20,Cut
2,9615483833,0.3067,-0.3360,2.2707,-36.61,7.14,238.28,Cut
2,9615523832,-0.1383,-0.8374,2.1338,-57.40,-11.06,229.95,Cut
2,9615563830,-0.2950,-0.5439,1.8095,-57.26,-20.58,210.56,Cut
2,9615603840,-0.3514,-0.9289,1.4999,-57.89,-50.47,186.55,Cut
2,9615643831,-0.6083,-0.6332,1.3491,-48.16,-76.30,157.85,Cut
2,9615683830,-0.6544,-0.7715,1.1031,-27.37,-92.54,115.57,Cut
2,9615723835,-0.6515,-0.5922,0.8989,-2.38,-99.54,75.46,Cut
2,9615763830,-0.6734,-0.5724,0.7064,6.16,-100.24,45.92,Cut
2,9615803830,-0.6983,-0.4692,0.5117,-5.04,-97.09,22.61,Cut
2,9615843834,-0.7144,-0.3265,0.3287,-3.64,-91.35,9.80,Cut
2,9615883830,-0.7525,-0.3235,0.2416,10.99,-81.20,0.91,Cut
2,9615923832,-0.7957,-0.2342,0.1764,7.56,-66.99,-9.03,Cut
2,9615963844,-0.7950,-0.1947,0.1574,17.57,-55.58,-17.01,Cut
2,9616003841,-0.8242,-0.1654,0.1010,20.37,-44.10,-24.71,Cut
2,9616043840,-0.8594,-0.1208,0.1083,20.37,-35.77,-31.57,Cut
2,9616083832,-0.8974,-0.0542,0.0739,23.24,-27.16,-39.69,Cut
2,9616123841,-0.9040,-0.0578,0.0725,31.50,-20.79,-47.53,Cut
2,9616163834,-0.8821,-0.0095,0.0944,19.32,-18.90,-56.98,Cut
2,9616203833,-0.9062,0.0937,0.1354,21.77,-16.66,-62.58,Cut
2,9616243833,-0.9699,0.1610,0.1574,57.19,-10.08,-66.50,Cut
2,9616283857,-0.9736,0.0937,0.1362,76.16,-2.45,-70.35,Cut
2,9616323835,-1.0006,0.1398,0.1815,65.31,5.11,-77.98,Cut
2,9616363830,-0.9926,0.1618,0.1435,64.12,14.00,-82.67,Cut
3,9623451415,0.0659,0.0007,0.9970,4.34,-2.38,10.43,Cut
3,9623485125,0.0600,0.0102,0.9875,-2.52,-1.54,8.75,Cut
3,9623525144,0.0622,0.0454,0.9611,-2.87,-0.56,7.07,Cut
3,9623565123,0.0659,0.0139,0.9611,-2.24,-0.21,6.16,Cut
3,9623605124,0.0512,0.0534,0.9626,-1.61,0.77,5.60,Cut
3,9623645123,0.0307,0.0351,1.0080,4.13,2.31,5.81,Cut
3,9623685118,-0.0249,0.0417,1.1039,-1.19,1.47,3.64,Cut
3,9623725144,-0.1332,0.0190,1.2561,-0.35,-3.36,1.40,Cut
3,9623765129,-0.2906,-0.0022,1.4267,-28.35,-21.00,-2.10,Cut
3,9623805121,-0.4085,0.1523,1.5416,-67.76,-57.26,-3.29,Cut
3,9623845117,-0.4699,0.1852,1.6551,-70.91,-97.51,0.49,Cut
3,9623885120,-0.5556,0.3565,1.8212,-90.51,-140.28,8.33,Cut
3,9623925117,-0.5351,0.2108,1.7319,-81.76,-181.72,22.26,Cut
3,9623965159,-0.5527,0.3645,1.4757,-95.62,-219.52,34.30,Cut
3,9624005130,-0.6764,0.2218,1.3220,-70.35,-244.51,41.44,Cut
3,9624045121,-0.6215,0.1984,1.0790,-85.47,-265.02,42.14,Cut
3,9624085118,-0.4568,0.0988,0.8835,-45.92,-280.42,43.33,Cut
3,9624125119,-0.2511,0.0095,0.6654,-27.58,-296.94,33.39,Cut
3,9624165122,-0.0293,-0.0761,0.4209,3.15,-307.37,15.89,Cut
3,9624205120,0.1347,0.0644,0.1464,6.58,-311.08,-17.22,Cut
3,9624245139,0.3726,0.0300,-0.1003,-1.96,-305.34,-66.57,Cut
3,9624285138,0.7767,0.1815,-0.3001,-10.64,-283.64,-115.99,Cut
3,9624325120,0.9274,0.4392,-0.5475,0.42,-244.23,-185.57,Cut
3,9624365117,1.1741,0.5190,-0.8557,15.47,-176.82,-281.40,Cut
3,9624405120,1.9823,0.8191,-1.2049,-3.43,-101.78,-367.85,Cut
3,9624445121,2.4215,0.9282,-1.2349,57.75,26.39,-442.26,Cut
3,9624485117,2.8724,0.7627,-0.9501,194.25,241.15,-456.12,Cut
3,9624525118,3.0751,0.6852,-1.0973,228.41,501.97,-407.05,Cut
3,9624565116,3.6973,0.8572,-1.3564,328.65,743.75,-285.74,Cut
3,9624605117,5.5866,0.3982,0.0373,377.44,823.34,-64.75,Cut
3,9624645118,5.3341,0.7481,2.6162,453.32,695.52,105.00,Cut
3,9624685117,3.6871,0.0212,3.2552,488.60,444.78,269.36,Cut
3,9624725118,1.8432,-1.1009,2.6462,296.80,135.80,269.43,Cut
3,9624765116,0.2818,0.2364,1.9530,-61.11,-0.63,161.07,Cut
3,9624805116,-0.5585,0.2035,1.4362,-26.88,-6.58,114.24,Cut
3,9624845120,-0.7239,-0.0220,1.1697,-55.86,-8.26,71.96,Cut
3,9624885116,-0.9040,0.1413,1.0307,-32.41,-6.72,51.10,Cut
3,9624925116,-0.8272,0.2269,0.8645,-32.90,-3.01,33.32,Cut
3,9624965156,-0.7971,0.3382,0.7767,-22.05,-0.63,21.00,Cut
3,9625005123,-0.7576,0.4333,0.6566,-16.59,-0.49,10.78,Cut
3,9625045127,-0.7320,0.5007,0.5922,-16.17,0.70,3.50,Cut
3,9625085119,-0.7210,0.5446,0.5146,-11.62,-0.56,-0.91,Cut
3,9625125119,-0.7086,0.5702,0.4802,-7.70,-0.70,-3.08,Cut
3,9625165120,-0.6573,0.6068,0.4304,-7.49,-3.01,-6.72,Cut
3,9625205116,-0.6229,0.6237,0.4502,-2.45,-5.04,-9.24,Cut
3,9625245116,-0.5988,0.7035,0.4451,-1.40,-6.93,-9.73,Cut
3,9625285144,-0.5929,0.6076,0.4414,5.95,-7.35,-7.91,Cut
3,9625325119,-0.5812,0.7327,0.4070,-4.20,-7.42,-7.84,Cut
3,9625365117,-0.5732,0.7005,0.3982,4.06,-6.30,-4.76,Cut
3,9625405139,-0.5592,0.7078,0.4055,11.48,-2.45,-3.29,Cut
4,9629975411,-0.4560,0.0798,1.2912,-40.32,-226.31,26.32,Cut
4,9630007726,-0.4824,-0.0688,1.1456,-25.13,-236.53,19.25,Cut
4,9630047730,-0.4612,-0.0512,0.9545,-29.12,-250.53,4.90,Cut
4,9630087718,-0.3030,-0.0483,0.5966,-31.29,-261.52,-10.08,Cut
4,9630127716,-0.1574,0.0381,0.2196,-13.65,-271.04,-29.26,Cut
4,9630167721,-0.1405,0.0242,-0.0622,11.62,-272.37,-48.16,Cut
4,9630207718,-0.0190,0.0747,-0.2547,17.50,-265.86,-70.70,Cut
4,9630247749,0.0922,0.1449,-0.4055,11.20,-253.47,-95.69,Cut
4,9630287749,0.0666,0.2503,-0.4553,14.21,-228.90,-123.83,Cut
4,9630327720,0.1566,0.3806,-0.5212,-7.49,-197.47,-154.14,Cut
4,9630367719,0.4538,0.5739,-0.6749,-3.99,-160.79,-180.04,Cut
4,9630407724,0.8389,0.7488,-0.7803,33.46,-117.25,-208.88,Cut
4,9630447718,1.1470,0.6120,-0.8989,12.04,-47.25,-248.43,Cut
4,9630487717,1.7100,0.9121,-1.1829,40.74,48.44,-262.22,Cut
4,9630527716,2.3490,0.9714,-1.1697,90.51,156.52,-295.47,Cut
4,9630567719,2.8416,0.9919,-0.9867,112.91,298.69,-339.99,Cut
4,9630607717,3.5502,0.7613,-1.0146,176.47,468.51,-331.17,Cut
4,9630647720,4.0480,0.2496,-0.8850,215.04,666.12,-230.23,Cut
4,9630687741,5.4212,0.1706,-0.3287,319.34,856.24,-48.16,Cut
4,9630727722,9.0483,1.5138,1.8205,697.20,882.07,309.89,Cut
4,9630767719,5.9848,-1.6177,2.9390,737.73,482.86,575.89,Cut
4,9630807718,1.5687,-1.1997,2.4749,49.35,101.43,385.07,Cut
4,9630847719,-0.0410,-0.4429,2.1235,-14.42,22.19,212.38,Cut
4,9630887718,-0.3814,-1.2722,1.9237,-54.46,22.12,114.17,Cut
4,9630927716,-0.4019,-0.1237,1.6382,-60.55,25.97,59.15,Cut
4,9630967759,-0.4443,-0.4311,1.4435,-86.24,25.13,33.25,Cut
4,9631007722,-0.4853,0.0081,1.2122,-63.14,26.95,15.33,Cut
4,9631047719,-0.4787,0.0059,1.0973,-50.12,23.03,1.26,Cut
4,9631087723,-0.5541,0.1962,1.0219,-48.23,13.93,-9.66,Cut
4,9631127717,-0.5102,0.2833,0.9457,-41.58,5.04,-18.76,Cut
4,9631167716,-0.4282,0.3733,0.9267,-37.17,-3.36,-24.78,Cut
4,9631207717,-0.4780,0.4590,0.8374,-28.56,-10.36,-28.21,Cut
4,9631247718,-0.5263,0.5007,0.7993,-23.38,-12.60,-29.33,Cut
4,9631287739,-0.5754,0.5658,0.7203,-25.76,-13.23,-30.59,Cut
4,9631327726,-0.5541,0.5783,0.6712,-21.14,-14.35,-29.12,Cut
4,9631367719,-0.4912,0.6259,0.6317,-15.40,-16.94,-26.88,Cut
4,9631407718,-0.4348,0.6529,0.6178,-12.53,-19.74,-24.36,Cut
4,9631447749,-0.4011,0.6764,0.5966,-5.18,-20.30,-20.72,Cut
4,9631487720,-0.3748,0.6566,0.5710,-7.35,-18.69,-16.87,Cut
4,9631527719,-0.3821,0.7100,0.5373,2.03,-17.43,-12.67,Cut
4,9631567720,-0.3916,0.7027,0.5022,4.90,-12.25,-8.47,Cut
4,9631607720,-0.3828,0.7444,0.4992,2.94,-8.05,-6.86,Cut
4,9631647718,-0.3777,0.7071,0.4992,8.54,-4.06,-5.25,Cut
4,9631687718,-0.3660,0.7247,0.5161,6.09,-0.42,-5.25,Cut
4,9631727718,-0.3484,0.7115,0.5388,6.93,0.63,-5.46,Cut
4,9631767722,-0.3433,0.7108,0.5322,10.78,0.14,-4.97,Cut
4,9631807720,-0.3448,0.7196,0.5358,7.07,-1.19,-5.25,Cut
4,9631847717,-0.3697,0.7247,0.5226,4.76,-3.01,-6.09,Cut
4,9631887721,-0.3989,0.7481,0.5205,9.45,-0.42,-6.44,Cut
4,9631927717,-0.3492,0.7181,0.5322,13.51,2.38,-5.81,Cut
5,9675115416,-0.1296,0.1610,1.2363,-7.98,-34.79,2.03,Cut
5,9675149752,-0.1976,0.0549,1.2298,-19.88,-45.29,1.40,Cut
5,9675189750,-0.3206,0.1786,1.1229,-40.32,-55.86,8.40,Cut
5,9675229782,-0.3499,0.2438,1.1961,-9.17,-63.14,10.71,Cut
5,9675269747,-0.3675,0.0234,1.3864,-35.77,-77.49,-1.26,Cut
5,9675309774,-0.2826,0.1808,1.6719,-71.47,-101.78,-8.19,Cut
5,9675349786,-0.1911,0.1684,1.8629,-72.59,-140.56,-8.54,Cut
5,9675389751,-0.1815,0.2723,1.7773,-98.07,-185.64,-3.85,Cut
5,9675429784,-0.1728,0.2752,1.4398,-92.75,-233.03,9.66,Cut
5,9675469747,-0.2950,0.3294,1.0680,-90.79,-264.81,24.64,Cut
5,9675509751,-0.3770,0.2445,0.6917,-86.10,-278.53,29.54,Cut
5,9675549745,-0.3902,0.3045,0.3689,-75.04,-277.41,28.00,Cut
5,9675589745,-0.3060,0.2050,0.0593,-46.55,-270.62,21.77,Cut
5,9675629744,-0.2196,0.2020,-0.1303,-44.38,-263.97,5.46,Cut
5,9675669745,-0.1274,0.2789,-0.2050,-19.46,-258.72,-7.49,Cut
5,9675709743,-0.0534,0.1530,-0.3265,-19.88,-246.75,-28.63,Cut
5,9675749746,0.1332,0.2255,-0.5102,-28.42,-234.85,-45.15,Cut
5,9675789743,0.3228,0.1720,-0.6471,1.33,-226.87,-54.95,Cut
5,9675829745,0.4494,0.2181,-0.7064,14.63,-214.41,-80.36,Cut
5,9675869750,0.6669,0.3931,-0.8030,21.63,-185.15,-118.93,Cut
5,9675909743,0.9575,0.3697,-0.9384,13.58,-130.48,-171.01,Cut
5,9675949809,1.5716,0.4897,-1.1456,37.87,-49.21,-221.69,Cut
5,9675989779,2.2794,0.5658,-1.2429,79.59,45.85,-277.90,Cut
5,9676029749,2.3827,0.7181,-1.0358,154.28,188.51,-343.63,Cut
5,9676069745,2.9573,0.6076,-0.9494,155.40,355.67,-394.45,Cut
5,9676109747,3.2713,0.4114,-0.8960,199.92,530.67,-396.06,Cut
5,9676149744,3.8737,0.3265,-0.5051,275.03,699.58,-318.64,Cut
5,9676189743,5.6576,0.7225,0.6464,399.21,777.70,-125.51,Cut
5,9676229743,5.8106,1.1514,2.1982,622.65,663.60,155.12,Cut
5,9676269744,3.4499,-0.7320,2.7186,649.81,357.84,358.12,Cut
5,9676309772,0.6961,-0.6171,2.3797,14.07,57.61,213.50,Cut
5,9676349750,-0.4128,-0.2547,1.9215,-53.13,-32.20,98.49,Cut
5,9676389744,-0.7620,-0.0088,1.4772,-63.63,-35.98,35.56,Cut
5,9676429749,-0.8908,0.3060,1.1910,-55.09,-21.63,2.10,Cut
5,9676469744,-0.9238,0.3945,0.9977,-37.10,-1.89,-3.08,Cut
5,9676509743,-0.7935,0.5197,0.7979,-14.84,9.38,-3.36,Cut
5,9676549743,-0.6786,0.5549,0.7239,-11.41,15.47,-3.50,Cut
5,9676589743,-0.6017,0.5797,0.6830,-2.17,14.00,-6.86,Cut
5,9676629744,-0.5314,0.6786,0.6303,-13.72,8.26,-10.99,Cut
5,9676669749,-0.5007,0.7174,0.5666,-7.91,1.33,-13.93,Cut
5,9676709744,-0.4634,0.7496,0.4992,-8.82,-2.38,-14.91,Cut
5,9676749744,-0.4531,0.7569,0.4531,-10.43,-5.95,-14.56,Cut
5,9676789743,-0.4663,0.7906,0.4172,-5.74,-6.72,-12.11,Cut
5,9676829746,-0.4414,0.7832,0.3872,-3.57,-4.41,-9.94,Cut
5,9676869744,-0.4180,0.7840,0.3748,-0.07,-2.17,-8.61,Cut
5,9676909744,-0.4004,0.8206,0.3726,-3.08,0.35,-7.70,Cut
5,9676949804,-0.3733,0.8220,0.3828,9.45,1.61,-4.83,Cut
5,9676989772,-0.3616,0.7971,0.4077,7.63,1.19,-2.10,Cut
5,9677029813,-0.3609,0.8337,0.3960,13.09,0.42,1.68,Cut
5,9677069774,-0.3697,0.8169,0.4026,12.60,-0.56,4.27,Cut
6,9681639409,-0.0710,0.0483,0.9743,-2.10,7.70,16.10,Cut
6,9681672637,-0.1054,0.0820,0.9780,0.49,8.96,16.31,Cut
6,9681712712,-0.1296,0.1296,1.0050,3.08,8.47,17.29,Cut
6,9681752641,-0.1545,0.1303,1.0819,5.60,6.72,17.08,Cut
6,9681792636,-0.1654,0.1962,1.1361,-16.17,2.03,12.11,Cut
6,9681832633,-0.2072,0.2503,1.1683,-25.55,-6.44,8.54,Cut
6,9681872643,-0.3206,0.2921,1.2466,-35.56,-18.62,9.80,Cut
6,9681912632,-0.4041,0.3030,1.3791,-38.36,-36.40,14.49,Cut
6,9681952691,-0.4780,0.2006,1.5489,-41.02,-61.88,21.84,Cut
6,9681992652,-0.5029,0.3082,1.6968,-66.01,-99.33,24.71,Cut
6,9682032632,-0.6303,0.2884,1.6507,-72.45,-139.58,27.44,Cut
6,9682072650,-0.6603,0.3887,1.5057,-118.44,-174.51,27.30,Cut
6,9682112640,-0.5775,0.3872,1.2898,-127.40,-204.89,33.25,Cut
6,9682152634,-0.4985,0.3404,0.9963,-111.58,-229.04,44.80,Cut
6,9682192630,-0.3462,0.2503,0.6442,-115.08,-241.92,51.59,Cut
6,9682232636,-0.1859,0.3030,0.2833,-93.38,-246.12,51.38,Cut
6,9682272650,-0.2438,0.2211,0.0439,-66.92,-242.97,43.19,Cut
6,9682312654,-0.1889,0.2342,-0.0769,-56.07,-233.10,27.79,Cut
6,9682352656,-0.1054,0.1706,-0.2298,-6.72,-223.72,9.17,Cut
6,9682392640,-0.0176,0.0659,-0.3565,6.72,-219.87,-16.45,Cut
6,9682432649,0.0468,0.0468,-0.5007,16.03,-219.66,-42.77,Cut
6,9682472643,0.0373,0.1464,-0.5790,15.05,-211.75,-71.82,Cut
6,9682512634,0.1098,0.3265,-0.6647,5.04,-184.94,-109.90,Cut
6,9682552648,0.4897,0.3748,-0.8535,31.57,-141.12,-157.08,Cut
6,9682592632,1.1170,0.4787,-1.0409,25.69,-93.73,-206.50,Cut
6,9682632630,1.5167,0.6764,-1.1485,42.84,-28.28,-271.74,Cut
6,9682672646,2.0093,0.9728,-1.2466,48.93,56.84,-346.36,Cut
6,9682712648,2.2436,0.8806,-1.1705,115.57,180.39,-389.34,Cut
6,9682752633,2.5964,0.8462,-1.0329,170.03,338.38,-391.65,Cut
6,9682792631,2.8343,0.6654,-0.9955,262.92,511.70,-316.54,Cut
6,9682832629,2.8672,0.7100,-0.6229,299.39,680.47,-175.42,Cut
6,9682872631,4.7470,0.4963,0.7444,304.64,754.25,1.40,Cut
6,9682912637,5.2755,1.6631,2.0386,393.68,640.85,131.74,Cut
6,9682952671,2.6198,-0.3755,2.5181,349.23,353.71,210.91,Cut
6,9682992637,0.9113,-0.0710,2.1572,159.81,99.75,134.82,Cut
6,9683032687,-0.2899,0.0593,1.7517,31.43,-0.14,51.80,Cut
6,9683072655,-0.6324,0.3850,1.3183,-35.49,-1.54,13.16,Cut
6,9683112638,-0.7598,0.5680,0.9662,-34.02,22.96,3.15,Cut
6,9683152642,-0.6383,0.6537,0.7950,-5.39,48.44,4.20,Cut
6,9683192653,-0.5878,0.6032,0.7452,2.31,57.26,5.60,Cut
6,9683232633,-0.4524,0.6661,0.7422,3.64,54.11,2.87,Cut
6,9683272651,-0.3850,0.6954,0.7510,14.77,43.47,-0.28,Cut
6,9683312651,-0.3360,0.6888,0.7415,7.98,30.24,-2.66,Cut
6,9683352655,-0.3082,0.6917,0.6720,8.26,15.68,-2.52,Cut
6,9683392632,-0.3623,0.7503,0.6522,8.89,6.16,-1.47,Cut
6,9683432652,-0.3594,0.7898,0.6215,10.43,2.24,-0.56,Cut
6,9683472638,-0.3448,0.7313,0.6112,0.63,0.07,1.33,Cut
6,9683512632,-0.3492,0.8403,0.5680,1.61,-0.28,3.50,Cut
6,9683552649,-0.3667,0.7708,0.5461,3.08,-0.49,3.36,Cut
6,9683592633,-0.3506,0.8198,0.5300,3.36,0.00,1.40,Cut
7,9688163416,-0.0710,0.1932,1.0021,11.34,-7.14,7.63,Cut
7,9688195724,-0.0908,0.1852,1.0182,4.90,-10.08,8.33,Cut
7,9688235725,-0.0981,0.2291,1.0153,-4.20,-14.56,8.75,Cut
7,9688275720,-0.1105,0.2423,1.0416,4.55,-17.50,9.59,Cut
7,9688315750,-0.1706,0.1764,1.1295,1.26,-20.65,6.65,Cut
7,9688355730,-0.1940,0.2533,1.2444,-15.75,-26.11,-1.05,Cut
7,9688395723,-0.2108,0.0966,1.3952,-32.97,-38.64,-8.82,Cut
7,9688435719,-0.2606,0.3345,1.5950,-113.33,-73.92,-16.73,Cut
7,9688475725,-0.3279,0.2496,1.5423,-116.06,-117.74,-8.75,Cut
7,9688515726,-0.5388,0.7935,1.4062,-142.52,-157.71,7.00,Cut
7,9688555738,-0.7679,0.5497,1.1771,-119.49,-187.53,28.56,Cut
7,9688595726,-0.7218,0.5556,0.8908,-140.77,-210.98,48.09,Cut
7,9688635721,-0.5805,0.5175,0.5849,-130.97,-224.42,64.82,Cut
7,9688675719,-0.4582,0.3902,0.2313,-115.01,-230.23,70.21,Cut
7,9688715724,-0.3192,0.3477,0.0066,-91.49,-231.21,62.65,Cut
7,9688755719,-0.1728,0.2020,-0.1281,-70.28,-231.77,39.90,Cut
7,9688795718,-0.0271,0.2115,-0.2694,-63.77,-229.74,8.33,Cut
7,9688835725,0.1735,0.3133,-0.4751,-1.33,-226.03,-33.67,Cut
7,9688875720,0.3235,0.0095,-0.5585,5.04,-222.18,-91.00,Cut
7,9688915729,0.5505,0.6515,-0.4853,5.67,-195.23,-153.02,Cut
7,9688955764,0.8799,0.2438,-0.4641,46.55,-127.61,-230.79,Cut
7,9688995725,1.6155,0.7971,-0.6522,49.98,-38.29,-300.16,Cut
7,9689035772,2.4346,0.8564,-0.7884,83.93,87.50,-370.58,Cut
7,9689075748,2.6674,0.7701,-0.7540,166.25,278.18,-401.45,Cut
7,9689115726,3.0715,0.2621,-0.7078,268.31,530.95,-330.96,Cut
7,9689155726,3.5524,0.0161,-0.5966,319.83,753.20,-165.83,Cut
7,9689195720,5.4439,0.4597,0.2137,276.57,887.81,1.96,Cut
7,9689235718,7.6011,2.4581,1.3557,644.91,838.88,211.40,Cut
7,9689275724,4.8839,-1.2385,2.5188,637.42,508.48,481.04,Cut
7,9689315741,1.6023,-0.0176,2.2238,83.93,222.88,353.78,Cut
7,9689355722,0.5863,-0.8301,2.0415,16.66,97.02,204.54,Cut
7,9689395727,0.2628,-0.0769,1.8000,-29.75,37.66,116.48,Cut
7,9689435719,0.0190,-0.1691,1.5914,-10.15,21.00,77.63,Cut
7,9689475718,-0.2416,0.0044,1.3893,-15.75,23.73,58.24,Cut
7,9689515725,-0.2401,0.1120,1.1954,10.01,24.50,53.90,Cut
7,9689555740,-0.3221,0.0622,1.0995,1.96,18.83,48.58,Cut
7,9689595722,-0.3975,0.2891,1.0036,16.66,10.92,40.11,Cut
7,9689635721,-0.3945,0.1135,0.9187,3.99,4.06,27.86,Cut
7,9689675720,-0.4165,0.3506,0.8345,-5.25,-2.52,12.25,Cut
7,9689715718,-0.3938,0.2760,0.7986,4.90,-6.02,-1.12,Cut
7,9689755727,-0.3689,0.3924,0.7957,-15.05,-10.36,-13.79,Cut
7,9689795719,-0.3748,0.4304,0.7759,-8.12,-13.58,-21.49,Cut
7,9689835719,-0.3741,0.4656,0.7584,-15.40,-15.54,-28.21,Cut
7,9689875722,-0.3777,0.6127,0.7283,-4.83,-16.10,-30.66,Cut
7,9689915718,-0.3499,0.6288,0.7108,7.00,-16.52,-28.28,Cut
7,9689955757,-0.3653,0.7342,0.7188,25.27,-16.10,-21.21,Cut
7,9689995736,-0.4414,0.5805,0.7254,7.84,-16.94,-14.14,Cut
7,9690035721,-0.4070,0.7613,0.6749,-4.83,-16.31,-6.79,Cut
7,9690075737,-0.4363,0.6464,0.6661,8.40,-12.81,-1.68,Cut
7,9690115726,-0.4085,0.6969,0.6244,-5.46,-7.28,-0.84,Cut
8,9694755439,-0.0739,0.1127,0.9801,-7.14,-7.07,-2.17,Cut
8,9694786421,-0.0769,0.1318,0.9728,-4.13,-7.49,-1.26,Cut
8,9694826411,-0.0827,0.1193,0.9787,-5.60,-7.07,-0.63,Cut
8,9694866413,-0.1003,0.1479,0.9926,-6.79,-6.09,-0.63,Cut
8,9694906412,-0.1288,0.1398,1.0409,-4.55,-4.34,-0.21,Cut
8,9694946454,-0.1764,0.1771,1.0995,-15.05,-6.09,-0.84,Cut
8,9694986432,-0.2686,0.2020,1.2612,-15.82,-13.02,-0.91,Cut
8,9695026450,-0.4641,0.2269,1.4889,-47.32,-32.34,-4.41,Cut
8,9695066417,-0.5600,0.3433,1.6426,-76.02,-68.04,-1.61,Cut
8,9695106414,-0.6581,0.3060,1.7963,-53.41,-117.81,8.54,Cut
8,9695146411,-0.7562,0.3009,1.6726,-67.97,-169.96,12.81,Cut
8,9695186412,-0.8433,0.1486,1.4786,-83.58,-212.66,12.39,Cut
8,9695226410,-0.7386,0.1142,1.2510,-115.36,-244.37,13.79,Cut
8,9695266409,-0.4890,0.0739,1.0329,-102.97,-262.64,17.22,Cut
8,9695306411,-0.2269,0.1157,0.7166,-110.18,-274.75,12.32,Cut
8,9695346410,-0.0007,-0.0264,0.3353,-73.50,-283.36,2.94,Cut
8,9695386410,0.0893,0.1142,-0.0586,-81.41,-284.55,-12.88,Cut
8,9695426412,0.2752,0.1830,-0.3514,-43.26,-277.62,-29.47,Cut
8,9695466409,0.6420,0.2481,-0.5212,1.75,-260.54,-60.27,Cut
8,9695506408,0.8572,0.2028,-0.7547,67.97,-232.82,-105.21,Cut
8,9695546413,0.7144,0.2921,-0.7942,36.54,-160.79,-187.60,Cut
8,9695586422,1.2978,0.3587,-1.0504,-21.49,-61.60,-290.64,Cut
8,9695626427,1.8717,0.7401,-1.3308,-27.37,23.03,-370.72,Cut
8,9695666421,2.0738,0.6895,-1.1793,85.75,164.15,-395.64,Cut
8,9695706410,3.5766,0.3741,-0.7862,138.18,342.79,-413.07,Cut
8,9695746422,4.2924,0.2438,-0.6515,151.41,509.32,-424.41,Cut
8,9695786412,4.4637,0.3865,-0.7664,195.09,692.58,-410.20,Cut
8,9695826410,7.0045,0.3426,0.1610,296.52,810.53,-288.89,Cut
8,9695866415,6.7395,1.3718,1.7180,549.22,762.16,-53.34,Cut
8,9695906414,4.3430,0.2760,2.1367,530.60,500.50,171.01,Cut
8,9695946454,2.4529,-0.6903,2.2363,382.20,237.51,172.83,Cut
8,9695986437,0.7620,0.4670,2.0730,-106.12,104.09,82.25,Cut
8,9696026415,0.1471,0.5000,1.7107,-7.98,73.57,56.49,Cut
8,9696066418,-0.1728,0.5183,1.5050,3.71,73.57,46.76,Cut
8,9696106411,-0.2342,0.4897,1.3381,17.71,76.16,49.56,Cut
8,9696146412,-0.2730,0.5468,1.1419,-1.89,67.90,49.42,Cut
8,9696186408,-0.2957,0.6456,1.0036,8.33,51.31,42.21,Cut
8,9696226410,-0.3301,0.5775,0.9018,2.17,32.69,32.48,Cut
8,9696266415,-0.2796,0.6786,0.8294,0.00,16.73,19.74,Cut
8,9696306410,-0.3170,0.6083,0.7437,0.77,4.83,10.57,Cut
8,9696346410,-0.2599,0.6939,0.6873,-8.47,-7.07,3.71,Cut
8,9696386413,-0.2796,0.7071,0.6039,-4.48,-14.00,-0.42,Cut
8,9696426410,-0.2847,0.7649,0.5314,-5.74,-17.50,-4.06,Cut
8,9696466408,-0.2994,0.7584,0.4685,-1.12,-14.98,-8.68,Cut
8,9696506413,-0.2650,0.7979,0.4443,-1.96,-13.23,-13.16,Cut
8,9696546408,-0.2518,0.8542,0.4092,3.36,-9.94,-13.30,Cut
8,9696586409,-0.2196,0.8381,0.4143,7.35,-8.96,-12.67,Cut
8,9696626409,-0.1984,0.8828,0.3887,8.68,-9.10,-11.55,Cut
8,9696666408,-0.2064,0.8645,0.3777,7.00,-10.22,-10.08,Cut
8,9696706409,-0.2159,0.9018,0.3623,10.57,-10.85,-9.66,Cut
9,9701519410,-0.1296,0.2569,1.1317,-11.41,-16.87,1.54,Cut
9,9701550793,-0.2130,0.2584,1.1683,-12.11,-23.31,0.14,Cut
9,9701590792,-0.2555,0.2416,1.1771,-23.73,-34.02,-2.73,Cut
9,9701630786,-0.2767,0.2840,1.1968,-11.90,-46.76,-1.40,Cut
9,9701670785,-0.3001,0.2423,1.2700,-28.70,-63.07,-3.57,Cut
9,9701710790,-0.3609,0.2738,1.3710,-33.46,-81.13,-5.32,Cut
9,9701750786,-0.4531,0.2606,1.4867,-65.31,-104.93,-9.87,Cut
9,9701790785,-0.4839,0.3697,1.5116,-83.72,-134.19,-13.02,Cut
9,9701830786,-0.5248,0.2738,1.4018,-109.62,-166.74,-14.98,Cut
9,9701870798,-0.5717,0.4107,1.1419,-114.31,-199.99,-4.97,Cut
9,9701910793,-0.5958,0.1457,0.9018,-100.45,-226.45,5.81,Cut
9,9701950835,-0.5417,0.2569,0.5922,-122.43,-241.78,12.74,Cut
9,9701990808,-0.3697,0.3148,0.3272,-86.80,-244.44,17.71,Cut
9,9702030790,-0.2460,0.2562,0.0593,-58.80,-241.78,12.60,Cut
9,9702070787,-0.0856,0.3418,-0.1698,-9.31,-238.42,-0.98,Cut
9,9702110786,0.1127,0.0461,-0.3448,34.93,-234.64,-26.18,Cut
9,9702150784,0.3814,0.3023,-0.4677,16.24,-233.52,-54.95,Cut
9,9702190790,0.4919,0.2782,-0.5087,59.22,-219.66,-93.31,Cut
9,9702230787,0.4590,0.5446,-0.4773,31.29,-186.06,-140.14,Cut
9,9702270810,0.7020,0.5007,-0.5146,54.25,-114.24,-196.07,Cut
9,9702310807,1.4742,0.6559,-0.7188,42.00,-44.10,-248.36,Cut
9,9702350789,2.0423,0.7247,-0.7913,56.28,43.33,-295.75,Cut
9,9702390792,2.4646,1.0768,-0.8001,137.76,192.64,-326.13,Cut
9,9702430804,2.7040,0.5351,-0.8601,220.43,410.20,-308.21,Cut
9,9702470791,2.8233,0.4773,-1.1061,264.95,609.70,-228.69,Cut
9,9702510786,2.9924,0.4926,-0.9575,288.61,766.71,-87.50,Cut
9,9702550789,5.8963,0.7854,0.4707,394.17,847.28,90.86,Cut
9,9702590786,6.6173,0.6434,2.3395,492.80,664.51,266.98,Cut
9,9702630784,3.4455,-0.4465,2.5518,489.44,324.10,334.81,Cut
9,9702670790,0.8638,-1.1419,2.0496,136.85,53.90,196.42,Cut
9,9702710810,0.0952,0.0630,1.5870,-37.31,-33.04,86.17,Cut
9,9702750791,-0.5153,-0.0066,1.2847,-0.56,-35.35,42.63,Cut
9,9702790793,-0.5812,0.2372,1.0570,-22.19,-14.98,17.15,Cut
9,9702830787,-0.5614,0.3748,0.8733,-7.63,-1.47,4.83,Cut
9,9702870786,-0.5915,0.4253,0.7759,-23.10,7.14,-3.01,Cut
9,9702910797,-0.4736,0.5790,0.6720,-17.36,12.81,-11.55,Cut
9,9702950839,-0.4494,0.6522,0.6551,-20.58,15.68,-16.59,Cut
9,9702990808,-0.3682,0.6822,0.6178,-4.41,17.71,-16.87,Cut
9,9703030805,-0.3155,0.7159,0.6222,0.00,14.07,-16.10,Cut
9,9703070797,-0.2935,0.7203,0.5929,-0.56,9.45,-14.49,Cut
9,9703110813,-0.2899,0.7693,0.5907,3.15,5.67,-11.76,Cut
9,9703150789,-0.2826,0.7832,0.5600,5.74,2.73,-9.80,Cut
9,9703190802,-0.2950,0.7825,0.5775,7.49,0.98,-8.75,Cut
9,9703230789,-0.2789,0.8411,0.5241,-18.76,-1.96,-11.83,Cut
9,9703270805,-0.2869,0.8528,0.4736,-15.40,-3.64,-14.91,Cut
9,9703310793,-0.2657,0.8594,0.4465,-18.90,-3.78,-18.20,Cut
9,9703350807,-0.2335,0.8857,0.4385,-13.16,-1.82,-19.11,Cut
9,9703390789,-0.2101,0.8652,0.4311,-8.54,0.21,-15.61,Cut
9,9703430807,-0.2196,0.8894,0.4275,-3.99,2.66,-8.61,Cut
9,9703470790,-0.2020,0.8960,0.4268,4.69,6.09,-1.96,Cut
10,9708043409,-0.0417,0.1340,0.9282,1.19,-7.49,13.86,Cut
10,9708074418,-0.0893,0.1464,0.9589,3.15,-5.81,13.72,Cut
10,9708114414,-0.1405,0.1588,1.0350,2.59,-2.45,11.55,Cut
10,9708154407,-0.1779,0.1354,1.1368,-3.78,-2.45,7.14,Cut
10,9708194407,-0.2723,0.2935,1.2920,-3.64,-10.78,4.20,Cut
10,9708234412,-0.4926,0.1413,1.5423,4.55,-28.63,5.18,Cut
10,9708274429,-0.5600,0.2240,1.7531,-29.40,-67.83,1.26,Cut
10,9708314413,-0.5980,0.1669,1.8988,-40.39,-119.77,5.88,Cut
10,9708354406,-0.6793,0.1310,1.9091,-50.54,-174.09,13.16,Cut
10,9708394406,-0.7518,-0.0051,1.7707,-65.17,-220.50,15.26,Cut
10,9708434405,-0.6537,0.0483,1.5262,-102.06,-259.56,10.29,Cut
10,9708474410,-0.4150,-0.1625,1.2378,-112.21,-297.57,3.43,Cut
10,9708514405,-0.1318,0.0666,0.8660,-117.39,-326.97,1.89,Cut
10,9708554406,0.0439,-0.0307,0.5475,-52.01,-337.19,-3.15,Cut
10,9708594408,0.2408,-0.0117,0.2094,-37.38,-334.39,-23.87,Cut
10,9708634406,0.4648,0.0344,-0.1215,-12.67,-323.82,-40.18,Cut
10,9708674405,0.7239,0.0842,-0.3675,4.34,-308.21,-62.30,Cut
10,9708714412,0.8674,0.2943,-0.3777,68.04,-279.79,-98.91,Cut
10,9708754406,1.1031,0.1332,-0.3784,21.91,-242.76,-163.45,Cut
10,9708794406,1.3806,0.5131,-0.5505,34.30,-187.46,-227.50,Cut
10,9708834410,2.0401,0.6098,-0.9267,49.14,-111.79,-286.65,Cut
10,9708874407,2.1770,0.8901,-1.0621,163.73,8.26,-329.14,Cut
10,9708914406,2.4851,0.8843,-0.9801,191.52,200.76,-375.13,Cut
10,9708954449,3.2413,0.6039,-0.9362,286.30,442.82,-347.76,Cut
10,9708994432,3.9250,0.1083,-0.9984,254.17,642.95,-263.27,Cut
10,9709034417,3.6593,0.8242,-0.8660,245.28,810.53,-208.25,Cut
10,9709074409,6.2630,0.5622,0.5395,313.95,926.80,-117.04,Cut
10,9709114408,6.6144,1.4091,1.9625,492.87,754.67,72.52,Cut
10,9709154406,3.4602,-0.3741,2.3160,605.43,415.94,277.83,Cut
10,9709194409,1.2971,-0.9084,2.0906,272.44,104.44,207.83,Cut
10,9709234406,0.2364,-0.2701,1.8783,48.23,-21.56,118.37,Cut
10,9709274405,-0.5270,0.1398,1.5167,-22.26,-47.67,78.26,Cut
10,9709314410,-0.7591,0.1120,1.2568,-14.49,-24.99,51.31,Cut
10,9709354405,-0.6961,0.2006,1.0468,-28.84,-2.03,38.29,Cut
10,9709394407,-0.5446,0.2928,0.9414,-13.44,8.82,29.19,Cut
10,9709434410,-0.5461,0.3228,0.9055,-25.06,9.94,19.53,Cut
10,9709474405,-0.5051,0.3902,0.8682,-17.01,5.88,10.64,Cut
10,9709514405,-0.5351,0.4516,0.8081,-14.49,-0.91,1.26,Cut
10,9709554410,-0.5278,0.4641,0.7547,-12.53,-8.47,-6.02,Cut
10,9709594421,-0.5292,0.5219,0.6881,-5.25,-13.86,-11.97,Cut
10,9709634408,-0.5351,0.5461,0.6434,-7.49,-17.29,-16.73,Cut
10,9709674411,-0.5161,0.6105,0.6010,-2.59,-14.91,-18.97,Cut
10,9709714404,-0.4926,0.6376,0.5592,0.07,-13.58,-19.39,Cut
10,9709754406,-0.4824,0.6764,0.5497,3.15,-10.43,-17.22,Cut
10,9709794414,-0.4612,0.6873,0.5270,13.30,-7.91,-14.35,Cut
10,9709834409,-0.4656,0.7020,0.5358,8.89,-6.86,-11.48,Cut
10,9709874407,-0.4612,0.7481,0.5307,17.57,-4.13,-9.17,Cut
10,9709914409,-0.4238,0.7503,0.5556,36.75,-2.59,-7.70,Cut
10,9709954441,-0.4246,0.7225,0.5819,36.96,-3.15,-7.14,Cut
10,9709994429,-0.3880,0.7745,0.5878,55.58,-6.93,-4.69,Cut
11,9714567414,-0.1413,0.3887,0.9457,8.40,-0.63,-3.36,Cut
11,9714598159,-0.1486,0.3931,0.9399,8.96,-1.89,-2.59,Cut
11,9714638145,-0.1669,0.3909,0.9538,9.94,-4.41,-1.89,Cut
11,9714678171,-0.1669,0.4055,0.9684,7.63,-6.93,-0.56,Cut
11,9714718165,-0.1801,0.4085,1.0080,8.54,-10.36,0.84,Cut
11,9714758148,-0.2218,0.4385,1.1053,-1.40,-15.40,0.98,Cut
11,9714798143,-0.3484,0.5080,1.2715,-7.98,-24.22,1.19,Cut
11,9714838179,-0.4319,0.5351,1.5438,-27.30,-42.35,1.61,Cut
11,9714878150,-0.4019,0.5673,1.7217,-50.05,-83.16,1.47,Cut
11,9714918158,-0.4992,0.6163,1.7736,-50.96,-133.98,5.25,Cut
11,9714958180,-0.6061,0.5300,1.6741,-63.07,-181.16,8.75,Cut
11,9714998169,-0.4904,0.4934,1.4413,-78.40,-223.93,10.64,Cut
11,9715038173,-0.2950,0.2811,1.0863,-81.76,-254.80,11.62,Cut
11,9715078148,-0.0754,0.2042,0.6412,-87.22,-273.56,12.95,Cut
11,9715118144,0.0183,0.1889,0.2335,-79.38,-273.84,7.42,Cut
11,9715158152,0.1135,0.2723,-0.0886,-86.59,-261.94,-13.86,Cut
11,9715198144,0.2262,0.3623,-0.3506,-47.60,-245.14,-41.79,Cut
11,9715238145,0.3755,0.3023,-0.5585,-28.00,-228.34,-77.42,Cut
11,9715278150,0.3418,0.3887,-0.6983,-0.35,-206.92,-110.60,Cut
11,9715318142,0.4070,0.3653,-0.7796,1.40,-165.90,-156.87,Cut
11,9715358162,0.7386,0.4758,-0.9048,-1.54,-108.01,-203.91,Cut
11,9715398150,1.2144,0.5278,-0.9970,3.08,-28.35,-243.25,Cut
11,9715438166,1.6682,0.6800,-1.0797,61.39,84.84,-268.59,Cut
11,9715478146,2.2150,0.7701,-0.9216,123.90,226.66,-277.83,Cut
11,9715518158,3.0517,0.6002,-0.5256,202.44,413.98,-258.65,Cut
11,9715558152,3.2669,0.5080,-0.4919,220.71,597.17,-201.39,Cut
11,9715598166,3.1234,0.8242,-0.4429,249.34,753.69,-130.55,Cut
11,9715638152,4.5896,0.4209,0.8140,295.05,810.67,40.39,Cut
11,9715678146,5.6906,0.8001,2.4463,476.42,699.72,244.02,Cut
11,9715718527,4.1805,0.1010,2.5525,519.82,412.44,369.74,Cut
11,9715758162,1.5797,-1.4618,2.2626,295.12,135.87,293.09,Cut
11,9715798147,0.2262,-0.4136,1.7612,46.34,12.60,170.17,Cut
11,9715838166,-0.2423,-0.2723,1.4721,52.08,-7.35,104.93,Cut
11,9715878154,-0.5007,-0.3265,1.3154,5.11,4.34,72.38,Cut
11,9715918145,-0.3828,0.1303,1.1251,19.11,21.98,53.83,Cut
11,9715958160,-0.3206,-0.0900,1.0607,7.21,22.75,43.40,Cut
11,9715998150,-0.3375,0.2518,0.9999,-4.62,14.84,31.01,Cut
11,9716038164,-0.3455,0.1362,0.9553,-5.60,10.36,21.49,Cut
11,9716078148,-0.3806,0.3250,0.9069,-15.89,6.86,11.69,Cut
11,9716118144,-0.3997,0.3155,0.8791,2.80,6.65,3.43,Cut
11,9716158143,-0.3770,0.2972,0.8718,-0.07,5.04,-3.50,Cut
11,9716198144,-0.3858,0.3850,0.8381,-5.39,3.78,-8.40,Cut
11,9716238143,-0.3213,0.3821,0.8089,2.94,2.59,-9.80,Cut
11,9716278143,-0.3616,0.4041,0.8184,3.15,0.77,-10.57,Cut
11,9716318145,-0.3192,0.4224,0.8001,2.66,0.56,-10.08,Cut
11,9716358162,-0.3777,0.4209,0.8147,5.74,2.38,-8.61,Cut
11,9716398161,-0.3477,0.4780,0.8147,5.60,4.06,-8.12,Cut
11,9716438147,-0.3257,0.4795,0.8264,10.36,3.15,-6.23,Cut
11,9716478145,-0.3126,0.4656,0.8330,12.39,1.75,-4.34,Cut
11,9716518142,-0.2906,0.4868,0.8220,12.11,0.14,-1.54,Cut
12,9721195398,-0.1354,0.2255,1.1287,1.68,-0.84,-4.34,Cut
12,9721227898,-0.2401,0.2547,1.3293,0.84,-6.37,-5.04,Cut
12,9721267898,-0.3741,0.4070,1.6111,0.56,-29.47,-2.17,Cut
12,9721307895,-0.5124,0.2394,1.9054,-9.66,-74.41,-1.26,Cut
12,9721347894,-0.5388,0.3382,1.9574,-32.41,-129.22,1.40,Cut
12,9721387900,-0.6200,0.1684,1.8776,-45.36,-178.43,1.96,Cut
12,9721427896,-0.6529,0.1552,1.6236,-69.58,-222.46,2.03,Cut
12,9721467893,-0.4663,0.0315,1.2942,-80.64,-251.79,0.00,Cut
12,9721507893,-0.3096,0.0856,0.9128,-100.87,-270.76,-3.71,Cut
12,9721547891,-0.1749,0.1032,0.4802,-105.07,-278.53,-12.04,Cut
12,9721587893,0.0124,0.1969,0.1113,-91.28,-281.26,-27.79,Cut
12,9721627893,0.1625,0.1105,-0.0791,-70.91,-281.68,-45.85,Cut
12,9721667896,0.2833,0.1047,-0.1837,-84.84,-276.15,-71.61,Cut
12,9721707894,0.3477,0.2042,-0.2452,-92.05,-259.21,-100.80,Cut
12,9721747895,0.5153,0.3748,-0.3784,-73.36,-226.66,-133.70,Cut
12,9721787898,0.7261,0.4904,-0.5058,-25.48,-175.42,-179.97,Cut
12,9721827901,1.0599,0.4985,-0.6581,7.56,-109.27,-241.57,Cut
12,9721867894,1.5811,0.7159,-0.8484,18.69,-19.53,-306.88,Cut
12,9721907895,1.8886,0.9772,-0.9845,108.50,111.30,-365.12,Cut
12,9721947912,2.5166,0.8403,-0.7239,225.19,313.32,-377.16,Cut
12,9721987898,3.2918,0.6178,-0.5680,254.10,540.75,-328.72,Cut
12,9722027895,3.4814,0.6024,-0.8103,288.54,716.24,-211.82,Cut
12,9722067892,4.6826,0.7796,-0.1230,279.86,824.32,-65.52,Cut
12,9722107893,5.8838,1.0197,1.8864,475.37,766.78,149.31,Cut
12,9722147897,5.0567,-0.0432,2.9419,540.61,501.62,330.82,Cut
12,9722187894,2.0467,-1.0673,2.8702,291.20,193.48,293.44,Cut
12,9722227928,0.2899,-0.4304,2.1294,26.95,30.87,153.23,Cut
12,9722267905,-0.3711,-0.1479,1.5496,13.93,-16.45,90.09,Cut
12,9722307895,-0.6024,-0.0278,1.2854,22.82,-22.05,60.76,Cut
12,9722347895,-0.6720,0.1391,1.0614,-4.62,-10.36,46.27,Cut
12,9722387897,-0.6427,0.3858,0.9201,29.75,1.89,38.43,Cut
12,9722427896,-0.5885,0.1947,0.8733,38.64,10.01,32.13,Cut
12,9722467894,-0.5775,0.4333,0.8133,27.09,13.44,23.94,Cut
12,9722507898,-0.4919,0.3938,0.7774,32.55,16.10,17.08,Cut
12,9722547893,-0.4612,0.4590,0.7745,14.28,13.72,9.52,Cut
12,9722587892,-0.3982,0.4809,0.7627,23.59,8.47,3.64,Cut
12,9722627899,-0.4443,0.4546,0.7584,13.16,1.47,-1.96,Cut
12,9722667892,-0.4216,0.4553,0.7474,1.89,-3.29,-6.65,Cut
12,9722707919,-0.4114,0.4985,0.7239,6.44,-5.25,-10.43,Cut
12,9722747901,-0.4107,0.4714,0.7035,-5.53,-5.46,-13.30,Cut
12,9722787895,-0.3828,0.5322,0.6852,1.96,-4.13,-14.77,Cut
12,9722827894,-0.3821,0.4568,0.7056,-1.54,-1.40,-13.58,Cut
12,9722867901,-0.3396,0.5849,0.7005,-8.68,-0.35,-12.88,Cut
12,9722907898,-0.3448,0.5300,0.7020,10.78,-0.28,-10.15,Cut
12,9722947920,-0.3697,0.5695,0.7188,2.94,-1.05,-10.15,Cut
12,9722987900,-0.3762,0.5585,0.7269,11.41,-0.70,-10.78,Cut
12,9723027913,-0.3682,0.5695,0.7327,15.19,0.91,-11.97,Cut
12,9723067906,-0.3667,0.6354,0.7657,19.95,3.71,-14.28,Cut
12,9723107905,-0.2511,0.6881,0.7269,46.48,6.65,-11.90,Cut
12,9723147902,-0.1852,0.5614,0.7913,62.58,2.52,-11.13,Cut
13,9727719404,-0.2862,0.0578,1.4508,-12.74,-81.06,-12.88,Cut
13,9727751897,-0.3536,0.0498,1.4721,-37.80,-96.95,-19.74,Cut
13,9727791897,-0.3653,0.1193,1.5116,-42.84,-120.47,-23.03,Cut
13,9727831894,-0.4831,0.0549,1.5745,-46.62,-146.86,-24.50,Cut
13,9727871892,-0.5841,0.1501,1.4662,-77.14,-175.91,-24.15,Cut
13,9727911894,-0.5139,0.1244,1.2349,-71.89,-203.42,-19.88,Cut
13,9727951903,-0.4853,0.1954,0.9501,-101.29,-234.57,-20.16,Cut
13,9727991909,-0.4868,0.2181,0.5915,-122.01,-251.72,-21.98,Cut
13,9728031898,-0.3038,0.2255,0.2730,-122.22,-254.31,-20.58,Cut
13,9728071894,-0.0871,0.2379,0.0483,-88.55,-249.69,-21.77,Cut
13,9728111895,0.0813,0.1632,-0.1098,-70.35,-243.81,-33.67,Cut
13,9728151899,0.2123,0.1698,-0.2379,-49.84,-236.88,-47.18,Cut
13,9728191891,0.3192,0.2086,-0.3104,-55.72,-227.29,-68.53,Cut
13,9728231889,0.4107,0.2452,-0.3470,-28.28,-207.06,-90.37,Cut
13,9728271893,0.4187,0.5417,-0.4216,-3.85,-174.23,-121.73,Cut
13,9728311890,0.4795,0.4202,-0.4531,40.53,-123.76,-167.09,Cut
13,9728351892,0.7818,0.6193,-0.5680,47.18,-65.66,-211.68,Cut
13,9728391894,1.1653,0.6786,-0.5549,64.26,4.20,-253.33,Cut
13,9728431890,1.7890,1.0299,-0.4619,41.65,64.68,-304.01,Cut
13,9728471891,1.7883,1.4464,-0.3206,145.04,149.73,-338.10,Cut
13,9728511895,2.5642,1.0065,-0.2430,241.01,291.97,-313.74,Cut
13,9728551891,3.3782,0.7891,-0.2035,323.96,464.66,-219.10,Cut
13,9728591892,3.2603,0.6141,-0.2965,327.39,637.98,-45.64,Cut
13,9728631896,3.6190,0.3126,0.1179,335.30,805.14,170.59,Cut
13,9728671890,6.4972,1.2378,1.1917,360.15,819.56,349.86,Cut
13,9728711890,6.1005,0.3155,2.1184,641.69,563.57,534.10,Cut
13,9728751896,2.6037,-1.1134,2.5642,326.83,232.68,518.98,Cut
13,9728791891,0.6215,-0.9589,1.9603,165.27,77.14,360.64,Cut
13,9728831891,0.0534,-1.2049,1.5862,96.46,14.98,253.05,Cut
13,9728871895,-0.1362,-0.9523,1.3586,44.10,-9.10,190.75,Cut
13,9728911892,-0.2313,-1.1602,1.2861,56.56,-18.83,147.70,Cut
13,9728951900,-0.3140,-0.8813,1.1492,1.40,-29.96,103.88,Cut
13,9728991895,-0.4165,-0.8616,1.0577,11.34,-38.78,69.44,Cut
13,9729031898,-0.4919,-0.8103,0.9838,-7.56,-47.74,35.28,Cut
13,9729071897,-0.5409,-0.6010,0.8901,2.94,-51.17,12.11,Cut
13,9729111892,-0.5988,-0.6756,0.8023,8.96,-52.22,-5.46,Cut
13,9729151890,-0.5732,-0.3945,0.7115,-21.56,-53.62,-21.77,Cut
13,9729191895,-0.5922,-0.3250,0.6303,-3.15,-50.89,-33.25,Cut
13,9729231889,-0.5812,-0.2489,0.5739,-25.20,-42.98,-46.13,Cut
13,9729271902,-0.5819,-0.1039,0.4648,-30.59,-37.10,-51.94,Cut
13,9729311898,-0.6830,-0.1032,0.4290,-25.34,-29.61,-52.36,Cut
13,9729351895,-0.7869,0.0066,0.3880,-16.80,-16.17,-50.96,Cut
13,9729391890,-0.8923,0.0454,0.3997,0.28,3.64,-47.32,Cut
13,9729431896,-0.8513,0.0893,0.4311,24.85,23.87,-45.36,Cut
13,9729471889,-0.8711,0.3587,0.4590,36.12,36.61,-45.08,Cut
13,9729511889,-0.5717,-0.0476,0.5746,83.16,42.63,-44.45,Cut
13,9729551892,-0.5043,0.0893,0.7518,-35.00,31.92,-53.20,Cut
13,9729591892,-0.5307,0.3404,0.8352,22.96,29.68,-46.13,Cut
13,9729631890,-0.6017,0.0190,0.8484,10.71,24.85,-39.41,Cut
13,9729671894,-0.6529,0.2621,0.8198,7.49,21.91,-34.72,Cut
14,9734479394,0.0022,0.0871,0.9582,4.76,-0.70,9.24,Cut
14,9734511851,0.0051,0.0813,0.9640,5.11,-0.63,9.45,Cut
14,9734551850,0.0044,0.0878,0.9706,6.65,-0.21,9.38,Cut
14,9734591844,-0.0073,0.0725,0.9831,5.25,1.05,8.12,Cut
14,9734631844,0.0051,0.0878,0.9941,2.87,1.89,6.65,Cut
14,9734671846,0.0059,0.0813,0.9919,5.04,2.52,5.67,Cut
14,9734711870,0.0154,0.0900,1.0021,1.54,3.01,4.48,Cut
14,9734751850,-0.0102,0.1742,1.0160,13.16,3.85,5.39,Cut
14,9734791874,-0.0015,0.0996,1.0878,15.47,3.22,6.58,Cut
14,9734831860,-0.0388,0.2079,1.2071,5.25,-1.33,5.11,Cut
14,9734871848,-0.1230,0.2298,1.2971,8.89,-13.16,4.34,Cut
14,9734911855,-0.2716,0.2708,1.4574,-9.66,-33.81,0.14,Cut
14,9734951857,-0.4707,0.2591,1.6441,-7.28,-60.76,2.24,Cut
14,9734991856,-0.4941,0.2145,1.7685,-55.58,-95.76,1.26,Cut
14,9735031866,-0.5988,0.2994,1.7568,-63.07,-136.71,4.90,Cut
14,9735071850,-0.7027,0.1179,1.6382,-78.89,-179.83,11.34,Cut
14,9735111850,-0.6493,0.1610,1.4369,-94.99,-217.98,12.88,Cut
14,9735151845,-0.5768,-0.0593,1.1558,-123.06,-247.45,8.40,Cut
14,9735191852,-0.3880,0.0886,0.7788,-153.79,-263.97,5.25,Cut
14,9735231855,-0.2394,0.0015,0.4780,-137.76,-264.60,-0.98,Cut
14,9735271845,0.0081,0.1391,0.1896,-121.38,-259.00,-12.46,Cut
14,9735311844,0.1815,0.1076,-0.0520,-89.25,-253.75,-30.31,Cut
14,9735351846,0.3499,0.1998,-0.1867,-62.72,-247.94,-57.33,Cut
14,9735391850,0.5988,0.3170,-0.2555,-40.88,-235.06,-98.35,Cut
14,9735431874,0.6888,0.4634,-0.2972,-10.15,-208.53,-155.75,Cut
14,9735471850,0.8154,0.4246,-0.4473,18.55,-153.23,-236.88,Cut
14,9735511845,1.3081,0.4729,-0.6749,8.82,-74.76,-311.57,Cut
14,9735551851,1.9303,0.9084,-0.8945,59.15,39.69,-374.64,Cut
14,9735591845,2.4654,0.9509,-0.8250,153.16,222.60,-405.37,Cut
14,9735631845,3.4528,0.6420,-0.8103,251.65,479.36,-362.18,Cut
14,9735671847,3.9770,0.3997,-0.9260,296.10,714.56,-226.59,Cut
14,9735711844,4.9154,0.1735,-0.6610,299.74,878.85,-43.89,Cut
14,9735751845,6.8559,0.8608,0.8769,253.75,883.47,68.32,Cut
14,9735791848,6.7856,0.9384,2.3051,645.82,706.86,253.54,Cut
14,9735831847,3.5890,-1.6382,2.6718,679.21,350.14,402.78,Cut
14,9735871843,1.0226,-0.6764,2.1367,-88.20,61.60,224.28,Cut
14,9735911845,0.1566,-0.2137,1.8015,23.59,-10.43,139.72,Cut
14,9735951858,-0.4011,-0.3975,1.4874,7.42,-17.92,86.38,Cut
14,9735991847,-0.5827,-0.0703,1.2971,-9.59,0.56,52.71,Cut
14,9736031849,-0.5446,-0.0791,1.1295,-1.96,16.03,37.66,Cut
14,9736071846,-0.4399,0.2203,1.0204,-13.30,22.12,28.21,Cut
14,9736111846,-0.4363,0.1449,0.9743,6.72,22.68,24.85,Cut
14,9736151844,-0.4377,0.2840,0.9084,-7.84,20.16,16.73,Cut
14,9736191848,-0.4524,0.3038,0.8857,9.03,18.06,10.08,Cut
14,9736231845,-0.4290,0.3426,0.8674,-2.66,14.14,0.00,Cut
14,9736271845,-0.4297,0.3916,0.8572,-0.91,10.71,-8.05,Cut
14,9736311849,-0.3704,0.4377,0.8440,-8.96,6.09,-15.26,Cut
14,9736351845,-0.3499,0.4751,0.8162,-9.17,0.42,-18.41,Cut
14,9736391844,-0.3470,0.5124,0.7906,-2.73,-4.48,-20.23,Cut
14,9736431849,-0.3477,0.5256,0.7598,-4.55,-7.49,-20.09,Cut
15,9741159396,0.0044,0.1076,0.9736,2.10,-0.84,3.01,Cut
15,9741190040,0.0059,0.1208,0.9736,-0.63,-0.63,2.59,Cut
15,9741230052,0.0168,0.1193,0.9662,1.61,-0.42,3.36,Cut
15,9741270011,0.0066,0.1332,0.9662,4.90,-0.28,3.99,Cut
15,9741309984,0.0183,0.1105,0.9743,0.84,0.07,3.43,Cut
15,9741349981,0.0161,0.1281,0.9692,4.27,0.42,3.43,Cut
15,9741389979,0.0102,0.1127,0.9640,0.42,0.49,2.59,Cut
15,9741429985,0.0059,0.1464,0.9662,3.50,0.28,3.15,Cut
15,9741469977,-0.0198,0.1376,1.0124,3.71,0.14,3.85,Cut
15,9741509977,-0.1303,0.2196,1.2019,12.74,-1.26,4.55,Cut
15,9741549976,-0.4663,0.3111,1.6192,3.85,-9.59,0.07,Cut
15,9741589979,-0.6141,0.2738,1.8856,-44.80,-47.04,-7.00,Cut
15,9741629977,-0.7752,0.4041,1.9727,-47.25,-109.13,-1.54,Cut
15,9741669983,-0.8228,0.3367,1.8036,-74.13,-173.46,9.73,Cut
15,9741709975,-0.7210,0.2657,1.5233,-94.71,-217.07,21.35,Cut
15,9741749980,-0.6808,0.1925,1.2686,-122.29,-237.37,23.80,Cut
15,9741789987,-0.5549,0.1852,1.0021,-127.96,-241.64,19.95,Cut
15,9741829977,-0.2621,0.1596,0.8045,-131.32,-243.32,12.53,Cut
15,9741869982,0.0095,0.1640,0.5175,-100.31,-245.91,3.78,Cut
15,9741909992,0.0776,0.0249,0.2577,-87.01,-251.09,-13.86,Cut
15,9741950006,0.1669,0.1208,0.0381,-77.42,-249.90,-41.93,Cut
15,9741989991,0.4429,-0.0190,-0.1332,-66.01,-244.44,-77.49,Cut
15,9742029982,0.7086,0.4033,-0.2921,-56.14,-227.92,-126.63,Cut
15,9742069979,0.9575,0.1647,-0.4385,-2.24,-189.63,-202.58,Cut
15,9742109981,1.4669,0.5944,-0.6661,2.24,-123.48,-293.09,Cut
15,9742149979,2.0518,0.8096,-0.8345,15.19,-9.66,-395.08,Cut
15,9742189978,2.6886,0.9392,-0.7291,146.72,172.20,-455.28,Cut
15,9742229983,3.7098,0.5951,-0.5988,259.91,433.86,-460.46,Cut
15,9742269977,4.5055,0.4809,-0.8213,310.03,689.78,-371.49,Cut
15,9742309977,5.7484,0.2269,-0.7701,367.71,865.06,-149.94,Cut
15,9742349998,7.2570,0.7554,0.7415,291.27,912.45,57.05,Cut
15,9742389990,7.3156,1.0834,1.9164,457.59,808.78,195.16,Cut
15,9742429979,3.5817,-1.3535,2.5152,360.29,486.99,238.84,Cut
15,9742469987,1.3418,-0.0864,2.1352,-31.08,220.22,40.32,Cut
15,9742509977,0.8579,0.0981,1.7941,-16.52,62.09,-67.27,Cut
15,9742549975,0.3880,0.4421,1.5394,4.97,2.87,-93.17,Cut
15,9742589979,0.0132,0.6925,1.0687,3.64,7.00,-60.83,Cut
15,9742629976,-0.4480,0.9699,0.8952,5.04,20.44,-15.47,Cut
15,9742669976,-0.4311,1.0460,0.7042,-2.31,41.23,16.52,Cut
15,9742710014,-0.2562,1.0965,0.6793,38.01,50.96,33.60,Cut
15,9742749982,-0.1874,0.8630,0.6873,42.21,46.41,32.62,Cut
15,9742789977,-0.1325,0.9611,0.6449,19.04,27.79,24.29,Cut
15,9742829981,-0.0959,0.8081,0.6163,27.02,7.07,15.26,Cut
15,9742869976,-0.0783,0.8813,0.5534,0.70,-8.75,5.60,Cut
15,9742909979,-0.0944,0.8703,0.5007,12.25,-16.45,1.54,Cut
15,9742949998,-0.1083,0.8396,0.4436,-1.19,-17.36,-0.91,Cut
15,9742989980,-0.1200,0.9655,0.3799,6.23,-14.28,0.63,Cut
15,9743030015,-0.1200,0.8440,0.3587,21.35,-10.29,3.85,Cut
15,9743070021,-0.1083,0.8938,0.3616,18.90,-8.33,4.69,Cut
15,9743109985,-0.1098,0.8550,0.3704,28.42,-6.09,4.76,Cut
16,9777279403,-0.0673,-0.0220,0.9911,-0.28,-0.63,1.33,Cut
16,9777312954,-0.0659,-0.0059,0.9948,-9.24,-2.10,0.70,Cut
16,9777352954,-0.0944,0.0410,0.9648,-8.68,-2.10,0.98,Cut
16,9777392948,-0.0952,0.0300,0.9538,-1.61,-1.05,2.38,Cut
16,9777432946,-0.1069,0.0190,0.9699,-4.55,-0.21,3.71,Cut
16,9777472951,-0.1098,0.0666,0.9823,-1.19,1.82,4.97,Cut
16,9777512945,-0.1222,0.0300,1.0431,1.40,2.38,5.67,Cut
16,9777552974,-0.1713,0.0703,1.1829,-6.44,-0.70,3.71,Cut
16,9777592957,-0.3170,0.0439,1.3967,5.25,-11.83,4.27,Cut
16,9777632949,-0.4817,0.0739,1.6426,-19.39,-42.14,3.50,Cut
16,9777672946,-0.5980,0.0915,1.7195,-21.63,-85.89,5.32,Cut
16,9777712963,-0.6969,0.0410,1.7158,-34.30,-131.74,6.72,Cut
16,9777752948,-0.7715,-0.0856,1.5445,-59.64,-169.40,2.52,Cut
16,9777792999,-0.7810,-0.0564,1.4172,-82.04,-200.20,-1.68,Cut
16,9777832974,-0.6625,-0.1017,1.1595,-105.84,-224.49,-9.31,Cut
16,9777872956,-0.5146,0.0373,0.8872,-93.17,-243.04,-19.81,Cut
16,9777912959,-0.4048,-0.0783,0.5717,-125.44,-259.77,-37.24,Cut
16,9777952956,-0.3148,0.2064,0.2211,-124.95,-266.91,-52.22,Cut
16,9777992951,-0.2013,0.1998,0.0037,-99.47,-271.46,-66.43,Cut
16,9778032951,0.0578,0.1340,-0.1179,-79.17,-271.60,-80.43,Cut
16,9778072948,0.4172,0.2072,-0.2804,-55.51,-271.32,-91.14,Cut
16,9778112949,0.6054,0.0637,-0.3367,-36.12,-258.02,-114.87,Cut
16,9778152954,0.6303,0.5248,-0.3682,-46.06,-208.74,-176.96,Cut
16,9778192950,1.2261,0.3850,-0.6478,-51.66,-136.43,-260.61,Cut
16,9778232955,2.1309,0.7796,-1.0607,16.66,-59.57,-312.06,Cut
16,9778272965,2.4039,0.8286,-1.0680,121.59,64.05,-378.84,Cut
16,9778312948,2.8189,0.8133,-1.0336,172.90,265.44,-425.74,Cut
16,9778352952,3.0510,0.4311,-1.0980,221.48,509.53,-382.90,Cut
16,9778392966,3.3526,0.3470,-1.2195,258.51,732.48,-271.39,Cut
16,9778432949,5.8231,1.0131,0.4319,252.56,810.60,-107.45,Cut
16,9778472950,5.8333,0.9875,2.5152,574.49,691.39,126.84,Cut
16,9778512950,3.8371,0.2211,2.9097,679.98,372.89,346.43,Cut
16,9778552947,0.7386,-0.9963,2.8577,102.62,71.54,266.42,Cut
16,9778592949,-0.5563,-0.0102,1.9039,0.14,-4.76,168.49,Cut
16,9778632947,-0.9692,-0.2957,1.4413,12.25,-0.98,115.29,Cut
16,9778672946,-0.8286,0.0586,1.1653,-14.49,5.18,78.05,Cut
16,9778712953,-0.8220,-0.0739,1.0651,-1.89,8.68,55.37,Cut
16,9778752948,-0.6573,0.1413,0.9560,-7.84,6.65,34.93,Cut
16,9778792962,-0.6295,0.2115,0.8674,-9.10,-0.42,18.55,Cut
16,9778832976,-0.6361,0.2723,0.8081,-2.52,-5.25,7.21,Cut
16,9778872956,-0.6068,0.3353,0.7071,-9.66,-11.27,-1.89,Cut
16,9778912948,-0.5995,0.3506,0.6215,-11.76,-16.59,-9.80,Cut
16,9778952970,-0.6324,0.4333,0.5717,-6.30,-17.78,-15.82,Cut
16,9778992952,-0.6442,0.4560,0.5292,-5.32,-13.16,-20.30,Cut
16,9779033000,-0.6076,0.5388,0.4963,-1.33,-7.70,-23.03,Cut
16,9779072957,-0.6002,0.5058,0.4634,2.52,-1.68,-22.54,Cut
16,9779112950,-0.5541,0.6317,0.4780,10.15,3.64,-20.79,Cut
16,9779152956,-0.5607,0.5856,0.5051,9.10,7.49,-15.54,Cut
16,9779192950,-0.5322,0.7056,0.5161,7.56,10.22,-9.45,Cut
16,9779232948,-0.5424,0.6617,0.5358,21.84,11.41,-1.40,Cut
17,9783803406,0.0403,0.1984,0.9692,6.86,1.05,6.93,Cut
17,9783837782,0.0293,0.1984,0.9816,5.39,0.49,7.07,Cut
17,9783877754,0.0315,0.2013,0.9721,5.74,0.28,7.14,Cut
17,9783917746,0.0124,0.1998,0.9633,7.63,-0.63,7.63,Cut
17,9783957796,-0.0022,0.1991,0.9743,5.46,-0.77,7.49,Cut
17,9783997772,-0.0351,0.2460,1.0321,11.13,-0.42,9.03,Cut
17,9784037748,-0.1083,0.2277,1.1939,10.29,-2.80,10.01,Cut
17,9784077759,-0.2225,0.2943,1.4186,-7.77,-16.52,10.92,Cut
17,9784117746,-0.4011,0.2130,1.7436,5.25,-49.14,17.92,Cut
17,9784157761,-0.5783,0.4516,1.9552,-35.91,-104.58,25.62,Cut
17,9784197749,-0.7071,0.4473,1.8483,-48.44,-160.30,35.42,Cut
17,9784237745,-0.8462,0.2621,1.6097,-55.93,-208.04,43.54,Cut
17,9784277744,-0.8806,0.2020,1.3264,-88.13,-239.75,45.15,Cut
17,9784317759,-0.7298,0.0659,1.1185,-82.81,-254.10,43.05,Cut
17,9784357746,-0.3594,0.1025,0.8147,-89.39,-255.15,29.82,Cut
17,9784397772,-0.2262,0.0176,0.5256,-36.47,-253.26,10.57,Cut
17,9784437754,-0.0842,-0.0578,0.2840,-43.54,-249.90,-26.88,Cut
17,9784477744,0.0271,0.0564,0.1127,-47.81,-246.89,-58.45,Cut
17,9784517743,0.1896,-0.0161,0.0059,-44.80,-242.48,-86.94,Cut
17,9784557748,0.4063,0.1654,-0.0410,-71.75,-232.96,-120.75,Cut
17,9784597743,0.7181,0.4268,-0.2394,-42.28,-217.49,-150.99,Cut
17,9784637743,0.7335,0.4114,-0.4033,19.25,-190.61,-206.50,Cut
17,9784677748,0.9194,0.5022,-0.5688,15.12,-121.24,-272.93,Cut
17,9784717743,2.0152,0.6127,-0.8645,6.09,-39.27,-342.09,Cut
17,9784757743,2.6374,0.9882,-0.8279,93.94,83.16,-404.25,Cut
17,9784797746,2.7662,0.6244,-0.7547,205.03,295.40,-404.18,Cut
17,9784837758,3.0341,0.3060,-0.9575,293.86,553.42,-325.43,Cut
17,9784877748,3.4646,0.6859,-1.1361,340.27,779.66,-155.68,Cut
17,9784917748,5.7938,0.6039,-0.2115,257.67,904.89,10.92,Cut
17,9784957804,6.8845,0.9516,1.8402,450.87,744.87,157.01,Cut
17,9784997773,3.9330,0.0813,2.9353,585.83,437.29,311.57,Cut
17,9785037801,1.8329,-2.1894,2.4654,359.94,128.31,263.62,Cut
17,9785077762,0.4560,0.4260,1.8293,-42.84,-5.32,130.13,Cut
17,9785117757,-0.6954,-0.2496,1.5123,56.84,-4.27,97.16,Cut
17,9785157746,-0.7518,0.0776,1.2532,-37.17,9.94,73.43,Cut
17,9785197744,-0.6808,0.2416,1.1141,21.49,16.94,65.45,Cut
17,9785237746,-0.5885,0.0381,1.0504,0.21,16.73,52.92,Cut
17,9785277750,-0.5095,0.3353,0.9355,7.00,9.80,39.20,Cut
17,9785317744,-0.5087,0.1859,0.8799,4.90,2.94,24.01,Cut
17,9785357748,-0.4809,0.3850,0.8220,-4.90,-3.85,9.31,Cut
17,9785397776,-0.4780,0.3279,0.7832,-3.85,-9.94,-1.40,Cut
17,9785437747,-0.4941,0.4802,0.7415,-21.63,-14.21,-9.24,Cut
17,9785477788,-0.4817,0.4597,0.7108,-10.57,-13.16,-11.90,Cut
17,9785517762,-0.5300,0.5805,0.6873,-15.61,-9.38,-11.69,Cut
17,9785557747,-0.5095,0.5431,0.6559,-6.51,-3.71,-9.59,Cut
17,9785597747,-0.5000,0.5922,0.6434,3.08,-0.07,-5.74,Cut
17,9785637745,-0.4824,0.5841,0.6288,-10.36,1.47,-5.53,Cut
17,9785677743,-0.4458,0.6229,0.6163,-1.82,1.75,-2.31,Cut
17,9785717747,-0.4509,0.6398,0.6346,6.09,1.40,-1.12,Cut
17,9785757743,-0.4516,0.6156,0.6361,11.48,0.91,0.49,Cut
18,9790331413,-0.1032,0.0937,0.9933,-0.63,-15.82,2.45,Cut
18,9790362635,-0.1186,0.0234,0.9736,3.57,-19.04,2.38,Cut
18,9790402656,-0.1471,0.0571,0.9662,-8.12,-19.95,1.12,Cut
18,9790442632,-0.1479,0.1127,0.9399,1.75,-18.83,3.92,Cut
18,9790482627,-0.2635,0.0586,1.0731,9.66,-15.89,3.50,Cut
18,9790522638,-0.4436,-0.1383,1.3052,-17.43,-17.57,-1.82,Cut
18,9790562629,-0.5161,0.1054,1.5365,-52.50,-37.73,-8.54,Cut
18,9790602628,-0.6215,-0.0022,1.8329,-28.49,-81.69,-11.34,Cut
18,9790642634,-0.7525,0.0359,1.8578,-70.49,-135.66,-20.86,Cut
18,9790682631,-0.7767,-0.0242,1.6316,-77.21,-187.11,-19.04,Cut
18,9790722627,-0.8052,0.1647,1.3418,-114.10,-227.36,-13.30,Cut
18,9790762632,-0.6888,0.0996,1.0475,-88.34,-243.39,-4.13,Cut
18,9790802628,-0.4377,-0.0864,0.7664,-76.37,-247.52,-4.83,Cut
18,9790842644,-0.2357,-0.0527,0.4451,-80.92,-248.92,-12.11,Cut
18,9790882634,-0.1215,0.0381,0.1208,-100.73,-247.45,-25.34,Cut
18,9790922630,0.0534,0.3719,-0.1164,-71.82,-244.86,-46.76,Cut
18,9790962684,0.3162,0.4004,-0.2035,-15.89,-240.31,-85.75,Cut
18,9791002650,0.5614,0.2108,-0.1830,-16.31,-228.13,-143.08,Cut
18,9791042668,0.6932,0.6398,-0.3448,-40.04,-196.84,-212.03,Cut
18,9791082633,1.0175,0.4121,-0.6859,-15.75,-141.89,-278.11,Cut
18,9791122632,1.6067,1.1251,-1.0087,66.08,-51.59,-343.42,Cut
18,9791162628,2.3541,0.8381,-0.9252,68.39,111.58,-422.52,Cut
18,9791202627,2.9317,0.5761,-1.0409,138.18,308.70,-412.30,Cut
18,9791242632,3.2142,0.4172,-1.1785,275.10,547.19,-285.67,Cut
18,9791282626,3.7493,0.3353,-1.1668,270.62,754.53,-89.25,Cut
18,9791322629,6.1883,1.1324,-0.5065,349.93,868.49,111.51,Cut
18,9791362635,7.8895,2.7692,1.8395,602.35,749.63,365.96,Cut
18,9791402651,4.9695,-2.4361,2.8760,714.42,336.84,575.61,Cut
18,9791442633,1.4215,-0.4839,2.2304,36.61,62.16,376.74,Cut
18,9791482640,0.1728,-0.7496,1.7348,-36.89,-4.97,224.28,Cut
18,9791522629,-0.3199,-0.5739,1.5270,-18.41,-3.29,139.93,Cut
18,9791562628,-0.4714,-0.8074,1.3498,-26.04,7.00,89.53,Cut
18,9791602650,-0.5036,-0.3316,1.1924,-33.18,15.05,59.08,Cut
18,9791642632,-0.4048,-0.2628,1.0570,-41.16,16.10,42.84,Cut
18,9791682628,-0.5153,-0.2708,1.0409,3.29,11.13,34.86,Cut
18,9791722635,-0.5285,-0.0403,0.9362,-10.85,5.88,24.71,Cut
18,9791762655,-0.6361,-0.0139,0.8813,-15.68,2.10,15.33,Cut
18,9791802631,-0.6149,0.0791,0.8425,3.99,0.07,7.98,Cut
18,9791842645,-0.6471,0.1574,0.8447,-13.44,0.28,0.35,Cut
18,9791882630,-0.6178,0.2152,0.7935,-5.81,1.54,-3.15,Cut
18,9791922627,-0.6061,0.1662,0.7876,-7.49,2.94,-7.91,Cut
18,9791962660,-0.6083,0.2899,0.7547,-9.87,3.22,-11.20,Cut
18,9792002635,-0.6105,0.2965,0.7364,-7.56,3.36,-15.96,Cut
18,9792042638,-0.5856,0.3279,0.7320,-14.98,1.47,-19.53,Cut
18,9792082627,-0.5585,0.3645,0.7342,-4.76,-0.84,-20.79,Cut
18,9792122628,-0.5431,0.3945,0.7335,-8.54,-3.22,-20.23,Cut
18,9792162631,-0.5490,0.4319,0.7415,-3.36,-5.32,-17.29,Cut
18,9792202629,-0.5607,0.4809,0.7137,0.91,-6.09,-13.65,Cut
18,9792242627,-0.5644,0.4897,0.7188,14.84,-5.11,-9.38,Cut
18,9792282647,-0.5556,0.4560,0.7254,14.00,-3.71,-6.51,Cut
19,9796855392,-0.1808,0.5373,1.2195,20.23,-6.86,2.38,Cut
19,9796887619,-0.2445,0.4275,1.2898,27.16,-18.06,7.84,Cut
19,9796927616,-0.3009,0.5226,1.4428,-5.46,-44.45,14.21,Cut
19,9796967626,-0.3675,0.4904,1.6719,14.63,-80.99,25.69,Cut
19,9797007616,-0.4048,0.3396,1.8944,-40.67,-131.81,24.85,Cut
19,9797047656,-0.5212,0.5109,1.7568,-59.92,-189.07,27.86,Cut
19,9797087616,-0.6207,0.3843,1.5160,-82.95,-244.44,38.85,Cut
19,9797127613,-0.4978,0.3667,1.3081,-18.06,-271.18,51.73,Cut
19,9797167613,-0.3499,-0.0681,0.9457,-18.90,-281.96,31.92,Cut
19,9797207612,-0.2233,0.0659,0.5058,-64.05,-284.06,5.88,Cut
19,9797247617,-0.1025,0.1947,0.1698,-74.34,-275.80,-23.31,Cut
19,9797287610,0.0805,0.2701,-0.0417,-49.28,-261.52,-54.95,Cut
19,9797327610,0.3536,0.2569,-0.2686,-9.31,-246.61,-89.67,Cut
19,9797367616,0.4743,0.3880,-0.3660,-15.89,-225.82,-140.28,Cut
19,9797407630,0.5278,0.2730,-0.3104,15.75,-183.82,-188.65,Cut
19,9797447614,0.8535,0.4531,-0.3909,-24.01,-119.84,-240.94,Cut
19,9797487613,1.3915,0.5146,-0.5666,11.27,-51.03,-289.45,Cut
19,9797527611,1.7912,0.7496,-0.5856,70.00,41.02,-329.63,Cut
19,9797567612,2.1228,0.7891,-0.4941,137.20,201.53,-363.86,Cut
19,9797607611,2.7011,0.6771,-0.4048,212.10,401.45,-330.61,Cut
19,9797647611,3.2032,0.1735,-0.1574,260.82,608.16,-232.61,Cut
19,9797687611,3.8254,0.9553,-0.1713,275.45,748.65,-125.58,Cut
19,9797727613,5.1159,0.0168,1.0226,298.20,748.51,49.00,Cut
19,9797767609,4.4901,1.7634,2.5935,407.61,649.04,187.88,Cut
19,9797807610,3.6666,0.0798,2.5093,584.78,414.75,358.40,Cut
19,9797847625,1.4384,-0.3806,2.3380,194.04,175.70,285.32,Cut
19,9797887615,0.0505,-0.0725,1.8278,-12.04,62.16,175.07,Cut
19,9797927612,-0.3521,0.0900,1.3257,-11.20,24.78,93.17,Cut
19,9797967623,-0.5563,0.0212,1.1610,-46.13,7.21,34.58,Cut
19,9798007612,-0.5095,0.2855,1.0006,-42.28,11.27,4.83,Cut
19,9798047625,-0.3821,0.4978,0.8316,-31.99,13.37,-6.09,Cut
19,9798087624,-0.3199,0.5029,0.7232,-26.04,10.57,-10.08,Cut
19,9798127615,-0.3704,0.6903,0.6383,-19.74,8.05,-8.61,Cut
19,9798167614,-0.3799,0.6434,0.5783,-10.85,8.82,-8.47,Cut
19,9798207612,-0.3660,0.7598,0.5344,-5.60,8.82,-8.19,Cut
19,9798247610,-0.3404,0.7752,0.5336,-5.04,8.26,-8.33,Cut
19,9798287631,-0.3118,0.7986,0.5351,0.84,5.53,-6.44,Cut
19,9798327614,-0.2657,0.8403,0.5146,1.68,2.31,-4.62,Cut
19,9798367617,-0.2730,0.8023,0.4985,9.10,-0.07,-1.33,Cut
19,9798407628,-0.2577,0.8191,0.4787,10.01,-0.84,0.35,Cut
19,9798447613,-0.2547,0.7964,0.4846,7.28,-2.10,0.21,Cut
19,9798487614,-0.2547,0.8213,0.4758,9.80,-1.96,-0.07,Cut
19,9798527613,-0.2525,0.7979,0.4677,10.22,-2.38,-1.68,Cut
19,9798567612,-0.2547,0.8191,0.4729,9.59,-3.15,-2.87,Cut
19,9798607612,-0.2277,0.8374,0.4677,15.96,-3.57,-3.29,Cut
19,9798647612,-0.2233,0.8242,0.4802,15.82,-5.18,-2.66,Cut
19,9798687611,-0.2291,0.8630,0.4948,24.36,-6.79,-0.07,Cut
19,9798727615,-0.2123,0.9062,0.4912,32.20,-7.42,4.90,Cut
19,9798767610,-0.1954,0.9062,0.5256,50.89,-9.31,10.22,Cut
19,9798807609,-0.1596,0.8623,0.5746,78.47,-11.90,15.61,Cut
20,9803379407,-0.0102,0.0564,0.9823,2.87,-2.03,6.93,Cut
20,9803412824,-0.0117,0.0813,0.9633,5.88,-2.80,7.98,Cut
20,9803452805,-0.0242,0.0366,0.9509,8.47,-2.10,8.54,Cut
20,9803492799,-0.0381,0.0351,0.9465,3.36,-0.77,8.96,Cut
20,9803532804,-0.0344,0.0329,0.9457,6.51,0.70,10.15,Cut
20,9803572798,-0.0425,0.0183,0.9801,6.72,2.66,10.08,Cut
20,9803612822,-0.1039,0.0293,1.1507,0.07,2.73,7.00,Cut
20,9803652805,-0.3279,0.0769,1.4779,16.80,-4.20,2.73,Cut
20,9803692799,-0.6464,-0.0717,1.8183,10.57,-37.03,-3.15,Cut
20,9803732798,-0.8550,-0.0717,2.0796,15.19,-94.64,-2.38,Cut
20,9803772803,-0.8367,-0.1442,1.9559,-4.97,-168.00,-3.36,Cut
20,9803812799,-0.7715,-0.1757,1.6734,-7.14,-228.27,0.84,Cut
20,9803852814,-0.7137,-0.2943,1.4318,-7.49,-256.41,-0.63,Cut
20,9803892811,-0.5431,-0.2028,1.2173,-35.42,-262.29,-14.77,Cut
20,9803932803,-0.2547,-0.1786,0.9516,-59.57,-257.46,-37.45,Cut
20,9803972810,0.0498,0.0110,0.5937,-49.28,-252.35,-61.11,Cut
20,9804012802,0.2481,0.1208,0.2694,-14.77,-255.36,-92.61,Cut
20,9804052801,0.3089,0.0249,0.0849,3.29,-257.25,-136.99,Cut
20,9804092809,0.4224,0.1947,-0.0234,-36.05,-253.33,-183.33,Cut
20,9804132800,0.5358,0.4209,-0.0834,-62.79,-235.48,-233.45,Cut
20,9804172803,0.5951,0.5907,-0.2064,-23.31,-192.57,-285.60,Cut
20,9804212798,0.8213,0.7379,-0.6149,20.02,-111.16,-334.67,Cut
20,9804252801,1.5182,0.6244,-0.8652,18.13,21.98,-390.46,Cut
20,9804292827,2.4273,0.8821,-1.1888,61.67,191.80,-409.57,Cut
20,9804332818,3.3152,0.6566,-0.9084,201.32,414.75,-355.18,Cut
20,9804372803,4.1907,0.4597,-0.7854,232.82,633.64,-253.33,Cut
20,9804412824,5.0823,0.3660,-0.8381,268.45,794.36,-97.65,Cut
20,9804452807,6.2820,0.5475,-0.0183,242.97,868.14,51.52,Cut
20,9804492805,7.4657,0.8176,1.8732,417.34,815.92,193.62,Cut
20,9804532799,5.2543,-0.1837,2.7655,629.23,542.99,349.23,Cut
20,9804572804,1.7436,-1.8856,2.5056,320.32,184.45,306.25,Cut
20,9804612800,0.7239,-0.1325,2.0145,-48.09,29.47,133.28,Cut
20,9804652800,-0.0542,-0.2965,1.6287,8.89,1.61,77.84,Cut
20,9804692801,-0.4538,-0.3272,1.4413,6.65,7.91,48.51,Cut
20,9804732799,-0.4714,0.3082,1.1500,-36.33,21.77,32.41,Cut
20,9804772798,-0.4853,0.1091,1.1134,-12.95,34.93,25.69,Cut
20,9804812803,-0.3887,0.4114,1.0248,-24.22,40.11,18.62,Cut
20,9804852817,-0.3382,0.3623,0.9977,1.96,35.49,16.03,Cut
20,9804892801,-0.2994,0.4436,0.9545,3.99,24.50,15.26,Cut
20,9804932802,-0.3257,0.4538,0.9238,8.47,12.39,11.90,Cut
20,9804972816,-0.3433,0.4714,0.8762,-1.05,5.67,6.86,Cut
20,9805012802,-0.3382,0.5644,0.8074,-6.09,-0.49,0.84,Cut
20,9805052810,-0.3484,0.5095,0.7781,1.05,-3.64,-3.08,Cut
20,9805092805,-0.3199,0.6054,0.7254,-12.18,-6.09,-6.79,Cut
20,9805132800,-0.3184,0.5980,0.6976,-2.03,-6.51,-7.63,Cut
20,9805172801,-0.3104,0.6376,0.6603,-9.03,-6.02,-6.86,Cut
20,9805212798,-0.3009,0.6346,0.6588,3.22,-4.83,-3.85,Cut
20,9805252800,-0.2686,0.6464,0.6456,9.87,-3.71,-1.19,Cut
20,9805292798,-0.3045,0.6354,0.6632,16.73,-3.50,2.59,Cut
20,9805332806,-0.2906,0.6690,0.6808,16.87,-2.59,3.08,Cut
21,9810051406,0.0168,0.0659,0.9780,15.54,4.06,8.33,Cut
21,9810084927,0.0044,0.0630,0.9904,10.43,4.69,7.70,Cut
21,9810124924,0.0176,0.0717,1.0021,7.63,5.25,5.39,Cut
21,9810164920,0.0088,0.0827,1.0329,5.74,5.04,3.64,Cut
21,9810204918,0.0015,0.1347,1.0563,12.11,3.50,2.80,Cut
21,9810244923,-0.0754,0.1047,1.2356,29.54,0.63,4.62,Cut
21,9810284920,-0.2591,0.1208,1.5533,7.21,-7.07,0.00,Cut
21,9810324918,-0.4751,0.0630,1.9479,-24.08,-41.79,-1.89,Cut
21,9810364923,-0.6727,0.0044,2.2385,-6.86,-103.81,0.91,Cut
21,9810404919,-0.7035,0.0417,2.1257,-35.91,-176.82,-0.56,Cut
21,9810444919,-0.7532,-0.1640,1.8410,-42.42,-233.03,-1.82,Cut
21,9810484920,-0.6310,-0.1186,1.4647,-101.71,-268.38,-6.58,Cut
21,9810524918,-0.5512,-0.1303,1.0695,-107.66,-275.80,-11.55,Cut
21,9810564922,-0.3924,-0.2840,0.8608,-132.16,-273.63,-20.23,Cut
21,9810604919,0.1047,-0.0029,0.6039,-141.82,-262.43,-28.98,Cut
21,9810644918,0.5161,0.0703,0.3170,-109.13,-260.40,-39.62,Cut
21,9810684943,0.7444,-0.0388,0.0029,-74.69,-267.33,-55.51,Cut
21,9810724920,0.9179,0.2928,-0.2101,-72.80,-274.89,-93.24,Cut
21,9810764921,0.8403,0.2203,-0.4114,6.16,-257.25,-147.28,Cut
21,9810804921,0.8359,0.3433,-0.5431,-3.43,-196.84,-219.24,Cut
21,9810844918,1.1917,0.4290,-0.8074,7.28,-113.96,-288.19,Cut
21,9810884922,1.8088,0.8381,-0.9677,-16.80,-16.45,-353.15,Cut
21,9810924917,2.3073,1.0702,-0.9692,68.04,116.69,-401.45,Cut
21,9810964940,3.0971,0.8821,-0.8191,217.77,322.63,-386.47,Cut
21,9811004981,3.4631,0.8491,-0.7444,256.55,555.38,-304.22,Cut
21,9811044925,3.7420,0.6749,-0.8491,295.82,767.69,-166.25,Cut
21,9811084919,5.9958,0.7664,-0.2445,247.17,874.09,-39.41,Cut
21,9811124922,7.2622,1.5972,1.8512,401.80,810.39,133.77,Cut
21,9811164918,5.0076,-0.4904,2.3300,642.04,570.71,291.41,Cut
21,9811204918,2.2729,-1.6214,2.2421,203.21,210.70,233.31,Cut
21,9811244923,0.6010,0.0849,2.0291,-60.55,48.51,100.03,Cut
21,9811284917,-0.0190,0.1398,1.6814,11.97,7.56,35.49,Cut
21,9811324917,-0.3967,0.1076,1.4010,-6.16,6.93,11.48,Cut
21,9811364925,-0.4326,0.4443,1.2063,-0.28,19.60,10.64,Cut
21,9811404918,-0.3682,0.4795,1.0248,-4.34,29.68,20.02,Cut
21,9811444942,-0.3052,0.5241,0.9501,-5.46,33.67,21.63,Cut
21,9811484966,-0.2379,0.5980,0.8762,0.21,29.96,17.36,Cut
21,9811524927,-0.2533,0.5827,0.8703,7.00,20.93,9.94,Cut
21,9811564919,-0.2189,0.6068,0.7979,0.84,9.17,0.28,Cut
21,9811604938,-0.2123,0.6390,0.7269,-1.89,-0.56,-6.44,Cut
21,9811644922,-0.2020,0.6917,0.6705,-5.81,-7.07,-13.58,Cut
21,9811684918,-0.1757,0.6881,0.6273,-10.01,-9.66,-17.92,Cut
21,9811724924,-0.1625,0.6354,0.5856,-28.91,-12.60,-21.70,Cut
21,9811764935,-0.1332,0.8535,0.5351,-49.56,-18.20,-23.87,Cut
21,9811804917,-0.1647,0.8733,0.4846,-13.65,-15.96,-17.64,Cut
21,9811844932,-0.1837,0.8843,0.4385,2.80,-10.43,-11.34,Cut
21,9811884929,-0.1552,0.8045,0.4385,5.46,-5.18,-5.46,Cut
21,9811924921,-0.1413,0.8952,0.4253,6.30,-0.63,-0.35,Cut
21,9811964932,-0.1083,0.8799,0.4363,11.83,2.94,3.43,Cut
21,9812004922,-0.1164,0.8535,0.4582,17.50,3.92,4.55,Cut
22,9816659406,0.0315,-0.0615,1.0211,-1.68,-0.14,0.70,Cut
22,9816690598,0.0395,-0.0102,1.0438,-6.16,0.14,-0.07,Cut
22,9816730601,0.0593,-0.0161,1.0394,-6.44,-0.70,-1.61,Cut
22,9816770594,0.0483,0.0373,1.0226,-13.86,-2.73,-3.85,Cut
22,9816810593,0.0168,0.0359,1.0182,-3.08,-4.41,-3.78,Cut
22,9816850593,-0.0154,0.0512,1.0497,5.04,-6.79,-1.61,Cut
22,9816890612,-0.0615,0.0102,1.1412,5.32,-10.92,-0.28,Cut
22,9816930595,-0.1991,0.0600,1.3293,16.73,-20.37,-0.14,Cut
22,9816970609,-0.3133,-0.2394,1.5357,6.09,-38.57,-3.57,Cut
22,9817010622,-0.4136,-0.0425,1.7517,-44.45,-59.15,-15.75,Cut
22,9817050602,-0.3396,0.0761,1.6880,-46.55,-82.39,-25.83,Cut
22,9817090596,-0.4685,0.2233,1.5204,-89.88,-115.78,-38.29,Cut
22,9817130595,-0.5417,0.2599,1.3959,-115.36,-150.71,-41.65,Cut
22,9817170597,-0.6222,0.3579,1.2539,-137.55,-185.50,-38.29,Cut
22,9817210592,-0.7115,0.2350,1.0878,-143.29,-211.26,-27.37,Cut
22,9817250600,-0.5958,0.0651,0.9340,-135.24,-227.85,-9.94,Cut
22,9817290596,-0.3067,-0.0066,0.7598,-69.09,-239.89,7.21,Cut
22,9817330593,-0.1061,-0.3118,0.5871,-39.41,-251.65,5.60,Cut
22,9817370621,0.0022,-0.1442,0.3931,-64.82,-249.90,-11.90,Cut
22,9817410598,0.1559,-0.0425,0.1574,-59.36,-235.97,-40.11,Cut
22,9817450593,0.3045,0.2203,-0.0622,-85.75,-215.46,-88.90,Cut
22,9817490593,0.4634,0.3682,-0.2159,-50.40,-190.61,-145.32,Cut
22,9817530598,0.8513,0.3601,-0.3192,-51.38,-158.55,-211.75,Cut
22,9817570594,1.2085,0.6215,-0.3601,-34.44,-116.83,-281.19,Cut
22,9817610592,1.6302,0.6947,-0.5183,15.40,-47.25,-345.80,Cut
22,9817650595,1.9076,1.1156,-0.6749,56.84,56.91,-398.16,Cut
22,9817690593,2.1689,0.9121,-0.7144,225.40,244.65,-399.63,Cut
22,9817730592,2.9324,0.5644,-0.7159,339.57,482.79,-291.62,Cut
22,9817770592,3.7310,0.4597,-0.7437,381.50,690.06,-90.44,Cut
22,9817810592,4.5516,0.3118,-0.3858,341.67,834.33,115.85,Cut
22,9817850603,6.9115,1.8893,0.3953,249.76,864.22,195.37,Cut
22,9817890596,6.6268,-0.5014,1.8249,767.76,616.70,384.65,Cut
22,9817930596,2.9727,-1.3169,2.9265,393.54,258.09,371.14,Cut
22,9817970608,0.8718,-1.6543,2.3204,139.65,36.33,199.43,Cut
22,9818010596,-0.0190,-0.5358,1.8446,-16.59,-40.74,98.00,Cut
22,9818050602,-0.6398,-0.4275,1.3901,23.94,-34.37,71.75,Cut
22,9818090600,-0.7093,-0.4311,1.1397,-4.55,-22.89,49.28,Cut
22,9818130624,-0.6734,-0.0761,0.9377,10.85,-7.70,33.25,Cut
22,9818170608,-0.6024,0.0307,0.8601,-13.65,-0.56,13.51,Cut
22,9818210596,-0.4817,0.0974,0.8081,-10.22,4.62,-1.19,Cut
22,9818250593,-0.4956,0.2284,0.7840,4.41,6.51,-8.89,Cut
22,9818290597,-0.4604,0.3323,0.7379,-0.77,7.42,-15.40,Cut
22,9818330595,-0.4597,0.4268,0.7342,19.32,7.98,-15.61,Cut
22,9818370594,-0.4202,0.4319,0.7452,19.39,6.72,-14.28,Cut
22,9818410595,-0.4026,0.4480,0.7584,4.90,2.66,-13.09,Cut
22,9818450593,-0.3989,0.4743,0.7349,3.71,1.96,-11.20,Cut
22,9818490592,-0.4304,0.5490,0.7283,-0.14,1.82,-10.85,Cut
22,9818530600,-0.3792,0.5388,0.7166,1.12,4.34,-11.62,Cut
22,9818570593,-0.3828,0.5270,0.7159,-3.64,5.11,-12.53,Cut
22,9818610594,-0.3660,0.5724,0.7086,-0.35,6.65,-11.76,Cut
23,9878087404,0.1486,0.1325,0.9538,2.94,-3.43,3.29,Cut
23,9878121726,0.1530,0.1244,0.9648,12.11,-3.08,3.22,Cut
23,9878161697,0.1515,0.0900,0.9758,7.21,-2.94,1.54,Cut
23,9878201694,0.1515,0.1025,0.9838,3.43,-3.15,-0.21,Cut
23,9878241699,0.1369,0.1215,0.9867,10.64,-3.43,-0.21,Cut
23,9878281692,0.0732,0.1135,1.0936,10.92,-5.04,-0.49,Cut
23,9878321691,-0.0322,0.0637,1.3249,21.42,-8.54,0.70,Cut
23,9878361693,-0.1157,0.0908,1.5101,6.51,-26.39,0.00,Cut
23,9878401694,-0.2298,0.0044,1.7180,17.85,-66.43,4.69,Cut
23,9878441693,-0.3975,-0.0095,1.9105,19.53,-117.39,5.11,Cut
23,9878481709,-0.4377,-0.1728,1.9727,-15.61,-160.79,-2.73,Cut
23,9878521694,-0.4202,-0.0403,1.8747,-71.12,-207.90,-12.46,Cut
23,9878561692,-0.2247,0.0007,1.7070,-56.42,-257.60,-23.73,Cut
23,9878601702,-0.1947,-0.1442,1.4428,-53.55,-306.04,-40.88,Cut
23,9878641694,-0.2701,-0.1369,1.1244,-45.50,-329.00,-51.80,Cut
23,9878681695,-0.1962,-0.0615,0.7130,-57.12,-335.58,-61.46,Cut
23,9878721698,-0.0264,0.1047,0.2774,-81.20,-340.13,-65.52,Cut
23,9878761692,0.0952,0.2255,0.0124,-73.85,-337.61,-63.00,Cut
23,9878801692,0.2701,0.2313,-0.1142,-49.21,-323.75,-62.37,Cut
23,9878841694,0.4238,0.2767,-0.2233,-29.33,-301.56,-71.40,Cut
23,9878881693,0.5614,0.3916,-0.3228,6.23,-265.30,-94.99,Cut
23,9878921694,0.5710,0.3667,-0.4824,63.00,-217.84,-141.05,Cut
23,9878961703,0.9348,0.2430,-0.6061,78.40,-151.97,-197.82,Cut
23,9879001694,1.4355,0.3353,-0.6720,85.47,-84.14,-257.18,Cut
23,9879041722,2.1301,0.4721,-0.7056,50.19,1.47,-333.62,Cut
23,9879081697,2.5481,0.8264,-0.7144,147.35,129.08,-381.22,Cut
23,9879121692,3.1937,0.5614,-0.5973,259.14,328.44,-369.67,Cut
23,9879161697,3.6293,0.3477,-0.6361,320.67,548.03,-296.45,Cut
23,9879201693,3.9652,0.3953,-0.8586,311.78,762.79,-178.71,Cut
23,9879241691,6.1612,0.8191,-0.1471,260.12,887.25,-74.55,Cut
23,9879281695,6.8632,1.1024,2.1828,649.67,755.86,157.08,Cut
23,9879321692,3.9521,-0.8945,3.2420,579.67,407.33,335.09,Cut
23,9879361711,1.5899,-0.8769,2.5298,102.69,96.95,210.70,Cut
23,9879401696,0.0930,-0.2130,1.9903,-1.12,-15.61,112.42,Cut
23,9879441695,-0.5431,-0.0366,1.4706,15.19,-25.83,73.22,Cut
23,9879481692,-0.9970,-0.1684,1.2568,-13.30,-8.75,38.78,Cut
23,9879521694,-0.7679,0.1457,0.9933,-34.72,10.99,15.05,Cut
23,9879561691,-0.6361,0.2189,0.9165,-21.77,21.42,-3.99,Cut
23,9879601694,-0.5058,0.4897,0.8316,-19.95,18.90,-17.22,Cut
23,9879641696,-0.5000,0.4582,0.7671,-9.80,14.35,-22.05,Cut
23,9879681692,-0.4209,0.6603,0.6734,-12.95,4.69,-23.45,Cut
23,9879721691,-0.4443,0.6434,0.6449,2.10,-0.35,-19.88,Cut
23,9879761694,-0.4275,0.7957,0.5797,1.33,-2.94,-15.40,Cut
23,9879801691,-0.3975,0.7276,0.5226,20.16,0.28,-6.30,Cut
23,9879841693,-0.3777,0.7832,0.5131,11.41,5.11,-0.42,Cut
23,9879881691,-0.3448,0.7803,0.5219,18.90,7.70,6.72,Cut
23,9879921692,-0.3375,0.7591,0.5461,10.85,7.21,8.75,Cut
23,9879961702,-0.3279,0.7862,0.5380,15.33,4.06,7.98,Cut
23,9880001693,-0.3367,0.6954,0.5395,13.16,2.17,6.23,Cut
23,9880041698,-0.3418,0.7496,0.5300,10.78,1.05,1.89,Cut
24,9884615401,0.0410,0.1296,1.0138,26.11,-1.47,6.58,Cut
24,9884647556,0.0322,0.1288,1.0372,15.61,-3.50,5.74,Cut
24,9884687553,0.0322,0.1566,1.0350,13.65,-4.34,5.81,Cut
24,9884727551,0.0066,0.1603,1.0438,13.30,-5.25,5.81,Cut
24,9884767549,-0.0117,0.1545,1.0673,8.12,-6.79,5.04,Cut
24,9884807553,-0.0212,0.1874,1.0834,5.88,-9.80,4.27,Cut
24,9884847547,0.0425,0.0952,1.0746,-26.53,-22.12,2.94,Cut
24,9884887547,-0.0922,0.4634,1.0965,35.35,-48.72,18.13,Cut
24,9884927548,-0.3902,0.1596,1.3139,37.31,-68.18,20.79,Cut
24,9884967560,-0.5900,0.2196,1.5248,-12.81,-84.98,18.20,Cut
24,9885007596,-0.6764,0.0959,1.7275,-46.06,-109.48,18.55,Cut
24,9885047557,-0.6969,0.1610,1.9230,-62.23,-145.25,17.85,Cut
24,9885087549,-0.6529,-0.0900,1.8446,-84.21,-197.82,16.24,Cut
24,9885127548,-0.6112,-0.0739,1.6038,-90.23,-251.65,21.35,Cut
24,9885167550,-0.5915,-0.2240,1.2686,-105.70,-283.57,23.10,Cut
24,9885207548,-0.3945,-0.2628,0.8682,-108.71,-284.90,23.10,Cut
24,9885247549,-0.1457,-0.3572,0.6090,-115.01,-269.92,17.08,Cut
24,9885287550,0.1003,0.2181,0.0666,-118.86,-257.53,2.17,Cut
24,9885327548,0.1940,0.1837,-0.1647,-21.77,-251.79,-19.04,Cut
24,9885367558,0.2957,0.1523,-0.3477,1.89,-251.30,-64.26,Cut
24,9885407551,0.3250,0.2277,-0.4385,-17.36,-244.86,-120.54,Cut
24,9885447548,0.4670,0.3331,-0.6259,5.74,-221.20,-169.33,Cut
24,9885487547,0.7305,0.3550,-0.7027,20.02,-186.20,-222.46,Cut
24,9885527548,1.0438,0.4685,-0.7239,75.18,-125.79,-273.42,Cut
24,9885567548,1.8022,0.5168,-0.7430,109.83,-32.27,-328.02,Cut
24,9885607553,2.6125,0.5058,-0.5534,181.37,117.32,-380.73,Cut
24,9885647546,2.9983,0.3572,-0.3272,260.05,336.98,-379.33,Cut
24,9885687547,3.1183,0.2891,-0.7576,352.31,608.09,-267.47,Cut
24,9885727546,3.5700,0.2613,-0.9428,371.28,837.69,-77.49,Cut
24,9885767548,6.6429,1.0936,0.0578,424.90,961.80,127.26,Cut
24,9885807547,8.5615,2.5459,1.6368,693.84,776.79,399.98,Cut
24,9885847549,4.9264,-2.5730,2.7560,755.86,275.66,599.27,Cut
24,9885887548,0.9018,-0.5980,2.1660,-7.91,41.58,373.45,Cut
24,9885927548,-0.0783,-1.2993,1.6873,32.55,-4.76,231.70,Cut
24,9885967557,-0.2694,-0.6229,1.3088,-3.01,4.83,142.59,Cut
24,9886007549,-0.3016,-0.5922,1.2349,3.01,16.87,92.54,Cut
24,9886047557,-0.2540,-0.3294,1.1441,6.65,26.39,66.08,Cut
24,9886087549,-0.2284,-0.1954,1.0402,32.55,23.17,56.70,Cut
24,9886127547,-0.2818,-0.1669,1.0109,14.21,10.29,46.48,Cut
24,9886167553,-0.3565,-0.0659,0.9296,13.23,0.98,37.24,Cut
24,9886207549,-0.4033,-0.0278,0.8930,3.08,-3.29,28.28,Cut
24,9886247549,-0.4524,-0.0549,0.8542,19.11,-1.19,20.72,Cut
24,9886287551,-0.4626,-0.0051,0.8389,-3.99,-1.33,8.26,Cut
24,9886327546,-0.4546,-0.0124,0.8564,2.38,0.91,-0.91,Cut
24,9886367546,-0.4516,0.0403,0.8594,3.29,0.98,-10.43,Cut
24,9886407550,-0.4494,0.0637,0.8652,-6.58,0.28,-19.32,Cut
24,9886447547,-0.4509,0.1479,0.8550,-4.90,-0.98,-26.53,Cut
24,9886487547,-0.4458,0.1376,0.8506,-0.14,-1.05,-31.29,Cut
24,9886527545,-0.4458,0.2481,0.8477,-1.89,-2.38,-34.02,Cut
24,9886567548,-0.4436,0.2474,0.8425,-1.68,-2.80,-34.09,Cut
25,9891411402,0.0615,0.2291,1.1741,20.30,-4.69,4.62,Cut
25,9891442722,0.0278,0.0747,1.1675,20.93,-9.45,5.81,Cut
25,9891482717,0.0190,0.1647,1.1588,6.72,-19.18,7.70,Cut
25,9891522716,0.0037,0.2320,1.1727,-1.33,-31.01,6.93,Cut
25,9891562713,-0.1222,0.1713,1.2451,12.25,-43.33,6.51,Cut
25,9891602715,-0.2913,0.0630,1.4464,-16.17,-54.95,2.80,Cut
25,9891642718,-0.4085,0.0117,1.6023,-69.16,-76.30,0.07,Cut
25,9891682714,-0.4582,0.1325,1.7107,-82.39,-117.11,3.22,Cut
25,9891722714,-0.5732,0.0630,1.6968,-83.93,-165.97,5.46,Cut
25,9891762714,-0.6734,0.0373,1.5130,-104.93,-212.31,6.51,Cut
25,9891802712,-0.6647,0.0769,1.2159,-122.50,-243.53,9.03,Cut
25,9891842728,-0.6998,0.0183,0.9582,-132.30,-255.22,7.91,Cut
25,9891882743,-0.4436,0.1398,0.6727,-119.91,-259.28,4.76,Cut
25,9891922718,-0.1889,-0.0212,0.4216,-99.61,-262.85,-4.20,Cut
25,9891962727,0.0088,0.0022,0.1420,-114.94,-268.24,-15.96,Cut
25,9892002715,0.1369,0.1113,-0.0410,-154.00,-271.81,-31.08,Cut
25,9892042715,0.4011,0.2547,-0.2189,-149.94,-271.04,-43.89,Cut
25,9892082718,0.8206,0.3287,-0.2965,-119.42,-268.10,-69.58,Cut
25,9892122713,1.1214,0.6442,-0.4399,-64.26,-254.66,-125.09,Cut
25,9892162713,1.3015,0.2189,-0.5373,86.52,-223.65,-203.14,Cut
25,9892202714,1.6133,0.5248,-0.5497,74.83,-153.02,-304.92,Cut
25,9892242714,2.1923,0.5644,-0.5607,169.82,-21.14,-411.60,Cut
25,9892282712,2.5737,0.6339,-0.5732,313.18,199.99,-465.43,Cut
25,9892322719,2.9631,0.0088,-0.6705,412.65,507.57,-406.98,Cut
25,9892362716,3.8540,-0.3301,-0.7935,388.15,761.18,-265.30,Cut
25,9892402715,5.3026,0.2196,-0.0651,249.62,905.45,-166.88,Cut
25,9892442725,7.4093,1.1500,1.1829,569.94,858.76,-6.86,Cut
25,9892482714,5.4241,0.3953,2.2377,661.22,611.45,248.01,Cut
25,9892522712,2.1301,-0.9531,2.3775,184.59,277.48,251.93,Cut
25,9892562717,0.4487,0.2291,2.1374,-13.51,99.75,116.13,Cut
25,9892602714,0.0095,0.2694,1.6529,-36.12,38.29,41.09,Cut
25,9892642713,-0.4377,0.3126,1.4267,-9.17,11.13,-2.10,Cut
25,9892682714,-0.4451,0.5702,1.1610,-41.23,8.05,-30.17,Cut
25,9892722715,-0.3074,0.6998,0.9113,-52.85,5.18,-40.18,Cut
25,9892762713,-0.2862,0.8535,0.7598,-59.71,-2.31,-37.59,Cut
25,9892802713,-0.3060,1.0058,0.5541,-31.50,-2.80,-28.00,Cut
25,9892842714,-0.2225,1.0138,0.4224,-25.97,-0.21,-20.37,Cut
25,9892882715,-0.1786,1.0277,0.3221,-10.57,2.73,-13.23,Cut
25,9892922715,-0.1669,0.9955,0.2826,-11.62,3.15,-7.63,Cut
25,9892962726,-0.1296,0.9853,0.2716,-9.31,3.15,-3.71,Cut
25,9893002723,-0.1274,0.9948,0.2789,1.33,0.84,-0.98,Cut
25,9893042740,-0.1230,0.9545,0.2877,1.05,-0.42,2.03,Cut
25,9893082717,-0.1076,0.9501,0.2818,6.44,-2.38,4.55,Cut
25,9893122746,-0.1113,0.9245,0.2569,8.12,-2.66,6.72,Cut
25,9893162720,-0.1230,0.9194,0.2489,10.50,-1.89,5.74,Cut
25,9893202717,-0.1179,0.9113,0.2452,7.56,-0.91,2.87,Cut
25,9893242718,-0.1171,0.9106,0.2503,6.23,-0.84,0.14,Cut
25,9893282716,-0.1091,0.9172,0.2628,8.82,-1.33,-1.54,Cut
25,9893322715,-0.1010,0.9121,0.2686,5.81,-2.10,-2.03,Cut
25,9893362715,-0.0878,0.8989,0.2694,6.51,-3.08,-2.24,Cut
26,9898343395,0.0673,0.0688,0.9655,6.86,6.86,0.77,Cut
26,9898374616,0.0703,0.0264,1.0072,6.02,7.42,1.47,Cut
26,9898414616,0.0739,0.1076,1.0431,-0.14,6.51,0.35,Cut
26,9898454650,0.0505,0.0893,1.1090,11.76,3.85,0.42,Cut
26,9898494624,-0.0322,0.0395,1.2144,10.64,-3.01,-0.49,Cut
26,9898534616,-0.1435,0.1340,1.3879,0.00,-15.19,-1.89,Cut
26,9898574613,-0.2716,0.1054,1.6646,-4.69,-41.44,-1.89,Cut
26,9898614611,-0.4048,0.1596,1.9771,-14.63,-84.21,0.63,Cut
26,9898654614,-0.5161,0.0937,2.1367,-2.45,-130.90,4.83,Cut
26,9898694615,-0.5710,0.0059,1.9391,-26.67,-184.03,8.33,Cut
26,9898734610,-0.5153,0.0483,1.6236,-79.24,-227.99,0.91,Cut
26,9898774616,-0.5805,0.0717,1.4040,-114.45,-258.37,-0.35,Cut
26,9898814625,-0.3184,0.0695,1.1544,-72.66,-276.29,5.53,Cut
26,9898854617,-0.0249,-0.2445,0.7788,-82.32,-289.94,-2.52,Cut
26,9898894615,0.1435,-0.0285,0.3353,-103.95,-292.74,-11.55,Cut
26,9898934612,0.2196,0.0673,0.0410,-104.30,-290.43,-31.43,Cut
26,9898974629,0.3638,0.2577,-0.1486,-68.88,-281.54,-63.98,Cut
26,9899014665,0.5043,0.2291,-0.2233,-63.98,-262.36,-114.45,Cut
26,9899054643,0.6032,0.3104,-0.3477,-7.42,-226.03,-175.07,Cut
26,9899094616,0.8623,0.2591,-0.4846,-4.34,-180.60,-239.05,Cut
26,9899134620,1.0921,0.4128,-0.6105,35.14,-107.03,-301.77,Cut
26,9899174611,1.5760,0.7218,-0.8601,70.63,-1.26,-368.41,Cut
26,9899214612,1.9713,0.7686,-0.8850,166.95,150.43,-414.89,Cut
26,9899254612,2.5276,0.5600,-0.7613,208.32,338.45,-420.70,Cut
26,9899294610,3.3196,0.3484,-0.7701,235.20,517.02,-370.30,Cut
26,9899334611,3.3738,0.1157,-0.7393,277.27,667.24,-261.03,Cut
26,9899374618,5.1950,0.2262,0.0249,295.68,779.10,-127.19,Cut
26,9899414610,6.1737,1.5548,1.3835,403.20,693.91,18.83,Cut
26,9899454613,4.0626,-0.5951,2.3160,579.25,463.68,195.30,Cut
26,9899494614,1.7348,-0.5783,2.2912,289.03,169.40,124.60,Cut
26,9899534610,0.6193,0.0344,1.7890,-37.87,0.98,-13.86,Cut
26,9899574611,-0.0366,0.3982,1.2942,-30.24,-34.02,-70.00,Cut
26,9899614612,-0.2313,0.7371,0.9194,-10.57,-28.84,-96.25,Cut
26,9899654612,-0.3213,1.0812,0.5937,-48.86,-3.01,-97.72,Cut
26,9899694613,-0.1706,0.9984,0.3872,-14.07,33.04,-72.31,Cut
26,9899734611,0.0029,1.1917,0.2782,-17.15,58.66,-42.98,Cut
26,9899774618,0.1881,1.2517,0.3521,11.90,65.80,-16.87,Cut
26,9899814617,0.3550,1.0760,0.4216,12.18,53.41,-2.03,Cut
26,9899854611,0.3719,1.1141,0.3843,14.77,28.63,4.97,Cut
26,9899894611,0.3038,0.9992,0.3682,24.78,4.13,8.12,Cut
26,9899934612,0.2525,1.0146,0.3001,10.36,-10.99,5.95,Cut
26,9899974625,0.1845,0.9919,0.2335,13.30,-13.16,7.42,Cut
26,9900014612,0.1493,0.9340,0.2042,9.94,-6.72,10.36,Cut
26,9900054617,0.1728,0.9428,0.2064,10.99,0.70,13.86,Cut
26,9900094612,0.2159,0.8974,0.2401,17.15,6.65,16.94,Cut
26,9900134610,0.2342,0.8762,0.2577,11.41,5.32,14.42,Cut
26,9900174612,0.2467,0.9033,0.2518,6.16,0.49,9.52,Cut
26,9900214611,0.2342,0.8711,0.2438,5.11,-4.62,5.11,Cut
26,9900254610,0.2101,0.9238,0.1976,-0.70,-7.14,0.77,Cut
26,9900294614,0.2006,0.9121,0.1742,-1.40,-6.30,-0.77,Cut
27,9904903393,0.0988,-0.0190,1.0036,1.54,2.94,4.55,Cut
27,9904936833,0.0856,0.0293,1.0094,2.24,2.59,5.11,Cut
27,9904976851,0.0651,-0.0037,1.0255,6.93,2.66,8.89,Cut
27,9905016872,0.0315,0.0520,1.0995,8.61,0.14,11.83,Cut
27,9905056841,-0.1588,0.0300,1.3205,21.91,-7.98,13.86,Cut
27,9905096840,-0.3587,-0.1911,1.6990,-18.90,-30.73,11.41,Cut
27,9905136830,-0.4590,-0.1083,2.1426,-24.15,-73.08,6.16,Cut
27,9905176828,-0.3997,-0.2189,2.2333,-55.30,-140.56,-1.19,Cut
27,9905216831,-0.3192,-0.1003,2.0313,-54.25,-209.51,1.33,Cut
27,9905256829,-0.3133,-0.1171,1.7180,-50.68,-265.44,1.82,Cut
27,9905296831,-0.2891,0.0688,1.3820,-66.85,-291.06,-2.24,Cut
27,9905336829,-0.3287,-0.1984,1.0314,-61.04,-298.83,-14.77,Cut
27,9905376828,-0.1940,-0.0659,0.6983,-79.66,-305.83,-27.30,Cut
27,9905416833,0.0505,-0.0022,0.4648,-57.89,-307.09,-40.11,Cut
27,9905456828,0.2760,0.0220,0.2006,-28.00,-303.52,-58.80,Cut
27,9905496828,0.4407,0.1530,-0.0249,-22.54,-300.23,-86.94,Cut
27,9905536832,0.5431,0.2284,-0.1925,2.80,-287.21,-126.56,Cut
27,9905576829,0.5775,0.2804,-0.2913,22.26,-255.92,-177.38,Cut
27,9905616830,0.8037,0.2862,-0.3777,-38.36,-211.47,-238.21,Cut
27,9905656830,1.3000,0.5768,-0.6346,-28.00,-158.20,-289.45,Cut
27,9905696828,1.8776,0.5607,-0.8550,41.65,-90.51,-327.60,Cut
27,9905736829,1.9310,0.9274,-1.0431,134.47,26.67,-364.00,Cut
27,9905776832,2.0738,0.9787,-1.0438,230.79,215.95,-373.45,Cut
27,9905816828,2.2816,0.7371,-0.8323,298.90,447.58,-308.84,Cut
27,9905856830,2.8167,0.3213,-0.9113,296.94,654.71,-203.35,Cut
27,9905896841,3.9528,0.3433,-0.7218,288.75,775.95,-82.74,Cut
27,9905936830,6.0705,1.2056,0.4626,367.92,774.48,47.18,Cut
27,9905976848,4.7785,-0.1479,2.1206,433.93,572.95,182.28,Cut
27,9906016831,2.9800,-0.1252,2.1843,414.12,332.57,199.15,Cut
27,9906056829,1.3425,-0.8089,2.0869,276.57,116.83,118.44,Cut
27,9906096831,0.3601,-0.4150,1.7268,21.07,28.14,28.49,Cut
27,9906136828,-0.2364,0.5036,1.3220,-36.19,8.40,-8.61,Cut
27,9906176830,-0.3726,0.2789,1.1090,-25.48,18.55,-17.50,Cut
27,9906216829,-0.4114,0.9018,0.8769,-34.86,29.47,-13.16,Cut
27,9906256828,-0.2562,0.6661,0.8235,-2.66,43.89,0.28,Cut
27,9906296832,-0.1383,0.8908,0.7788,-7.77,47.95,9.45,Cut
27,9906336828,-0.1010,0.7466,0.7942,24.01,43.61,19.39,Cut
27,9906376828,-0.0798,0.7679,0.7832,16.73,33.60,19.67,Cut
27,9906416832,-0.0608,0.6903,0.7723,15.26,18.97,13.93,Cut
27,9906456842,-0.0710,0.7100,0.7174,3.78,6.86,4.90,Cut
27,9906496831,-0.0974,0.6969,0.6873,-0.49,-0.91,-2.59,Cut
27,9906536833,-0.0769,0.7598,0.6244,-12.95,-4.06,-9.38,Cut
27,9906576827,-0.0673,0.7613,0.5827,-9.10,-4.55,-11.20,Cut
27,9906616827,-0.0505,0.7964,0.5519,-7.14,-2.45,-10.01,Cut
27,9906656830,-0.0154,0.8550,0.5314,-2.45,0.63,-6.02,Cut
27,9906696833,-0.0132,0.8125,0.5402,6.86,3.50,-1.96,Cut
27,9906736829,0.0132,0.8037,0.5395,7.49,4.27,0.00,Cut
27,9906776832,0.0154,0.8074,0.5439,8.26,3.01,0.70,Cut
27,9906816827,0.0124,0.7847,0.5358,-1.26,1.26,-0.77,Cut
27,9906856828,0.0205,0.8601,0.5270,0.63,0.91,-1.96,Cut
28,9914267403,-0.6032,0.4099,1.7473,-111.16,-149.87,-3.43,Cut
28,9914299315,-0.4787,0.0761,1.6609,-25.69,-182.84,3.50,Cut
28,9914339308,-0.5007,-0.0798,1.5218,-58.73,-218.12,-0.21,Cut
28,9914379305,-0.5197,-0.0022,1.2488,-84.00,-244.65,-0.56,Cut
28,9914419307,-0.5519,-0.0132,0.9736,-105.35,-255.15,-4.55,Cut
28,9914459305,-0.4172,0.0556,0.6464,-130.48,-257.81,-8.05,Cut
28,9914499307,-0.1640,0.1501,0.2935,-95.55,-256.55,-7.35,Cut
28,9914539309,0.0549,0.0066,0.0344,-73.43,-258.86,-14.84,Cut
28,9914579307,0.1515,0.1003,-0.1237,-68.53,-260.68,-27.02,Cut
28,9914619305,0.2708,0.1398,-0.2028,-38.15,-254.80,-45.57,Cut
28,9914659308,0.3213,0.0944,-0.2416,-13.93,-241.64,-77.00,Cut
28,9914699310,0.3719,0.1105,-0.3455,-22.68,-220.43,-115.15,Cut
28,9914739325,0.4209,0.2957,-0.5197,4.27,-186.20,-154.28,Cut
28,9914779315,0.5856,0.3206,-0.6720,36.89,-145.67,-197.75,Cut
28,9914819307,0.8111,0.4970,-0.7642,58.17,-93.24,-239.19,Cut
28,9914859305,1.1514,0.6251,-0.7950,105.56,-21.28,-274.96,Cut
28,9914899307,1.7173,0.7371,-0.6895,153.86,77.98,-309.68,Cut
28,9914939306,2.6147,0.7196,-0.4458,242.69,218.96,-315.77,Cut
28,9914979348,3.5648,0.4795,-0.2928,320.32,409.64,-283.22,Cut
28,9915019311,4.1299,0.4070,-0.2035,343.21,617.12,-202.58,Cut
28,9915059328,4.7221,0.3309,-0.4860,347.76,834.33,-87.57,Cut
28,9915099308,6.9123,0.2050,0.1288,265.93,946.75,52.43,Cut
28,9915139311,8.4897,0.7452,1.2371,315.70,845.18,123.62,Cut
28,9915179307,5.4644,0.1618,1.9479,618.17,614.32,273.21,Cut
28,9915219325,2.3585,-0.8542,2.3556,251.58,337.33,256.62,Cut
28,9915259308,1.1595,-0.4407,2.1206,112.56,174.86,162.82,Cut
28,9915299305,0.7642,-0.4934,1.9669,121.59,83.37,122.71,Cut
28,9915339308,0.3499,-0.3492,1.7297,62.02,38.64,95.69,Cut
28,9915379308,0.0556,-0.2708,1.5716,40.74,31.08,86.87,Cut
28,9915419309,-0.0300,-0.0754,1.3937,22.12,32.34,80.15,Cut
28,9915459314,-0.1120,0.0117,1.2466,38.57,28.84,73.99,Cut
28,9915499306,-0.1259,0.0037,1.1807,42.49,20.51,60.69,Cut
28,9915539304,-0.1537,0.0425,1.1251,35.70,12.18,42.84,Cut
28,9915579309,-0.1903,0.0666,1.0533,14.91,4.76,22.96,Cut
28,9915619306,-0.2181,0.1603,1.0043,10.08,-1.68,4.13,Cut
28,9915659305,-0.2445,0.2247,0.9750,-0.98,-6.37,-10.92,Cut
28,9915699308,-0.2255,0.2547,0.9560,-7.91,-7.56,-21.42,Cut
28,9915739325,-0.2167,0.3265,0.9231,-5.60,-9.66,-25.69,Cut
28,9915779308,-0.2137,0.3206,0.9135,-4.13,-9.59,-26.18,Cut
28,9915819312,-0.2291,0.4597,0.8777,2.24,-9.45,-24.78,Cut
28,9915859308,-0.2269,0.3711,0.8703,9.52,-6.93,-21.70,Cut
28,9915899306,-0.1859,0.4487,0.8425,2.17,-6.09,-20.37,Cut
28,9915939307,-0.1889,0.4260,0.8330,7.84,-5.74,-18.83,Cut
28,9915979345,-0.1874,0.4253,0.8367,4.34,-6.16,-18.76,Cut
28,9916019310,-0.1867,0.4582,0.8301,3.01,-6.37,-20.02,Cut
28,9916059315,-0.2028,0.4575,0.8301,2.38,-6.58,-20.93,Cut
28,9916099321,-0.1845,0.4473,0.8330,8.54,-5.88,-19.95,Cut
28,9916139307,-0.1662,0.4634,0.8235,8.82,-4.97,-18.97,Cut
28,9916179307,-0.1398,0.4531,0.8235,11.34,-4.62,-18.90,Cut
28,9916219321,-0.1449,0.4846,0.8067,7.63,-4.48,-18.83,Cut
29,9965243404,0.0351,0.0571,1.0336,-18.20,3.85,-0.21,Cut
29,9965274736,0.0461,0.1801,1.0036,-24.29,3.29,-1.82,Cut
29,9965314732,0.0564,0.1420,0.9728,3.29,2.45,0.42,Cut
29,9965354726,0.0542,0.1054,0.9765,-3.85,-0.35,0.49,Cut
29,9965394728,0.0637,0.1530,0.9560,5.25,-1.54,2.24,Cut
29,9965434730,0.0447,0.1010,0.9670,11.06,-1.47,3.36,Cut
29,9965474726,0.0410,0.1237,0.9589,4.41,-0.14,2.73,Cut
29,9965514724,0.0395,0.1376,0.9677,8.12,1.75,3.08,Cut
29,9965554730,0.0088,0.1017,1.0365,13.86,2.17,3.99,Cut
29,9965594726,-0.0351,0.2181,1.2517,17.57,-1.82,5.67,Cut
29,9965634727,-0.2811,0.0161,1.6287,11.55,-22.26,8.96,Cut
29,9965674730,-0.5161,0.3579,1.9947,-23.03,-73.64,14.63,Cut
29,9965714725,-0.6983,0.1515,2.2194,-4.48,-137.06,26.67,Cut
29,9965754725,-0.7422,0.2335,2.1052,-34.02,-201.25,39.06,Cut
29,9965794731,-0.6903,-0.1618,1.8681,-31.99,-256.34,42.77,Cut
29,9965834725,-0.4868,-0.1391,1.4296,-134.89,-292.60,34.58,Cut
29,9965874726,-0.2028,0.0483,1.1405,-113.61,-313.74,27.86,Cut
29,9965914727,-0.1259,-0.2130,0.7876,-108.22,-329.07,3.15,Cut
29,9965954773,-0.0534,0.0651,0.4421,-111.93,-329.63,-12.11,Cut
29,9965994752,0.0044,0.1735,0.1376,-58.52,-316.47,-26.60,Cut
29,9966034730,0.3989,-0.0915,-0.0410,-16.24,-307.30,-46.20,Cut
29,9966074728,0.4063,-0.0359,-0.1771,-23.17,-308.07,-58.59,Cut
29,9966114732,0.4194,0.3206,-0.2423,13.51,-299.39,-74.76,Cut
29,9966154728,0.4773,0.2042,-0.2115,49.28,-265.37,-120.75,Cut
29,9966194725,0.6830,0.2686,-0.3880,38.57,-219.03,-184.94,Cut
29,9966234730,1.2224,0.3558,-0.6603,28.42,-173.18,-240.59,Cut
29,9966274725,1.7217,0.5644,-0.8015,116.83,-104.02,-289.59,Cut
29,9966314724,2.4573,0.7042,-0.8974,180.60,-0.56,-343.07,Cut
29,9966354731,2.8424,0.9845,-0.9179,350.98,182.49,-365.68,Cut
29,9966394725,3.4038,0.4582,-0.8762,354.55,449.54,-327.95,Cut
29,9966434729,3.9491,0.1742,-1.0512,380.73,690.55,-199.15,Cut
29,9966474730,4.9644,0.2460,-0.6793,372.05,855.05,-21.21,Cut
29,9966514725,6.9035,1.2847,1.1163,555.66,864.92,236.04,Cut
29,9966554724,6.1927,-0.5885,2.4881,648.55,591.08,462.98,Cut
29,9966594729,2.9236,-1.4413,2.6096,365.61,211.61,425.04,Cut
29,9966634724,0.6873,-1.0124,2.0935,17.57,11.48,252.07,Cut
29,9966674725,-0.1449,-0.9435,1.6770,16.17,-38.36,150.50,Cut
29,9966714759,-0.8389,-0.6873,1.4230,-24.36,-40.60,89.46,Cut
29,9966754731,-0.8484,-0.6017,1.1873,-10.36,-22.12,48.58,Cut
29,9966794725,-0.7569,-0.1427,1.0219,-18.48,-14.49,29.12,Cut
29,9966834733,-0.7605,-0.1288,0.9216,-4.69,-12.67,18.62,Cut
29,9966874724,-0.8337,0.0608,0.8418,-24.85,-13.51,9.38,Cut
29,9966914726,-0.7767,0.1340,0.7218,-12.32,-14.63,3.08,Cut
29,9966954763,-0.7913,0.1874,0.6625,-19.74,-15.47,-4.97,Cut
29,9966994748,-0.7547,0.2950,0.6156,-9.87,-14.91,-11.34,Cut
29,9967034748,-0.7642,0.3162,0.5673,-14.84,-14.42,-15.54,Cut
29,9967074732,-0.6859,0.3733,0.5358,-8.75,-11.27,-16.17,Cut
29,9967114750,-0.6859,0.3887,0.5190,-7.77,-7.63,-14.56,Cut
29,9967154730,-0.6683,0.4421,0.5022,-5.04,-4.06,-12.74,Cut
29,9967194733,-0.6698,0.4311,0.4948,-2.10,-0.77,-12.67,Cut
30,9971767407,0.0051,0.0732,0.9853,0.77,-0.14,1.33,Cut
30,9971801618,0.0044,0.0849,0.9728,4.97,1.33,3.15,Cut
30,9971841609,0.0205,0.0717,0.9560,7.35,4.20,4.69,Cut
30,9971881609,0.0359,0.0820,0.9531,14.00,6.79,5.46,Cut
30,9971921610,0.0512,0.0403,0.9597,9.66,6.51,4.41,Cut
30,9971961620,0.0337,0.0966,1.0189,11.55,4.97,3.22,Cut
30,9972001648,-0.0271,0.1186,1.2005,17.43,0.00,1.33,Cut
30,9972041612,-0.2664,0.1222,1.6397,3.50,-14.56,-2.10,Cut
30,9972081608,-0.5651,0.1911,2.0577,-26.81,-60.34,-4.13,Cut
30,9972121609,-0.8059,0.1230,2.2106,-29.75,-137.62,1.47,Cut
30,9972161605,-0.8938,0.0447,2.0994,-63.35,-221.34,6.30,Cut
30,9972201606,-0.8206,-0.0447,1.7136,-86.10,-281.75,17.43,Cut
30,9972241609,-0.6698,-0.1808,1.3615,-145.11,-307.30,26.88,Cut
30,9972281608,-0.4509,0.0922,1.0299,-141.19,-306.67,45.22,Cut
30,9972321607,-0.0630,-0.1230,0.7005,-126.77,-298.90,46.76,Cut
30,9972361609,0.0988,0.1552,0.2569,-92.61,-289.10,41.30,Cut
30,9972401606,0.2079,0.1340,0.0542,-20.93,-287.84,17.08,Cut
30,9972441609,0.3009,0.0264,-0.0571,40.11,-280.84,-18.34,Cut
30,9972481606,0.4194,-0.1435,-0.2218,-47.25,-275.66,-77.91,Cut
30,9972521607,0.6083,0.4736,-0.5417,-84.56,-265.72,-117.88,Cut
30,9972561611,0.7056,0.3594,-0.7357,4.34,-251.30,-167.65,Cut
30,9972601607,0.8857,0.3543,-0.6573,24.50,-212.94,-235.48,Cut
30,9972641606,1.5884,0.3916,-0.7130,47.60,-157.22,-309.26,Cut
30,9972681612,2.3417,0.6010,-0.7225,70.42,-87.15,-387.10,Cut
30,9972721606,2.6520,0.6537,-0.6529,222.67,45.43,-434.28,Cut
30,9972761605,2.6916,0.2716,-0.7247,369.04,292.67,-426.58,Cut
30,9972801611,2.5115,0.1581,-1.0211,457.24,583.73,-327.04,Cut
30,9972841605,4.1299,-0.1669,-0.8960,420.84,804.86,-156.03,Cut
30,9972881606,6.6224,1.3989,0.9055,460.67,836.85,47.04,Cut
30,9972921607,5.9914,0.0395,2.1601,738.01,628.11,312.55,Cut
30,9972961629,2.5430,-0.5644,2.3958,193.27,300.09,279.16,Cut
30,9973001616,0.7679,0.3836,1.9837,-72.45,99.61,127.19,Cut
30,9973041616,0.1618,0.1566,1.6858,-22.19,30.80,40.74,Cut
30,9973081608,-0.2072,0.4260,1.4611,12.60,11.97,-0.28,Cut
30,9973121609,-0.2994,0.4707,1.1485,-52.22,12.04,-18.62,Cut
30,9973161611,-0.4297,0.7686,0.8894,-14.70,20.44,-8.26,Cut
30,9973201627,-0.4670,0.7444,0.7466,-24.92,29.47,-3.71,Cut
30,9973241612,-0.3989,0.8506,0.6822,15.26,36.05,4.62,Cut
30,9973281621,-0.3506,0.8499,0.6471,16.17,35.91,11.13,Cut
30,9973321618,-0.2555,0.8301,0.6303,19.32,30.59,14.63,Cut
30,9973361617,-0.2408,0.8418,0.6010,22.54,21.21,15.89,Cut
30,9973401612,-0.2335,0.7979,0.5658,20.16,14.00,12.25,Cut
30,9973441606,-0.2277,0.8176,0.5351,13.93,7.91,7.00,Cut
30,9973481605,-0.2079,0.7554,0.5131,11.13,3.50,1.68,Cut
30,9973521607,-0.2167,0.8477,0.4963,7.14,0.70,-1.61,Cut
30,9973561612,-0.2137,0.8008,0.4809,8.12,-0.14,-1.19,Cut
30,9973601608,-0.1962,0.8982,0.4663,12.18,0.70,1.05,Cut
30,9973641613,-0.2167,0.8316,0.4677,17.92,2.10,5.60,Cut
30,9973681606,-0.1786,0.8359,0.4634,23.31,1.82,8.68,Cut
30,9973721606,-0.1947,0.7854,0.4795,24.99,0.91,8.82,Cut
31,9978295442,-0.0432,-0.0915,1.0599,5.04,-2.31,4.97,Cut
31,9978328693,-0.0366,0.0271,1.0350,-14.42,-4.27,3.15,Cut
31,9978368670,-0.0102,0.0454,1.0241,2.17,-7.84,5.67,Cut
31,9978408670,-0.0300,-0.0059,1.0167,-6.72,-13.30,6.09,Cut
31,9978448668,-0.0593,0.0329,1.0372,-0.77,-15.19,7.00,Cut
31,9978488666,-0.1127,-0.0117,1.1178,-8.40,-15.89,3.78,Cut
31,9978528682,-0.2350,0.1091,1.2005,-17.57,-21.98,0.14,Cut
31,9978568669,-0.3331,-0.3565,1.4186,-35.28,-45.43,-2.73,Cut
31,9978608665,-0.6383,0.6661,1.6382,-120.96,-93.24,-1.61,Cut
31,9978648682,-0.7613,0.2020,1.7436,-76.30,-132.72,11.90,Cut
31,9978688690,-0.8528,0.3228,1.7092,-108.29,-165.83,22.19,Cut
31,9978728670,-0.8747,0.2181,1.5987,-78.19,-195.86,36.26,Cut
31,9978768668,-0.7723,-0.0747,1.3857,-82.53,-223.58,40.32,Cut
31,9978808665,-0.5212,-0.0227,1.1126,-87.36,-244.23,39.83,Cut
31,9978848667,-0.2957,-0.1200,0.7649,-74.90,-257.60,24.64,Cut
31,9978888669,-0.2079,-0.0900,0.4055,-100.17,-266.28,4.27,Cut
31,9978928667,-0.0637,0.3301,0.1596,-61.18,-265.23,-15.26,Cut
31,9978968679,-0.0366,0.2196,-0.0447,21.42,-259.70,-39.62,Cut
31,9979008684,0.2525,-0.1222,-0.1779,28.84,-253.82,-83.02,Cut
31,9979048670,0.3499,0.2723,-0.3331,-27.86,-251.23,-121.38,Cut
31,9979088666,0.4568,0.1837,-0.3967,1.47,-239.54,-153.09,Cut
31,9979128671,0.4392,0.5219,-0.4099,-24.36,-211.26,-194.46,Cut
31,9979168666,0.6390,0.4809,-0.5183,24.78,-160.02,-240.10,Cut
31,9979208672,1.2605,0.5080,-0.7130,12.74,-99.33,-287.49,Cut
31,9979248665,1.7861,0.7320,-0.9450,118.93,-18.83,-312.41,Cut
31,9979288666,2.2860,0.7745,-0.9121,209.58,121.66,-340.90,Cut
31,9979328664,2.8987,0.5739,-0.8660,281.05,331.94,-344.26,Cut
31,9979368665,3.1944,0.3704,-1.1624,341.04,572.04,-258.30,Cut
31,9979408664,3.3269,0.1896,-1.2825,351.26,782.04,-107.94,Cut
31,9979448669,5.7638,0.5505,-0.0659,370.23,898.80,92.26,Cut
31,9979488666,8.2599,1.5694,1.1924,627.69,820.26,354.62,Cut
31,9979528691,5.6972,-1.4955,2.0467,754.39,416.08,578.55,Cut
31,9979568669,1.5211,-1.3278,2.0840,126.77,100.52,377.79,Cut
31,9979608686,0.2460,-1.2942,1.8629,101.64,-11.20,197.89,Cut
31,9979648676,-0.2525,-1.1280,1.6792,-54.60,-44.59,97.02,Cut
31,9979688665,-0.5263,-0.6420,1.4940,-34.37,-30.03,52.78,Cut
31,9979728668,-0.4824,-0.6039,1.2825,-73.29,-19.67,25.62,Cut
31,9979768668,-0.5431,-0.2577,1.1185,-56.70,-14.21,13.72,Cut
31,9979808664,-0.6178,-0.1252,1.0167,-43.19,-9.17,6.72,Cut
31,9979848666,-0.6515,-0.0220,0.9245,-35.63,-5.81,1.33,Cut
31,9979888667,-0.6712,0.0586,0.8425,-16.59,-4.55,-1.40,Cut
31,9979928664,-0.6566,0.1113,0.8133,-17.71,-3.57,-3.43,Cut
31,9979968679,-0.6339,0.2247,0.7847,-18.55,-2.52,-6.16,Cut
31,9980008699,-0.6076,0.2782,0.7401,-4.90,-1.40,-7.98,Cut
31,9980048669,-0.5775,0.2796,0.7327,-3.99,-2.38,-10.71,Cut
31,9980088665,-0.5402,0.3623,0.7203,-6.86,-3.01,-13.02,Cut
31,9980128668,-0.5109,0.3748,0.7093,-1.96,-3.57,-13.02,Cut
31,9980168664,-0.5205,0.4041,0.6961,-1.68,-3.15,-11.69,Cut
31,9980208664,-0.5212,0.4268,0.6815,-0.98,-2.66,-10.99,Cut
31,9980248669,-0.5226,0.4282,0.6778,4.69,-1.61,-10.71,Cut
32,9984823398,-0.1786,-0.1859,1.2407,30.73,35.98,12.88,Cut
32,9984855868,-0.1449,-0.1288,1.3791,16.94,27.65,9.80,Cut
32,9984895862,-0.0900,-0.1391,1.4406,15.82,7.98,7.07,Cut
32,9984935859,-0.0886,-0.1318,1.3557,5.60,-12.95,3.01,Cut
32,9984975872,-0.0900,-0.0139,1.1551,2.03,-32.06,0.07,Cut
32,9985015861,-0.0834,-0.0425,0.9084,1.61,-43.19,-1.19,Cut
32,9985055858,-0.0234,0.0007,0.6734,-10.22,-42.84,-2.45,Cut
32,9985095860,-0.0747,0.0908,0.5124,-13.93,-27.51,-5.46,Cut
32,9985135859,-0.1786,0.1296,0.4970,-5.95,-0.56,-8.89,Cut
32,9985175860,-0.3653,0.1208,0.6822,19.39,34.44,-9.24,Cut
32,9985215857,-0.3894,0.0081,1.0292,29.75,52.08,-2.45,Cut
32,9985255858,-0.5900,0.0183,1.6133,28.28,28.49,8.33,Cut
32,9985295861,-0.7554,-0.2035,2.2202,29.12,-31.22,13.30,Cut
32,9985335859,-0.8645,-0.0952,2.3424,-15.68,-117.11,10.78,Cut
32,9985375858,-1.0036,-0.4670,2.0474,18.76,-193.76,9.17,Cut
32,9985415860,-1.1295,-0.6251,1.6360,-38.01,-255.71,-3.64,Cut
32,9985455977,-0.8725,-0.8821,1.4172,-24.64,-290.71,-0.56,Cut
32,9985495874,-0.4458,-0.7891,1.1668,-64.05,-296.94,-13.30,Cut
32,9985535881,-0.0622,-0.3016,0.8169,-57.82,-288.54,-34.86,Cut
32,9985575863,0.1157,-0.1113,0.3704,-5.67,-278.67,-68.81,Cut
32,9985615860,0.2298,0.1896,0.0534,19.95,-266.63,-112.49,Cut
32,9985655861,0.3872,0.2313,-0.1691,61.11,-250.60,-161.28,Cut
32,9985695858,0.6661,0.1647,-0.2269,18.97,-236.74,-222.81,Cut
32,9985735862,0.8528,0.2350,-0.1823,-59.01,-219.80,-284.76,Cut
32,9985775860,1.2993,0.5732,-0.2386,-147.07,-204.47,-349.65,Cut
32,9985815858,1.9852,1.0416,-0.6654,-93.38,-188.79,-395.43,Cut
32,9985855858,2.2546,1.0687,-0.8865,99.33,-123.83,-425.81,Cut
32,9985895859,2.5378,0.9267,-0.7130,262.71,49.28,-456.96,Cut
32,9985935857,2.9602,0.8894,-0.5439,359.03,331.10,-434.00,Cut
32,9985975887,4.0267,0.0827,-0.6149,454.65,658.63,-251.37,Cut
32,9986015863,5.2199,0.1815,-0.6625,373.31,892.92,-25.76,Cut
32,9986055868,7.9993,1.6236,0.6595,322.91,988.61,139.65,Cut
32,9986095862,7.5235,-0.3616,2.6923,592.76,788.06,324.45,Cut
32,9986135858,3.8869,-0.7232,3.2977,290.99,429.80,306.32,Cut
32,9986175860,1.3278,-0.7013,2.9141,8.68,168.49,119.21,Cut
32,9986215861,0.0630,-0.3199,2.3439,-54.32,46.69,-9.87,Cut
32,9986255857,-0.3638,0.1405,1.7736,-77.00,4.06,-49.98,Cut
32,9986295864,-0.5051,0.4575,1.2978,-52.57,-2.24,-36.89,Cut
32,9986335878,-0.4290,0.9794,0.9560,-83.44,6.37,0.21,Cut
32,9986375860,-0.6647,0.9816,0.7679,12.04,24.01,43.26,Cut
32,9986415866,-0.6046,1.0197,0.6917,9.66,34.93,56.28,Cut
32,9986455859,-0.4985,0.7276,0.6654,38.99,32.34,50.61,Cut
32,9986495856,-0.3726,0.8154,0.7035,18.90,22.75,33.88,Cut
32,9986535877,-0.2796,0.6669,0.6771,9.45,5.18,19.95,Cut
32,9986575861,-0.2972,0.7181,0.6237,-2.17,-10.08,7.70,Cut
32,9986615859,-0.3331,0.7027,0.5307,-3.71,-20.09,0.49,Cut
32,9986655864,-0.3565,0.8162,0.4670,-11.34,-22.33,-2.38,Cut
32,9986695863,-0.3645,0.7891,0.4268,-10.78,-22.75,-0.21,Cut
32,9986735857,-0.3850,0.8264,0.3799,-0.42,-19.67,5.25,Cut
32,9986775859,-0.3726,0.8015,0.3448,5.46,-14.63,9.17,Cut
33,9991351403,0.0490,0.0066,0.8769,23.94,-16.38,13.02,Cut
33,9991383252,0.0095,-0.0329,0.7693,23.24,-19.74,17.43,Cut
33,9991423244,-0.0249,-0.0015,0.6478,26.32,-16.66,21.07,Cut
33,9991463246,-0.1340,-0.0168,0.7035,36.26,-5.60,21.84,Cut
33,9991503247,-0.2511,-0.0944,0.9560,41.37,8.61,16.94,Cut
33,9991543261,-0.3631,-0.0359,1.5672,23.94,-0.14,6.09,Cut
33,9991583247,-0.5336,-0.5087,2.3417,63.21,-57.75,-5.39,Cut
33,9991623262,-0.8264,-0.3945,2.4515,-31.92,-155.12,-21.98,Cut
33,9991663246,-1.0219,-0.3872,2.0306,-42.49,-237.79,-21.77,Cut
33,9991703242,-1.0592,-0.4209,1.5562,-98.49,-281.82,-16.10,Cut
33,9991743269,-0.8499,-0.3404,1.3593,-90.93,-291.83,-2.17,Cut
33,9991783250,-0.3719,-0.5710,1.1990,-43.05,-288.47,-8.68,Cut
33,9991823252,0.0542,-0.4377,0.8952,-31.85,-293.93,-38.57,Cut
33,9991863244,0.2401,-0.2664,0.5043,25.06,-294.98,-76.72,Cut
33,9991903242,0.2994,-0.1010,0.2072,16.03,-289.73,-138.95,Cut
33,9991943273,0.3762,0.0754,0.0154,-9.66,-274.96,-194.67,Cut
33,9991983268,0.5812,0.2145,-0.1449,-64.40,-251.30,-245.70,Cut
33,9992023256,0.9318,0.6756,-0.3023,-90.02,-218.47,-289.66,Cut
33,9992063247,1.2839,0.6120,-0.5102,-42.98,-174.37,-332.50,Cut
33,9992103243,1.5848,0.7964,-0.6932,32.48,-107.17,-369.74,Cut
33,9992143245,1.8483,0.8279,-0.7196,118.58,0.21,-412.79,Cut
33,9992183249,2.6762,0.9831,-0.6551,204.19,170.45,-439.67,Cut
33,9992223243,3.6937,0.2401,-0.4531,366.73,428.82,-366.94,Cut
33,9992263252,4.2207,0.0871,-0.6639,401.03,698.25,-176.68,Cut
33,9992303246,4.9154,0.2430,-0.5490,389.20,890.89,43.89,Cut
33,9992343242,7.8229,1.0058,1.0087,410.97,932.68,261.10,Cut
33,9992383246,8.0015,0.4099,2.9441,778.12,696.50,516.39,Cut
33,9992423242,3.4192,-2.4500,3.0114,374.71,239.96,492.38,Cut
33,9992463242,0.7386,-0.4341,2.1521,-46.83,18.13,267.96,Cut
33,9992503245,-0.1157,-0.9501,1.7963,59.64,-33.81,145.95,Cut
33,9992543260,-0.6361,-0.6200,1.4150,-57.40,-37.59,75.74,Cut
33,9992583244,-0.6756,-0.5153,1.1785,-18.27,-15.19,36.75,Cut
33,9992623248,-0.5995,-0.1113,1.0585,-59.01,-2.59,15.33,Cut
33,9992663250,-0.5622,0.0315,0.9567,-20.93,4.20,3.36,Cut
33,9992703244,-0.6332,0.0461,0.8974,-22.40,7.56,-3.92,Cut
33,9992743245,-0.6156,0.2987,0.8030,-22.96,6.44,-11.41,Cut
33,9992783243,-0.6354,0.2555,0.7759,-10.78,4.41,-15.12,Cut
33,9992823241,-0.5871,0.4011,0.7444,-10.64,1.40,-19.11,Cut
33,9992863244,-0.5856,0.4033,0.7349,-6.02,0.28,-18.41,Cut
33,9992903243,-0.5139,0.5065,0.7042,-3.22,-1.40,-15.05,Cut
33,9992943261,-0.5344,0.4934,0.6778,8.26,-2.59,-9.80,Cut
33,9992983251,-0.5307,0.4941,0.6617,11.83,-1.47,-6.09,Cut
33,9993023245,-0.5161,0.5014,0.6442,11.48,0.14,-4.27,Cut
33,9993063247,-0.5029,0.5241,0.6471,9.38,1.05,-3.99,Cut
33,9993103243,-0.4846,0.5226,0.6522,7.84,1.47,-5.46,Cut
33,9993143243,-0.4677,0.5402,0.6595,9.73,1.05,-6.65,Cut
33,9993183243,-0.4502,0.5512,0.6639,3.71,0.00,-9.45,Cut
33,9993223247,-0.4370,0.5614,0.6573,11.06,-0.28,-9.87,Cut
33,9993263245,-0.4063,0.5314,0.6368,18.20,0.56,-10.78,Cut
33,9993303251,-0.4319,0.5131,0.6193,20.09,1.40,-12.95,Cut
34,10030419405,-0.0673,0.0630,0.7986,8.54,51.52,-2.94,Cut
34,10030453722,-0.0264,0.1237,1.0299,44.94,58.52,-2.10,Cut
34,10030493716,0.0461,-0.1706,1.3454,58.87,45.15,-0.49,Cut
34,10030533716,-0.0285,-0.1171,1.5226,22.19,13.65,-3.22,Cut
34,10030573716,-0.0468,-0.0769,1.4113,9.17,-15.33,-4.90,Cut
34,10030613715,-0.0922,-0.0132,1.1749,-6.58,-34.72,-6.16,Cut
34,10030653716,-0.0974,0.0542,0.8835,-23.59,-38.29,-5.04,Cut
34,10030693737,-0.0717,0.1449,0.6830,-24.22,-22.19,-2.24,Cut
34,10030733725,-0.0483,0.1954,0.5878,-7.56,6.16,-2.87,Cut
34,10030773714,-0.1061,0.2167,0.7342,3.36,38.57,-7.07,Cut
34,10030813735,-0.1808,0.0908,1.1880,14.98,54.67,-8.96,Cut
34,10030853721,-0.2664,0.0769,1.8893,-38.92,16.31,-10.50,Cut
34,10030893715,-0.4473,0.3309,2.3497,-18.55,-67.62,9.24,Cut
34,10030933716,-0.6822,0.1281,2.2992,-19.67,-155.19,27.79,Cut
34,10030973754,-0.9252,0.0717,1.8022,-37.59,-218.19,40.88,Cut
34,10031013749,-1.0277,-0.3133,1.4984,-98.91,-263.97,40.46,Cut
34,10031053724,-0.6573,-0.0937,1.3352,-127.33,-292.11,42.56,Cut
34,10031093717,-0.1925,-0.4011,1.2049,-76.16,-313.18,27.23,Cut
34,10031133716,-0.0622,-0.2569,0.8630,-102.62,-317.03,-8.82,Cut
34,10031173741,0.1742,-0.0242,0.5256,-69.93,-310.94,-38.01,Cut
34,10031213718,0.3294,0.0490,0.1669,-49.63,-303.59,-66.15,Cut
34,10031253717,0.3850,0.1369,-0.0966,-20.09,-296.52,-89.95,Cut
34,10031293715,0.4370,0.2196,-0.3565,-35.63,-285.18,-117.11,Cut
34,10031333734,0.4355,0.4787,-0.4634,-16.94,-266.77,-142.66,Cut
34,10031373727,0.5549,0.3821,-0.6141,10.50,-233.10,-180.95,Cut
34,10031413714,0.9640,0.5783,-0.8279,10.43,-199.29,-220.99,Cut
34,10031453736,1.3725,0.6149,-0.8872,45.57,-150.92,-258.79,Cut
34,10031493725,1.7092,0.6830,-0.8857,97.93,-64.33,-300.79,Cut
34,10031533714,2.1938,0.7986,-0.8462,200.76,82.39,-332.22,Cut
34,10031573726,2.7267,0.2474,-0.7056,283.71,313.88,-329.98,Cut
34,10031613718,3.0898,0.1135,-0.7986,268.10,567.70,-295.54,Cut
34,10031653714,4.0999,0.1157,-0.9926,279.51,758.45,-227.78,Cut
34,10031693714,6.1159,0.2006,0.6244,311.78,817.53,-90.72,Cut
34,10031733716,5.5969,1.6931,2.6110,440.79,728.63,35.70,Cut
34,10031773714,3.8833,0.7854,2.8812,462.07,498.54,197.33,Cut
34,10031813733,1.5533,-0.3587,2.6213,155.19,222.25,192.64,Cut
34,10031853722,0.3858,0.4128,2.0350,55.02,85.54,133.07,Cut
34,10031893715,-0.1889,-0.0264,1.6214,18.83,24.29,86.24,Cut
34,10031933714,-0.6786,0.3594,1.2180,-14.56,12.53,46.83,Cut
34,10031973749,-0.6734,0.3938,0.9999,-14.77,19.81,22.68,Cut
34,10032013732,-0.5131,0.5153,0.8791,-22.40,24.78,6.23,Cut
34,10032053722,-0.4231,0.6625,0.7810,-12.46,23.45,1.40,Cut
34,10032093716,-0.4370,0.6061,0.7232,5.11,21.42,2.73,Cut
34,10032133714,-0.4121,0.6976,0.6771,-4.62,12.04,4.48,Cut
34,10032173715,-0.4238,0.7291,0.6090,5.32,5.25,4.69,Cut
34,10032213714,-0.4319,0.7261,0.5666,-3.99,-0.07,1.33,Cut
34,10032253713,-0.4202,0.7796,0.5256,2.10,-3.43,-0.35,Cut
34,10032293720,-0.3960,0.7386,0.4978,-4.62,-5.46,-1.19,Cut
34,10032333733,-0.3645,0.7957,0.4641,-0.56,-7.00,-1.19,Cut
34,10032373717,-0.3689,0.7393,0.4451,2.59,-7.07,0.07,Cut
35,10036947494,0.0044,0.1010,1.2224,32.41,50.75,-1.12,Cut
35,10036981450,-0.0007,-0.1823,1.3081,36.54,40.67,-3.08,Cut
35,10037021483,0.0081,-0.1969,1.4494,-15.40,17.36,-15.96,Cut
35,10037061444,-0.1135,0.0037,1.6294,-30.10,-23.45,-25.20,Cut
35,10037101441,-0.3067,-0.1823,1.9142,-39.55,-72.59,-28.84,Cut
35,10037141451,-0.3689,0.0432,1.9632,-62.58,-128.80,-28.98,Cut
35,10037181436,-0.3579,-0.0315,1.9405,-25.69,-189.49,-18.83,Cut
35,10037221435,-0.3777,-0.2913,1.8754,-63.56,-243.95,-17.92,Cut
35,10037261440,-0.4707,-0.3177,1.5848,-98.56,-281.12,-12.88,Cut
35,10037301438,-0.3755,-0.1735,1.2320,-100.52,-294.00,-0.14,Cut
35,10037341458,-0.2650,-0.1581,0.9150,-98.42,-293.23,1.19,Cut
35,10037381444,-0.1588,-0.0527,0.5556,-73.99,-284.20,-11.27,Cut
35,10037421436,-0.0578,0.0534,0.3323,-27.58,-275.45,-32.83,Cut
35,10037461434,0.0081,0.2101,0.0922,5.88,-262.85,-68.04,Cut
35,10037501442,0.1230,0.0051,-0.0593,22.26,-251.93,-103.81,Cut
35,10037541434,0.2708,0.2423,-0.2277,-28.14,-246.68,-139.51,Cut
35,10037581435,0.3521,0.3309,-0.2635,-40.88,-236.39,-170.73,Cut
35,10037621438,0.4392,0.5717,-0.3528,-51.73,-208.18,-204.05,Cut
35,10037661434,0.8118,0.4926,-0.4904,-9.45,-169.19,-235.76,Cut
35,10037701434,1.1580,0.6295,-0.6412,12.74,-130.41,-258.09,Cut
35,10037741436,1.2722,0.7100,-0.6873,93.03,-58.24,-283.08,Cut
35,10037781434,1.6690,0.5995,-0.7679,176.82,62.65,-310.24,Cut
35,10037821457,2.0994,0.4656,-0.7078,268.31,244.44,-310.31,Cut
35,10037861445,3.2801,0.0483,-0.3294,302.47,483.35,-273.28,Cut
35,10037901436,4.6087,-0.3777,-0.7276,219.24,702.94,-232.82,Cut
35,10037941457,5.8121,0.4473,-0.8520,312.76,836.43,-146.51,Cut
35,10037981471,6.8193,-0.0886,0.7488,369.25,848.61,7.77,Cut
35,10038021447,6.2901,0.7342,2.8907,430.15,697.62,136.50,Cut
35,10038061446,3.6900,-0.2115,3.2252,523.60,440.37,226.17,Cut
35,10038101438,1.3095,-1.2598,2.8533,86.31,135.73,114.31,Cut
35,10038141437,0.2796,0.2269,2.0496,-93.80,-4.83,14.42,Cut
35,10038181441,-0.4648,0.4319,1.3835,-13.44,-28.49,-7.70,Cut
35,10038221435,-0.7422,0.4714,1.0716,-24.50,-9.03,-9.73,Cut
35,10038261444,-0.6925,0.7942,0.7752,-0.63,25.27,3.64,Cut
35,10038301439,-0.5014,0.7774,0.7056,4.83,50.40,14.56,Cut
35,10038341455,-0.2664,0.8052,0.6822,31.01,53.55,16.17,Cut
35,10038381453,-0.1786,0.8228,0.6610,5.53,43.68,10.22,Cut
35,10038421465,-0.1728,0.8111,0.6200,14.07,26.67,5.25,Cut
35,10038461440,-0.2115,0.8389,0.5878,-1.26,9.66,2.24,Cut
35,10038501437,-0.2174,0.8096,0.5366,-2.59,-2.73,0.70,Cut
35,10038541436,-0.2284,0.8294,0.4985,-5.25,-8.19,-0.07,Cut
35,10038581437,-0.2211,0.8169,0.4363,-11.27,-7.21,-0.49,Cut
35,10038621437,-0.1969,0.8930,0.3872,1.26,-3.22,1.33,Cut
35,10038661434,-0.1625,0.8352,0.3682,-6.44,0.07,2.73,Cut
35,10038701458,-0.1449,0.8747,0.3814,12.18,2.80,7.84,Cut
35,10038741451,-0.1325,0.8396,0.3792,22.47,2.10,11.48,Cut
35,10038781439,-0.1457,0.8667,0.4311,29.89,-0.35,14.70,Cut
35,10038821455,-0.1596,0.8381,0.4487,38.43,0.14,16.24,Cut
35,10038861448,-0.1874,0.8542,0.4780,46.90,-0.70,17.43,Cut
35,10038901435,-0.2145,0.8279,0.4978,36.68,-1.89,15.26,Cut
36,10043775409,0.1640,0.1076,0.3924,-48.16,-22.89,-3.01,Cut
36,10043806042,0.1435,0.0813,0.3609,-16.94,-0.28,-0.35,Cut
36,10043846042,-0.0659,-0.0739,0.5095,24.22,34.51,4.06,Cut
36,10043886036,-0.3045,-0.1874,0.8813,61.11,59.43,10.71,Cut
36,10043926034,-0.5087,-0.3279,1.4501,47.46,49.21,14.21,Cut
36,10043966048,-0.6866,-0.4114,2.0511,36.96,12.39,8.47,Cut
36,10044006053,-0.6449,-0.2277,2.1089,-10.71,-45.99,-3.64,Cut
36,10044046051,-0.7071,-0.1669,1.9339,12.39,-114.38,-8.96,Cut
36,10044086069,-0.9084,-0.3455,1.7231,-28.35,-165.34,-21.98,Cut
36,10044126039,-0.8974,-0.3148,1.4054,-52.64,-192.50,-26.95,Cut
36,10044166057,-0.7430,-0.3089,1.1397,-52.29,-207.20,-28.98,Cut
36,10044206042,-0.7056,-0.4004,0.9311,-88.20,-216.86,-38.92,Cut
36,10044246057,-0.4721,-0.0183,0.7174,-90.51,-220.36,-45.01,Cut
36,10044286058,-0.3506,-0.1047,0.4619,-43.12,-219.31,-52.78,Cut
36,10044326039,-0.2679,-0.1091,0.2774,-53.83,-215.67,-73.99,Cut
36,10044366060,-0.1508,0.0242,0.0359,-59.29,-219.80,-91.21,Cut
36,10044406038,0.0681,0.1815,-0.2255,-90.86,-228.97,-109.13,Cut
36,10044446036,0.0037,0.7115,-0.3170,-37.38,-235.13,-122.22,Cut
36,10044486067,0.1215,0.0651,-0.2891,50.12,-222.46,-152.67,Cut
36,10044526038,0.2233,0.3770,-0.2540,-52.57,-200.83,-197.26,Cut
36,10044566035,0.3792,0.5300,-0.3704,-17.99,-162.82,-234.99,Cut
36,10044606045,0.6559,0.5937,-0.5483,-0.77,-112.00,-271.39,Cut
36,10044646034,1.0226,0.7042,-0.6844,53.69,-37.52,-313.18,Cut
36,10044686035,1.8951,0.6061,-0.7642,124.18,86.94,-353.99,Cut
36,10044726039,2.9624,0.9296,-0.5797,241.85,267.96,-368.34,Cut
36,10044766034,4.0794,0.3477,-0.4480,320.95,525.98,-326.62,Cut
36,10044806033,4.9037,-0.0454,-0.7401,316.96,753.83,-218.75,Cut
36,10044846036,5.7528,0.1566,-0.6888,268.73,903.42,-104.30,Cut
36,10044886036,7.4510,1.5079,1.2832,433.30,931.21,84.49,Cut
36,10044926037,7.4269,-0.9736,3.2545,678.86,678.30,399.07,Cut
36,10044966052,3.2764,-1.3571,2.9038,394.31,264.81,380.66,Cut
36,10045006038,0.9670,-0.9421,2.2370,47.67,14.00,179.62,Cut
36,10045046046,-0.2906,-0.9267,1.7378,-6.16,-48.44,71.12,Cut
36,10045086036,-0.7950,-0.0476,1.4003,-6.86,-41.79,12.11,Cut
36,10045126035,-0.9260,-0.1222,1.1946,-32.27,-5.67,-5.18,Cut
36,10045166036,-0.7225,0.5373,1.0014,8.82,15.05,-1.68,Cut
36,10045206034,-0.6793,0.2796,0.9362,28.07,23.45,14.21,Cut
36,10045246049,-0.5519,0.4707,0.9128,52.50,22.05,30.80,Cut
36,10045286044,-0.4809,0.4399,0.8572,19.39,15.47,34.79,Cut
36,10045326038,-0.5409,0.4436,0.8228,50.68,7.00,34.02,Cut
36,10045366034,-0.5109,0.4685,0.8008,28.77,0.28,22.54,Cut
36,10045406038,-0.5102,0.4026,0.7730,18.41,-3.64,9.45,Cut
36,10045446038,-0.4436,0.4041,0.7466,14.35,-6.93,-1.82,Cut
36,10045486038,-0.4341,0.4641,0.7137,-2.17,-9.87,-8.68,Cut
36,10045526041,-0.4121,0.4172,0.6991,3.64,-9.87,-12.18,Cut
36,10045566039,-0.4114,0.4348,0.7086,-16.87,-9.17,-14.70,Cut
36,10045606035,-0.3697,0.6010,0.6324,-6.09,-6.44,-12.18,Cut
36,10045646039,-0.4399,0.4619,0.6412,3.71,-6.44,-11.27,Cut
36,10045686035,-0.4656,0.5900,0.6222,7.63,-6.16,-11.76,Cut
36,10045726034,-0.4890,0.5205,0.6339,1.26,-1.96,-12.95,Cut
37,10050303407,-0.3023,-0.4246,1.2312,-9.17,27.51,17.85,Cut
37,10050335377,-0.2591,-0.1581,1.3601,-39.76,13.16,11.83,Cut
37,10050375391,-0.1815,-0.1654,1.3564,-3.08,-14.63,8.82,Cut
37,10050415374,-0.3126,-0.2847,1.4333,11.34,-43.82,5.53,Cut
37,10050455372,-0.4019,-0.2826,1.4355,-18.34,-66.29,-3.08,Cut
37,10050495372,-0.5212,-0.2196,1.4706,-22.68,-84.77,-11.06,Cut
37,10050535369,-0.5453,-0.3199,1.5694,-64.12,-109.76,-24.50,Cut
37,10050575391,-0.5117,-0.1296,1.5958,-53.48,-147.49,-28.07,Cut
37,10050615382,-0.5029,-0.3089,1.6507,-51.87,-189.49,-37.03,Cut
37,10050655371,-0.5219,-0.1435,1.3725,-106.96,-226.17,-45.01,Cut
37,10050695391,-0.4377,-0.1061,1.0716,-98.84,-254.24,-41.93,Cut
37,10050735382,-0.4978,0.1061,0.7049,-88.20,-268.17,-40.95,Cut
37,10050775369,-0.5073,-0.0571,0.4304,-68.46,-263.27,-51.03,Cut
37,10050815370,-0.3199,0.0732,0.1362,-66.64,-257.11,-64.75,Cut
37,10050855373,-0.2042,0.1632,-0.0146,-51.38,-250.46,-77.70,Cut
37,10050895370,-0.0168,0.1801,-0.1501,-40.18,-242.83,-90.72,Cut
37,10050935369,0.1420,0.1954,-0.2181,-44.73,-233.87,-108.71,Cut
37,10050975384,0.3272,0.1932,-0.2804,-48.65,-221.13,-124.81,Cut
37,10051015373,0.3726,0.3514,-0.3462,-37.80,-195.37,-144.55,Cut
37,10051055387,0.4546,0.4729,-0.4509,20.44,-155.12,-173.46,Cut
37,10051095372,0.8938,0.4238,-0.6544,94.50,-106.12,-207.13,Cut
37,10051135373,1.2627,0.6222,-0.7444,118.02,-45.43,-257.25,Cut
37,10051175393,1.5445,0.6141,-0.5336,147.00,53.90,-314.44,Cut
37,10051215384,2.4127,0.6456,-0.4421,225.68,205.66,-336.84,Cut
37,10051255371,3.5414,0.6303,-0.0944,376.95,429.80,-291.97,Cut
37,10051295375,4.0150,-0.0066,-0.3375,360.01,675.85,-160.93,Cut
37,10051335375,5.1108,0.3126,-0.7562,402.64,854.00,15.75,Cut
37,10051375372,6.1817,0.3850,0.8286,410.55,896.14,231.07,Cut
37,10051415374,8.0388,0.8008,2.4522,480.97,743.61,422.24,Cut
37,10051455392,4.6877,-0.9509,2.4954,515.76,367.22,468.72,Cut
37,10051495373,0.8279,-1.2093,2.5247,0.07,98.70,297.29,Cut
37,10051535375,-0.0205,-0.6610,1.8322,57.89,37.17,138.74,Cut
37,10051575389,-0.3360,-0.8462,1.5862,-37.66,5.67,38.22,Cut
37,10051615374,-0.5344,-0.0571,1.3315,-48.30,1.33,-8.68,Cut
37,10051655380,-0.4839,-0.0161,1.1668,-24.15,6.86,-23.03,Cut
37,10051695370,-0.4707,0.3667,1.0124,-26.95,6.72,-17.01,Cut
37,10051735370,-0.5153,0.4107,0.8923,-11.13,9.66,-6.09,Cut
37,10051775375,-0.4817,0.5197,0.7584,8.68,14.70,-0.77,Cut
37,10051815370,-0.4897,0.5022,0.7342,26.88,21.84,3.08,Cut
37,10051855371,-0.4085,0.4941,0.6932,44.31,28.14,4.76,Cut
37,10051895373,-0.3126,0.4934,0.7159,41.65,25.83,5.39,Cut
37,10051935370,-0.2913,0.4743,0.7518,33.11,19.60,6.79,Cut
37,10051975383,-0.3382,0.5022,0.7854,25.97,14.63,6.44,Cut
37,10052015389,-0.3440,0.5344,0.7971,13.09,11.48,1.33,Cut
37,10052055392,-0.3521,0.5256,0.8030,11.90,8.89,-1.82,Cut
37,10052095373,-0.3272,0.6127,0.7847,8.68,7.21,-6.09,Cut
37,10052135372,-0.3221,0.5761,0.8169,9.03,6.30,-7.28,Cut
37,10052175370,-0.2752,0.6478,0.8089,13.93,5.46,-5.25,Cut
37,10052215370,-0.2650,0.5563,0.8154,12.81,-0.21,-0.14,Cut
37,10052255387,-0.2606,0.5834,0.8052,10.08,-3.92,3.22,Cut
38,10056831407,-0.0878,0.1135,0.9919,-7.91,-27.37,-2.17,Cut
38,10056863761,-0.0900,0.1142,0.8528,-1.40,-26.04,0.21,Cut
38,10056903757,-0.1113,0.1413,0.7327,5.18,-14.14,2.45,Cut
38,10056943793,-0.1230,0.1142,0.6991,6.02,3.99,2.66,Cut
38,10056983766,-0.0959,0.1918,0.7481,4.69,24.43,1.40,Cut
38,10057023758,-0.0827,0.1069,0.8886,34.51,37.80,5.04,Cut
38,10057063764,-0.0886,0.1061,1.0299,5.18,41.79,3.08,Cut
38,10057103757,-0.0908,0.1962,1.0936,6.30,37.94,0.56,Cut
38,10057143756,-0.1354,0.1354,1.2151,15.82,23.87,2.38,Cut
38,10057183753,-0.2277,0.1486,1.4245,18.69,-0.49,4.83,Cut
38,10057223756,-0.4348,0.1749,1.6741,8.47,-31.01,4.90,Cut
38,10057263756,-0.5483,0.1193,1.9208,2.87,-74.13,8.68,Cut
38,10057303758,-0.7152,0.0542,2.0913,-2.31,-125.51,10.29,Cut
38,10057343753,-0.7349,0.0146,1.9471,-55.30,-190.89,8.33,Cut
38,10057383792,-0.7993,-0.0966,1.6521,-56.42,-250.32,12.32,Cut
38,10057423759,-0.7459,-0.0600,1.2993,-102.55,-284.41,11.90,Cut
38,10057463756,-0.6046,0.1230,1.0131,-95.06,-290.99,9.52,Cut
38,10057503759,-0.2533,-0.1984,0.7239,-69.30,-290.85,-6.09,Cut
38,10057543756,0.0220,-0.0659,0.3821,-66.85,-288.26,-21.14,Cut
38,10057583776,0.2342,-0.0044,0.1047,-64.68,-287.07,-39.06,Cut
38,10057623761,0.3631,0.1405,-0.1003,-42.07,-282.10,-57.54,Cut
38,10057663755,0.4055,0.0820,-0.2284,-27.93,-269.99,-88.97,Cut
38,10057703754,0.4392,0.2284,-0.3323,-49.84,-253.33,-127.75,Cut
38,10057743760,0.6002,0.4026,-0.4992,-7.77,-225.12,-169.96,Cut
38,10057783756,0.8154,0.4041,-0.6742,5.60,-187.74,-221.20,Cut
38,10057823755,1.1697,0.5549,-0.7869,65.17,-130.90,-274.75,Cut
38,10057863757,1.8930,0.4721,-1.1500,77.21,-42.98,-349.30,Cut
38,10057903754,2.6857,1.0790,-0.6793,139.30,76.58,-419.44,Cut
38,10057943764,3.5195,0.6061,-0.1149,313.74,328.72,-449.68,Cut
38,10057983761,4.3869,0.0102,-0.1801,331.87,635.04,-411.88,Cut
38,10058023755,5.8377,0.2533,-0.5600,352.45,877.38,-303.94,Cut
38,10058063755,8.3170,0.0600,0.3931,374.29,986.65,-137.48,Cut
38,10058103756,8.2226,1.1727,2.7940,610.61,873.04,71.26,Cut
38,10058143783,4.9732,-0.9970,3.4448,429.59,591.15,233.59,Cut
38,10058183759,1.8644,-0.0190,2.5466,-114.17,285.18,91.63,Cut
38,10058223756,0.4172,0.6932,2.2802,51.87,118.44,25.13,Cut
38,10058263754,0.3250,0.1859,1.9888,58.66,33.53,13.30,Cut
38,10058303760,-0.1259,0.6039,1.6807,16.17,11.62,18.06,Cut
38,10058343756,-0.2218,0.7349,1.2393,-3.78,9.31,26.46,Cut
38,10058383754,-0.3433,0.8916,1.0350,18.90,8.26,33.32,Cut
38,10058423759,-0.3133,0.7481,0.8513,28.49,1.89,28.28,Cut
38,10058463752,-0.3257,0.7547,0.7379,4.83,-5.88,18.06,Cut
38,10058503753,-0.3001,0.7357,0.6288,2.03,-14.21,7.00,Cut
38,10058543756,-0.2672,0.9033,0.5263,-8.05,-20.51,-1.75,Cut
38,10058583783,-0.1823,0.7327,0.4978,5.39,-19.32,-4.41,Cut
38,10058623767,-0.1713,0.8660,0.4494,-5.74,-18.55,-3.71,Cut
38,10058663761,-0.1654,0.7818,0.4019,4.97,-15.96,-2.17,Cut
38,10058703777,-0.1918,0.8630,0.3931,2.45,-15.89,-5.67,Cut
38,10058743758,-0.1815,0.7832,0.3719,-1.12,-13.79,-11.83,Cut
38,10058783756,-0.1779,0.8821,0.3462,-9.73,-12.18,-15.26,Cut
39,10063603412,0.0015,-0.0490,0.8052,-0.28,-17.22,3.15,Cut
39,10063636193,-0.0007,-0.0088,0.7196,0.35,-11.48,3.71,Cut
39,10063676184,-0.0029,-0.0132,0.6837,18.97,-1.96,6.37,Cut
39,10063716184,-0.0051,-0.0959,0.7796,14.28,9.66,6.93,Cut
39,10063756182,-0.0234,-0.0410,0.9370,14.84,23.31,7.07,Cut
39,10063796185,0.0007,-0.1274,1.1185,17.92,32.83,5.81,Cut
39,10063836193,0.0051,-0.0439,1.3022,14.35,31.85,3.22,Cut
39,10063876184,-0.1164,-0.1091,1.6067,59.71,16.17,6.44,Cut
39,10063916184,-0.3638,-0.3667,1.9017,35.07,-17.08,-0.21,Cut
39,10063956191,-0.5402,-0.5322,2.1843,33.88,-85.82,-2.94,Cut
39,10063996185,-0.6010,-0.7869,2.1023,56.84,-167.65,-2.31,Cut
39,10064036204,-0.5797,-0.9472,1.7627,48.37,-230.58,-24.15,Cut
39,10064076185,-0.5292,-1.0153,1.4076,-49.70,-270.48,-59.29,Cut
39,10064116187,-0.3931,-0.3938,1.1595,-105.14,-281.12,-76.37,Cut
39,10064156182,-0.2474,-0.4494,0.8755,-58.38,-280.84,-91.21,Cut
39,10064196180,-0.0556,-0.1603,0.6866,1.47,-272.79,-112.21,Cut
39,10064236187,0.1728,-0.3257,0.3960,-4.20,-264.18,-149.52,Cut
39,10064276182,0.2745,0.1281,0.2094,-39.83,-258.93,-173.53,Cut
39,10064316182,0.3030,0.1625,0.0915,-25.55,-245.77,-192.57,Cut
39,10064356185,0.3558,0.2057,-0.0242,-47.25,-226.73,-213.50,Cut
39,10064396181,0.4473,0.3506,-0.1640,-65.52,-203.07,-231.77,Cut
39,10064436183,0.5043,0.7064,-0.3199,-55.51,-169.19,-252.42,Cut
39,10064476186,0.7437,0.5614,-0.4546,29.89,-121.87,-272.51,Cut
39,10064516219,1.3337,0.5497,-0.4670,31.29,-57.05,-309.33,Cut
39,10064556192,2.0760,1.1229,-0.6932,67.69,17.92,-334.18,Cut
39,10064596204,2.3168,0.6734,-0.3697,232.89,176.61,-343.14,Cut
39,10064636203,3.7083,0.7701,-0.1728,243.53,406.49,-325.78,Cut
39,10064676185,4.8107,0.3133,-0.2159,363.51,683.76,-195.65,Cut
39,10064716185,5.7996,0.1706,-0.3396,299.46,889.56,-47.60,Cut
39,10064756200,7.6435,1.4215,0.0981,329.77,1004.43,88.97,Cut
39,10064796184,9.3498,-0.1252,1.9142,534.45,891.17,348.39,Cut
39,10064836182,6.5111,0.0403,3.0158,559.86,575.19,486.29,Cut
39,10064876191,2.9822,-3.2391,1.9786,518.07,182.28,419.51,Cut
39,10064916183,0.8096,-0.8872,2.1228,-101.99,-31.85,213.01,Cut
39,10064956194,-0.0637,-1.0790,1.6280,47.25,-46.83,137.13,Cut
39,10064996185,-0.5688,-0.9618,1.4230,-44.17,-42.28,77.56,Cut
39,10065036184,-0.6368,-0.4773,1.2385,4.83,-15.75,51.31,Cut
39,10065076191,-0.6127,-0.5205,1.1427,-33.60,-4.62,31.64,Cut
39,10065116183,-0.5139,-0.2320,1.0211,-4.62,-2.66,22.19,Cut
39,10065156182,-0.5351,0.0051,0.9187,-17.78,-5.81,14.98,Cut
39,10065196184,-0.5907,-0.0417,0.8813,17.01,-5.39,12.32,Cut
39,10065236186,-0.5812,0.1662,0.7876,2.80,-4.62,5.81,Cut
39,10065276183,-0.5153,0.0944,0.7869,24.15,-3.78,0.63,Cut
39,10065316185,-0.5226,0.2189,0.7818,1.54,-5.25,-6.86,Cut
39,10065356203,-0.5592,0.1691,0.7788,-2.10,-5.53,-12.04,Cut
39,10065396189,-0.5439,0.2503,0.7540,-5.46,-4.13,-17.29,Cut
39,10065436191,-0.5688,0.2774,0.7584,-3.01,-0.42,-20.02,Cut
39,10065476185,-0.5344,0.2965,0.7635,-9.38,0.63,-23.24,Cut
39,10065516180,-0.5431,0.3902,0.7818,-0.98,2.10,-21.77,Cut
39,10065556183,-0.5183,0.3565,0.7935,2.73,1.89,-18.97,Cut
40,10070131401,-0.0615,-0.0212,0.7093,5.88,-40.46,0.49,Cut
40,10070165189,-0.0527,0.0183,0.5636,4.48,-31.22,3.15,Cut
40,10070205180,-0.0476,-0.0227,0.4904,3.50,-13.23,8.47,Cut
40,10070245179,-0.0871,0.0461,0.5937,7.98,10.71,12.81,Cut
40,10070285184,-0.1435,-0.1391,0.9260,35.35,37.38,17.57,Cut
40,10070325179,-0.1105,-0.3016,1.3154,5.88,47.81,12.46,Cut
40,10070365179,0.0139,-0.2262,1.5540,4.76,33.67,2.59,Cut
40,10070405185,-0.0029,-0.3096,1.5877,-2.52,-3.15,-5.81,Cut
40,10070445179,-0.1303,-0.0937,1.4567,3.01,-36.89,-10.71,Cut
40,10070485179,-0.4275,-0.1054,1.4662,6.16,-61.11,-14.35,Cut
40,10070525181,-0.6749,-0.1310,1.5123,-26.25,-87.71,-20.23,Cut
40,10070565179,-0.7935,-0.2115,1.6053,-46.83,-130.34,-26.25,Cut
40,10070605199,-0.8001,-0.1918,1.6865,-96.18,-182.77,-36.33,Cut
40,10070645191,-0.7269,-0.1771,1.4428,-112.63,-233.10,-38.99,Cut
40,10070685178,-0.6068,-0.1998,1.2005,-111.23,-268.17,-38.64,Cut
40,10070725203,-0.6859,-0.1845,0.9091,-102.41,-278.04,-50.40,Cut
40,10070765190,-0.6244,0.0161,0.6712,-103.74,-269.50,-64.12,Cut
40,10070805180,-0.3235,0.0337,0.5366,-48.93,-256.34,-65.45,Cut
40,10070845179,0.0930,-0.0952,0.2738,-14.07,-252.70,-77.84,Cut
40,10070885182,0.3148,0.0373,0.1310,-17.15,-255.36,-94.15,Cut
40,10070925178,0.4560,0.1413,-0.0754,-31.43,-252.42,-115.01,Cut
40,10070965192,0.5439,0.2130,-0.1867,-44.59,-237.58,-145.67,Cut
40,10071005189,0.7444,0.5688,-0.3396,-51.73,-201.04,-184.59,Cut
40,10071045189,0.9377,0.5849,-0.6398,0.56,-145.53,-228.27,Cut
40,10071085181,1.2334,0.7752,-0.8777,43.82,-74.13,-266.00,Cut
40,10071125183,1.3132,0.7283,-0.9033,118.30,29.40,-305.41,Cut
40,10071165178,1.8659,0.8015,-0.7569,183.05,186.76,-334.67,Cut
40,10071205209,3.4345,0.7408,-0.3821,241.43,384.79,-332.08,Cut
40,10071245191,4.4484,0.4787,-0.2452,330.40,614.18,-249.90,Cut
40,10071285179,4.9308,0.3353,-0.5248,372.12,801.43,-56.35,Cut
40,10071325178,5.1262,0.1186,0.5124,437.92,872.48,205.80,Cut
40,10071365203,6.4701,0.0088,3.3291,423.57,792.68,373.87,Cut
40,10071405183,5.0105,-0.9179,3.9045,461.72,485.80,409.50,Cut
40,10071445203,1.5145,-1.1983,2.7860,21.98,131.04,207.41,Cut
40,10071485184,0.2379,-0.3799,2.1814,-23.38,-62.51,43.26,Cut
40,10071525180,-0.4670,0.0468,1.5365,-64.75,-108.71,-45.57,Cut
40,10071565182,-1.1302,0.5205,0.8455,-82.46,-71.96,-62.23,Cut
40,10071605203,-0.8513,0.6134,0.4919,-33.32,-8.61,-43.19,Cut
40,10071645183,-0.4890,1.0438,0.4363,-14.07,33.39,-4.41,Cut
40,10071685188,-0.2057,0.8696,0.6185,14.70,44.38,25.41,Cut
40,10071725179,-0.1413,0.7810,0.6522,28.42,25.69,39.34,Cut
40,10071765179,-0.2350,0.7276,0.6522,23.59,3.92,37.80,Cut
40,10071805186,-0.2935,0.6661,0.5973,30.94,-6.30,24.01,Cut
40,10071845179,-0.3645,0.7444,0.5190,-3.50,-9.94,7.35,Cut
40,10071885180,-0.3748,0.6727,0.4897,5.04,-4.06,-0.35,Cut
40,10071925183,-0.2599,0.6383,0.4787,-35.21,-2.38,-6.37,Cut
40,10071965193,-0.2884,0.7701,0.4670,-49.91,-3.36,-12.67,Cut
40,10072005208,-0.2547,0.8323,0.4150,-28.84,-3.22,-16.03,Cut
40,10072045189,-0.2489,0.7971,0.3960,-2.03,-2.59,-16.94,Cut
40,10072085180,-0.2298,0.8279,0.3850,-4.27,-0.98,-14.49,Cut
41,10076843393,0.1252,-0.0037,1.0431,10.85,2.10,4.48,Cut
41,10076876696,0.1105,0.0029,1.0292,0.84,3.50,0.49,Cut
41,10076916697,0.1296,0.0198,1.0094,-11.76,2.31,-3.50,Cut
41,10076956704,0.1083,0.0761,1.0072,-26.81,-0.14,-7.84,Cut
41,10076996699,0.0571,0.1142,1.0102,-29.05,-0.63,-7.56,Cut
41,10077036695,0.0132,0.1991,0.9999,-16.10,0.07,-5.32,Cut
41,10077076694,-0.0359,0.1889,1.1295,-16.52,1.89,-5.60,Cut
41,10077116967,-0.1237,0.2028,1.4120,-36.33,-4.27,-7.63,Cut
41,10077156693,-0.0952,0.1947,1.8695,-68.95,-41.72,-6.79,Cut
41,10077196691,-0.2291,0.5307,2.1982,-48.65,-113.89,3.01,Cut
41,10077236698,-0.4407,0.2818,2.1784,-61.81,-190.33,10.29,Cut
41,10077276691,-0.6390,0.1362,1.9222,-86.73,-249.90,17.22,Cut
41,10077316690,-0.5988,0.0813,1.6075,-111.30,-288.19,22.68,Cut
41,10077356718,-0.3726,-0.0190,1.3037,-124.67,-308.63,20.93,Cut
41,10077396695,-0.0849,0.0059,0.9955,-100.03,-308.70,11.90,Cut
41,10077436691,0.1728,-0.0366,0.6471,-53.48,-301.84,-10.50,Cut
41,10077476699,0.3206,-0.0622,0.3265,-51.03,-294.14,-46.97,Cut
41,10077516692,0.4758,0.1179,0.0264,-61.60,-288.05,-76.72,Cut
41,10077556691,0.5300,0.0864,-0.2086,-53.27,-279.09,-99.89,Cut
41,10077596725,0.5446,0.2613,-0.3309,-50.54,-260.82,-124.25,Cut
41,10077636696,0.6844,0.2943,-0.4421,-23.66,-225.75,-156.80,Cut
41,10077676691,0.8638,0.5622,-0.6032,26.04,-176.54,-201.46,Cut
41,10077716713,1.2649,0.2701,-0.8103,60.34,-118.93,-247.80,Cut
41,10077756694,1.6975,0.5571,-0.8352,103.60,-39.13,-284.48,Cut
41,10077796691,2.6674,0.4677,-0.6156,160.58,90.72,-320.18,Cut
41,10077836697,3.6102,0.6793,-0.1515,226.24,273.00,-337.89,Cut
41,10077876693,4.2214,0.1793,0.4414,327.32,534.73,-292.39,Cut
41,10077916690,4.4571,0.4978,0.1574,367.43,814.03,-178.71,Cut
41,10077956710,7.1480,0.3111,-0.0644,452.90,1007.79,-28.00,Cut
41,10077996694,7.5813,0.3945,2.1433,486.92,908.53,164.99,Cut
41,10078036695,5.9402,-0.6346,3.7486,497.84,648.48,330.82,Cut
41,10078076695,2.7435,-1.3820,3.3086,27.09,351.61,251.16,Cut
41,10078116693,0.8828,0.5417,2.2919,-69.23,127.68,77.84,Cut
41,10078156695,0.2320,-0.5585,2.1404,37.73,25.97,2.38,Cut
41,10078196691,-0.1691,0.2767,1.3608,-39.55,-14.42,-26.88,Cut
41,10078236691,-0.3909,0.4641,1.0116,-4.34,-30.87,-20.51,Cut
41,10078276702,-0.5915,0.8403,0.7774,-44.66,-21.56,-5.39,Cut
41,10078316691,-0.3938,0.8367,0.5402,26.04,0.91,14.84,Cut
41,10078356693,-0.3023,0.8140,0.5153,43.19,16.31,29.26,Cut
41,10078396695,-0.0703,0.8762,0.4085,35.84,15.89,33.67,Cut
41,10078436691,0.0425,0.7613,0.3989,63.35,4.76,38.57,Cut
41,10078476691,0.1376,0.6295,0.4209,60.27,-11.76,33.04,Cut
41,10078516697,0.1303,0.6068,0.4802,70.21,-26.11,25.06,Cut
41,10078556691,0.0168,0.3177,0.3865,31.08,-46.20,6.58,Cut
41,10078596712,-0.1852,0.6551,0.3506,-7.84,-69.44,-11.76,Cut
41,10078636698,-0.3579,0.6171,0.4780,29.75,-82.67,-21.21,Cut
41,10078676692,-0.5117,0.8345,0.6954,56.14,-76.72,-24.78,Cut
41,10078716714,-0.7035,0.7920,0.8133,55.16,-61.39,-30.66,Cut
41,10078756695,-0.7745,0.8506,0.8952,88.76,-44.03,-29.75,Cut
41,10078796692,-0.7005,0.7459,0.8989,89.25,-32.34,-27.37,Cut
42,10083931397,0.0007,0.0095,0.9941,13.09,-4.13,12.88,Cut
42,10083965791,0.0059,0.0168,0.9758,8.47,-4.34,13.02,Cut
42,10084005832,-0.0132,0.0007,0.9758,7.00,-3.01,11.62,Cut
42,10084045790,-0.0095,0.0183,0.9699,4.13,-0.28,9.73,Cut
42,10084085772,-0.0044,-0.0117,0.9728,5.04,1.19,8.26,Cut
42,10084125769,0.0073,-0.0051,0.9860,7.00,2.38,7.91,Cut
42,10084165767,0.0022,-0.0015,0.9984,5.95,3.29,6.93,Cut
42,10084205768,-0.0102,0.0095,1.0782,9.80,3.85,6.16,Cut
42,10084245770,-0.0791,0.0564,1.2583,12.95,0.91,4.13,Cut
42,10084285787,-0.2877,-0.0476,1.5848,6.30,-12.39,1.82,Cut
42,10084325771,-0.4465,-0.0695,1.9120,-51.10,-53.27,1.05,Cut
42,10084365769,-0.6354,0.1632,2.0247,-24.57,-112.91,23.17,Cut
42,10084405768,-0.6193,-0.1208,1.9120,25.55,-180.46,24.57,Cut
42,10084445767,-0.8008,-0.0183,1.4772,-58.31,-225.40,-20.02,Cut
42,10084485766,-0.8557,0.0813,1.1507,-107.94,-237.44,-49.98,Cut
42,10084525766,-0.7950,0.0630,0.9904,-123.27,-239.47,-67.13,Cut
42,10084565768,-0.5834,-0.0242,0.8865,-131.74,-250.11,-72.73,Cut
42,10084605769,-0.2833,-0.0388,0.7422,-139.51,-266.70,-66.22,Cut
42,10084645766,-0.0351,-0.0981,0.5915,-130.27,-281.12,-48.30,Cut
42,10084685772,0.1076,0.0637,0.3257,-137.41,-281.54,-33.95,Cut
42,10084725765,0.2167,0.1310,0.0834,-119.14,-269.01,-29.82,Cut
42,10084765766,0.2145,0.4575,-0.1837,-79.31,-241.50,-46.27,Cut
42,10084805767,0.2913,0.4048,-0.4026,3.92,-205.24,-94.29,Cut
42,10084845782,0.4348,0.3155,-0.6127,5.39,-161.28,-157.29,Cut
42,10084885769,0.7071,0.3052,-0.7657,18.34,-106.12,-223.16,Cut
42,10084925772,1.1719,0.5688,-0.9106,29.96,-42.42,-282.24,Cut
42,10084965817,1.8278,0.5702,-0.9296,60.62,41.30,-348.60,Cut
42,10085005778,2.4624,0.5644,-0.6852,152.81,178.71,-400.19,Cut
42,10085045806,3.5766,0.1896,-0.3140,217.28,361.97,-417.76,Cut
42,10085085772,3.9506,-0.0022,-0.4165,245.77,573.09,-387.17,Cut
42,10085125772,4.7990,0.1757,-0.4143,364.84,782.53,-264.88,Cut
42,10085165768,6.8932,0.1347,1.4874,352.73,831.04,-69.02,Cut
42,10085205768,5.6723,1.2195,2.8672,612.43,663.53,173.32,Cut
42,10085245771,3.2464,-0.9838,3.3518,477.05,309.26,249.27,Cut
42,10085285768,0.8198,-0.6764,2.7904,46.41,81.69,114.03,Cut
42,10085325767,-0.3345,0.3872,1.7890,-51.59,16.45,28.84,Cut
42,10085365767,-0.7027,0.2035,1.1653,-7.77,32.48,5.25,Cut
42,10085405776,-1.0160,0.7408,0.8989,-32.90,55.30,-7.21,Cut
42,10085445767,-0.5256,0.7122,0.7137,-6.58,73.85,-6.79,Cut
42,10085485767,-0.2994,0.7401,0.7723,-3.29,75.88,-3.22,Cut
42,10085525766,-0.1413,0.9150,0.7078,12.67,57.89,3.22,Cut
42,10085565772,-0.0849,0.8111,0.7056,8.40,37.24,8.54,Cut
42,10085605769,-0.1266,0.8652,0.6068,14.42,18.41,11.06,Cut
42,10085645797,-0.1706,0.8740,0.5256,9.52,11.20,9.80,Cut
42,10085685774,-0.2020,0.9143,0.4590,9.66,10.22,6.93,Cut
42,10085725768,-0.1896,0.8952,0.4377,5.88,14.28,4.90,Cut
42,10085765767,-0.1325,0.8945,0.4407,4.76,17.29,2.73,Cut
42,10085805772,-0.0878,0.8894,0.4524,5.04,16.24,2.10,Cut
42,10085845767,-0.0856,0.8528,0.4524,4.76,13.93,1.96,Cut
42,10085885768,-0.0637,0.8967,0.4319,6.16,9.66,2.52,Cut
43,10148763408,0.0827,0.0329,0.9911,11.69,8.47,3.71,Cut
43,10148793940,0.0681,0.0264,1.0080,10.43,7.00,2.31,Cut
43,10148833937,0.0593,0.0300,1.0131,4.69,6.09,-0.07,Cut
43,10148873932,0.0688,0.0542,0.9933,2.17,6.09,-1.96,Cut
43,10148913955,0.0659,0.0447,0.9801,2.45,7.14,-3.29,Cut
43,10148953984,0.0783,0.0827,0.9633,-6.30,6.72,-4.34,Cut
43,10148993940,0.0856,0.0864,0.9728,4.20,6.93,-2.59,Cut
43,10149033933,0.0922,0.0622,0.9750,0.91,5.74,-2.03,Cut
43,10149073939,0.0534,0.1149,1.0394,4.83,3.92,-1.12,Cut
43,10149113933,0.0183,0.1032,1.1236,15.40,0.42,-0.21,Cut
43,10149153932,-0.1222,0.1296,1.3542,33.39,-16.87,5.25,Cut
43,10149193932,-0.4802,-0.1918,1.8483,78.61,-52.01,9.87,Cut
43,10149233931,-0.6288,-0.1244,2.1733,-25.55,-111.44,-21.56,Cut
43,10149273931,-0.6456,-0.1413,2.1923,-11.48,-177.87,-31.29,Cut
43,10149313931,-0.6764,-0.2533,2.0591,-22.26,-233.66,-45.01,Cut
43,10149353931,-0.5000,-0.2796,1.7297,-88.20,-271.32,-59.29,Cut
43,10149393934,-0.3836,-0.1354,1.4003,-97.51,-295.82,-51.59,Cut
43,10149433950,-0.3375,-0.1003,1.1082,-109.41,-299.67,-46.34,Cut
43,10149473934,-0.0549,-0.1493,0.7752,-131.25,-294.00,-43.19,Cut
43,10149513935,0.1486,-0.0293,0.3726,-137.76,-279.30,-40.88,Cut
43,10149553932,0.2342,0.1501,0.0930,-100.52,-268.80,-41.93,Cut
43,10149593932,0.2540,0.1749,-0.1281,-67.34,-262.01,-55.02,Cut
43,10149633936,0.3243,0.2877,-0.2240,-23.59,-258.72,-73.43,Cut
43,10149673933,0.3104,0.1457,-0.2767,-26.32,-236.67,-114.24,Cut
43,10149713932,0.3470,0.5512,-0.4890,-16.59,-201.46,-161.98,Cut
43,10149753935,0.6090,0.2291,-0.6471,24.43,-157.92,-205.38,Cut
43,10149793931,0.9231,0.5490,-0.7108,23.59,-106.96,-255.71,Cut
43,10149833945,1.6023,0.4970,-0.9084,47.60,-25.27,-305.97,Cut
43,10149873934,2.5854,1.1558,-0.7035,95.06,77.07,-356.72,Cut
43,10149913949,2.7670,0.7964,-0.5087,214.27,269.01,-391.30,Cut
43,10149953986,3.5187,0.4114,-0.5248,312.06,536.90,-352.52,Cut
43,10149993947,4.6438,0.1537,-0.7364,276.01,774.62,-257.18,Cut
43,10150033951,6.0683,0.2079,0.1435,228.34,887.25,-158.20,Cut
43,10150073959,6.3713,0.6632,2.3117,310.73,839.51,-60.13,Cut
43,10150113935,5.2279,0.0871,3.2142,495.25,612.64,131.95,Cut
43,10150153932,2.2385,0.4648,3.0546,240.45,283.57,141.89,Cut
43,10150193933,0.6010,-0.6398,2.6337,134.54,47.53,76.72,Cut
43,10150233939,-0.3228,0.5292,1.7392,-69.79,-27.65,9.10,Cut
43,10150273931,-0.8901,0.7371,1.0819,-17.43,-11.06,-10.01,Cut
43,10150313931,-0.7884,0.7122,0.7818,-16.52,20.79,-20.16,Cut
43,10150353933,-0.5680,0.9728,0.6486,-5.81,41.65,-14.77,Cut
43,10150393931,-0.4011,0.9523,0.6368,7.98,48.65,-2.80,Cut
43,10150433949,-0.3301,0.9004,0.6354,34.58,45.50,12.39,Cut
43,10150473942,-0.3140,0.9787,0.6332,28.28,35.21,22.54,Cut
43,10150513932,-0.2745,0.9157,0.6486,22.75,22.68,29.75,Cut
43,10150553931,-0.2533,0.8418,0.6200,32.13,10.43,34.02,Cut
43,10150593935,-0.2430,0.8037,0.5980,23.52,-1.40,31.57,Cut
43,10150633930,-0.2921,0.8118,0.5461,17.92,-8.12,27.37,Cut
43,10150673932,-0.2994,0.7752,0.5080,16.73,-9.17,22.54,Cut
43,10150713935,-0.3221,0.7781,0.4729,12.46,-8.54,18.48,Cut
44,10161031408,0.0725,-0.0725,1.3322,10.36,4.76,1.61,Cut
44,10161062353,0.0695,-0.0820,1.2949,2.17,-6.58,-3.08,Cut
44,10161102349,0.0183,-0.0468,1.1236,-12.81,-18.34,-7.77,Cut
44,10161142352,-0.0044,0.0015,0.9333,-16.80,-19.95,-7.98,Cut
44,10161182348,-0.0432,0.0007,0.7971,-49.63,-13.58,-8.82,Cut
44,10161222349,-0.0293,0.1911,0.7144,-33.53,-1.26,-5.95,Cut
44,10161262351,-0.0037,0.0937,0.7569,13.23,13.02,-0.98,Cut
44,10161302349,-0.0395,0.0930,0.9084,16.52,24.22,-0.84,Cut
44,10161342346,-0.0220,0.0842,1.0841,13.65,30.03,-2.24,Cut
44,10161382349,0.0029,0.0578,1.2795,1.82,20.37,-4.55,Cut
44,10161422375,-0.0608,0.1142,1.5606,12.39,-4.97,1.47,Cut
44,10161462351,-0.2987,-0.0285,2.0686,23.45,-37.66,12.04,Cut
44,10161502348,-0.2738,0.1449,2.0093,-43.47,-99.05,14.63,Cut
44,10161542346,-0.5578,0.1808,1.7707,-55.93,-158.34,13.51,Cut
44,10161582346,-0.8111,0.2320,1.5116,-83.86,-199.08,17.15,Cut
44,10161622348,-0.8184,0.2701,1.2634,-117.46,-224.00,18.27,Cut
44,10161662350,-0.6998,0.2020,1.0614,-149.17,-245.14,19.95,Cut
44,10161702351,-0.5651,0.1266,0.9099,-111.93,-254.38,29.19,Cut
44,10161742346,-0.4831,-0.0534,0.8279,-104.02,-253.19,22.96,Cut
44,10161782347,-0.2525,-0.0490,0.5666,-80.29,-249.34,8.89,Cut
44,10161822350,-0.1025,-0.1076,0.3118,-57.96,-248.57,-11.13,Cut
44,10161862346,0.0168,0.0512,0.0498,-47.88,-254.10,-35.35,Cut
44,10161902346,0.0520,0.0176,-0.1662,-48.79,-259.42,-61.67,Cut
44,10161942376,0.1274,0.2503,-0.3038,-49.98,-257.53,-86.38,Cut
44,10161982357,0.2335,0.2584,-0.4107,-37.52,-241.78,-115.99,Cut
44,10162022354,0.3067,0.4231,-0.5051,-3.99,-207.34,-149.45,Cut
44,10162062358,0.6822,0.4202,-0.6822,19.25,-166.53,-190.68,Cut
44,10162102347,0.9911,0.4677,-0.7474,58.80,-112.91,-237.51,Cut
44,10162142346,1.3652,0.3455,-0.8667,101.64,-35.00,-284.90,Cut
44,10162182350,2.2436,0.6610,-1.0804,76.02,66.99,-336.14,Cut
44,10162222349,3.0158,0.6317,-0.8081,211.96,231.35,-373.03,Cut
44,10162262347,3.6907,0.4011,-0.5278,286.51,461.93,-355.25,Cut
44,10162302404,3.9901,0.0476,-0.8242,302.96,707.56,-266.07,Cut
44,10162342353,5.3363,0.3579,-0.5549,337.19,874.23,-117.25,Cut
44,10162382391,6.8200,0.5827,1.8498,393.68,860.93,66.43,Cut
44,10162422347,5.5573,-0.0556,3.4887,627.48,630.28,280.14,Cut
44,10162462353,2.5400,-0.8660,3.0056,310.59,284.20,296.59,Cut
44,10162502359,0.4304,0.0542,2.2699,-21.14,58.73,151.55,Cut
44,10162542348,-0.2884,-0.3448,1.8307,58.66,-9.66,87.36,Cut
44,10162582359,-0.7444,0.0952,1.4215,6.58,-10.92,48.09,Cut
44,10162622346,-0.6493,0.0688,1.2034,27.93,9.59,30.87,Cut
44,10162662367,-0.5636,0.3543,1.0080,-18.13,22.82,17.85,Cut
44,10162702369,-0.5417,0.3572,0.9406,17.08,25.76,13.02,Cut
44,10162742352,-0.4919,0.4194,0.9091,18.41,23.03,9.45,Cut
44,10162782348,-0.4677,0.4751,0.8389,24.08,16.03,6.79,Cut
44,10162822353,-0.4634,0.5007,0.8228,26.53,9.87,3.50,Cut
44,10162862346,-0.4246,0.5841,0.7898,16.52,5.39,-0.56,Cut
44,10162902346,-0.3997,0.5424,0.7737,21.14,0.91,-1.05,Cut
44,10162942355,-0.3843,0.5849,0.7525,17.22,-3.08,0.07,Cut
44,10162982353,-0.3784,0.5519,0.7371,14.77,-6.51,0.35,Cut
45,10167559404,-0.3045,0.0425,0.7027,3.29,28.42,2.17,Cut
45,10167591978,-0.2189,-0.0549,0.8660,17.15,49.49,3.92,Cut
45,10167631983,-0.1318,-0.1464,1.2217,11.20,53.27,2.87,Cut
45,10167671992,0.0117,-0.1047,1.5130,4.48,27.02,0.07,Cut
45,10167711976,0.0834,-0.0864,1.5416,35.07,-7.91,2.45,Cut
45,10167751971,0.0256,-0.0176,1.3205,29.12,-47.25,4.90,Cut
45,10167791972,-0.0944,-0.1566,0.9457,48.51,-69.65,13.65,Cut
45,10167831970,-0.2533,-0.1164,0.6002,-44.45,-66.22,9.94,Cut
45,10167871976,-0.3309,0.2350,0.3558,-64.96,-31.15,12.88,Cut
45,10167911970,-0.2847,0.0571,0.3353,-35.35,16.73,15.68,Cut
45,10167951983,-0.2240,0.1230,0.5212,-3.36,61.67,17.71,Cut
45,10167991980,-0.1881,0.0190,0.9736,90.44,95.83,27.37,Cut
45,10168031993,-0.1545,-0.5300,1.7246,-5.74,70.21,17.71,Cut
45,10168071991,-0.4063,-0.1296,2.4215,-3.36,-16.17,7.35,Cut
45,10168111980,-0.8535,-0.0834,2.4837,-23.45,-130.20,-3.64,Cut
45,10168151974,-1.2100,-0.1896,1.9903,-49.00,-212.17,-10.99,Cut
45,10168191973,-1.2832,-0.0996,1.4808,-121.73,-259.91,-9.87,Cut
45,10168231974,-1.0731,-0.2006,1.2737,-111.79,-272.93,8.82,Cut
45,10168271971,-0.8396,-0.2994,1.2751,-95.41,-272.93,23.73,Cut
45,10168311969,-0.4575,-0.2730,1.1119,-98.98,-264.39,16.94,Cut
45,10168351971,-0.0856,-0.2298,0.8169,-80.92,-266.35,-2.66,Cut
45,10168391970,0.1596,0.0600,0.4685,-9.24,-271.88,-30.10,Cut
45,10168431971,0.2869,-0.0827,0.1508,9.80,-281.33,-81.48,Cut
45,10168471976,0.3389,0.0447,-0.0505,0.00,-277.62,-139.72,Cut
45,10168511970,0.4480,0.2240,-0.1508,-23.73,-250.18,-199.08,Cut
45,10168551969,0.7803,0.3894,-0.2972,-26.32,-202.30,-259.28,Cut
45,10168591972,1.4713,0.4436,-0.5578,-34.65,-157.01,-308.70,Cut
45,10168631970,1.7422,0.6983,-0.6493,26.81,-106.68,-335.23,Cut
45,10168671991,2.0628,0.7064,-0.6881,114.87,4.83,-370.30,Cut
45,10168711981,2.8599,0.9794,-0.6778,216.79,174.44,-397.81,Cut
45,10168751970,3.4126,0.5197,-0.4363,286.93,421.47,-381.29,Cut
45,10168791971,3.8423,-0.0776,-0.6332,353.57,686.70,-258.65,Cut
45,10168831973,4.8605,-0.2101,-0.5958,308.84,882.63,-71.68,Cut
45,10168871972,8.0095,1.8395,1.2766,402.57,967.05,140.56,Cut
45,10168911971,8.0696,-0.4582,2.6996,883.82,731.71,478.73,Cut
45,10168951983,3.3401,-1.4384,2.9478,330.54,262.92,452.97,Cut
45,10168991973,0.6054,-1.3052,2.4024,35.28,34.02,230.23,Cut
45,10169032024,-0.4663,-1.0958,2.0577,-68.81,-14.00,79.94,Cut
45,10169071984,-0.7796,-0.4985,1.6741,-43.89,-14.70,4.20,Cut
45,10169111975,-0.6083,-0.0593,1.3366,-62.09,-10.15,-27.86,Cut
45,10169151972,-0.5124,0.1654,1.1514,-39.41,-14.35,-22.26,Cut
45,10169191983,-0.6010,0.3733,0.9955,-15.05,-11.62,-7.42,Cut
45,10169231974,-0.6390,0.4158,0.8564,-13.86,-4.34,1.26,Cut
45,10169271972,-0.6156,0.5029,0.7408,2.31,-0.21,1.54,Cut
45,10169311969,-0.5607,0.4780,0.6954,4.62,0.56,-2.73,Cut
45,10169351969,-0.4882,0.5497,0.6756,4.20,-1.96,-9.66,Cut
45,10169391982,-0.4429,0.5578,0.6507,-0.21,-3.85,-14.35,Cut
45,10169431971,-0.3843,0.5702,0.6354,1.96,-5.25,-13.86,Cut
45,10169471970,-0.3762,0.6295,0.6324,-0.84,-5.60,-11.48,Cut
45,10169511977,-0.3697,0.5856,0.6317,3.29,-6.16,-8.61,Cut
46,10174567401,-0.3411,0.0527,0.7576,15.96,35.84,-0.07,Cut
46,10174598801,-0.3762,-0.1501,1.0277,40.67,49.28,1.61,Cut
46,10174638800,-0.3858,-0.0476,1.3498,20.02,44.17,-0.91,Cut
46,10174678815,-0.2796,-0.0542,1.4289,17.71,12.25,0.21,Cut
46,10174718820,-0.2738,-0.0637,1.3183,24.01,-19.60,2.24,Cut
46,10174758807,-0.2745,0.0044,1.0548,-8.68,-36.12,0.21,Cut
46,10174798797,-0.2181,0.0637,0.7335,-14.84,-31.22,0.49,Cut
46,10174838796,-0.1098,0.0088,0.5248,-29.12,-11.48,-0.56,Cut
46,10174878801,-0.0798,0.1354,0.4553,-24.15,16.59,-1.54,Cut
46,10174918796,-0.1274,0.0644,0.5270,-2.10,51.73,-2.17,Cut
46,10174958816,-0.2152,0.1200,0.8506,25.76,83.72,-3.43,Cut
46,10174998809,-0.2247,0.2357,1.4677,1.26,73.92,-3.43,Cut
46,10175038833,-0.5183,0.0996,2.1594,29.40,19.81,2.45,Cut
46,10175078802,-0.8198,0.0029,2.5005,18.27,-65.03,8.96,Cut
46,10175118804,-0.9487,0.0593,2.1316,-30.94,-154.77,10.64,Cut
46,10175158797,-1.0965,-0.0878,1.6206,-58.66,-230.30,17.15,Cut
46,10175198795,-1.1514,0.0725,1.1470,-101.36,-263.62,25.48,Cut
46,10175238801,-1.0848,-0.1486,0.9194,-81.13,-265.65,25.62,Cut
46,10175278817,-0.6734,-0.1464,0.8462,-82.88,-261.45,14.49,Cut
46,10175318800,-0.2994,-0.1215,0.6800,-63.00,-260.47,-5.18,Cut
46,10175358801,0.0176,-0.1537,0.5036,-54.04,-264.11,-33.18,Cut
46,10175398796,0.1881,0.0329,0.2298,-55.51,-265.37,-66.43,Cut
46,10175438817,0.2965,0.0922,0.0527,-49.14,-259.42,-109.62,Cut
46,10175478804,0.3799,0.1508,-0.1610,-82.11,-244.23,-155.47,Cut
46,10175518796,0.5248,0.4333,-0.3558,-87.57,-223.93,-197.68,Cut
46,10175558795,0.8447,0.4736,-0.5183,-54.39,-196.28,-248.78,Cut
46,10175598802,1.0182,0.5556,-0.6156,-7.70,-160.30,-301.49,Cut
46,10175638796,1.2385,0.7818,-0.7496,30.59,-91.14,-358.47,Cut
46,10175678818,1.8790,0.8133,-0.9128,124.60,18.90,-404.46,Cut
46,10175718802,2.8226,0.8667,-0.5951,197.47,150.57,-424.13,Cut
46,10175758796,3.1608,0.3850,-0.1135,338.59,367.71,-392.28,Cut
46,10175798796,3.0319,0.2057,-0.3850,366.03,615.72,-290.78,Cut
46,10175838798,3.6139,-0.2745,-0.3382,343.07,824.74,-137.20,Cut
46,10175878796,6.1386,1.0856,1.1295,512.26,841.54,73.01,Cut
46,10175918794,5.6840,0.2686,3.0349,607.53,667.31,276.85,Cut
46,10175958808,2.0803,-1.3344,2.8511,-25.48,340.13,186.27,Cut
46,10175998799,0.4114,0.9209,2.0108,-56.98,128.87,1.75,Cut
46,10176038817,0.1713,0.1435,1.7400,26.74,9.45,-61.39,Cut
46,10176078811,0.0542,0.8733,1.2180,-30.10,-29.89,-67.62,Cut
46,10176118796,-0.4077,1.0350,0.8045,1.61,-16.87,-36.26,Cut
46,10176158796,-0.5146,1.1617,0.6068,-8.75,10.57,-4.62,Cut
46,10176198798,-0.3331,1.1287,0.5190,48.79,29.40,17.92,Cut
46,10176238796,-0.2181,1.0973,0.5527,33.46,30.59,23.03,Cut
46,10176278794,-0.0915,0.9801,0.5175,39.20,19.11,21.28,Cut
46,10176318797,-0.1113,0.9860,0.4956,28.98,2.66,16.87,Cut
46,10176358796,-0.0637,0.9472,0.4392,18.76,-7.42,9.10,Cut
46,10176398820,-0.1010,0.9018,0.3997,11.48,-12.04,5.53,Cut
46,10176438799,-0.0725,0.8447,0.3433,3.36,-13.65,2.59,Cut
46,10176478795,-0.0900,0.9194,0.3316,-3.50,-18.27,0.63,Cut
46,10176518796,-0.0783,0.8857,0.3023,-3.29,-21.56,-0.84,Cut
47,10181343407,-0.0183,0.0600,0.9494,103.11,98.14,10.15,Cut
47,10181375029,0.0315,-0.2064,1.4750,91.70,87.50,22.47,Cut
47,10181415026,0.1047,-0.2672,1.8637,51.59,35.28,27.93,Cut
47,10181455023,0.1413,-0.1947,1.7063,27.02,-28.77,23.73,Cut
47,10181495024,0.0285,-0.1713,1.2276,5.60,-68.18,16.80,Cut
47,10181535025,0.0329,-0.0388,0.6734,-52.01,-67.97,8.89,Cut
47,10181575022,-0.0432,0.3133,0.3719,-47.32,-29.89,4.20,Cut
47,10181615020,-0.1340,0.3162,0.4158,-3.22,25.55,-2.73,Cut
47,10181655025,-0.3528,0.0710,1.1390,78.47,58.10,2.38,Cut
47,10181695041,-0.4114,-0.4290,2.1879,-15.61,6.79,1.89,Cut
47,10181735024,-0.4099,0.0124,2.6857,-3.64,-91.91,9.10,Cut
47,10181775029,-0.6229,-0.2928,2.4185,-13.51,-188.30,7.14,Cut
47,10181815022,-0.8381,-0.2079,1.8820,-60.27,-260.26,3.99,Cut
47,10181855020,-0.9684,-0.2840,1.5599,-80.78,-292.39,10.43,Cut
47,10181895055,-0.7569,-0.2569,1.3864,-112.56,-297.78,16.59,Cut
47,10181935027,-0.2760,-0.1127,1.2239,-63.77,-291.13,18.62,Cut
47,10181975056,0.0930,-0.2547,0.8908,-22.61,-294.35,-1.82,Cut
47,10182015026,0.2782,-0.0608,0.5263,4.90,-301.63,-32.48,Cut
47,10182055022,0.3594,-0.0813,0.2130,42.84,-300.30,-83.23,Cut
47,10182095023,0.5007,0.0725,-0.0007,22.54,-288.96,-148.40,Cut
47,10182135023,0.6983,0.1230,-0.1676,1.68,-257.60,-205.66,Cut
47,10182175021,1.0651,0.3982,-0.3623,-19.39,-212.94,-261.38,Cut
47,10182215025,1.6038,0.3499,-0.4560,-38.78,-164.71,-330.89,Cut
47,10182255020,2.1323,0.8125,-0.7547,-30.24,-99.75,-385.77,Cut
47,10182295021,2.6637,1.1456,-0.8191,142.94,37.73,-428.19,Cut
47,10182335021,3.1132,0.6690,-0.5168,296.38,317.94,-442.40,Cut
47,10182375045,3.8496,0.0725,-0.7854,441.28,684.39,-301.35,Cut
47,10182415024,5.3121,-0.0586,-0.8608,324.17,953.05,-87.36,Cut
47,10182455022,8.5981,0.8433,0.6566,330.19,1046.71,107.24,Cut
47,10182495022,8.7101,0.6625,3.5275,561.19,860.86,292.60,Cut
47,10182535022,4.4184,-0.5688,3.5692,335.51,469.98,347.55,Cut
47,10182575020,1.5753,-0.6493,2.7853,133.98,145.60,186.90,Cut
47,10182615021,0.1457,-0.6515,2.4624,-33.53,15.05,80.50,Cut
47,10182655024,-0.5688,0.0922,1.6982,-42.77,15.05,35.42,Cut
47,10182695053,-0.6830,0.1889,1.3227,-28.35,27.37,19.11,Cut
47,10182735026,-0.6456,0.3931,1.0936,-17.08,39.48,14.42,Cut
47,10182775029,-0.4963,0.5431,0.9494,-18.41,44.52,7.84,Cut
47,10182815020,-0.3748,0.6061,0.8396,-20.58,38.08,0.35,Cut
47,10182855020,-0.3089,0.7422,0.7891,-14.84,26.04,-2.17,Cut
47,10182895024,-0.2899,0.7225,0.7532,-11.06,11.20,-1.19,Cut
47,10182935021,-0.2664,0.7884,0.6954,-7.07,3.71,1.68,Cut
47,10182975055,-0.2460,0.7532,0.6537,6.16,-2.03,6.37,Cut
47,10183015025,-0.2584,0.7635,0.6324,8.96,-3.22,8.54,Cut
47,10183055022,-0.2928,0.7371,0.6046,14.63,-1.96,9.87,Cut
47,10183095029,-0.2591,0.7261,0.6061,12.74,-0.84,8.26,Cut
47,10183135030,-0.2225,0.7100,0.6185,16.45,-0.77,7.56,Cut
47,10183175023,-0.2277,0.7239,0.6076,12.04,-3.78,4.55,Cut
47,10183215042,-0.2064,0.7305,0.6171,16.45,-6.37,2.59,Cut
47,10183255038,-0.2218,0.7269,0.5966,20.02,-7.49,1.19,Cut
47,10183295045,-0.2240,0.7481,0.5995,30.59,-6.79,0.70,Cut
48,10187871416,-0.0761,-0.1047,0.9472,-5.18,-14.98,-10.01,Cut
48,10187905360,-0.0681,-0.0110,0.8067,-42.84,-7.28,-11.69,Cut
48,10187945365,-0.0037,0.1435,0.6654,-42.98,8.96,-10.99,Cut
48,10187985360,0.0205,0.1017,0.6844,12.46,22.61,-1.68,Cut
48,10188025370,0.0029,0.0154,0.9018,50.68,30.38,8.68,Cut
48,10188065357,0.0081,-0.1493,1.1873,42.77,28.56,10.99,Cut
48,10188105377,0.0007,-0.1735,1.4728,35.00,10.85,8.89,Cut
48,10188145362,-0.1391,-0.2181,1.7656,23.10,-21.28,3.50,Cut
48,10188185355,-0.3565,-0.2086,1.9003,0.28,-66.99,-6.23,Cut
48,10188225364,-0.5878,-0.2957,1.9383,-18.90,-119.28,-17.36,Cut
48,10188265355,-0.7466,-0.1932,1.8146,-64.89,-169.89,-31.01,Cut
48,10188305351,-0.7444,-0.2372,1.5409,-132.65,-212.31,-43.61,Cut
48,10188345354,-0.5900,0.0461,1.1932,-141.33,-239.61,-34.58,Cut
48,10188385377,-0.5124,0.0022,1.0021,-108.43,-247.17,-26.25,Cut
48,10188425361,-0.3850,-0.0007,0.8125,-86.17,-247.31,-32.20,Cut
48,10188465354,-0.2364,-0.0256,0.5980,-91.35,-249.41,-46.13,Cut
48,10188505351,-0.1113,-0.0059,0.4187,-82.95,-254.87,-52.43,Cut
48,10188545359,-0.0586,0.0886,0.2474,-62.30,-254.45,-61.25,Cut
48,10188585352,0.0717,0.1581,0.0425,-47.32,-252.56,-77.14,Cut
48,10188625354,0.2240,0.0007,-0.1076,-38.50,-249.90,-101.99,Cut
48,10188665355,0.2584,0.4707,-0.2833,-77.63,-232.12,-136.50,Cut
48,10188705371,0.4619,0.4377,-0.4253,-10.22,-187.25,-176.05,Cut
48,10188745355,0.9472,0.7181,-0.6632,14.63,-125.37,-231.70,Cut
48,10188785356,1.5804,0.1588,-0.9567,134.68,-13.37,-289.38,Cut
48,10188825351,3.0283,0.9018,-1.0519,75.67,146.51,-364.91,Cut
48,10188865355,3.6000,0.7305,-0.9004,194.60,397.46,-370.72,Cut
48,10188905355,4.4593,0.4429,-1.0167,283.36,698.53,-295.61,Cut
48,10188945363,5.6928,0.2218,-0.9655,264.39,918.54,-159.67,Cut
48,10188985358,8.2877,0.5314,0.5834,294.70,969.99,-21.56,Cut
48,10189025363,7.7738,0.1098,3.0473,414.26,809.69,163.52,Cut
48,10189065358,5.0171,-0.8294,3.0071,704.62,495.81,329.07,Cut
48,10189105352,1.7619,-2.1455,2.4354,126.91,145.46,189.28,Cut
48,10189145355,0.3228,0.3748,2.0159,-29.89,16.17,86.38,Cut
48,10189185352,-0.3462,-0.4260,1.7466,93.87,5.25,47.81,Cut
48,10189225353,-0.4692,0.3521,1.3505,-31.29,20.93,35.84,Cut
48,10189265352,-0.3594,0.2518,1.1610,19.39,27.16,39.27,Cut
48,10189305352,-0.2555,0.5065,1.0124,-21.42,27.65,41.16,Cut
48,10189345353,-0.2372,0.4041,0.9128,21.70,23.94,38.01,Cut
48,10189385354,-0.2328,0.5300,0.8579,14.56,22.75,29.68,Cut
48,10189425351,-0.2445,0.4414,0.8323,22.19,17.85,18.34,Cut
48,10189465353,-0.2518,0.5505,0.8154,12.46,16.10,9.38,Cut
48,10189505351,-0.2306,0.5307,0.7898,7.91,13.37,0.77,Cut
48,10189545352,-0.2233,0.6017,0.7964,1.82,9.10,-3.08,Cut
48,10189585356,-0.2189,0.6647,0.7737,6.58,6.02,-3.50,Cut
48,10189625350,-0.2072,0.6420,0.7686,9.87,1.47,-2.66,Cut
48,10189665352,-0.2218,0.6515,0.7525,15.61,-0.42,-1.68,Cut
48,10189705377,-0.2094,0.6632,0.7613,11.13,-1.19,-1.75,Cut
48,10189745355,-0.1610,0.7152,0.7686,5.39,-2.59,-1.33,Cut
48,10189785352,-0.1164,0.6720,0.7898,20.51,-7.00,0.14,Cut
48,10189825358,-0.0791,0.7613,0.8184,24.99,-15.47,0.49,Cut
49,10194403419,-0.0695,-0.0029,0.6464,-14.21,32.62,6.16,Cut
49,10194435879,-0.1244,-0.0073,0.7562,-1.89,54.74,4.76,Cut
49,10194475877,-0.1281,-0.1749,0.9919,0.28,65.24,4.06,Cut
49,10194515873,-0.1523,-0.0461,1.1873,7.98,59.50,6.58,Cut
49,10194555871,-0.1244,-0.2211,1.2415,59.57,41.86,17.22,Cut
49,10194595879,-0.2006,-0.3192,1.3776,63.70,20.44,23.10,Cut
49,10194635871,-0.3316,-0.3440,1.5511,27.86,2.31,19.18,Cut
49,10194675878,-0.4502,-0.6412,1.8315,10.78,-16.94,12.81,Cut
49,10194715897,-0.4524,-0.4604,2.0730,-15.89,-65.52,4.48,Cut
49,10194755877,-0.5022,-0.8352,2.1777,18.34,-131.60,-7.35,Cut
49,10194795874,-0.5863,-0.7957,2.0006,28.00,-202.72,-31.71,Cut
49,10194835876,-0.6046,-1.3198,1.7326,-67.55,-264.81,-90.86,Cut
49,10194875873,-0.3697,-0.5958,1.2664,-119.56,-318.01,-116.97,Cut
49,10194915892,0.0791,-0.7723,0.9216,-95.90,-343.84,-122.50,Cut
49,10194955905,0.4531,-0.2782,0.5556,-99.26,-349.16,-121.80,Cut
49,10194995893,0.6024,-0.0490,0.1625,-60.34,-341.81,-131.88,Cut
49,10195035894,0.7554,0.1713,-0.0344,-42.70,-321.37,-153.44,Cut
49,10195075885,0.8323,0.2877,-0.1918,-7.49,-269.08,-200.90,Cut
49,10195115873,1.0782,0.3426,-0.3865,-28.84,-184.24,-265.72,Cut
49,10195155871,1.7722,0.5475,-0.8015,-60.48,-107.87,-310.31,Cut
49,10195195875,2.1191,0.6559,-0.8030,4.06,-3.01,-362.60,Cut
49,10195235871,2.4690,1.0995,-0.7276,128.38,178.08,-403.83,Cut
49,10195275871,3.6271,1.0790,-0.4765,250.18,468.16,-384.16,Cut
49,10195315903,4.8349,1.0599,-0.6464,316.05,775.74,-259.21,Cut
49,10195355876,6.3003,0.7357,-0.4487,278.39,963.62,-58.03,Cut
49,10195395872,8.2394,1.1427,1.8351,313.25,968.52,117.11,Cut
49,10195435891,7.5125,-0.6888,3.9133,478.45,740.25,293.44,Cut
49,10195475875,3.6300,-0.8638,3.4082,68.53,387.38,207.27,Cut
49,10195515878,1.4830,-0.3389,2.7677,84.42,121.66,60.06,Cut
49,10195555872,0.4114,0.0564,2.2553,9.87,-10.22,6.79,Cut
49,10195595871,-0.3806,0.4919,1.6104,14.84,-38.36,2.03,Cut
49,10195635879,-0.6873,0.7759,1.0153,21.63,-24.85,12.32,Cut
49,10195675871,-0.7086,0.6961,0.7723,22.89,-1.89,15.26,Cut
49,10195715896,-0.3902,0.7342,0.6603,8.40,13.30,14.21,Cut
49,10195755884,-0.2145,0.8974,0.6149,5.25,14.42,7.70,Cut
49,10195795874,-0.1054,0.8564,0.5666,0.98,11.76,0.56,Cut
49,10195835874,-0.0834,0.8389,0.5344,10.22,4.90,-1.68,Cut
49,10195875877,-0.0417,0.8630,0.5065,12.60,-2.24,-2.10,Cut
49,10195915872,-0.0454,0.8425,0.4846,17.15,-8.96,-1.54,Cut
49,10195955905,-0.0527,0.8542,0.4677,18.69,-12.53,-1.61,Cut
49,10195995905,-0.0520,0.8806,0.4626,18.34,-13.30,-1.33,Cut
49,10196035893,-0.0176,0.8594,0.4553,21.91,-12.11,1.54,Cut
49,10196075876,0.0029,0.8879,0.4758,19.81,-12.25,5.46,Cut
49,10196115881,0.1098,1.0277,0.5995,33.18,-14.42,12.81,Cut
49,10196155874,0.3601,0.8052,0.9392,51.03,-25.34,28.07,Cut
49,10196195871,0.5161,1.0116,0.8930,60.55,-63.42,52.99,Cut
49,10196235872,0.4765,0.7203,0.8301,75.53,-112.35,78.68,Cut
49,10196275871,0.2247,0.7027,0.6683,26.95,-138.46,88.41,Cut
49,10196315871,0.0220,0.6383,0.4048,45.01,-140.21,93.17,Cut
49,10196355874,-0.3675,0.4465,0.2408,10.22,-126.98,83.79,Cut
50,10200935416,-0.0878,-0.1054,1.3542,-16.10,5.25,-10.01,Cut
50,10200966492,-0.0827,-0.0388,1.1771,-10.50,-8.68,-13.72,Cut
50,10201006460,-0.1296,-0.0059,0.9040,-20.86,-18.20,-17.57,Cut
50,10201046446,-0.1515,0.0783,0.6932,-20.86,-16.87,-15.68,Cut
50,10201086445,-0.1596,0.0322,0.5600,-8.54,-8.05,-8.89,Cut
50,10201126443,-0.1625,0.0681,0.5812,3.99,2.38,-1.40,Cut
50,10201166444,-0.1984,-0.0037,0.7810,30.80,17.50,6.02,Cut
50,10201206443,-0.2972,-0.0425,1.2056,27.51,29.12,7.63,Cut
50,10201246444,-0.4355,-0.1039,1.6821,26.11,22.19,5.74,Cut
50,10201286443,-0.6683,-0.2196,2.1257,2.59,-15.33,1.96,Cut
50,10201326459,-0.7723,-0.1039,2.2641,-36.68,-87.71,-1.12,Cut
50,10201366449,-0.8242,-0.0651,2.1601,-52.43,-163.66,12.39,Cut
50,10201406446,-0.7181,-0.1954,1.7890,3.85,-222.46,31.08,Cut
50,10201446448,-0.6178,-0.5263,1.4369,-18.83,-260.89,17.99,Cut
50,10201486445,-0.5937,-0.3623,1.0446,-75.11,-276.71,-1.33,Cut
50,10201526443,-0.2694,-0.0205,0.7174,-37.10,-285.53,-21.98,Cut
50,10201566447,-0.0388,-0.1925,0.3997,76.09,-288.19,-60.69,Cut
50,10201606443,0.0644,-0.2833,0.1911,82.67,-281.61,-124.81,Cut
50,10201646443,0.1837,0.0037,0.0988,24.57,-259.35,-189.70,Cut
50,10201686451,0.5139,0.1193,0.0059,-27.44,-224.70,-243.60,Cut
50,10201726443,0.8791,0.5329,-0.1581,-67.48,-184.73,-285.04,Cut
50,10201766451,1.2627,0.6603,-0.4187,-56.98,-136.15,-314.65,Cut
50,10201806450,1.6141,0.9765,-0.6127,15.82,-69.65,-338.45,Cut
50,10201846446,1.9493,0.9143,-0.7005,23.45,44.66,-376.95,Cut
50,10201886444,2.5115,1.6917,-0.7854,118.44,229.25,-370.44,Cut
50,10201926445,3.5685,0.7935,-0.5453,184.52,492.17,-312.76,Cut
50,10201966479,3.6139,0.5592,-0.8616,299.04,742.63,-183.54,Cut
50,10202006464,4.1453,0.2847,-0.3338,287.98,945.56,52.29,Cut
50,10202046457,7.9290,0.2957,1.7868,541.87,915.25,341.11,Cut
50,10202086445,6.5719,-0.6610,3.5026,524.37,566.16,485.10,Cut
50,10202126442,2.6528,-1.0409,2.6381,348.39,215.60,370.72,Cut
50,10202166448,0.4494,-1.1544,2.1872,26.18,33.67,168.63,Cut
50,10202206511,-0.2811,-0.8586,1.8161,-30.24,-18.06,56.21,Cut
50,10202246569,-0.5563,-0.4019,1.5343,-35.14,-21.63,-0.28,Cut
50,10202286470,-0.5973,-0.1098,1.2722,-47.88,-6.37,-27.58,Cut
50,10202326444,-0.4751,0.1823,1.1383,-42.49,1.12,-34.16,Cut
50,10202366443,-0.4590,0.3375,0.9875,-17.43,7.28,-28.35,Cut
50,10202406442,-0.3587,0.4407,0.9377,-10.01,5.74,-23.24,Cut
50,10202446445,-0.3506,0.5658,0.8982,-6.93,6.65,-16.94,Cut
50,10202486462,-0.3089,0.5043,0.8791,10.99,5.60,-10.85,Cut
50,10202526451,-0.2906,0.6764,0.8506,13.93,-0.21,-7.35,Cut
50,10202566444,-0.2921,0.6149,0.8389,18.34,-5.11,-5.04,Cut
50,10202606444,-0.2913,0.6002,0.8125,13.16,-5.88,-4.34,Cut
50,10202646447,-0.2577,0.6617,0.7840,12.32,-5.88,-3.92,Cut
50,10202686446,-0.2540,0.6251,0.7605,2.87,-6.44,-4.55,Cut
50,10202726448,-0.2196,0.6032,0.7364,6.72,-7.00,-3.85,Cut
50,10202766445,-0.2306,0.6024,0.7218,4.90,-7.00,-3.71,Cut
50,10202806442,-0.2291,0.6339,0.7174,0.70,-6.02,-3.64,Cut
50,10202846445,-0.2350,0.6251,0.7086,4.27,-4.41,-3.01,Cut
50,10202886443,-0.2372,0.6705,0.6932,3.92,-2.94,-2.17,Cut
