Recording ID,Timestamp,Acceleration X,Acceleration Y,Acceleration Z,Gyroscope X,Gyroscope Y,Gyroscope Z,Shot Type
1,7182575435,-0.0227,-0.1069,1.0263,7.07,-8.96,1.96,Drive
1,7182607494,-0.0505,-0.0395,0.9926,13.09,-10.92,4.48,Drive
1,7182647485,-0.0322,-0.0220,1.0409,45.92,-12.11,3.57,Drive
1,7182687495,-0.0944,-0.1559,1.1405,35.49,-14.35,-9.59,Drive
1,7182727483,-0.1083,-0.1003,1.2839,9.59,-23.80,-24.71,Drive
1,7182767480,-0.1574,-0.0542,1.5438,23.24,-48.51,-31.99,Drive
1,7182807480,-0.2320,-0.2145,1.7934,25.83,-94.01,-34.02,Drive
1,7182847481,-0.1940,-0.0608,1.8490,9.73,-155.33,-31.15,Drive
1,7182887482,-0.3045,-0.0564,1.8966,25.20,-203.91,-29.40,Drive
1,7182927479,-0.3235,0.0637,1.6258,-14.35,-239.40,-32.83,Drive
1,7182967519,-0.2599,0.0168,1.2708,-5.74,-259.07,-20.79,Drive
1,7183007499,-0.1457,0.0608,0.9728,19.88,-264.39,-8.61,Drive
1,7183047484,-0.1135,-0.0227,0.7810,26.11,-248.78,-8.47,Drive
1,7183087482,-0.0227,-0.1779,0.5937,41.72,-214.97,-10.22,Drive
1,7183127487,0.2035,-0.1362,0.5000,28.21,-168.21,-13.72,Drive
1,7183167480,0.6112,0.0066,0.2525,28.56,-114.45,-24.01,Drive
1,7183207496,0.5724,0.1230,0.1698,19.32,-47.81,-39.62,Drive
1,7183247501,0.6134,0.3279,0.0600,-29.82,41.65,-72.03,Drive
1,7183287501,0.6749,0.2643,0.0754,-32.76,153.44,-87.01,Drive
1,7183327484,0.6588,0.1706,0.3052,5.81,278.81,-88.41,Drive
1,7183367501,0.9794,0.0922,0.5900,41.37,389.97,-72.73,Drive
1,7183407482,1.5958,-0.1464,1.2737,69.93,469.42,-35.07,Drive
1,7183447482,1.8439,-0.2686,2.5847,43.19,499.59,-18.90,Drive
1,7183487483,1.4889,0.4926,3.4931,9.73,471.31,-26.39,Drive
1,7183527481,0.4128,0.5065,4.2222,57.89,402.85,-4.90,Drive
1,7183567484,-0.1186,0.6120,3.6856,9.87,321.02,-4.34,Drive
1,7183607479,-0.3667,0.0271,2.7662,10.57,222.04,6.65,Drive
1,7183647479,-0.2686,-0.1464,2.0547,12.04,127.61,-1.40,Drive
1,7183687500,-0.2569,-0.1588,1.5035,3.08,62.16,-25.62,Drive
1,7183727482,-0.0498,-0.0132,1.0687,-4.48,33.11,-41.30,Drive
1,7183767478,0.3865,0.1332,0.7584,10.78,10.22,-36.40,Drive
1,7183807477,0.5944,0.1347,0.6625,5.74,-7.28,-28.56,Drive
1,7183847478,0.7854,0.1076,0.6251,5.74,-6.44,-18.06,Drive
1,7183887478,0.7825,0.1069,0.5761,1.33,-2.17,-9.03,Drive
1,7183927480,0.8198,0.0695,0.5446,9.66,1.96,0.49,Drive
1,7183967518,0.8608,0.0791,0.6010,-0.63,0.00,4.69,Drive
1,7184007484,0.8740,0.0549,0.6324,5.74,-2.66,4.34,Drive
1,7184047479,0.8418,0.0278,0.6163,3.15,-5.67,4.90,Drive
1,7184087494,0.8030,0.0220,0.5036,15.40,-5.60,11.34,Drive
1,7184127484,0.8389,-0.0329,0.4948,12.81,-3.71,13.51,Drive
1,7184167478,0.8052,-0.0088,0.5080,14.28,-1.26,10.99,Drive
1,7184207496,0.8220,-0.0124,0.5278,7.00,1.26,5.04,Drive
1,7184247483,0.7993,-0.0037,0.5146,12.04,1.26,1.82,Drive
1,7184287494,0.7920,-0.0088,0.5161,14.07,-0.56,1.19,Drive
1,7184327481,0.7847,0.0059,0.5256,15.19,-1.05,1.19,Drive
1,7184367479,0.8213,-0.0307,0.5556,13.79,-0.63,0.70,Drive
1,7184407478,0.8059,-0.0227,0.5109,7.84,-2.38,0.42,Drive
1,7184447479,0.8411,-0.0329,0.5022,7.00,-3.15,1.75,Drive
1,7184487480,0.8374,-0.0608,0.4751,7.84,-3.29,2.52,Drive
1,7184527479,0.8440,-0.0432,0.4641,8.33,-2.38,2.94,Drive
2,7190347409,0.0908,0.1435,0.9728,6.93,1.19,-3.29,Drive
2,7190379668,0.0834,0.1610,0.9816,8.54,0.84,-2.10,Drive
2,7190419666,0.0439,0.1669,1.0219,12.95,-2.03,-0.77,Drive
2,7190459662,-0.0044,0.1786,1.1200,22.19,-7.00,2.52,Drive
2,7190499661,-0.0966,0.1383,1.2268,28.98,-20.30,6.37,Drive
2,7190539665,-0.1932,0.2181,1.3674,31.99,-42.35,12.11,Drive
2,7190579685,-0.2657,0.1742,1.5570,25.06,-71.33,14.84,Drive
2,7190619664,-0.3682,0.1837,1.6909,13.65,-108.22,16.87,Drive
2,7190659668,-0.4319,0.2072,1.9259,14.98,-153.02,19.81,Drive
2,7190699679,-0.3433,0.2079,1.9449,-35.63,-208.67,20.16,Drive
2,7190739663,-0.2130,0.4590,1.8241,-34.65,-260.75,36.75,Drive
2,7190779667,-0.0827,0.3989,1.6316,-31.43,-286.79,50.26,Drive
2,7190819662,0.0827,0.2818,1.3505,-26.39,-283.57,64.12,Drive
2,7190859661,0.3221,0.2211,1.0138,-26.60,-254.87,72.03,Drive
2,7190899665,0.4729,-0.1039,0.6632,-29.82,-220.99,56.00,Drive
2,7190939661,0.7035,-0.0322,0.3104,-55.51,-171.08,32.69,Drive
2,7190979701,1.0599,-0.0776,0.1728,-64.96,-95.83,-2.87,Drive
2,7191019679,1.7539,0.0322,0.3828,-74.13,-7.56,-53.27,Drive
2,7191059667,1.7239,0.0908,0.3162,24.15,81.90,-110.25,Drive
2,7191099665,0.9501,-0.0168,0.8059,-22.68,224.98,-169.89,Drive
2,7191139670,0.6808,-0.3323,0.8499,-10.36,452.48,-201.39,Drive
2,7191179660,1.9017,0.7013,0.8674,207.97,693.21,-151.13,Drive
2,7191219678,3.4799,-1.4721,3.9426,283.50,781.13,49.91,Drive
2,7191259681,3.7639,0.6244,5.9277,-11.76,589.47,10.22,Drive
2,7191299664,1.0533,0.6127,6.1927,-1.26,372.89,-41.86,Drive
2,7191339680,-1.0006,0.6983,4.3986,33.46,208.53,-29.68,Drive
2,7191379666,-1.3081,0.0798,2.3783,67.97,108.85,20.93,Drive
2,7191419663,-0.8982,0.1493,1.1544,48.37,48.02,31.99,Drive
2,7191459663,-0.4136,0.1010,0.8930,19.46,18.90,1.75,Drive
2,7191499664,0.3682,0.2064,0.6800,-25.20,-2.52,-37.10,Drive
2,7191539662,0.7371,0.1362,0.5856,14.42,-20.30,-52.43,Drive
2,7191579663,0.8147,0.2313,0.5483,-0.84,-21.07,-51.10,Drive
2,7191619663,0.8652,0.0695,0.5446,5.53,-11.34,-33.60,Drive
2,7191659661,1.0285,0.1427,0.5388,-5.81,-6.44,-16.59,Drive
2,7191699678,0.9121,0.0527,0.5380,-3.50,-4.97,0.07,Drive
2,7191739664,0.9143,0.0725,0.5007,-8.40,-0.49,10.01,Drive
2,7191779668,0.8989,-0.0271,0.5043,-0.70,-0.77,15.61,Drive
2,7191819663,0.8396,-0.0622,0.4846,11.90,-2.38,14.84,Drive
2,7191859660,0.8264,-0.0578,0.4626,2.94,-1.47,5.67,Drive
2,7191899660,0.8323,-0.0066,0.4290,2.52,-0.28,-0.70,Drive
2,7191939675,0.8389,-0.0381,0.4246,1.61,-0.84,-2.59,Drive
2,7191979708,0.8638,-0.0037,0.4297,0.91,-1.05,-3.01,Drive
2,7192019667,0.8572,-0.0249,0.4553,3.36,-0.91,-2.17,Drive
2,7192059671,0.9084,0.0000,0.4531,-4.76,-2.31,-3.64,Drive
2,7192099671,0.8550,-0.0754,0.4538,4.41,-3.92,-1.82,Drive
2,7192139663,0.8411,-0.0029,0.4121,-3.01,-4.41,0.07,Drive
2,7192179662,0.8557,-0.0732,0.4297,7.63,-3.01,4.69,Drive
2,7192219679,0.8550,-0.0117,0.4246,-1.54,-3.43,5.11,Drive
2,7192259664,0.8499,-0.0461,0.4524,5.60,-2.03,5.81,Drive
2,7192299667,0.8696,-0.0037,0.4560,3.01,-1.33,3.29,Drive
3,7200595404,-0.3462,0.0886,1.6719,38.15,-126.63,-7.98,Drive
3,7200627176,-0.3653,0.0271,1.8556,47.81,-158.83,-12.95,Drive
3,7200667168,-0.2379,0.0871,1.7729,-11.06,-211.05,-19.18,Drive
3,7200707168,-0.2935,0.0673,1.6382,2.73,-256.27,-6.16,Drive
3,7200747166,-0.3345,-0.0264,1.4845,-16.59,-282.73,6.65,Drive
3,7200787166,-0.2350,0.0417,1.1317,-42.56,-282.31,20.86,Drive
3,7200827170,-0.0651,-0.0095,0.8660,-36.40,-260.75,30.73,Drive
3,7200867166,0.2145,-0.0037,0.6815,-35.91,-214.41,18.20,Drive
3,7200907170,0.5578,0.0102,0.3953,-67.90,-147.14,-5.39,Drive
3,7200947221,0.8747,0.1545,0.1713,-72.03,-78.47,-34.51,Drive
3,7200987187,0.8294,-0.0651,0.0556,-40.74,-3.57,-70.28,Drive
3,7201027171,0.6647,-0.1318,0.0395,-78.54,69.23,-107.73,Drive
3,7201067166,0.3499,0.3052,0.1742,19.60,150.99,-115.78,Drive
3,7201107178,0.5768,-0.1354,0.5080,100.10,262.99,-120.89,Drive
3,7201147174,0.5139,0.0644,0.7122,42.84,357.14,-135.52,Drive
3,7201187166,1.0482,0.2233,0.9135,156.31,462.84,-91.63,Drive
3,7201227166,1.8527,-0.0717,1.6653,284.90,527.87,25.06,Drive
3,7201267170,2.2802,-0.5263,3.4675,220.85,490.77,125.86,Drive
3,7201307168,1.5723,-0.3265,4.5699,74.76,384.58,107.03,Drive
3,7201347168,0.4604,-0.7708,4.0436,-14.49,263.76,43.40,Drive
3,7201387170,-0.3528,-0.0212,2.4764,-39.27,171.08,10.64,Drive
3,7201427166,-0.6376,-0.2965,1.7165,35.07,119.00,25.48,Drive
3,7201467167,-0.3404,-0.1545,1.2898,-57.54,94.01,24.08,Drive
3,7201507170,0.0198,-0.0615,1.1675,-4.90,69.30,33.18,Drive
3,7201547167,0.4341,0.0205,1.0790,-12.81,22.89,28.07,Drive
3,7201587165,0.7335,0.0747,1.0131,8.26,-13.58,18.55,Drive
3,7201627168,0.7291,0.0849,0.8133,3.43,-34.51,6.58,Drive
3,7201667167,0.6669,0.1266,0.5058,13.37,-43.75,2.80,Drive
3,7201707165,0.6376,0.1325,0.3726,26.46,-42.28,1.68,Drive
3,7201747169,0.6903,0.1427,0.4063,9.38,-24.57,-2.17,Drive
3,7201787165,0.7584,0.1457,0.4187,10.50,-5.53,-7.21,Drive
3,7201827168,0.7986,0.1354,0.5139,-4.62,2.38,-14.56,Drive
3,7201867168,0.8381,0.1222,0.5732,4.48,5.46,-14.98,Drive
3,7201907165,0.8308,0.1083,0.6163,4.76,2.80,-15.68,Drive
3,7201947211,0.8081,0.0798,0.5915,9.59,-0.35,-13.86,Drive
3,7201987192,0.7452,0.0571,0.5497,3.08,-1.82,-12.11,Drive
3,7202027172,0.7269,0.0644,0.5314,5.81,-1.68,-8.47,Drive
3,7202067166,0.7715,0.0373,0.5446,0.14,0.35,-5.53,Drive
3,7202107168,0.8250,0.0066,0.5754,1.82,1.61,-5.25,Drive
3,7202147166,0.8506,0.0425,0.5827,-1.26,0.77,-7.56,Drive
3,7202187165,0.8411,0.0198,0.5863,-4.97,-1.19,-10.85,Drive
3,7202227166,0.8235,0.0344,0.5724,-5.18,-0.98,-9.87,Drive
3,7202267166,0.7979,0.0073,0.5446,-8.75,-0.28,-6.23,Drive
3,7202307165,0.7723,0.0198,0.4992,-3.08,-0.56,0.49,Drive
3,7202347182,0.7832,-0.0285,0.4941,2.17,-0.49,7.42,Drive
3,7202387171,0.8477,-0.0161,0.5417,-2.03,-0.56,8.54,Drive
3,7202427167,0.8594,-0.0183,0.5695,3.99,-0.49,5.46,Drive
3,7202467171,0.8081,0.0044,0.5695,-5.67,0.91,-3.64,Drive
3,7202507165,0.7869,-0.0044,0.5453,0.07,3.01,-10.50,Drive
3,7202547166,0.8001,0.0088,0.5124,0.84,4.34,-13.23,Drive
4,7638519411,-0.1098,0.0022,1.2942,34.16,-60.48,16.52,Drive
4,7638553863,-0.1771,-0.0242,1.3110,36.05,-75.46,14.14,Drive
4,7638593870,-0.2079,-0.0490,1.2934,23.17,-89.88,8.40,Drive
4,7638633849,-0.2284,0.0417,1.2905,17.57,-103.53,4.27,Drive
4,7638673846,-0.3777,-0.0432,1.4245,31.36,-117.04,0.00,Drive
4,7638713845,-0.4085,-0.0395,1.5431,-5.95,-135.24,-9.66,Drive
4,7638753863,-0.3631,0.0490,1.5694,-5.67,-167.37,-14.28,Drive
4,7638793847,-0.3711,0.0644,1.5021,-7.49,-209.44,-18.13,Drive
4,7638833844,-0.3411,0.2211,1.2495,-19.60,-237.72,-14.91,Drive
4,7638873861,-0.3177,0.1288,0.9553,-21.49,-240.94,-1.96,Drive
4,7638913850,-0.1545,0.0842,0.7042,-28.70,-218.40,12.25,Drive
4,7638953877,-0.0095,0.1017,0.5578,-46.06,-182.70,19.67,Drive
4,7638993873,0.1281,-0.0278,0.4458,-58.24,-134.82,10.50,Drive
4,7639033851,0.6156,-0.1237,0.2525,-91.21,-79.24,-4.55,Drive
4,7639073846,1.0255,0.1296,0.0703,-93.94,-7.07,-28.35,Drive
4,7639113851,1.0146,-0.0695,0.0410,-32.41,82.39,-74.62,Drive
4,7639153843,0.9904,0.1852,0.0886,-15.19,190.26,-125.51,Drive
4,7639193843,1.0336,-0.0717,0.3279,59.78,335.65,-145.81,Drive
4,7639233846,1.3110,0.1574,0.4802,182.14,482.72,-111.09,Drive
4,7639273863,2.3475,-0.6786,1.7670,284.34,567.00,-7.91,Drive
4,7639313846,2.9068,0.0256,3.4580,46.69,523.18,-1.61,Drive
4,7639353863,2.3995,0.1610,4.0597,9.52,439.25,-39.48,Drive
4,7639393848,1.0863,0.1881,4.0707,23.66,364.49,-43.33,Drive
4,7639433844,0.4575,0.0051,3.4726,-31.36,297.64,-42.63,Drive
4,7639473850,0.1662,0.2752,2.6733,-23.45,217.77,-41.72,Drive
4,7639513845,0.0542,0.2628,1.9566,35.91,126.70,-32.20,Drive
4,7639553845,0.0168,0.1442,1.5145,34.16,66.22,-18.76,Drive
4,7639593844,0.2474,0.1032,1.2071,-2.87,28.28,-12.25,Drive
4,7639633843,0.4590,0.0996,0.7605,-3.01,-4.48,-2.73,Drive
4,7639673844,0.6324,-0.0066,0.5768,4.55,-25.48,10.78,Drive
4,7639713845,0.6793,-0.0161,0.3741,19.25,-31.08,25.76,Drive
4,7639753843,0.8081,-0.0432,0.3514,23.10,-29.47,35.49,Drive
4,7639793842,0.8857,-0.0651,0.3865,22.19,-26.88,34.72,Drive
4,7639833847,0.9348,0.0373,0.4092,12.88,-25.55,26.18,Drive
4,7639873844,0.8916,-0.0117,0.3726,19.60,-26.53,17.08,Drive
4,7639913845,0.8982,0.0271,0.3748,10.57,-24.71,9.03,Drive
4,7639953875,0.8689,-0.0007,0.3470,17.08,-18.41,6.51,Drive
4,7639993877,0.9209,0.0146,0.3660,1.26,-10.08,3.08,Drive
4,7640033850,0.8733,-0.0264,0.3726,15.54,-5.46,4.13,Drive
4,7640073858,0.9157,0.0066,0.4246,-0.28,-2.66,2.38,Drive
4,7640113848,0.8747,-0.0051,0.4473,5.67,-3.92,1.33,Drive
4,7640153846,0.8923,-0.0029,0.4765,-0.91,-4.83,0.63,Drive
4,7640193847,0.8725,-0.0366,0.4429,10.85,-5.74,5.11,Drive
4,7640233845,0.9077,-0.0183,0.4421,2.66,-6.51,8.75,Drive
4,7640274154,0.8777,0.0044,0.4172,4.34,-8.12,11.06,Drive
4,7640313852,0.8813,-0.0293,0.4216,1.26,-7.84,11.55,Drive
4,7640353843,0.8542,-0.0329,0.4597,5.88,-6.09,9.38,Drive
4,7640393843,0.8733,-0.0373,0.4875,2.94,-2.24,4.48,Drive
4,7640433847,0.8740,-0.0608,0.4604,-4.41,-2.17,-5.04,Drive
4,7640473843,0.8279,-0.0007,0.4311,8.68,-3.15,-9.73,Drive
5,7645799415,-0.0651,0.0322,1.0768,16.03,-6.37,0.56,Drive
5,7645832040,-0.0952,-0.0029,1.1631,20.30,-9.24,-0.49,Drive
5,7645872037,-0.1698,-0.0593,1.2869,14.91,-20.02,-1.89,Drive
5,7645912033,-0.2233,-0.0417,1.3740,16.38,-43.26,-1.40,Drive
5,7645952084,-0.3338,-0.1208,1.4955,29.54,-77.28,1.54,Drive
5,7645992063,-0.4473,-0.0717,1.5687,24.85,-117.60,4.69,Drive
5,7646032039,-0.4209,-0.1091,1.5701,29.68,-155.47,6.44,Drive
5,7646072035,-0.4246,-0.0307,1.5277,26.81,-191.59,2.73,Drive
5,7646112052,-0.3499,0.0351,1.4684,2.31,-220.15,-6.93,Drive
5,7646152037,-0.2672,0.1069,1.3813,-1.75,-232.40,-12.39,Drive
5,7646192040,-0.0081,0.1625,1.1529,-6.44,-232.12,-17.57,Drive
5,7646232058,0.0893,0.1332,0.8506,31.99,-220.29,-20.65,Drive
5,7646272039,0.1200,-0.2020,0.5812,7.42,-195.93,-30.87,Drive
5,7646312034,0.1837,-0.0256,0.3558,-41.51,-151.41,-36.75,Drive
5,7646352041,0.3038,0.0673,0.2606,-28.91,-88.34,-42.77,Drive
5,7646392033,0.4626,-0.0029,0.1720,-23.59,-17.15,-61.95,Drive
5,7646432033,0.5366,0.0769,0.1479,4.69,58.80,-80.57,Drive
5,7646472037,0.5497,0.0351,0.1742,31.36,147.70,-93.17,Drive
5,7646512032,0.5812,0.0732,0.2181,58.59,260.82,-98.56,Drive
5,7646552033,0.7020,0.1537,0.3067,131.25,384.16,-70.07,Drive
5,7646592053,0.8345,0.0981,0.8908,200.34,494.69,0.35,Drive
5,7646632036,1.4860,-0.2408,2.2260,4.41,532.63,20.23,Drive
5,7646672035,1.9735,1.0175,3.1630,-32.55,480.06,-20.44,Drive
5,7646712037,1.2832,0.4268,3.6944,-10.43,381.64,-35.42,Drive
5,7646752033,0.6024,0.2804,3.1857,-7.49,276.78,-39.83,Drive
5,7646792032,0.0630,0.1362,2.4251,42.49,187.53,-14.56,Drive
5,7646832035,0.0476,0.1061,1.8124,16.03,111.65,1.47,Drive
5,7646872032,-0.0717,-0.0856,1.4611,25.34,72.17,7.56,Drive
5,7646912031,0.0900,0.0871,1.1368,-8.61,46.20,1.05,Drive
5,7646952065,0.2847,0.0242,1.0270,6.02,22.12,4.90,Drive
5,7646992052,0.4494,0.1808,0.9282,9.38,-5.88,7.70,Drive
5,7647032050,0.6361,0.1603,0.7745,6.93,-27.16,8.75,Drive
5,7647072037,0.7078,0.1720,0.5746,6.58,-39.97,9.87,Drive
5,7647112034,0.7847,0.1076,0.4553,3.99,-38.50,10.15,Drive
5,7647152048,0.8433,0.1728,0.3770,4.76,-30.59,9.94,Drive
5,7647192038,0.8616,0.1266,0.3660,2.94,-17.85,9.38,Drive
5,7647232036,0.8638,0.1061,0.4202,-4.41,-6.79,7.98,Drive
5,7647272055,0.8616,0.0732,0.5102,1.54,-0.63,7.63,Drive
5,7647312036,0.8513,0.0871,0.5388,-4.83,0.70,3.08,Drive
5,7647352053,0.8345,0.0922,0.5256,2.87,-0.07,3.43,Drive
5,7647392040,0.8154,0.1186,0.5190,4.90,-3.43,5.32,Drive
5,7647432033,0.7803,0.1215,0.5146,9.87,-4.27,8.33,Drive
5,7647472032,0.7832,0.1391,0.5080,2.87,-3.71,8.26,Drive
5,7647512034,0.7832,0.1083,0.5102,3.08,-3.57,7.35,Drive
5,7647552034,0.7584,0.1281,0.5168,4.13,-3.71,6.72,Drive
5,7647592032,0.7649,0.1061,0.5146,9.94,-3.43,8.40,Drive
5,7647632041,0.7488,0.1098,0.5263,11.76,-3.29,10.92,Drive
5,7647672032,0.8045,0.1252,0.5585,12.88,-4.20,12.60,Drive
5,7647712035,0.8352,0.1632,0.5658,10.29,-5.18,9.87,Drive
5,7647752035,0.8301,0.1442,0.5658,11.34,-4.97,4.97,Drive
6,7654215411,-0.2306,0.0417,1.3095,40.74,-110.39,21.42,Drive
6,7654248477,-0.2445,-0.0307,1.3659,35.84,-120.96,19.88,Drive
6,7654288494,-0.1837,0.0198,1.4545,18.41,-133.07,15.12,Drive
6,7654328480,-0.0234,0.1347,1.5716,21.70,-152.74,10.43,Drive
6,7654368479,0.0556,-0.0534,1.5621,55.86,-178.99,1.33,Drive
6,7654408472,-0.0849,0.0813,1.1646,20.86,-210.07,-12.11,Drive
6,7654448472,-0.1713,0.0329,0.6925,-17.50,-226.94,-18.97,Drive
6,7654488468,-0.2203,0.0849,0.3843,-31.22,-209.93,-17.08,Drive
6,7654528474,-0.1252,-0.0073,0.2672,-58.73,-167.79,-13.16,Drive
6,7654568469,0.1369,0.0264,0.2430,-61.88,-102.62,-5.53,Drive
6,7654608489,0.4546,-0.0278,0.1720,-52.85,-29.40,-13.79,Drive
6,7654648478,0.5841,0.1193,0.1823,-71.19,36.54,-39.20,Drive
6,7654688469,0.5571,-0.0468,0.2921,-31.57,107.52,-57.75,Drive
6,7654728467,0.5739,-0.1603,0.4560,-34.30,188.37,-66.43,Drive
6,7654768476,0.6215,-0.0856,0.6068,-33.88,293.23,-68.32,Drive
6,7654808469,0.6156,-0.0725,0.7152,68.67,414.05,-39.55,Drive
6,7654848469,0.5710,-0.6749,1.4779,184.31,490.42,33.88,Drive
6,7654888468,1.4084,-0.3806,2.7465,-81.13,489.09,21.77,Drive
6,7654928466,1.3945,0.2020,3.2530,-54.60,419.72,-33.95,Drive
6,7654968481,0.7386,0.4743,3.1198,-30.03,317.94,-59.57,Drive
6,7655008488,0.2730,0.2460,2.6908,1.89,226.38,-70.98,Drive
6,7655048501,0.0681,0.4714,2.0591,8.68,150.43,-71.47,Drive
6,7655088473,0.2079,0.4516,1.6060,8.05,88.20,-62.51,Drive
6,7655128468,0.3250,0.3997,1.3044,17.64,42.98,-48.02,Drive
6,7655168471,0.4407,0.2599,0.9919,34.23,15.75,-27.93,Drive
6,7655208467,0.5036,0.2335,0.7679,19.39,-3.71,-10.29,Drive
6,7655248468,0.5995,0.0981,0.6244,33.25,-16.94,9.24,Drive
6,7655288490,0.6844,0.1274,0.5139,23.45,-25.69,21.28,Drive
6,7655328470,0.7364,0.0651,0.4956,21.63,-30.52,30.17,Drive
6,7655368495,0.7371,0.0183,0.4868,4.20,-29.54,33.25,Drive
6,7655408471,0.7840,0.0337,0.5029,1.75,-24.08,34.09,Drive
6,7655448467,0.7767,0.0615,0.4780,-2.10,-20.30,30.10,Drive
6,7655488475,0.8059,0.0549,0.4780,6.09,-19.39,29.82,Drive
6,7655528470,0.8411,0.0432,0.5073,-1.82,-19.32,24.22,Drive
6,7655568469,0.7993,0.0769,0.5197,4.41,-16.66,20.30,Drive
6,7655608472,0.8001,0.0366,0.5497,-0.07,-12.67,14.56,Drive
6,7655648467,0.7671,0.0813,0.5300,6.23,-8.96,11.41,Drive
6,7655688468,0.7950,0.0359,0.5651,5.18,-6.30,8.19,Drive
6,7655728471,0.7898,0.0264,0.5988,5.81,-4.83,4.48,Drive
6,7655768466,0.7862,0.0908,0.6134,6.86,-4.06,1.33,Drive
6,7655808466,0.7971,0.0542,0.6405,3.57,-4.13,-2.24,Drive
6,7655848470,0.7686,0.0813,0.6032,4.83,-4.62,-3.71,Drive
6,7655888469,0.7181,0.0425,0.5988,8.47,-6.02,-2.59,Drive
6,7655928469,0.7737,0.0922,0.5885,6.51,-6.37,-2.03,Drive
6,7655968478,0.7964,0.0520,0.6222,9.24,-5.67,-2.38,Drive
6,7656008471,0.7862,0.0703,0.6156,0.49,-4.06,-5.04,Drive
6,7656048469,0.7635,0.0703,0.5461,-0.07,-3.71,-4.06,Drive
6,7656088469,0.7598,0.0681,0.5512,5.88,-4.20,-0.77,Drive
6,7656128467,0.7510,0.0644,0.5754,9.87,-2.87,2.94,Drive
6,7656168469,0.7759,0.0791,0.5717,3.64,-0.70,2.80,Drive
7,7662035420,-0.1486,-0.0351,1.2839,40.53,-92.12,4.06,Drive
7,7662066491,-0.1449,-0.0059,1.2905,30.87,-108.15,0.42,Drive
7,7662106484,-0.2284,-0.0081,1.3879,29.33,-125.09,-5.32,Drive
7,7662146488,-0.2430,-0.0249,1.4530,9.52,-140.49,-10.99,Drive
7,7662186483,-0.2240,0.0037,1.4538,4.97,-159.39,-13.44,Drive
7,7662226482,-0.1859,0.0271,1.3513,-7.77,-186.62,-16.03,Drive
7,7662266486,-0.1391,0.0871,1.1456,-9.24,-206.29,-20.44,Drive
7,7662306481,-0.0454,0.0271,0.8557,-32.76,-208.95,-26.81,Drive
7,7662346482,0.0732,0.0966,0.5446,-51.94,-186.62,-32.20,Drive
7,7662386486,0.1127,0.0798,0.3667,-60.06,-141.75,-38.57,Drive
7,7662426484,0.3945,-0.0827,0.1427,-110.46,-85.26,-50.61,Drive
7,7662466483,0.5358,0.1252,0.0725,-70.14,-19.25,-53.13,Drive
7,7662506484,0.6632,-0.2137,0.0578,-21.14,52.29,-62.72,Drive
7,7662546481,0.8111,-0.2935,0.1830,20.51,142.59,-51.52,Drive
7,7662586482,0.9860,-0.5534,0.4260,108.15,255.85,-11.27,Drive
7,7662626503,0.3074,-0.2211,0.6478,100.10,389.06,34.44,Drive
7,7662666487,0.9172,-0.1523,0.5329,239.54,529.34,105.91,Drive
7,7662706483,1.4325,-0.8396,2.6096,-33.46,517.58,120.12,Drive
7,7662746489,1.8849,-0.2094,3.7559,-27.09,435.54,63.63,Drive
7,7662786482,1.0680,0.0959,3.8686,-1.40,320.11,7.21,Drive
7,7662826484,0.0373,-0.0088,3.1366,-3.15,225.54,-7.49,Drive
7,7662866496,-0.0242,-0.0403,1.9361,27.09,151.48,1.89,Drive
7,7662906483,-0.1215,-0.0615,1.6433,58.03,79.38,12.18,Drive
7,7662946528,-0.0703,-0.0476,1.2722,10.50,46.06,-4.83,Drive
7,7662986505,0.1515,0.1310,0.8645,-10.50,26.32,-13.65,Drive
7,7663026501,0.3653,0.0022,0.7210,2.52,10.85,-13.86,Drive
7,7663066487,0.5922,0.0329,0.6800,-7.91,3.92,-17.36,Drive
7,7663106484,0.6815,0.1186,0.5453,-13.65,1.19,-21.63,Drive
7,7663146484,0.6544,0.0586,0.5007,-1.26,-6.37,-15.82,Drive
7,7663186490,0.7210,0.0249,0.5395,3.22,-9.10,-10.85,Drive
7,7663226482,0.7437,0.0000,0.5512,-2.45,-7.98,-9.31,Drive
7,7663266502,0.7591,0.0498,0.5292,-4.06,-7.63,-7.56,Drive
7,7663306503,0.7832,-0.0242,0.5461,-1.12,-6.37,-4.20,Drive
7,7663346503,0.7964,0.0373,0.5205,-7.98,-4.76,-2.38,Drive
7,7663386486,0.8133,0.0161,0.5644,-4.06,-3.08,0.42,Drive
7,7663426484,0.8477,-0.0088,0.6193,-9.10,-0.98,0.42,Drive
7,7663466484,0.8843,-0.0073,0.5768,-3.64,-0.63,2.66,Drive
7,7663506484,0.8740,-0.0271,0.5636,-2.38,-2.66,6.58,Drive
7,7663546488,0.8367,-0.0461,0.5622,3.57,-4.20,10.22,Drive
7,7663586483,0.8176,-0.0081,0.5688,0.00,-6.09,11.34,Drive
7,7663626481,0.7876,-0.0088,0.5695,2.59,-6.23,11.48,Drive
7,7663666483,0.7781,0.0132,0.5388,0.28,-5.18,11.41,Drive
7,7663706483,0.7752,-0.0081,0.5395,4.55,-1.40,11.83,Drive
7,7663746481,0.8418,-0.0051,0.5292,-2.73,1.12,8.12,Drive
7,7663786484,0.8528,-0.0073,0.5805,0.07,3.50,2.80,Drive
7,7663826499,0.8191,0.0285,0.5644,-9.59,3.15,-4.20,Drive
7,7663866485,0.7840,0.0212,0.5175,-5.88,1.40,-6.02,Drive
7,7663906485,0.7847,-0.0022,0.5102,1.61,-0.91,-2.87,Drive
7,7663946526,0.7869,0.0256,0.4948,0.91,-0.56,-0.28,Drive
7,7663986504,0.8008,0.0161,0.5022,1.40,0.42,4.27,Drive
8,7669679414,-0.1142,0.1047,1.1551,25.06,-34.09,-7.84,Drive
8,7669713383,-0.1515,0.1332,1.1778,21.56,-39.62,-9.17,Drive
8,7669753378,-0.2145,0.1383,1.1997,24.22,-46.13,-10.01,Drive
8,7669793379,-0.3418,0.0388,1.2554,25.34,-50.75,-8.82,Drive
8,7669833379,-0.3170,0.0915,1.2678,13.72,-62.65,-4.41,Drive
8,7669873377,-0.2137,0.0966,1.3857,38.08,-85.12,2.80,Drive
8,7669913379,-0.1691,0.0476,1.5643,35.00,-110.04,-1.75,Drive
8,7669953416,-0.0688,0.1662,1.6082,21.91,-142.66,-8.96,Drive
8,7669993402,0.0651,0.1157,1.5460,36.82,-180.46,-13.44,Drive
8,7670033382,0.0307,0.0695,1.3981,49.91,-212.73,-22.19,Drive
8,7670073379,-0.0381,0.1296,1.1207,32.69,-233.10,-32.76,Drive
8,7670113386,-0.0952,0.0673,0.8250,32.55,-234.64,-39.06,Drive
8,7670153378,-0.1076,0.0520,0.4765,14.77,-217.42,-42.63,Drive
8,7670193380,-0.0988,-0.0329,0.3272,15.82,-186.55,-38.92,Drive
8,7670233379,0.0073,-0.1479,0.2115,-8.68,-145.88,-35.63,Drive
8,7670273378,0.1574,-0.0710,0.1340,-56.42,-95.69,-34.16,Drive
8,7670313377,0.2935,0.0110,0.0988,-49.84,-28.21,-34.02,Drive
8,7670353382,0.2467,0.0622,0.0996,-18.48,54.39,-51.87,Drive
8,7670393377,0.2028,0.0468,0.0959,15.33,146.16,-66.64,Drive
8,7670433376,0.1962,-0.0198,0.2511,46.34,243.39,-81.41,Drive
8,7670473381,0.5095,-0.0820,0.0615,3.36,336.63,-96.88,Drive
8,7670513397,0.4875,0.1259,0.5109,127.82,386.89,-59.50,Drive
8,7670553380,0.6412,-0.1669,1.2722,95.41,400.96,-17.64,Drive
8,7670593400,0.7679,-0.1442,2.0364,45.64,403.41,-22.82,Drive
8,7670633381,1.0453,0.6076,2.4800,-71.05,377.09,-76.86,Drive
8,7670673377,1.0453,0.5922,2.5320,-42.98,324.52,-114.94,Drive
8,7670713377,0.7964,0.8220,2.3395,-57.33,252.49,-136.36,Drive
8,7670753376,0.6764,0.6800,1.9361,34.09,187.67,-120.75,Drive
8,7670793388,0.4956,0.7723,1.7956,12.67,132.02,-101.71,Drive
8,7670833379,0.5453,0.4546,1.5028,48.79,86.52,-66.36,Drive
8,7670873375,0.6215,0.5029,1.2715,16.45,44.59,-40.60,Drive
8,7670913379,0.5915,0.2306,1.0621,66.99,10.08,-9.31,Drive
8,7670953408,0.6127,0.2891,0.8630,40.60,-11.62,12.04,Drive
8,7670993397,0.5724,0.0490,0.7239,55.37,-22.19,34.02,Drive
8,7671033397,0.6712,0.0088,0.6412,40.32,-28.49,41.44,Drive
8,7671073381,0.7481,0.0622,0.5534,27.79,-30.31,41.37,Drive
8,7671113377,0.7774,-0.0432,0.4897,30.38,-28.84,40.53,Drive
8,7671153385,0.7840,-0.0007,0.4494,15.33,-24.29,38.15,Drive
8,7671193376,0.8279,-0.0249,0.4773,15.54,-16.73,36.61,Drive
8,7671233376,0.8674,-0.0073,0.4612,-0.28,-11.90,29.40,Drive
8,7671273395,0.8594,-0.0059,0.4677,9.59,-7.49,24.15,Drive
8,7671313380,0.8638,-0.0351,0.4765,7.98,-2.87,15.61,Drive
8,7671353399,0.8477,0.0198,0.4736,1.26,-0.21,9.87,Drive
8,7671393382,0.8074,-0.0630,0.4978,14.49,2.10,8.19,Drive
8,7671433397,0.8286,-0.0007,0.5505,9.59,2.87,6.16,Drive
8,7671473382,0.8352,-0.0037,0.5585,19.46,2.45,5.67,Drive
8,7671513395,0.8264,0.0256,0.5578,7.91,-0.63,3.50,Drive
8,7671553380,0.7957,0.0439,0.5197,14.00,-2.45,5.11,Drive
8,7671593378,0.7796,0.0337,0.5263,16.45,-3.78,7.84,Drive
8,7671633378,0.7869,0.0644,0.5124,14.00,-3.36,10.64,Drive
9,7677999424,0.0527,0.1288,1.0043,7.07,-5.81,1.40,Drive
9,7678030114,0.0498,0.1259,1.0358,12.25,-6.02,2.03,Drive
9,7678070107,0.0476,0.1281,1.0870,12.32,-10.29,1.89,Drive
9,7678110103,0.0051,0.1471,1.1712,27.58,-20.72,5.53,Drive
9,7678150102,-0.0703,0.0849,1.4340,52.99,-37.24,10.99,Drive
9,7678190105,-0.1508,0.0212,1.5811,49.07,-65.59,10.22,Drive
9,7678230102,-0.2533,-0.0029,1.5950,52.99,-105.49,9.66,Drive
9,7678270101,-0.2342,0.0117,1.5679,49.07,-144.62,4.83,Drive
9,7678310106,-0.2525,0.0198,1.5767,46.62,-174.23,-7.21,Drive
9,7678350102,-0.1676,-0.0176,1.5731,6.23,-197.82,-24.29,Drive
9,7678390101,0.1537,0.1244,1.4025,-36.19,-222.39,-32.06,Drive
9,7678430104,0.0556,0.2855,0.9838,-17.64,-244.09,-16.73,Drive
9,7678470121,0.0154,0.1837,0.7225,-0.56,-240.24,2.87,Drive
9,7678510106,0.1530,0.1259,0.5124,-43.19,-205.59,11.20,Drive
9,7678550109,0.3118,0.1654,0.3067,-16.59,-155.47,20.93,Drive
9,7678590136,0.4904,-0.0988,0.2291,-21.63,-90.16,5.53,Drive
9,7678630107,0.4670,0.1398,0.1237,-41.02,-18.76,-23.66,Drive
9,7678670109,0.4370,-0.0271,0.0556,-52.36,63.14,-57.54,Drive
9,7678710103,0.2174,0.1654,0.1859,-9.94,160.23,-86.45,Drive
9,7678750101,0.2167,0.0220,0.3294,18.20,259.56,-105.49,Drive
9,7678790102,0.1859,0.1186,0.5585,56.63,353.92,-105.84,Drive
9,7678830103,0.5607,-0.2855,1.2686,83.02,417.41,-82.74,Drive
9,7678870101,0.8374,0.3616,2.0598,-50.75,414.33,-93.94,Drive
9,7678910104,0.7459,0.2935,2.6842,9.31,366.87,-92.33,Drive
9,7678950136,0.7430,0.7642,2.7260,-45.43,291.48,-105.77,Drive
9,7678990126,0.1896,0.6500,2.4288,-25.13,225.82,-95.69,Drive
9,7679030140,-0.0161,1.0541,1.9632,-32.55,161.35,-66.92,Drive
9,7679070109,-0.2335,0.3243,1.5584,42.70,123.27,-20.30,Drive
9,7679110107,-0.0278,0.3967,1.1558,12.53,89.74,0.98,Drive
9,7679150102,0.2701,0.2760,1.0702,24.01,63.91,12.67,Drive
9,7679190101,0.4568,0.3448,0.9421,6.58,38.78,7.77,Drive
9,7679230106,0.5161,0.2540,0.8279,36.19,18.76,13.09,Drive
9,7679270120,0.6127,0.3638,0.6954,12.88,4.20,12.53,Drive
9,7679310104,0.6229,0.3045,0.5988,13.09,-1.40,15.12,Drive
9,7679350133,0.7415,0.2277,0.5585,4.34,-3.22,14.21,Drive
9,7679390105,0.7686,0.2320,0.5329,11.20,-3.50,14.35,Drive
9,7679430103,0.8235,0.1266,0.5197,5.53,0.77,9.80,Drive
9,7679470104,0.8015,0.1698,0.5014,0.56,6.58,2.94,Drive
9,7679510123,0.7832,0.1296,0.5124,7.00,10.78,-0.56,Drive
9,7679550108,0.7993,0.1618,0.5431,1.89,10.43,-3.99,Drive
9,7679590110,0.8154,0.1515,0.6046,10.50,6.09,-5.18,Drive
9,7679630121,0.8191,0.1764,0.6112,7.63,1.19,-7.98,Drive
9,7679670103,0.8176,0.1501,0.5710,12.46,-1.75,-6.58,Drive
9,7679710103,0.8374,0.1676,0.5497,8.19,-4.76,-5.18,Drive
9,7679750102,0.8440,0.1493,0.5205,16.03,-6.23,-1.82,Drive
9,7679790101,0.8506,0.1369,0.4985,12.46,-7.07,1.05,Drive
9,7679830103,0.8198,0.1581,0.4985,14.70,-7.70,3.99,Drive
9,7679870102,0.8777,0.1142,0.5512,8.61,-7.49,2.52,Drive
9,7679910103,0.8564,0.1610,0.5614,7.14,-6.51,-1.61,Drive
9,7679950147,0.8176,0.1464,0.5146,1.68,-4.20,-3.85,Drive
10,7684775412,-0.3784,0.1069,0.8279,1.26,-17.64,10.01,Drive
10,7684809801,-0.3404,0.1083,0.7671,-2.10,-11.27,8.61,Drive
10,7684849794,-0.3126,0.1296,0.7386,3.01,0.42,7.07,Drive
10,7684889793,-0.3111,0.1237,0.7715,6.72,13.30,5.60,Drive
10,7684929779,-0.3887,0.1222,0.9223,17.22,19.39,7.21,Drive
10,7684969821,-0.4787,0.1047,1.0958,33.95,9.73,13.30,Drive
10,7685009817,-0.6295,0.0512,1.3191,64.05,-16.94,22.19,Drive
10,7685049797,-0.7108,-0.0820,1.3718,74.34,-60.62,22.47,Drive
10,7685089793,-0.7166,0.0673,1.3008,65.59,-107.10,16.03,Drive
10,7685129793,-0.5966,0.0066,1.1822,64.54,-138.67,6.44,Drive
10,7685169794,-0.2650,0.0015,1.0336,49.70,-147.91,-7.28,Drive
10,7685209792,0.2591,-0.1054,0.8286,29.61,-127.40,-23.31,Drive
10,7685249795,0.6698,0.1142,0.5732,-53.83,-75.60,-41.16,Drive
10,7685289794,0.8367,0.2247,0.3492,-104.51,-2.45,-54.60,Drive
10,7685329793,0.6588,0.3104,0.3338,-40.60,85.47,-50.82,Drive
10,7685369796,0.5622,0.2240,0.4465,6.16,174.09,-40.81,Drive
10,7685409792,0.5775,-0.0022,0.7430,6.37,248.99,-36.61,Drive
10,7685449791,0.8220,0.1771,0.9919,-45.01,290.99,-42.28,Drive
10,7685489795,0.9267,0.1735,1.3681,-0.63,310.66,-37.73,Drive
10,7685529791,0.8206,0.0651,1.7583,20.65,317.59,-30.66,Drive
10,7685569778,0.5446,0.4158,2.1191,-0.91,308.07,-35.42,Drive
10,7685609794,0.4209,0.0366,2.3307,-26.53,282.10,-34.44,Drive
10,7685649791,0.2342,0.2035,2.1484,-9.94,234.64,-31.01,Drive
10,7685689792,0.0710,-0.1039,1.8402,10.92,190.12,-15.05,Drive
10,7685729797,0.1120,0.0220,1.6463,18.34,146.23,-3.92,Drive
10,7685769791,0.2525,-0.1881,1.5343,13.93,105.00,-2.31,Drive
10,7685809791,0.4407,0.0578,1.3183,8.75,66.29,-15.05,Drive
10,7685849794,0.5732,0.1039,1.0409,7.56,29.82,-27.72,Drive
10,7685889792,0.5519,-0.0051,0.9267,17.85,4.06,-31.29,Drive
10,7685929792,0.6676,0.2130,0.7071,15.26,-4.62,-29.47,Drive
10,7685969829,0.6617,0.0249,0.6427,29.33,-5.11,-21.42,Drive
10,7686009797,0.7686,0.1764,0.5680,23.10,-3.29,-11.27,Drive
10,7686049795,0.8455,0.0198,0.5607,16.10,-1.47,-1.19,Drive
10,7686089793,0.9018,0.0864,0.5205,20.23,-3.71,4.27,Drive
10,7686129793,0.9194,0.0871,0.5395,9.45,-7.14,5.74,Drive
10,7686169794,0.8821,0.0161,0.5197,12.74,-8.19,5.32,Drive
10,7686209793,0.8550,0.0044,0.5234,5.39,-6.37,4.41,Drive
10,7686249808,0.8330,0.0132,0.4963,9.38,-2.31,5.46,Drive
10,7686289797,0.8367,-0.0388,0.4795,1.68,-1.19,6.79,Drive
10,7686329792,0.8747,-0.0073,0.4443,2.17,-3.92,7.70,Drive
10,7686369792,0.9099,-0.0417,0.4692,6.09,-7.14,8.05,Drive
10,7686409801,0.9121,-0.0447,0.4597,9.94,-10.29,5.74,Drive
10,7686449791,0.8477,-0.0242,0.4355,7.49,-9.73,5.11,Drive
10,7686489791,0.8403,-0.0205,0.4121,7.98,-6.02,6.44,Drive
10,7686529795,0.8323,0.0022,0.3924,3.85,-2.52,6.23,Drive
10,7686569792,0.8345,-0.0278,0.4114,5.04,-0.63,6.44,Drive
10,7686609813,0.8557,-0.0059,0.4392,0.21,0.91,6.09,Drive
10,7686649802,0.8579,-0.0044,0.4773,1.75,1.26,7.77,Drive
10,7686689779,0.8711,-0.0293,0.4926,1.05,1.05,8.40,Drive
10,7686729793,0.8030,-0.0432,0.4494,-6.44,-1.89,6.23,Drive
11,7692311413,-0.2891,0.0205,1.5460,42.21,-99.26,9.45,Drive
11,7692343099,-0.2511,0.0490,1.4120,-10.43,-132.51,-0.77,Drive
11,7692383090,-0.1237,0.1061,1.0460,-29.33,-158.83,-2.03,Drive
11,7692423087,0.0966,0.1984,0.7020,-34.65,-157.22,-1.96,Drive
11,7692463086,0.3587,0.1149,0.4890,-43.26,-123.69,-9.66,Drive
11,7692503091,0.4912,0.1947,0.3601,-63.63,-67.48,-22.68,Drive
11,7692543086,0.5527,0.2979,0.3009,-45.78,0.70,-38.22,Drive
11,7692583087,0.6141,0.1479,0.3045,-31.29,71.96,-58.87,Drive
11,7692623090,0.7210,0.2372,0.3660,-18.97,139.16,-84.84,Drive
11,7692663086,0.8806,0.2196,0.5592,-3.57,206.78,-110.67,Drive
11,7692703086,0.8682,0.2569,0.7496,31.43,268.87,-125.44,Drive
11,7692743087,1.0724,0.1457,1.1448,23.24,321.72,-119.91,Drive
11,7692783085,1.2093,0.5878,1.7678,-2.10,337.68,-113.96,Drive
11,7692823085,1.1507,0.7218,2.1023,-1.47,316.47,-101.85,Drive
11,7692863090,0.8250,0.6054,2.2480,4.90,275.24,-85.82,Drive
11,7692903087,0.5951,0.6464,2.1038,14.56,217.28,-62.79,Drive
11,7692943123,0.5475,0.4253,1.7905,-0.49,164.71,-39.62,Drive
11,7692983111,0.4699,0.5402,1.5416,28.98,124.46,-17.22,Drive
11,7693023088,0.4546,0.2811,1.2649,35.21,90.65,-0.77,Drive
11,7693063089,0.4758,0.2679,1.0314,24.01,53.13,7.49,Drive
11,7693103091,0.5549,0.2174,0.8484,31.64,22.96,8.75,Drive
11,7693143087,0.5929,0.1435,0.7122,16.31,1.19,-0.63,Drive
11,7693183088,0.6720,0.2438,0.5424,2.73,-12.25,-8.40,Drive
11,7693223085,0.7152,0.1493,0.4590,2.24,-20.30,-12.67,Drive
11,7693263089,0.7964,0.2013,0.3938,-13.30,-22.33,-14.42,Drive
11,7693303086,0.8703,0.1867,0.3433,-3.01,-20.58,-9.38,Drive
11,7693343088,0.9260,0.1596,0.3140,-4.90,-17.36,-6.16,Drive
11,7693383090,0.9348,0.1632,0.2730,-6.93,-13.58,-3.99,Drive
11,7693423086,0.9157,0.1859,0.2686,0.35,-9.52,-0.91,Drive
11,7693463085,0.8879,0.0893,0.3104,-5.39,-5.67,-0.28,Drive
11,7693503090,0.9106,0.1530,0.3089,-3.78,-1.33,0.28,Drive
11,7693543085,0.8916,0.0637,0.3140,6.79,1.26,2.03,Drive
11,7693583087,0.8843,0.1142,0.3184,-3.78,1.12,0.77,Drive
11,7693623089,0.8974,0.1281,0.3353,12.46,1.33,3.92,Drive
11,7693663085,0.9135,0.0659,0.3543,8.12,0.14,2.52,Drive
11,7693703085,0.9040,0.1215,0.3631,0.63,-1.19,0.70,Drive
11,7693743091,0.8886,0.1054,0.3506,4.97,-3.71,2.10,Drive
11,7693783085,0.9011,0.0747,0.3594,4.55,-5.32,2.38,Drive
11,7693823088,0.8974,0.1925,0.3536,16.24,-6.02,3.29,Drive
11,7693863087,0.8989,0.0117,0.3455,34.58,-4.48,3.01,Drive
11,7693903086,0.9333,0.0776,0.3148,-3.29,-4.76,-2.45,Drive
11,7693943120,0.9179,0.0813,0.3126,5.53,-1.54,-1.89,Drive
11,7693983112,0.9128,0.0337,0.3477,0.14,-1.89,-1.26,Drive
11,7694023091,0.8989,0.0930,0.3389,-1.12,-2.73,1.54,Drive
11,7694063095,0.9033,0.0630,0.3616,8.82,-2.38,6.30,Drive
11,7694103087,0.9128,0.0820,0.3667,1.33,-2.03,7.63,Drive
11,7694143085,0.9172,0.1149,0.3667,14.49,-1.61,8.82,Drive
11,7694183087,0.9414,0.0498,0.4268,7.49,-1.33,3.71,Drive
11,7694223099,0.9618,0.0351,0.3565,-10.15,-3.22,-2.87,Drive
11,7694263087,0.9194,0.0747,0.3140,-10.22,-5.46,-5.32,Drive
12,7734647405,-0.0468,0.0234,1.1002,23.03,-5.11,4.48,Drive
12,7734678607,-0.0944,0.0293,1.1727,32.90,-9.87,4.48,Drive
12,7734718599,-0.1362,-0.0015,1.2407,36.89,-21.56,1.19,Drive
12,7734758600,-0.2621,0.0037,1.2891,48.86,-35.28,-1.33,Drive
12,7734798599,-0.1896,-0.0476,1.2495,57.33,-48.37,-1.89,Drive
12,7734838606,-0.2584,0.0329,1.3681,61.11,-53.90,-7.56,Drive
12,7734878601,-0.1735,-0.2064,1.4472,16.94,-67.62,-20.65,Drive
12,7734918598,0.0190,0.0059,1.4054,0.98,-99.82,-19.18,Drive
12,7734958640,0.0542,-0.0176,1.4362,60.06,-139.30,-8.26,Drive
12,7734998620,-0.0271,-0.1867,1.4128,87.71,-169.96,-12.60,Drive
12,7735038618,-0.0242,0.0242,1.2678,55.86,-191.52,-24.78,Drive
12,7735078611,-0.0344,-0.1508,1.0124,105.63,-196.00,-33.88,Drive
12,7735118601,-0.0044,-0.2511,0.9026,48.51,-190.19,-51.87,Drive
12,7735158600,0.0037,-0.1720,0.7379,1.33,-177.17,-64.96,Drive
12,7735198616,-0.0403,-0.0264,0.4956,-54.25,-164.50,-70.49,Drive
12,7735238622,0.0081,0.1954,0.2965,-72.59,-142.17,-62.16,Drive
12,7735278619,0.1427,0.0725,0.0893,-89.25,-103.11,-51.03,Drive
12,7735318611,0.2664,0.3133,0.0622,-112.35,-53.20,-44.66,Drive
12,7735358623,0.3170,0.2906,0.1932,-83.02,18.69,-53.48,Drive
12,7735398602,0.0988,0.3052,0.1969,-78.89,123.97,-80.22,Drive
12,7735438606,0.0578,0.1581,0.1501,-30.66,223.58,-102.76,Drive
12,7735478599,0.0710,-0.2935,0.5417,-24.57,340.83,-121.24,Drive
12,7735518602,0.3067,0.2877,0.7122,-55.51,461.23,-159.67,Drive
12,7735558605,0.6427,0.3177,1.6514,205.38,511.21,-132.51,Drive
12,7735598599,0.9999,-0.2298,3.1242,44.80,465.99,-120.75,Drive
12,7735638600,1.3242,1.1566,2.9712,-69.79,325.64,-169.12,Drive
12,7735678601,0.4992,0.7049,2.6689,9.94,216.51,-144.34,Drive
12,7735718601,0.0337,0.9333,2.0064,16.87,139.79,-102.34,Drive
12,7735758603,0.2086,0.6010,1.5738,56.49,83.51,-48.72,Drive
12,7735798601,0.0856,0.3799,1.3798,59.50,39.48,-21.14,Drive
12,7735838598,0.1501,0.2438,1.0394,8.61,20.44,-15.26,Drive
12,7735878600,0.2277,0.3967,0.7064,-22.96,12.60,-1.47,Drive
12,7735918603,0.5739,0.1823,0.6281,15.75,8.40,17.08,Drive
12,7735958630,0.7613,0.1815,0.5856,13.51,3.50,18.13,Drive
12,7735998623,0.7605,0.0922,0.5951,3.22,-0.42,12.81,Drive
12,7736038604,0.6808,0.1069,0.6259,0.56,-2.24,9.24,Drive
12,7736078599,0.7393,0.0417,0.6383,7.07,-0.56,4.62,Drive
12,7736118600,0.7437,0.0337,0.6068,-0.77,-0.77,0.21,Drive
12,7736158599,0.7627,0.0271,0.5549,17.08,-3.22,1.40,Drive
12,7736198598,0.7752,0.0066,0.5453,15.82,-6.37,3.85,Drive
12,7736238604,0.8023,0.0571,0.5468,20.93,-8.47,6.51,Drive
12,7736278599,0.7979,0.0037,0.5651,10.08,-9.66,4.13,Drive
12,7736318598,0.7810,0.0432,0.5475,13.58,-8.75,3.01,Drive
12,7736358600,0.7774,-0.0073,0.5549,9.03,-7.63,1.75,Drive
12,7736398598,0.7708,0.0454,0.5571,15.33,-5.11,2.31,Drive
12,7736438598,0.7796,0.0102,0.6141,10.71,-2.31,-0.14,Drive
12,7736478600,0.7767,0.0425,0.6039,4.83,0.84,-3.78,Drive
12,7736518598,0.8147,0.0117,0.5724,7.49,2.45,-4.76,Drive
12,7736558602,0.7840,0.0351,0.5585,2.24,1.47,-4.27,Drive
12,7736598598,0.7569,0.0088,0.5629,4.76,2.59,-0.98,Drive
13,7741863393,0.0044,0.1274,1.0372,13.16,-0.77,1.82,Drive
13,7741896855,0.0051,0.0893,1.0658,14.91,-6.30,2.66,Drive
13,7741936852,0.0029,0.1457,1.1178,20.37,-16.31,4.13,Drive
13,7741976921,-0.0534,0.0769,1.2429,41.16,-30.59,5.25,Drive
13,7742016857,-0.1332,0.0886,1.3718,34.93,-51.38,2.73,Drive
13,7742056859,-0.2145,0.0183,1.4457,47.81,-79.10,4.76,Drive
13,7742096848,-0.2752,0.0447,1.4750,51.45,-115.78,6.16,Drive
13,7742136849,-0.3704,-0.0856,1.5672,60.34,-151.76,0.70,Drive
13,7742176850,-0.2621,-0.0534,1.5540,5.46,-185.71,-13.30,Drive
13,7742216847,-0.1647,0.1911,1.3066,-39.06,-225.96,-14.28,Drive
13,7742256846,-0.0410,0.3009,1.2122,31.43,-246.61,3.64,Drive
13,7742296847,0.0417,0.0498,0.9655,3.15,-228.97,-7.77,Drive
13,7742336848,0.0395,0.1684,0.6207,-39.76,-204.89,-15.40,Drive
13,7742376848,0.0769,0.0703,0.4282,1.68,-171.57,-11.76,Drive
13,7742416847,0.1369,-0.1369,0.3477,-35.84,-116.76,-27.72,Drive
13,7742456846,0.4260,0.1332,0.1098,-89.04,-49.21,-52.43,Drive
13,7742496848,0.5585,0.1588,0.1420,-56.21,25.13,-80.64,Drive
13,7742536846,0.8520,0.1603,0.0571,-36.61,116.55,-115.99,Drive
13,7742576859,0.8520,0.0095,0.3418,0.21,231.35,-132.58,Drive
13,7742616869,1.4084,0.4114,0.1281,4.97,401.03,-155.40,Drive
13,7742656850,1.4625,0.0644,0.6434,265.09,564.90,-83.37,Drive
13,7742696848,2.2970,0.1632,2.9448,99.68,576.45,5.81,Drive
13,7742736850,2.0620,0.3396,4.3649,38.22,462.91,-4.41,Drive
13,7742776848,1.0585,0.2386,4.1197,-25.69,323.89,-37.73,Drive
13,7742816848,-0.3353,0.1215,3.2025,40.39,218.89,-18.83,Drive
13,7742856848,-0.3082,0.0264,2.2743,34.09,137.69,11.55,Drive
13,7742896846,-0.2050,0.0278,1.7729,20.44,84.56,10.36,Drive
13,7742936847,0.0315,0.0871,1.2115,-39.62,47.46,-16.38,Drive
13,7742976897,0.1815,0.1149,0.9135,-31.08,20.93,-32.55,Drive
13,7743016869,0.4890,0.2679,0.7935,-38.43,15.47,-37.24,Drive
13,7743056855,0.6720,0.1545,0.6215,-9.73,8.12,-24.78,Drive
13,7743096849,0.7942,0.1940,0.5658,7.00,-3.01,-8.89,Drive
13,7743136849,0.8586,0.1193,0.5336,-0.14,-9.24,-1.54,Drive
13,7743176849,0.8579,0.1764,0.4751,-3.57,-8.68,3.92,Drive
13,7743216848,0.8337,0.0703,0.4282,16.80,-4.34,11.62,Drive
13,7743256848,0.8359,0.1259,0.4172,-1.89,-1.68,9.59,Drive
13,7743296864,0.8279,0.0600,0.4648,6.51,0.00,7.42,Drive
13,7743336851,0.8484,0.0791,0.4948,-5.95,-1.26,-1.26,Drive
13,7743376870,0.7986,0.0827,0.4780,2.31,-2.31,-3.15,Drive
13,7743416850,0.8162,0.0864,0.4787,-2.45,-2.31,-6.09,Drive
13,7743456847,0.8264,0.0673,0.4656,9.03,-3.50,-5.11,Drive
13,7743496853,0.8769,0.0483,0.4765,3.92,-4.97,-5.88,Drive
13,7743536850,0.8879,0.0322,0.4268,3.36,-7.07,-7.35,Drive
13,7743576850,0.8769,0.0637,0.4114,5.67,-6.65,-7.77,Drive
13,7743616850,0.8791,0.0834,0.3997,4.69,-3.36,-9.31,Drive
13,7743656846,0.8557,0.0586,0.3880,0.77,0.35,-9.31,Drive
13,7743696846,0.8528,0.0834,0.3931,-1.82,5.39,-6.02,Drive
13,7743736849,0.8952,0.0556,0.4458,-2.80,8.05,-2.03,Drive
13,7743776848,0.8755,0.0710,0.4831,0.21,6.79,-0.35,Drive
13,7743816845,0.9048,0.0359,0.5080,3.29,3.08,-0.14,Drive
14,7749691400,-0.0315,-0.0220,1.0124,5.11,-4.34,-7.63,Drive
14,7749725258,-0.0388,-0.0015,1.0138,4.83,-5.46,-9.10,Drive
14,7749765251,-0.0688,-0.0300,1.0314,8.82,-6.09,-10.22,Drive
14,7749805251,-0.0468,-0.0007,1.0321,3.08,-9.52,-11.83,Drive
14,7749845252,-0.0571,-0.0051,1.0475,11.69,-14.91,-11.97,Drive
14,7749885269,-0.0791,-0.0285,1.1097,0.35,-23.10,-14.56,Drive
14,7749925251,-0.1874,-0.0037,1.1939,4.69,-34.58,-16.80,Drive
14,7749965284,-0.2921,-0.1179,1.3359,12.11,-52.22,-19.53,Drive
14,7750005254,-0.3697,-0.0900,1.4032,6.23,-79.10,-25.27,Drive
14,7750045256,-0.4238,-0.1508,1.4918,20.58,-108.01,-32.27,Drive
14,7750085251,-0.4729,-0.0864,1.4691,30.03,-137.27,-38.92,Drive
14,7750125268,-0.4817,-0.1603,1.4552,52.50,-162.26,-44.66,Drive
14,7750165255,-0.3587,-0.1610,1.4442,23.66,-183.68,-54.88,Drive
14,7750205253,-0.4246,-0.1259,1.3981,44.45,-198.45,-61.46,Drive
14,7750245250,-0.3345,-0.0439,1.2503,6.02,-213.99,-71.40,Drive
14,7750285254,-0.2438,0.0329,0.9465,-21.42,-220.92,-70.49,Drive
14,7750325249,-0.2357,0.0996,0.6229,-52.71,-212.52,-58.66,Drive
14,7750365249,-0.2130,0.1259,0.3989,-60.83,-187.95,-41.51,Drive
14,7750405254,-0.1325,-0.0212,0.2518,-44.87,-151.48,-27.58,Drive
14,7750445249,0.0425,0.1405,0.1398,-45.43,-105.49,-22.12,Drive
14,7750485250,0.1720,-0.0022,0.0505,-29.75,-48.58,-26.60,Drive
14,7750525253,0.1903,0.1230,0.0205,-14.00,18.48,-39.13,Drive
14,7750565249,0.3089,0.0432,0.0366,2.10,92.61,-56.84,Drive
14,7750605271,0.3850,0.0095,0.0520,17.15,168.84,-65.03,Drive
14,7750645261,0.4150,0.1962,0.3023,76.30,254.17,-54.39,Drive
14,7750685251,0.6756,0.0285,0.5629,131.32,348.18,-41.16,Drive
14,7750725251,0.8579,-0.1157,1.1287,92.68,407.61,-28.21,Drive
14,7750765253,1.3593,-0.0930,1.7173,84.63,433.79,-17.36,Drive
14,7750805248,1.2583,0.0754,2.4551,55.72,408.87,-13.93,Drive
14,7750845249,0.9296,-0.1552,3.0773,93.73,361.06,-9.94,Drive
14,7750885251,0.5863,0.3096,3.0642,20.09,296.80,-35.84,Drive
14,7750925249,0.2445,0.4890,2.7208,18.48,235.76,-53.62,Drive
14,7750965279,0.0622,0.2467,2.2180,-22.47,191.03,-70.91,Drive
14,7751005262,0.2233,0.3989,1.6045,-70.63,144.69,-78.12,Drive
14,7751045289,0.3250,0.3382,1.2151,25.90,93.24,-58.59,Drive
14,7751085254,0.4077,0.2855,1.0519,26.25,54.39,-48.23,Drive
14,7751125255,0.5190,0.2130,0.8147,19.04,27.09,-44.17,Drive
14,7751165252,0.5746,0.0564,0.6837,28.21,14.56,-37.38,Drive
14,7751205251,0.6427,0.1215,0.6295,13.37,9.59,-26.60,Drive
14,7751245252,0.8037,0.0395,0.6207,12.18,6.86,-11.83,Drive
14,7751285281,0.8557,-0.0329,0.6083,19.46,0.07,-1.75,Drive
14,7751325254,0.8652,0.0146,0.5702,17.36,-7.28,2.38,Drive
14,7751365270,0.8242,-0.0322,0.5344,21.00,-14.07,8.54,Drive
14,7751405254,0.7906,-0.0498,0.4787,14.07,-15.12,15.40,Drive
14,7751445251,0.7920,-0.1222,0.4553,9.24,-12.18,21.35,Drive
14,7751485254,0.8037,-0.0395,0.4011,8.89,-7.28,28.28,Drive
14,7751525252,0.8323,-0.0952,0.4085,14.14,-3.99,30.45,Drive
14,7751565250,0.8616,-0.0878,0.4341,6.51,-2.45,25.90,Drive
14,7751605249,0.8711,-0.1610,0.4560,13.02,-1.12,20.23,Drive
14,7751645251,0.8762,-0.0849,0.4941,0.70,-2.52,12.46,Drive
15,7757479409,-0.2240,0.2006,1.2773,4.55,-54.04,26.88,Drive
15,7757510913,-0.3023,0.1515,1.3703,9.66,-70.56,31.15,Drive
15,7757550911,-0.2921,0.1932,1.4911,-8.47,-97.72,32.97,Drive
15,7757590907,-0.3184,0.2701,1.5489,-6.44,-125.79,36.26,Drive
15,7757630906,-0.3733,0.2979,1.6382,-16.80,-156.73,37.17,Drive
15,7757670909,-0.2511,0.2840,1.5218,-38.85,-183.68,36.68,Drive
15,7757710907,-0.2013,0.3543,1.3806,-44.10,-198.31,40.81,Drive
15,7757750906,-0.1032,0.2445,1.1968,-40.67,-203.00,44.03,Drive
15,7757790908,-0.0300,0.1911,0.9662,-52.85,-196.63,44.31,Drive
15,7757830908,0.0066,0.2745,0.8045,-32.69,-176.82,44.66,Drive
15,7757870908,0.0878,0.0117,0.6324,-40.81,-149.24,36.33,Drive
15,7757910909,0.2255,0.1859,0.4868,-54.25,-115.29,32.62,Drive
15,7757950919,0.5168,-0.0271,0.3784,-23.94,-70.91,30.17,Drive
15,7757990910,0.6068,-0.0856,0.3404,-28.91,-24.15,25.41,Drive
15,7758030910,0.6193,-0.0154,0.4092,12.88,23.52,21.21,Drive
15,7758070907,0.3836,-0.1954,0.4136,-14.35,81.41,-0.70,Drive
15,7758110906,0.1749,0.2320,0.3594,-37.38,164.78,-25.83,Drive
15,7758150907,0.1603,-0.0842,0.5007,-41.16,267.75,-40.88,Drive
15,7758190922,0.4538,-0.0798,0.8484,-9.38,378.77,-39.97,Drive
15,7758230909,0.9450,-0.6120,1.3769,-16.87,460.74,-29.96,Drive
15,7758270905,1.0380,-1.0526,1.8556,-99.61,503.02,-52.01,Drive
15,7758310907,1.6309,0.2159,2.3175,-31.71,487.97,-82.67,Drive
15,7758350908,1.4823,0.4926,3.3818,61.39,418.25,-95.34,Drive
15,7758390908,1.1265,1.0724,3.1644,7.28,317.80,-136.57,Drive
15,7758430906,0.4904,0.6830,2.5993,32.48,229.95,-138.25,Drive
15,7758470911,0.5146,0.7379,2.0781,47.81,140.98,-115.29,Drive
15,7758510906,0.5219,0.5212,1.6133,51.31,79.45,-80.01,Drive
15,7758550905,0.5000,0.3711,1.2268,45.92,36.05,-51.17,Drive
15,7758590909,0.6500,0.3228,0.8030,24.43,9.17,-30.31,Drive
15,7758630928,0.6310,0.2137,0.6127,27.93,-6.58,-11.83,Drive
15,7758670911,0.7064,0.0695,0.4553,19.18,-6.09,1.54,Drive
15,7758710911,0.7459,0.0651,0.4260,7.56,-4.62,18.41,Drive
15,7758750907,0.8469,-0.0051,0.4502,4.41,-14.77,31.92,Drive
15,7758790907,0.8843,0.0161,0.4370,16.73,-25.76,41.37,Drive
15,7758830908,0.8923,-0.0212,0.3587,2.10,-26.04,40.95,Drive
15,7758870907,0.8447,-0.0549,0.3082,13.23,-21.84,40.32,Drive
15,7758910907,0.8557,-0.0695,0.3052,10.22,-16.66,35.56,Drive
15,7758950914,0.8982,-0.0168,0.3309,2.31,-11.27,27.23,Drive
15,7758990909,0.9435,-0.0212,0.3704,3.92,-8.19,21.07,Drive
15,7759030910,0.9443,-0.0110,0.4063,0.21,-8.47,13.44,Drive
15,7759070912,0.9340,0.0022,0.3726,4.83,-10.71,10.01,Drive
15,7759110906,0.9435,-0.0022,0.4202,6.72,-11.20,6.23,Drive
15,7759150906,0.9575,0.0337,0.3836,8.47,-8.82,1.75,Drive
15,7759190910,0.9370,0.0242,0.3675,1.75,-6.23,-0.63,Drive
15,7759230906,0.9421,0.0600,0.3389,4.55,-3.57,1.54,Drive
15,7759270917,0.9414,0.0212,0.3301,4.34,-1.26,4.41,Drive
15,7759310917,0.9296,0.0527,0.3572,8.33,-0.84,7.77,Drive
15,7759350926,0.9084,0.0512,0.3682,-0.84,-0.56,7.70,Drive
15,7759390909,0.8755,0.0432,0.3953,4.41,0.28,8.61,Drive
15,7759430911,0.8396,0.0139,0.3792,-0.28,0.00,7.91,Drive
16,7764239413,-0.4619,0.0139,1.4150,43.33,-136.36,56.00,Drive
16,7764273587,-0.4319,0.1237,1.5687,44.87,-176.33,64.40,Drive
16,7764313596,-0.3623,0.0688,1.5167,37.59,-196.07,60.69,Drive
16,7764353585,-0.0717,0.1010,1.4237,22.96,-196.14,49.98,Drive
16,7764393580,-0.0051,-0.1032,1.2671,16.59,-193.76,34.65,Drive
16,7764433583,0.0542,0.1728,1.0731,10.50,-181.86,20.79,Drive
16,7764473583,0.0183,0.0461,0.8894,-8.40,-159.11,2.73,Drive
16,7764513580,0.0908,-0.0856,0.7518,-43.75,-129.92,-7.63,Drive
16,7764553585,0.2606,-0.2211,0.6873,-107.31,-89.04,-11.34,Drive
16,7764593579,0.4773,0.0146,0.4670,-163.10,-34.30,-12.46,Drive
16,7764633579,0.5497,-0.0483,0.2350,-139.65,31.15,-4.55,Drive
16,7764673580,0.4363,-0.0146,0.3096,-83.44,118.44,-1.12,Drive
16,7764713578,0.5212,-0.2811,0.4970,-78.40,225.05,-25.97,Drive
16,7764753578,0.9611,-0.4070,0.5856,-130.83,332.22,-65.31,Drive
16,7764793579,1.2320,0.2020,0.9355,-62.65,433.93,-100.52,Drive
16,7764833579,1.3147,0.0542,1.6660,87.71,518.56,-87.92,Drive
16,7764873579,1.5489,0.5226,2.8658,10.85,525.14,-88.69,Drive
16,7764913580,1.5284,0.8440,3.4938,-13.44,443.94,-99.82,Drive
16,7764953590,1.1207,0.6412,3.4697,-15.19,315.70,-92.26,Drive
16,7764993597,0.5043,0.5922,2.9002,23.52,203.00,-62.37,Drive
16,7765033583,0.0644,0.2877,2.2553,40.18,120.68,-27.79,Drive
16,7765073579,0.0761,0.1222,1.5152,20.16,68.11,-3.92,Drive
16,7765113584,0.2562,0.2277,1.0746,13.30,43.82,9.17,Drive
16,7765153578,0.4824,0.2101,0.8118,0.42,25.34,16.03,Drive
16,7765193591,0.5256,0.1793,0.6390,-8.96,7.42,22.12,Drive
16,7765233609,0.5754,0.1025,0.6061,-8.47,-5.67,16.38,Drive
16,7765273582,0.7181,0.0930,0.4538,-19.95,-15.26,-0.21,Drive
16,7765313579,0.8184,0.0739,0.3074,-11.34,-21.28,-11.20,Drive
16,7765353581,0.8308,0.0578,0.2540,11.97,-20.65,-15.68,Drive
16,7765393578,0.9106,0.0842,0.2218,4.69,-13.37,-21.70,Drive
16,7765433604,0.9450,0.0490,0.2533,2.73,-6.16,-26.32,Drive
16,7765473584,0.9384,0.0856,0.2833,-11.20,-3.71,-28.84,Drive
16,7765513578,0.9157,0.0710,0.3162,1.33,-5.25,-23.87,Drive
16,7765553582,0.8945,0.0044,0.3697,1.75,-6.30,-18.13,Drive
16,7765593578,0.9069,0.0739,0.3623,-2.80,-6.72,-11.55,Drive
16,7765633582,0.9362,-0.0256,0.3616,3.29,-6.51,-1.75,Drive
16,7765673579,0.9326,-0.0007,0.3477,10.29,-6.86,7.70,Drive
16,7765713578,0.9318,-0.0066,0.3331,5.25,-9.59,11.97,Drive
16,7765753581,0.9377,-0.0176,0.3741,4.69,-10.08,10.22,Drive
16,7765793580,0.9245,0.0124,0.3579,-4.48,-9.03,2.80,Drive
16,7765833579,0.8572,0.0015,0.3001,2.73,-6.72,0.63,Drive
16,7765873580,0.8352,-0.0037,0.3235,1.96,-4.55,0.42,Drive
16,7765913579,0.8330,-0.0073,0.3396,2.17,-1.54,0.14,Drive
16,7765953596,0.8638,-0.0381,0.3997,2.52,-0.63,-0.21,Drive
16,7765993591,0.9692,0.0022,0.3916,9.10,-2.73,-1.75,Drive
16,7766033586,0.9677,-0.0381,0.3762,6.16,-5.39,-3.99,Drive
16,7766073585,0.8908,0.0110,0.3411,7.84,-5.39,-3.71,Drive
16,7766113579,0.8491,-0.0212,0.3192,-2.17,-3.01,-2.94,Drive
16,7766153579,0.8843,0.0102,0.3104,-2.80,-0.28,-1.75,Drive
16,7766193584,0.8872,-0.0124,0.3440,3.57,1.12,-0.56,Drive
17,7791899400,-0.3777,0.1647,1.4120,-4.90,-122.78,4.34,Drive
17,7791930659,-0.4941,0.2115,1.4362,-24.57,-142.31,6.23,Drive
17,7791970667,-0.5636,-0.0249,1.7729,-39.62,-177.80,14.00,Drive
17,7792010652,-0.3074,0.1691,1.5357,-69.30,-212.10,23.80,Drive
17,7792050651,-0.1215,0.2094,1.1778,-28.70,-217.98,32.62,Drive
17,7792090651,-0.0403,0.1867,0.9216,-39.13,-201.81,25.27,Drive
17,7792130652,0.0725,0.1566,0.7627,-19.53,-170.10,22.96,Drive
17,7792170652,0.2708,0.1420,0.6317,-19.60,-128.87,19.95,Drive
17,7792210649,0.4912,0.0556,0.4758,-6.58,-76.93,10.99,Drive
17,7792250653,0.5417,-0.0139,0.3133,-55.02,-21.91,-6.72,Drive
17,7792290648,0.5256,0.1442,0.1596,-39.20,44.87,-18.69,Drive
17,7792330652,0.4063,-0.0212,0.1274,-46.27,133.14,-27.72,Drive
17,7792370653,0.5849,0.1552,0.1537,-6.16,236.04,-30.66,Drive
17,7792410648,0.6551,-0.2269,0.4436,-6.86,327.25,-30.52,Drive
17,7792450649,1.1265,-0.0644,0.8433,67.34,410.48,-14.49,Drive
17,7792490649,1.5291,-0.3814,1.5899,87.71,444.99,9.03,Drive
17,7792530648,1.3381,-0.0578,2.5744,96.88,411.67,24.36,Drive
17,7792570648,1.0394,0.0249,3.1703,52.78,351.54,17.78,Drive
17,7792610650,0.6551,-0.0937,3.3123,39.34,291.41,0.28,Drive
17,7792650649,0.3572,-0.1039,2.8511,2.94,231.42,-19.53,Drive
17,7792690650,0.0564,0.0783,2.1675,16.66,155.12,-25.34,Drive
17,7792730653,-0.0849,0.0234,1.8132,27.02,101.85,-24.64,Drive
17,7792770648,-0.0015,0.0095,1.4882,10.85,63.56,-34.16,Drive
17,7792810651,0.1728,0.0264,1.1536,12.88,32.90,-44.45,Drive
17,7792850653,0.4077,0.0102,0.8638,-0.35,9.87,-51.94,Drive
17,7792890648,0.5900,0.0337,0.6727,6.37,-8.82,-48.16,Drive
17,7792930648,0.7056,0.0264,0.5527,12.11,-16.80,-33.74,Drive
17,7792970661,0.7049,0.0095,0.5395,1.40,-14.77,-15.19,Drive
17,7793010698,0.7327,-0.0037,0.5109,11.20,-8.40,5.74,Drive
17,7793050673,0.8316,0.0564,0.4882,13.58,-8.68,18.76,Drive
17,7793090654,0.8213,-0.0051,0.5980,22.33,-12.60,21.91,Drive
17,7793130662,0.8250,0.0161,0.6032,-1.33,-15.40,13.44,Drive
17,7793170652,0.8015,-0.0022,0.5856,-8.54,-17.22,9.38,Drive
17,7793210656,0.7745,-0.0681,0.5461,-6.37,-17.50,12.60,Drive
17,7793250651,0.7906,-0.0256,0.5161,0.98,-15.82,18.55,Drive
17,7793290648,0.8257,-0.0915,0.4985,1.40,-12.60,22.82,Drive
17,7793330654,0.8491,-0.0996,0.5146,-9.38,-8.26,21.91,Drive
17,7793370651,0.8272,-0.1142,0.5226,-4.83,-6.09,16.59,Drive
17,7793410649,0.8008,-0.0351,0.5409,-8.47,-4.55,8.68,Drive
17,7793450652,0.7781,-0.0666,0.5797,4.55,-2.52,2.80,Drive
17,7793490650,0.7810,-0.0044,0.5549,-5.95,-1.82,-2.80,Drive
17,7793530649,0.7591,-0.0300,0.5431,-3.43,-0.07,-2.38,Drive
17,7793570649,0.7657,-0.0146,0.5329,-8.47,1.61,-0.63,Drive
17,7793610647,0.7730,-0.0139,0.5475,-0.56,0.42,6.02,Drive
17,7793650648,0.8184,-0.0234,0.6112,0.70,-1.19,9.45,Drive
17,7793690651,0.8535,-0.0285,0.6032,0.00,-4.20,9.31,Drive
17,7793730650,0.8279,-0.0161,0.5600,1.75,-6.58,8.75,Drive
17,7793770648,0.7993,-0.0264,0.5468,2.38,-6.65,7.49,Drive
17,7793810650,0.7701,-0.0183,0.5585,-5.74,-3.29,4.41,Drive
17,7793850649,0.7379,0.0117,0.5732,-9.73,1.96,0.91,Drive
18,7800395398,0.0059,0.0381,1.0878,34.58,-13.51,21.56,Drive
18,7800428412,-0.0088,0.0307,1.1163,18.83,-19.25,22.89,Drive
18,7800468410,-0.0717,0.1113,1.1500,19.95,-24.92,24.22,Drive
18,7800508407,-0.0981,-0.0007,1.2151,20.58,-33.32,24.36,Drive
18,7800548406,-0.1720,0.0593,1.2854,14.70,-48.65,24.50,Drive
18,7800588411,-0.1947,-0.0088,1.3498,27.44,-72.17,26.04,Drive
18,7800628405,-0.2064,0.0007,1.4201,27.37,-96.95,21.21,Drive
18,7800668408,-0.2159,0.0300,1.4574,21.42,-118.72,12.46,Drive
18,7800708408,-0.1801,0.0637,1.4501,16.52,-136.01,2.38,Drive
18,7800748426,-0.1244,0.1545,1.3893,13.51,-149.31,-4.34,Drive
18,7800788412,0.0549,0.2042,1.2583,-17.15,-160.86,-8.82,Drive
18,7800828407,0.0307,0.0856,1.1990,-4.41,-170.31,-1.68,Drive
18,7800868423,0.0827,-0.0600,1.0731,-24.92,-170.59,7.77,Drive
18,7800908410,0.2525,-0.0307,0.8103,-66.29,-156.94,19.53,Drive
18,7800948432,0.2372,-0.0124,0.5490,-59.57,-140.49,31.08,Drive
18,7800988412,0.2855,-0.2928,0.3858,-87.29,-110.32,32.27,Drive
18,7801028407,0.5051,-0.1252,0.2020,-175.91,-54.95,19.67,Drive
18,7801068408,0.6134,0.2306,0.1098,-111.09,4.34,-0.56,Drive
18,7801108406,0.5197,-0.1889,0.2664,-44.24,82.88,-22.54,Drive
18,7801148406,0.4714,-0.1252,0.3902,-57.96,183.68,-42.21,Drive
18,7801188409,0.3645,-0.2328,0.5856,-5.60,294.00,-45.43,Drive
18,7801228405,0.8608,-0.2481,0.7584,-4.06,417.48,-43.40,Drive
18,7801268405,1.4947,0.2847,1.1961,77.49,515.69,-41.86,Drive
18,7801308407,1.7773,-0.2686,2.3570,184.66,564.62,7.42,Drive
18,7801348405,2.0591,-0.3228,3.7757,68.88,521.01,21.07,Drive
18,7801388410,1.8695,-0.4202,3.9887,-30.24,384.16,-18.13,Drive
18,7801428411,1.0695,0.1588,3.2567,-29.33,239.89,-45.85,Drive
18,7801468405,0.3616,0.0468,2.4354,35.63,127.54,-33.39,Drive
18,7801508405,0.1574,0.0827,1.8856,38.01,44.94,-18.62,Drive
18,7801548409,0.1698,0.0476,1.4172,22.47,0.28,-16.80,Drive
18,7801588405,0.2313,-0.0081,0.8169,-26.53,-25.55,-20.37,Drive
18,7801628404,0.3762,0.1969,0.4612,-21.77,-36.19,-14.07,Drive
18,7801668406,0.5878,0.0234,0.3558,-8.54,-35.00,-4.62,Drive
18,7801708407,0.7576,0.0813,0.3257,1.54,-27.23,2.31,Drive
18,7801748409,0.7788,0.0183,0.3396,-5.88,-21.63,2.52,Drive
18,7801788404,0.8491,0.0081,0.3426,-4.41,-17.01,3.78,Drive
18,7801828406,0.8235,-0.0447,0.3528,-5.88,-13.23,5.53,Drive
18,7801868406,0.8067,-0.0168,0.3477,-3.01,-8.68,9.94,Drive
18,7801908417,0.8301,-0.0249,0.3623,2.03,-6.58,14.42,Drive
18,7801948423,0.8162,-0.0300,0.3945,-2.31,-4.27,15.75,Drive
18,7801988409,0.8865,-0.0249,0.4377,-0.56,-3.92,13.65,Drive
18,7802028407,0.8886,-0.0015,0.4509,-2.38,-6.86,10.57,Drive
18,7802068407,0.8638,0.0249,0.4319,1.75,-9.17,10.43,Drive
18,7802108411,0.8528,-0.0132,0.4538,4.41,-11.62,11.69,Drive
18,7802148405,0.8499,0.0381,0.4502,-9.17,-11.13,11.90,Drive
18,7802188404,0.8623,0.0593,0.4992,-0.70,-8.26,13.79,Drive
18,7802228406,0.8879,0.0234,0.5109,-1.54,-4.48,10.92,Drive
18,7802268405,0.9941,0.0952,0.5168,-23.17,-4.55,5.39,Drive
18,7802308404,0.9165,-0.0351,0.4465,3.64,-6.58,2.94,Drive
18,7802348407,0.8960,0.1552,0.4480,39.69,-5.88,7.28,Drive
19,7808139407,0.0461,0.0695,0.9758,1.75,6.02,3.36,Drive
19,7808172051,0.0329,0.0820,0.9948,5.25,5.39,3.71,Drive
19,7808212043,0.0234,0.0498,0.9904,5.39,4.55,4.62,Drive
19,7808252045,0.0227,0.0681,0.9831,4.90,3.43,6.16,Drive
19,7808292041,0.0088,0.0644,0.9867,7.28,3.01,7.56,Drive
19,7808332042,-0.0081,0.0761,1.0526,9.80,2.73,8.82,Drive
19,7808372047,-0.0249,0.1318,1.1514,19.32,-0.98,10.29,Drive
19,7808412051,-0.1179,0.0344,1.3527,51.38,-16.38,14.49,Drive
19,7808452043,-0.2181,-0.0029,1.6433,56.42,-49.70,14.84,Drive
19,7808492043,-0.2233,-0.1113,1.7627,32.34,-95.41,7.98,Drive
19,7808532042,-0.2379,0.0081,1.7590,17.36,-140.49,2.31,Drive
19,7808572057,-0.1757,0.0059,1.6551,27.23,-176.26,-1.54,Drive
19,7808612047,-0.1369,-0.0373,1.5548,12.95,-201.60,-9.52,Drive
19,7808652042,0.0395,0.0373,1.3754,-14.98,-216.72,-12.74,Drive
19,7808692041,-0.0059,0.0659,1.1200,39.41,-221.41,1.19,Drive
19,7808732045,0.1632,-0.2701,0.9033,21.56,-215.60,9.31,Drive
19,7808772041,0.1508,-0.0278,0.6961,-57.33,-198.31,21.21,Drive
19,7808812066,0.3118,0.0271,0.5073,-46.06,-168.14,34.65,Drive
19,7808852073,0.4253,-0.1193,0.2679,-101.92,-122.78,31.71,Drive
19,7808892050,0.5453,0.2818,0.1091,-146.72,-57.68,18.41,Drive
19,7808932045,0.7108,-0.0556,-0.0915,-149.59,11.97,-16.59,Drive
19,7808972059,0.6383,0.0476,-0.1925,-258.58,83.86,-63.42,Drive
19,7809012048,0.7056,0.3074,0.1208,-93.38,187.60,-88.27,Drive
19,7809052043,0.3418,0.0139,0.4736,-21.77,309.75,-116.97,Drive
19,7809092045,0.3902,0.0813,0.9194,8.82,457.52,-135.94,Drive
19,7809132042,1.3213,0.4092,1.0929,83.44,563.92,-123.41,Drive
19,7809172043,2.0986,0.0081,3.1044,88.62,553.56,-87.57,Drive
19,7809212043,2.4939,0.8872,3.7713,-92.47,416.78,-134.26,Drive
19,7809252041,1.3022,0.5453,3.4733,-0.84,255.85,-129.71,Drive
19,7809292042,0.2547,0.7078,2.9097,4.97,149.03,-102.97,Drive
19,7809332042,0.0476,0.5219,2.0093,-2.45,79.03,-74.90,Drive
19,7809372043,-0.0073,0.5388,1.3637,26.81,31.08,-46.97,Drive
19,7809412043,0.0988,0.3653,1.0614,17.99,8.89,-28.63,Drive
19,7809452041,0.1823,0.2372,0.7898,13.44,3.29,-15.68,Drive
19,7809492043,0.4912,0.2262,0.5658,8.19,1.19,-0.42,Drive
19,7809532043,0.6471,0.1354,0.4992,28.00,-1.12,15.40,Drive
19,7809572073,0.7547,0.0783,0.4590,11.20,-3.78,22.68,Drive
19,7809612064,0.7562,0.1354,0.4297,15.40,-7.98,27.44,Drive
19,7809652044,0.7166,0.0981,0.4795,10.50,-12.95,24.99,Drive
19,7809692050,0.7540,0.1032,0.4970,5.53,-14.77,18.62,Drive
19,7809732043,0.7584,0.0608,0.5065,13.44,-15.47,13.58,Drive
19,7809772041,0.7679,0.0388,0.4802,5.67,-15.47,9.31,Drive
19,7809812046,0.7745,0.0747,0.4663,4.34,-13.72,7.56,Drive
19,7809852042,0.8089,0.0366,0.5117,9.73,-9.73,7.49,Drive
19,7809892077,0.8462,0.0615,0.5248,3.78,-7.21,3.64,Drive
19,7809932053,0.8901,0.0337,0.5168,1.19,-5.74,-0.14,Drive
19,7809972068,0.8506,0.0088,0.5183,-0.14,-4.97,-1.33,Drive
19,7810012048,0.8433,0.0483,0.5241,-0.70,-4.97,-1.68,Drive
19,7810052062,0.8433,0.0278,0.5483,-1.54,-4.41,-1.61,Drive
19,7810092048,0.8220,0.0476,0.5629,8.26,-3.99,-1.61,Drive
20,7815031408,-0.0051,0.1976,0.9794,-3.78,4.27,3.01,Drive
20,7815063229,-0.0132,0.1793,1.0028,2.94,5.39,3.08,Drive
20,7815103220,0.0022,0.1596,1.0350,-3.43,3.29,2.31,Drive
20,7815143219,0.0139,0.2035,1.0555,-0.91,-1.40,3.71,Drive
20,7815183218,-0.0022,0.2101,1.1492,9.03,-6.58,6.44,Drive
20,7815223221,-0.0337,0.2782,1.2978,7.84,-12.60,9.31,Drive
20,7815263223,-0.0747,0.2137,1.4193,38.50,-26.81,15.82,Drive
20,7815303220,-0.1047,0.2738,1.4955,23.73,-57.89,19.18,Drive
20,7815343217,-0.1698,0.1530,1.4969,21.07,-94.22,21.42,Drive
20,7815383225,-0.1574,0.2115,1.4486,14.42,-132.72,28.00,Drive
20,7815423222,-0.1113,0.1340,1.4398,22.47,-163.24,34.72,Drive
20,7815463218,-0.2130,0.2145,1.5277,17.29,-182.14,35.63,Drive
20,7815503224,-0.2606,-0.0915,1.5833,-4.41,-193.41,27.51,Drive
20,7815543219,-0.0132,0.2979,1.2510,-138.32,-201.81,19.95,Drive
20,7815583217,0.2298,0.1113,0.9384,-35.49,-207.76,43.40,Drive
20,7815623223,0.2965,0.1127,0.6844,-36.96,-200.41,47.32,Drive
20,7815663221,0.2511,0.0732,0.3960,-33.67,-172.69,39.90,Drive
20,7815703219,0.3814,-0.0329,0.2298,-30.45,-127.19,26.53,Drive
20,7815743220,0.4992,-0.0044,0.0359,-58.03,-59.36,0.63,Drive
20,7815783218,0.6083,0.0234,-0.1135,-20.72,16.87,-24.22,Drive
20,7815823220,0.4868,-0.2079,-0.1559,-14.56,107.94,-41.79,Drive
20,7815863233,0.2028,-0.2672,0.0315,61.67,221.62,-32.06,Drive
20,7815903229,0.1127,0.2101,0.1222,94.64,341.95,-8.05,Drive
20,7815943248,0.2862,-0.1303,0.9450,104.65,445.62,18.69,Drive
20,7815983229,0.9955,-0.1940,1.7890,18.06,475.02,13.58,Drive
20,7816023223,1.3644,-0.3748,2.6015,-33.04,439.74,-8.05,Drive
20,7816063223,1.2422,-0.1588,3.0085,7.63,370.79,-39.97,Drive
20,7816103219,0.7913,0.1047,3.0905,-31.99,287.35,-67.34,Drive
20,7816143219,0.4165,0.0776,2.6550,34.51,204.54,-63.77,Drive
20,7816183219,-0.0212,0.1391,2.1631,40.88,134.68,-39.27,Drive
20,7816223234,0.0337,0.2086,1.6031,65.73,75.11,-3.71,Drive
20,7816263228,0.2050,0.2401,1.2378,49.84,33.46,11.20,Drive
20,7816303219,0.3030,0.1845,0.9736,14.84,7.63,2.03,Drive
20,7816343218,0.2547,0.1530,0.6551,-3.15,6.37,-4.41,Drive
20,7816383242,0.3704,0.0622,0.5351,1.96,13.86,1.12,Drive
20,7816423221,0.5937,0.0834,0.6090,-1.96,13.16,7.28,Drive
20,7816463218,0.7247,0.0373,0.6895,-0.14,3.92,6.51,Drive
20,7816503224,0.7693,0.0534,0.6617,-9.66,-7.35,1.05,Drive
20,7816543218,0.7327,0.0051,0.6456,-6.16,-15.33,2.03,Drive
20,7816583217,0.7115,-0.0044,0.6090,-5.46,-17.50,5.04,Drive
20,7816623223,0.7291,-0.0124,0.5958,-4.76,-13.93,7.00,Drive
20,7816663218,0.7752,-0.0198,0.5746,-0.84,-9.87,7.49,Drive
20,7816703218,0.8147,-0.0242,0.5768,-9.03,-6.44,5.46,Drive
20,7816743219,0.8323,-0.0015,0.5278,2.87,-4.90,6.93,Drive
20,7816783218,0.8250,-0.0176,0.5446,-1.12,-6.02,5.74,Drive
20,7816823217,0.7767,0.0066,0.5329,3.64,-5.04,4.34,Drive
20,7816863233,0.7569,0.0190,0.5483,-7.70,-1.96,0.14,Drive
20,7816903220,0.7444,0.0110,0.5336,-5.18,1.40,-1.40,Drive
20,7816943231,0.7803,-0.0242,0.5497,-4.27,4.55,-0.84,Drive
20,7816983236,0.7788,0.0007,0.5695,5.67,4.06,0.21,Drive
21,7847687410,-0.3521,-0.0959,1.8132,41.51,-127.19,9.73,Drive
21,7847719588,-0.3170,-0.0439,1.7678,18.62,-160.30,3.64,Drive
21,7847759584,-0.1786,-0.0278,1.6785,10.99,-193.55,0.63,Drive
21,7847799580,0.0293,0.0871,1.6126,15.19,-225.68,1.82,Drive
21,7847839578,0.1076,0.0666,1.2847,67.34,-244.51,9.17,Drive
21,7847879595,0.1479,0.1179,1.0131,9.31,-251.86,11.69,Drive
21,7847919581,0.0483,0.0754,0.7181,8.40,-239.33,22.75,Drive
21,7847959597,0.0293,0.0051,0.4773,-27.58,-210.35,23.80,Drive
21,7847999587,0.0608,-0.0490,0.3323,-40.18,-166.04,18.27,Drive
21,7848039580,0.1669,-0.1669,0.2474,-50.54,-110.95,8.19,Drive
21,7848079579,0.7108,0.1581,0.2650,-86.03,-47.88,-11.69,Drive
21,7848119576,0.9421,-0.1640,0.3792,-107.87,28.98,-44.31,Drive
21,7848159576,0.8008,0.0673,0.4524,-72.31,122.92,-58.17,Drive
21,7848199579,0.6830,-0.2518,0.6493,-47.32,227.71,-66.22,Drive
21,7848239576,0.5629,0.0212,0.8037,-45.01,336.77,-82.74,Drive
21,7848279576,0.7950,-0.4033,1.2107,91.00,464.24,-56.42,Drive
21,7848319583,1.0497,-0.4582,2.1748,74.27,532.35,-8.47,Drive
21,7848359575,1.2356,-0.2416,3.1227,48.79,516.67,20.65,Drive
21,7848399576,1.0102,-0.2028,4.1138,-11.48,450.52,0.07,Drive
21,7848439579,0.3594,-0.1925,4.2939,-47.60,362.46,-62.09,Drive
21,7848479576,-0.0490,0.3506,3.1893,-76.37,253.96,-107.24,Drive
21,7848519577,-0.2869,0.2767,2.0028,46.27,140.77,-81.13,Drive
21,7848559580,-0.2503,0.2035,1.3915,73.50,65.24,-45.99,Drive
21,7848599575,0.0417,0.2284,1.0856,54.18,24.71,-25.34,Drive
21,7848639575,0.5139,0.1976,0.9289,27.37,1.12,-19.74,Drive
21,7848679580,0.7042,0.1420,0.7232,26.04,-16.24,-8.75,Drive
21,7848719576,0.8250,0.1405,0.5241,21.63,-29.33,4.34,Drive
21,7848759575,0.7854,-0.0015,0.5358,24.08,-31.22,20.86,Drive
21,7848799577,0.8147,0.0256,0.4809,15.40,-22.75,29.26,Drive
21,7848839577,0.8023,-0.0871,0.4758,0.70,-15.40,31.15,Drive
21,7848879591,0.8037,-0.0886,0.4538,10.01,-10.64,31.01,Drive
21,7848919580,0.7796,-0.1069,0.5014,-2.17,-8.89,25.13,Drive
21,7848959591,0.7518,-0.1069,0.5475,1.12,-6.51,20.30,Drive
21,7848999587,0.8484,-0.1852,0.5827,7.42,-5.46,13.09,Drive
21,7849039579,0.8425,-0.0271,0.4802,4.41,-11.34,4.27,Drive
21,7849079583,0.7788,-0.1464,0.4809,9.66,-15.61,2.45,Drive
21,7849119581,0.7803,-0.0622,0.4612,4.69,-10.15,-0.56,Drive
21,7849159576,0.7781,-0.1259,0.4516,3.29,-2.10,-1.89,Drive
21,7849199576,0.7898,-0.0915,0.4407,-0.42,1.54,-2.03,Drive
21,7849239581,0.8133,-0.1376,0.5080,5.25,1.82,1.33,Drive
21,7849279576,0.8396,-0.0468,0.5592,5.95,1.12,3.08,Drive
21,7849319575,0.8520,-0.0791,0.6149,-1.19,-0.56,4.06,Drive
21,7849359580,0.8264,-0.0388,0.5702,1.75,-4.48,2.94,Drive
21,7849399581,0.8074,-0.0813,0.5710,-2.03,-7.35,2.94,Drive
21,7849439577,0.7935,-0.0732,0.4970,6.09,-7.49,5.81,Drive
21,7849479582,0.7715,-0.0783,0.5139,-0.63,-4.55,8.47,Drive
21,7849519578,0.7884,-0.0659,0.4904,9.45,-2.66,10.85,Drive
21,7849559576,0.8154,-0.0505,0.5300,-1.05,-2.66,8.75,Drive
21,7849599578,0.8103,-0.0637,0.5497,2.87,-1.33,4.76,Drive
21,7849639576,0.8111,-0.0651,0.5388,-2.45,0.98,0.98,Drive
22,7855403407,-0.2394,-0.0344,1.4369,-7.56,-167.65,-20.79,Drive
22,7855435070,-0.1420,-0.0615,1.4113,2.45,-171.08,-23.38,Drive
22,7855475068,0.0029,-0.1618,1.3930,-1.47,-175.49,-29.05,Drive
22,7855515065,0.0044,-0.1998,1.3147,43.19,-178.71,-33.60,Drive
22,7855555061,0.2006,-0.2042,1.0555,-7.77,-183.05,-48.51,Drive
22,7855595064,0.2650,-0.0542,0.6961,-4.34,-181.09,-47.53,Drive
22,7855635063,0.2072,-0.2599,0.5878,1.82,-160.23,-43.33,Drive
22,7855675063,0.1823,-0.2408,0.3470,-37.24,-125.51,-35.84,Drive
22,7855715076,0.1274,0.0820,0.2094,-71.68,-81.69,-22.40,Drive
22,7855755061,0.1413,0.1047,0.1266,-25.06,-22.61,-3.08,Drive
22,7855795099,0.1691,-0.0754,0.1720,-34.72,46.83,10.71,Drive
22,7855835078,0.3287,0.0388,0.1281,-52.36,122.85,19.67,Drive
22,7855875081,0.5000,0.0549,0.4209,8.89,207.97,36.68,Drive
22,7855915075,0.8491,-0.3426,0.4875,-27.02,285.39,37.38,Drive
22,7855955086,1.0204,-0.0271,0.7679,-23.94,362.04,43.68,Drive
22,7855995084,1.0263,-0.3865,1.4464,37.52,428.82,70.21,Drive
22,7856035077,1.1405,-0.2284,2.4054,0.91,474.74,82.25,Drive
22,7856075066,1.2686,-0.2094,3.0839,-47.18,470.40,40.88,Drive
22,7856115069,1.2166,0.0571,3.1249,-79.80,393.26,-37.80,Drive
22,7856155063,0.8220,0.0739,2.7172,-44.38,294.91,-97.37,Drive
22,7856195065,0.5702,0.3060,2.1967,16.10,215.88,-110.46,Drive
22,7856235069,0.5219,0.3243,1.7619,17.22,158.06,-90.51,Drive
22,7856275061,0.4707,0.1684,1.2993,14.28,107.17,-58.73,Drive
22,7856315061,0.3689,0.1574,1.0343,38.22,56.77,-31.71,Drive
22,7856355066,0.5446,-0.0366,0.9084,9.31,20.51,-18.97,Drive
22,7856395065,0.8235,-0.0754,0.6844,55.37,-5.60,-6.72,Drive
22,7856435061,0.9069,0.1025,0.4846,42.21,-30.94,-2.10,Drive
22,7856475068,0.7693,0.1193,0.3477,52.92,-47.95,7.70,Drive
22,7856515064,0.7584,0.0549,0.2979,31.22,-49.77,18.97,Drive
22,7856555063,0.8089,0.0468,0.2394,29.96,-39.97,29.89,Drive
22,7856595061,0.9048,0.0037,0.2518,-2.87,-28.98,28.91,Drive
22,7856635061,0.9501,-0.0805,0.2525,8.05,-20.09,24.50,Drive
22,7856675062,0.9567,-0.1047,0.2694,-4.55,-14.84,12.25,Drive
22,7856715062,0.9165,-0.1310,0.2928,3.36,-10.64,3.64,Drive
22,7856755074,0.8923,-0.1837,0.3052,6.09,-5.81,-1.61,Drive
22,7856795074,0.9143,-0.1230,0.3170,3.29,-3.71,-4.76,Drive
22,7856835066,0.9348,-0.1061,0.3579,5.60,-4.34,-5.53,Drive
22,7856875075,0.9223,-0.1098,0.3850,0.91,-5.11,-7.28,Drive
22,7856915068,0.9150,-0.0600,0.3609,8.19,-7.49,-3.50,Drive
22,7856955080,0.9216,-0.1054,0.3762,11.76,-11.48,0.28,Drive
22,7856995068,0.8945,-0.0849,0.3865,17.22,-16.03,3.85,Drive
22,7857035066,0.8572,-0.1200,0.4085,13.37,-18.34,4.90,Drive
22,7857075069,0.8784,-0.1244,0.3982,9.87,-17.36,4.97,Drive
22,7857115067,0.8996,-0.1369,0.3777,10.36,-16.45,4.83,Drive
22,7857155066,0.8630,-0.0886,0.3470,9.31,-17.29,5.53,Drive
22,7857195064,0.8689,-0.1025,0.3711,9.38,-15.82,7.49,Drive
22,7857235062,0.8960,-0.0769,0.3982,1.75,-13.09,8.33,Drive
22,7857275066,0.8718,-0.1713,0.3924,9.10,-9.80,11.27,Drive
22,7857315062,0.8711,-0.1017,0.3945,2.80,-7.49,10.50,Drive
22,7857355060,0.8601,-0.0996,0.3989,3.92,-6.02,10.78,Drive
23,7862807442,-0.1523,-0.0468,1.4186,43.89,-89.11,9.24,Drive
23,7862838317,-0.1274,-0.0622,1.4340,48.37,-121.31,8.40,Drive
23,7862878307,-0.1010,-0.0959,1.5284,80.22,-160.02,4.69,Drive
23,7862918311,0.0769,-0.2394,1.6404,60.34,-192.08,-13.79,Drive
23,7862958320,0.0285,-0.1288,1.3762,-4.76,-225.96,-29.61,Drive
23,7862998309,-0.1259,-0.0029,1.0314,25.34,-245.00,-14.77,Drive
23,7863038323,-0.1435,-0.2006,0.7774,46.20,-239.96,-11.13,Drive
23,7863078310,-0.2430,-0.3872,0.5973,3.71,-213.64,-15.82,Drive
23,7863118329,-0.1874,-0.1244,0.4538,-49.21,-174.93,-15.26,Drive
23,7863158315,0.0271,-0.1954,0.4575,-50.82,-119.70,-16.52,Drive
23,7863198322,0.2774,-0.1274,0.4663,-82.11,-54.60,-25.97,Drive
23,7863238309,0.3931,-0.0154,0.4099,-113.82,15.96,-38.99,Drive
23,7863278307,0.4121,-0.0102,0.3975,-70.35,92.82,-44.59,Drive
23,7863318308,0.3909,-0.1003,0.3594,-44.59,173.04,-46.48,Drive
23,7863358319,0.2342,-0.0900,0.4011,23.10,259.35,-12.88,Drive
23,7863398313,0.1025,-0.3067,0.6529,93.45,349.72,54.88,Drive
23,7863438307,0.2511,-0.5417,1.0760,42.49,403.27,116.13,Drive
23,7863478306,0.5307,-0.7144,1.8381,10.15,409.78,146.58,Drive
23,7863518307,0.6046,-0.4714,2.8599,9.59,368.48,138.74,Drive
23,7863558306,0.4721,-1.0087,3.2640,-40.53,299.39,93.31,Drive
23,7863598305,0.0117,-0.5131,2.7999,-24.78,215.74,43.05,Drive
23,7863638310,-0.3038,-0.3243,2.0013,-4.27,143.64,24.85,Drive
23,7863678312,-0.5058,-0.1984,1.5562,33.81,90.79,30.17,Drive
23,7863718307,-0.4055,-0.3572,1.2642,24.78,66.92,26.95,Drive
23,7863758306,-0.1464,-0.0908,1.0438,-7.98,49.28,11.83,Drive
23,7863798304,0.1274,-0.1215,0.9069,1.61,31.78,-7.00,Drive
23,7863838305,0.3030,-0.0600,0.8396,-3.15,15.12,-25.55,Drive
23,7863878306,0.4392,-0.0029,0.7891,11.20,6.23,-31.64,Drive
23,7863918331,0.5270,-0.0417,0.7730,6.09,-0.63,-32.83,Drive
23,7863958324,0.6032,0.0168,0.7239,12.25,-4.69,-27.23,Drive
23,7863998326,0.7144,-0.0630,0.7035,2.80,-3.78,-21.98,Drive
23,7864038320,0.7386,-0.0117,0.6778,2.10,-1.75,-16.45,Drive
23,7864078315,0.7752,-0.0608,0.6529,2.94,0.07,-10.50,Drive
23,7864118324,0.7752,-0.0037,0.6273,0.14,1.68,-3.64,Drive
23,7864158309,0.7510,-0.1120,0.6830,4.34,4.20,1.33,Drive
23,7864198306,0.7525,-0.0761,0.6969,-7.98,5.74,1.47,Drive
23,7864238306,0.7152,-0.0966,0.6947,-2.17,5.25,0.07,Drive
23,7864278305,0.7254,-0.0820,0.6852,-5.60,3.22,-2.59,Drive
23,7864318308,0.7166,-0.0893,0.6683,1.75,0.35,-4.34,Drive
23,7864358309,0.7269,-0.0959,0.6661,-1.61,-1.05,-4.97,Drive
23,7864398306,0.7210,-0.0981,0.6449,3.08,-0.91,-3.99,Drive
23,7864438310,0.7137,-0.0981,0.6639,-0.28,-1.05,-3.15,Drive
23,7864478304,0.6925,-0.1113,0.6507,1.89,-0.91,-2.24,Drive
23,7864518305,0.7305,-0.1142,0.6522,5.53,-0.49,-1.54,Drive
23,7864558306,0.7320,-0.1244,0.6522,4.20,-0.84,-2.31,Drive
23,7864598305,0.7283,-0.0798,0.6464,2.24,-0.98,-3.29,Drive
23,7864638305,0.7130,-0.1061,0.6398,1.40,0.84,-3.01,Drive
23,7864678309,0.7196,-0.0981,0.6303,1.26,3.43,-1.96,Drive
23,7864718306,0.7071,-0.1127,0.6310,-1.47,5.53,-0.98,Drive
23,7864758305,0.6888,-0.1061,0.6156,-2.66,6.72,0.21,Drive
24,7870167407,-0.2752,-0.1742,1.5716,55.51,-73.99,8.05,Drive
24,7870198308,-0.3967,-0.1303,1.6155,17.08,-108.29,6.30,Drive
24,7870238293,-0.3623,0.0542,1.5709,36.47,-150.85,6.51,Drive
24,7870278286,-0.3411,-0.0864,1.4918,32.55,-178.01,-7.49,Drive
24,7870318284,-0.1881,0.0593,1.4274,13.37,-191.66,-20.58,Drive
24,7870358286,0.0417,-0.0198,1.2363,3.08,-198.17,-28.00,Drive
24,7870398283,0.1881,0.0373,1.0336,-5.88,-186.55,-33.25,Drive
24,7870438281,0.1830,-0.1179,0.7847,-77.63,-163.38,-42.98,Drive
24,7870478287,0.2789,0.1742,0.4882,-46.34,-123.90,-46.55,Drive
24,7870518284,0.4260,-0.0029,0.2752,-50.26,-75.11,-57.75,Drive
24,7870558289,0.5761,0.1310,0.0578,-68.67,-20.65,-61.67,Drive
24,7870598288,0.7964,0.1310,0.1405,-2.80,40.25,-61.11,Drive
24,7870638284,0.8147,-0.1332,0.1435,-33.88,102.62,-69.30,Drive
24,7870678281,0.6332,0.0564,0.0966,16.52,170.17,-53.90,Drive
24,7870718301,0.6610,-0.2738,0.1537,98.98,247.59,-8.33,Drive
24,7870758287,0.5724,-0.0351,0.5805,116.20,312.76,42.77,Drive
24,7870798282,0.9004,-0.2774,1.9215,121.73,353.22,96.67,Drive
24,7870838282,0.8813,-0.0198,2.9148,39.69,338.80,92.19,Drive
24,7870878282,0.1742,-0.1391,3.2633,-0.42,311.71,56.84,Drive
24,7870918301,0.2094,-0.0893,2.9119,-35.35,280.42,3.29,Drive
24,7870958332,-0.1383,-0.1574,2.4383,-29.47,248.57,-30.03,Drive
24,7870998305,0.0915,0.3001,1.8688,-58.45,199.57,-59.15,Drive
24,7871038347,0.1222,0.1889,1.6609,-37.10,144.55,-68.74,Drive
24,7871078297,0.3104,0.3082,1.4999,-1.40,106.40,-67.34,Drive
24,7871118299,0.3726,0.2957,1.3052,-12.67,72.10,-58.80,Drive
24,7871158283,0.4421,0.2628,1.0138,11.62,34.93,-36.05,Drive
24,7871198291,0.4978,0.1713,0.8535,8.47,4.69,-16.59,Drive
24,7871238297,0.6332,0.1588,0.6756,18.41,-10.08,2.94,Drive
24,7871278285,0.6507,0.0688,0.5900,17.71,-17.50,14.63,Drive
24,7871318287,0.7305,0.0864,0.5300,13.93,-17.78,19.74,Drive
24,7871358285,0.7986,0.0168,0.5256,18.13,-15.75,18.76,Drive
24,7871398282,0.8184,0.0600,0.4941,14.21,-13.09,14.84,Drive
24,7871438282,0.8206,0.0249,0.4985,14.49,-11.62,12.11,Drive
24,7871478285,0.8513,0.0395,0.5139,6.09,-11.55,6.93,Drive
24,7871518283,0.8191,0.0073,0.5278,14.21,-9.87,5.46,Drive
24,7871558282,0.8308,-0.0044,0.5087,1.54,-6.65,2.24,Drive
24,7871598287,0.8374,0.0139,0.5058,7.70,-4.83,2.03,Drive
24,7871638282,0.8462,-0.0447,0.5490,-0.42,-4.69,-1.61,Drive
24,7871678281,0.8396,0.0000,0.5592,6.02,-6.09,-2.80,Drive
24,7871718300,0.8294,-0.0198,0.5893,7.77,-6.37,-3.50,Drive
24,7871758287,0.8001,0.0007,0.5834,8.19,-5.46,-2.66,Drive
24,7871798281,0.8023,0.0117,0.5812,1.33,-5.11,0.35,Drive
24,7871838282,0.8242,0.0000,0.5790,3.64,-6.58,4.41,Drive
24,7871878281,0.8418,0.0124,0.5527,7.98,-7.35,8.26,Drive
24,7871918299,0.8184,0.0293,0.5497,10.29,-4.90,11.41,Drive
24,7871958331,0.8140,-0.0015,0.5131,3.64,-1.19,10.71,Drive
24,7871998288,0.8228,-0.0117,0.5241,0.91,-0.49,8.89,Drive
24,7872038285,0.7986,0.0015,0.5256,3.71,-0.49,5.88,Drive
24,7872078282,0.7686,-0.0139,0.5205,1.61,1.54,2.10,Drive
24,7872118288,0.7803,-0.0037,0.4941,3.08,4.41,-0.21,Drive
25,7878051415,-0.0015,0.0425,1.0387,11.41,-6.09,0.63,Drive
25,7878084493,-0.0066,0.0498,1.0753,5.81,-5.46,-1.40,Drive
25,7878124486,-0.0483,0.0651,1.2012,16.03,-5.25,-0.63,Drive
25,7878164484,-0.0454,-0.0293,1.2751,18.48,-13.86,3.57,Drive
25,7878204504,-0.1069,0.0102,1.4069,39.20,-34.09,12.25,Drive
25,7878244493,-0.1728,-0.1149,1.5357,69.79,-64.47,20.65,Drive
25,7878284485,-0.2101,-0.1340,1.5138,61.81,-101.08,20.09,Drive
25,7878324484,-0.2408,-0.0256,1.4662,70.63,-134.05,17.08,Drive
25,7878364487,-0.2657,-0.0351,1.4501,64.19,-159.39,6.09,Drive
25,7878404484,-0.3975,0.0439,1.6353,86.94,-176.33,-3.71,Drive
25,7878444482,0.0337,-0.2738,1.6785,55.16,-207.27,-25.20,Drive
25,7878484488,-0.0710,-0.1215,1.4274,31.71,-245.63,-36.05,Drive
25,7878524486,-0.0805,-0.2723,1.0365,17.99,-268.38,-49.56,Drive
25,7878564483,0.0630,-0.2738,0.6537,-49.63,-261.80,-60.27,Drive
25,7878604485,0.2137,-0.0871,0.3162,-86.87,-223.23,-56.63,Drive
25,7878644484,0.3140,0.1545,0.1200,-76.72,-160.65,-56.35,Drive
25,7878684482,0.3045,0.1149,-0.0549,-20.30,-87.43,-71.05,Drive
25,7878724502,0.2489,0.0037,-0.1325,-6.16,-20.16,-88.34,Drive
25,7878764487,0.2298,0.0278,0.0534,-12.39,40.60,-102.13,Drive
25,7878804482,0.1288,-0.0117,0.3067,-33.81,103.46,-115.01,Drive
25,7878844483,-0.1537,0.0593,0.3558,-11.97,174.93,-129.99,Drive
25,7878884482,-0.1976,0.2621,0.2891,18.20,241.85,-142.73,Drive
25,7878924500,-0.0205,0.4099,0.3265,132.93,324.17,-128.10,Drive
25,7878964532,0.4729,0.0659,0.3140,235.83,406.35,-63.63,Drive
25,7879004490,0.7979,-0.3704,1.0929,244.30,440.65,32.69,Drive
25,7879044485,1.4098,-0.4092,2.2392,93.17,399.77,74.34,Drive
25,7879084484,1.8527,-0.1208,2.6293,58.80,314.93,57.47,Drive
25,7879124487,1.1024,0.1032,2.8943,44.24,249.20,35.98,Drive
25,7879164501,0.4860,-0.0893,2.4961,-30.73,213.50,11.27,Drive
25,7879204491,0.2357,0.4882,1.9281,-25.90,178.78,0.98,Drive
25,7879244503,0.1310,0.0447,1.7444,64.82,145.32,13.79,Drive
25,7879284485,0.2255,0.1003,1.5021,9.52,112.14,5.04,Drive
25,7879324484,0.3697,0.1171,1.2261,19.46,86.03,-1.61,Drive
25,7879364484,0.4560,0.0249,1.0665,16.17,59.57,-9.10,Drive
25,7879404482,0.5849,0.0783,0.8513,1.05,38.71,-17.64,Drive
25,7879444482,0.6573,0.0805,0.7261,6.58,20.93,-19.39,Drive
25,7879484485,0.7166,0.0512,0.6383,6.44,7.07,-19.11,Drive
25,7879524485,0.8242,0.0264,0.5512,-4.06,-2.03,-20.09,Drive
25,7879564483,0.8359,0.0688,0.4436,-11.76,-7.21,-17.57,Drive
25,7879604486,0.8147,-0.2291,0.3653,-29.54,-14.00,-13.58,Drive
25,7879644484,0.7913,0.1845,0.2928,-60.48,-18.27,-6.37,Drive
25,7879684482,0.7686,0.1383,0.3250,44.80,-6.02,5.25,Drive
25,7879724502,0.8052,-0.1486,0.3550,40.67,-0.42,7.56,Drive
25,7879764487,0.8367,-0.0564,0.3872,-9.10,3.64,3.85,Drive
25,7879804498,0.8586,0.0798,0.3653,-7.28,8.12,6.02,Drive
25,7879844487,0.8872,-0.0088,0.3711,10.85,8.61,11.27,Drive
25,7879884483,0.8960,-0.0088,0.4019,14.98,7.98,15.33,Drive
25,7879924499,0.9260,0.0059,0.4099,19.11,5.18,17.57,Drive
25,7879964526,0.9311,-0.0395,0.4268,23.17,1.82,16.59,Drive
25,7880004488,0.9201,-0.0651,0.4319,3.36,-0.42,12.11,Drive
26,7932527410,-0.2284,-0.1552,1.5782,36.33,-66.08,-4.41,Drive
26,7932559299,-0.2679,-0.1859,1.5855,9.66,-94.43,-14.84,Drive
26,7932599294,-0.2928,-0.0285,1.4501,7.77,-130.55,-20.86,Drive
26,7932639290,-0.2950,-0.0220,1.3791,23.10,-158.97,-23.94,Drive
26,7932679289,-0.2694,-0.0227,1.2612,9.10,-175.56,-26.11,Drive
26,7932719293,-0.2086,-0.0066,1.2129,21.00,-180.25,-23.73,Drive
26,7932759309,-0.1208,-0.0878,1.1492,33.25,-182.42,-23.24,Drive
26,7932799294,-0.0776,-0.1376,1.0277,30.03,-181.09,-26.88,Drive
26,7932839293,-0.0293,-0.0417,0.8630,35.98,-174.30,-30.10,Drive
26,7932879289,-0.0139,0.0227,0.7862,86.66,-156.52,-32.20,Drive
26,7932919303,-0.0593,-0.0212,0.7701,150.71,-128.17,-39.83,Drive
26,7932959337,-0.0359,-0.4231,0.6778,88.13,-100.87,-58.80,Drive
26,7932999296,-0.0878,-0.1164,0.5109,-15.75,-81.48,-65.24,Drive
26,7933039291,-0.0468,-0.0329,0.3411,-39.97,-55.79,-56.91,Drive
26,7933079291,-0.0066,0.0044,0.1874,-70.42,-23.17,-46.06,Drive
26,7933119321,0.0681,0.1222,0.1427,-57.19,24.22,-30.73,Drive
26,7933159318,0.0856,0.2664,0.2233,2.17,92.75,-17.50,Drive
26,7933199293,-0.0930,-0.0081,0.2877,44.31,189.77,2.38,Drive
26,7933239290,-0.1603,-0.0505,0.4085,29.19,303.94,32.48,Drive
26,7933279313,-0.0542,-0.1010,0.4743,23.03,430.64,74.97,Drive
26,7933319294,0.4377,-0.1662,0.8411,10.22,513.45,100.10,Drive
26,7933359288,1.1734,-0.5651,2.1191,-26.95,528.57,87.85,Drive
26,7933399293,1.3871,-0.2108,3.1161,-127.05,455.56,4.27,Drive
26,7933439289,1.4896,0.0593,3.0071,-102.97,319.13,-88.83,Drive
26,7933479292,0.5197,0.0798,2.7326,-49.49,202.93,-126.14,Drive
26,7933519294,-0.0688,0.3316,1.9325,17.50,130.27,-94.22,Drive
26,7933559288,0.1171,0.2072,1.5753,32.90,70.49,-49.91,Drive
26,7933599288,0.3806,0.1266,1.2869,36.47,23.45,-27.93,Drive
26,7933639292,0.5139,0.1281,0.9472,24.08,-6.86,-19.53,Drive
26,7933679288,0.5453,0.0300,0.7049,29.05,-17.99,-8.26,Drive
26,7933719288,0.5212,0.0117,0.5651,27.37,-16.66,4.62,Drive
26,7933759305,0.6090,-0.0139,0.5014,14.42,-10.92,14.77,Drive
26,7933799293,0.6932,-0.0059,0.4714,1.89,-6.44,17.57,Drive
26,7933839289,0.7122,-0.1120,0.5234,17.29,-2.45,18.55,Drive
26,7933879308,0.7232,-0.0651,0.5695,-3.78,-2.73,13.65,Drive
26,7933919290,0.7518,-0.1076,0.5841,12.25,-5.04,13.51,Drive
26,7933959323,0.7759,-0.0673,0.5732,-0.91,-9.73,9.24,Drive
26,7933999295,0.7715,-0.0966,0.5592,10.99,-13.09,10.92,Drive
26,7934039290,0.7788,-0.0791,0.5739,5.25,-14.14,11.48,Drive
26,7934079289,0.8052,-0.1281,0.5754,7.14,-13.65,12.74,Drive
26,7934119295,0.7950,-0.0717,0.5505,1.54,-13.44,13.30,Drive
26,7934159309,0.7906,-0.0900,0.5490,-0.21,-10.92,12.67,Drive
26,7934199293,0.7913,-0.0856,0.5578,6.23,-8.54,11.13,Drive
26,7934239305,0.7620,-0.0615,0.5775,1.19,-6.79,7.14,Drive
26,7934279306,0.7554,-0.0930,0.5702,5.25,-4.27,4.76,Drive
26,7934319293,0.7386,-0.0395,0.5563,-4.62,-1.89,2.31,Drive
26,7934359295,0.7386,-0.1091,0.5805,9.10,0.56,3.29,Drive
26,7934399323,0.7591,-0.0695,0.5856,-6.37,2.03,1.33,Drive
26,7934439299,0.7891,-0.0542,0.5739,6.16,1.89,3.36,Drive
26,7934479295,0.7906,-0.0366,0.5834,-2.73,-0.35,2.59,Drive
27,7939799402,-0.1947,-0.0937,1.2261,33.53,-41.72,1.12,Drive
27,7939833425,-0.1954,-0.0725,1.2444,16.45,-52.15,-2.03,Drive
27,7939873397,-0.1925,-0.0271,1.2671,17.50,-62.02,-5.04,Drive
27,7939913389,-0.2020,-0.1200,1.2759,4.90,-74.48,-9.10,Drive
27,7939953435,-0.1523,-0.1039,1.3740,-2.03,-88.06,-9.94,Drive
27,7939993404,-0.2306,-0.0542,1.4969,12.95,-103.67,-7.49,Drive
27,7940033405,-0.2247,-0.1845,1.5562,32.76,-128.45,-6.58,Drive
27,7940073391,-0.2957,-0.1640,1.4274,8.47,-165.76,-8.61,Drive
27,7940113390,-0.4063,0.0300,1.3235,5.39,-198.73,-3.78,Drive
27,7940153408,-0.4699,0.0234,1.1983,7.42,-214.34,-0.98,Drive
27,7940193389,-0.4451,0.0512,1.0307,-0.91,-216.65,1.75,Drive
27,7940233393,-0.3294,0.0798,0.8213,-7.70,-211.26,6.58,Drive
27,7940273406,-0.1837,-0.1354,0.6771,-11.27,-194.18,7.49,Drive
27,7940313390,-0.0337,-0.0988,0.5087,-51.31,-165.97,3.43,Drive
27,7940353393,0.1574,0.0146,0.3755,-81.27,-126.77,-5.25,Drive
27,7940393387,0.4934,-0.0878,0.1193,-133.35,-74.34,-26.74,Drive
27,7940433386,0.6456,0.4209,0.0285,-122.36,-28.70,-49.70,Drive
27,7940473390,0.6215,0.0739,0.3902,5.60,48.79,-76.44,Drive
27,7940513395,0.4465,-0.0161,0.7035,-3.92,147.28,-107.24,Drive
27,7940553388,0.2679,-0.5402,0.5673,-3.08,282.52,-130.06,Drive
27,7940593387,0.6581,0.3294,0.3250,-16.87,422.24,-121.94,Drive
27,7940633385,1.2159,0.0959,0.1815,301.70,569.03,-37.94,Drive
27,7940673389,1.7612,-0.1449,1.9676,264.25,618.10,77.63,Drive
27,7940713386,2.1309,-1.0504,4.1834,14.14,527.59,96.11,Drive
27,7940753384,1.2115,-0.3850,4.7002,-161.49,385.77,-4.90,Drive
27,7940793411,0.1105,0.6207,3.3606,-337.26,278.60,-93.66,Drive
27,7940833390,-0.1347,0.9487,2.3292,54.32,170.17,-39.48,Drive
27,7940873386,0.0454,0.4677,1.7151,21.77,71.40,13.44,Drive
27,7940913388,0.1618,0.2547,1.4091,63.63,19.25,38.99,Drive
27,7940953421,0.3375,0.2584,0.9194,5.39,2.66,27.79,Drive
27,7940993395,0.4399,0.2540,0.6551,18.97,-13.72,17.64,Drive
27,7941033388,0.6654,0.1493,0.6010,5.18,-25.27,6.02,Drive
27,7941073386,0.7488,0.2416,0.5468,-8.12,-27.86,-5.46,Drive
27,7941113387,0.7876,0.1127,0.4348,3.29,-28.56,-9.45,Drive
27,7941153402,0.7767,0.1552,0.3843,1.19,-24.99,-9.17,Drive
27,7941193389,0.8411,0.0842,0.4941,4.90,-15.54,-9.73,Drive
27,7941233388,0.8242,0.1998,0.4494,2.52,-9.17,-14.91,Drive
27,7941273406,0.8403,0.1186,0.4882,-3.64,-4.62,-19.18,Drive
27,7941313390,0.7964,0.1515,0.4502,2.38,-3.64,-18.83,Drive
27,7941353393,0.8184,0.1530,0.5270,2.73,-3.36,-15.75,Drive
27,7941393385,0.7869,0.1413,0.5146,13.58,-3.36,-12.88,Drive
27,7941433397,0.8067,0.0988,0.5607,3.92,-4.06,-10.15,Drive
27,7941473388,0.7825,0.1969,0.5073,2.66,-4.41,-8.68,Drive
27,7941513386,0.8206,0.1091,0.5102,-0.63,-4.20,-7.14,Drive
27,7941553385,0.7781,0.0666,0.4882,8.19,-3.99,-5.39,Drive
27,7941593388,0.8125,0.0556,0.5065,5.46,-0.70,-3.43,Drive
27,7941633385,0.8169,0.0703,0.4956,7.07,0.56,-2.94,Drive
27,7941673386,0.8257,0.0439,0.5197,4.48,0.49,-2.80,Drive
27,7941713390,0.8316,0.0944,0.5117,5.95,-0.77,-4.27,Drive
27,7941753402,0.8133,0.0666,0.5080,3.08,-0.70,-5.88,Drive
28,7946419411,-0.2167,-0.0227,1.2429,47.18,-57.61,10.99,Drive
28,7946453051,-0.2101,-0.0725,1.2751,54.95,-79.52,6.02,Drive
28,7946493048,-0.2035,-0.0073,1.2027,43.40,-99.33,-1.26,Drive
28,7946533043,-0.2035,0.0168,1.2788,68.18,-112.21,-5.11,Drive
28,7946573044,-0.0974,-0.1559,1.3798,22.75,-131.32,-21.35,Drive
28,7946613044,-0.0490,0.0981,1.1302,1.05,-157.50,-28.56,Drive
28,7946653042,-0.1274,-0.1596,0.7752,15.68,-171.99,-26.67,Drive
28,7946693042,0.0037,0.0395,0.4729,-52.43,-142.38,-26.39,Drive
28,7946733044,0.2137,0.1662,0.4121,-79.24,-63.00,-32.27,Drive
28,7946773062,0.1771,0.3733,0.4473,-90.79,57.47,-62.30,Drive
28,7946813047,0.2760,0.2877,0.4897,-33.95,191.38,-91.84,Drive
28,7946853044,0.2569,0.0066,0.9443,-4.27,296.73,-107.38,Drive
28,7946893041,0.6237,0.1889,1.2093,-101.43,350.42,-140.14,Drive
28,7946933040,0.6610,0.3192,1.3784,-23.31,336.98,-143.01,Drive
28,7946973091,0.4202,0.2943,1.4567,13.44,302.89,-134.96,Drive
28,7947013060,0.2364,0.1039,1.3498,7.42,274.26,-128.24,Drive
28,7947053051,0.0681,0.2277,1.2159,45.92,241.78,-109.90,Drive
28,7947093045,-0.0117,0.3001,1.0870,-12.53,208.25,-90.86,Drive
28,7947133044,0.2950,0.4311,1.1785,22.68,159.67,-42.91,Drive
28,7947173063,0.6815,0.2643,1.3176,46.41,107.03,-6.09,Drive
28,7947213045,0.8725,0.2884,1.3308,40.11,54.74,0.07,Drive
28,7947253042,0.5658,0.1215,1.0680,29.19,16.52,-1.54,Drive
28,7947293060,0.5658,0.1757,0.7796,27.72,0.63,1.68,Drive
28,7947333045,0.5929,0.0154,0.6895,39.69,-6.93,2.24,Drive
28,7947373044,0.7364,0.0483,0.6046,16.87,-4.62,-5.18,Drive
28,7947413048,0.8374,0.0659,0.5241,21.63,-3.43,-6.86,Drive
28,7947453041,0.8843,0.0666,0.5124,12.18,-3.78,-5.18,Drive
28,7947493041,0.8506,0.1061,0.4809,19.81,-6.09,-0.07,Drive
28,7947533062,0.8374,0.0695,0.4904,13.30,-7.00,7.42,Drive
28,7947573044,0.7657,0.0249,0.4743,17.57,-5.81,14.14,Drive
28,7947613044,0.8374,0.0468,0.4809,16.31,-3.43,17.92,Drive
28,7947653042,0.8096,0.0190,0.5080,5.95,-3.15,16.80,Drive
28,7947693041,0.8389,0.0102,0.5153,3.78,-5.32,16.38,Drive
28,7947733044,0.8345,0.0146,0.5146,8.47,-9.17,16.03,Drive
28,7947773064,0.8323,0.0081,0.4912,12.32,-12.60,15.54,Drive
28,7947813046,0.8294,-0.0176,0.4912,9.73,-13.37,12.18,Drive
28,7947853048,0.8220,-0.0088,0.4699,6.44,-10.43,7.35,Drive
28,7947893041,0.8264,-0.0337,0.4773,3.01,-6.86,2.94,Drive
28,7947933062,0.8418,0.0139,0.4685,2.03,-4.41,-0.07,Drive
28,7947973080,0.8477,-0.0403,0.5007,10.29,-2.03,-0.07,Drive
28,7948013061,0.8769,0.0117,0.5139,0.42,-0.49,-1.47,Drive
28,7948053048,0.8535,-0.0117,0.5051,5.11,0.98,-1.68,Drive
28,7948093047,0.8499,0.0059,0.4978,7.98,1.40,-1.54,Drive
28,7948133042,0.8250,0.0066,0.5270,9.10,0.91,-1.75,Drive
28,7948173061,0.8154,-0.0051,0.5358,8.61,0.77,-2.73,Drive
28,7948213047,0.8154,0.0059,0.4970,4.27,0.07,-2.73,Drive
28,7948253041,0.8030,0.0051,0.4934,5.81,-0.63,-0.98,Drive
28,7948293059,0.8067,-0.0029,0.5073,2.66,-0.84,0.77,Drive
28,7948333057,0.8337,0.0051,0.5248,7.42,0.35,3.01,Drive
28,7948373043,0.8506,-0.0022,0.5212,3.71,-0.07,4.06,Drive
29,7953351405,0.0000,0.0498,1.1492,42.35,-45.92,5.46,Drive
29,7953385792,-0.0322,-0.0176,1.1653,40.95,-59.15,4.76,Drive
29,7953425784,-0.0681,0.0132,1.1529,41.16,-75.25,4.83,Drive
29,7953465785,-0.0586,-0.0512,1.1441,51.45,-95.13,4.34,Drive
29,7953505785,-0.0688,-0.0337,1.1024,46.76,-116.06,-0.42,Drive
29,7953545788,0.0022,-0.0549,1.0175,18.41,-126.84,-7.84,Drive
29,7953585782,0.1208,0.0359,0.8908,2.31,-111.72,-10.22,Drive
29,7953625781,0.4363,0.1200,0.8001,-38.71,-68.95,-28.63,Drive
29,7953665783,0.4853,0.3162,0.6873,-97.58,-0.42,-58.24,Drive
29,7953705781,0.3931,0.5600,0.6698,-50.96,103.18,-81.55,Drive
29,7953745781,0.3184,0.2057,0.6141,9.66,209.16,-89.88,Drive
29,7953785801,0.5109,0.1171,0.8103,-63.56,277.55,-117.88,Drive
29,7953825785,0.7935,0.1464,0.9399,-112.07,310.94,-156.45,Drive
29,7953865787,0.8711,0.4531,1.1836,-69.16,303.87,-165.41,Drive
29,7953905785,0.6932,0.2452,1.5255,-15.40,278.88,-156.10,Drive
29,7953945837,0.4736,0.4172,1.4018,-16.94,248.36,-144.83,Drive
29,7953985809,0.3777,0.3067,1.3630,-3.15,211.75,-115.01,Drive
29,7954025787,0.4224,0.4114,1.3513,54.18,172.76,-77.70,Drive
29,7954065784,0.6141,-0.0498,1.2151,57.89,147.91,-49.21,Drive
29,7954105790,0.8067,0.0747,1.1148,3.92,122.08,-37.94,Drive
29,7954145779,0.8638,0.1603,0.8974,28.28,88.41,-22.47,Drive
29,7954185802,0.8660,-0.1969,0.7327,9.87,50.61,-13.02,Drive
29,7954225793,0.7708,0.1508,0.5944,-5.18,12.39,-3.85,Drive
29,7954265805,0.7788,-0.0922,0.5424,38.78,-12.81,9.66,Drive
29,7954305786,0.8279,-0.0015,0.4663,5.39,-35.07,11.06,Drive
29,7954345786,0.8162,0.0381,0.3909,37.38,-45.78,18.27,Drive
29,7954385783,0.8184,-0.1449,0.3733,32.69,-50.75,18.83,Drive
29,7954425781,0.8499,0.0000,0.2994,1.26,-52.57,17.08,Drive
29,7954465779,0.8513,-0.0578,0.2891,15.40,-48.23,19.81,Drive
29,7954505782,0.8513,-0.0403,0.3060,9.03,-40.60,17.99,Drive
29,7954545782,0.8586,-0.0176,0.3096,4.41,-30.17,17.43,Drive
29,7954585785,0.8967,-0.0307,0.3623,5.60,-18.69,16.45,Drive
29,7954625784,0.9370,-0.0359,0.3396,-9.66,-9.52,14.21,Drive
29,7954665781,0.9472,0.0381,0.3353,3.43,-4.20,15.89,Drive
29,7954705785,0.9318,-0.0395,0.3777,8.33,-1.61,15.26,Drive
29,7954745781,0.9157,0.0044,0.3733,1.33,-0.56,11.83,Drive
29,7954785792,0.8843,-0.0307,0.4121,4.69,2.17,8.96,Drive
29,7954825786,0.8499,0.0037,0.4099,-4.34,4.90,4.97,Drive
29,7954865782,0.8228,-0.0073,0.4128,2.45,6.02,3.71,Drive
29,7954905782,0.8477,0.0022,0.4165,-3.50,4.90,1.61,Drive
29,7954945793,0.8418,0.0227,0.4370,4.97,2.52,1.12,Drive
29,7954985786,0.8784,-0.0022,0.4509,-2.03,0.70,-0.77,Drive
29,7955025820,0.8843,0.0337,0.4582,2.73,-0.49,-1.05,Drive
29,7955065794,0.8923,-0.0212,0.4392,-1.75,-1.89,-0.56,Drive
29,7955105784,0.8762,0.0198,0.4055,-4.20,-3.85,1.75,Drive
29,7955145786,0.8725,-0.0264,0.4041,7.42,-5.04,5.95,Drive
29,7955185803,0.8520,-0.0220,0.4114,-3.22,-5.53,5.39,Drive
29,7955225786,0.8725,0.0432,0.4465,3.22,-3.43,3.71,Drive
29,7955265789,0.9048,-0.0359,0.4451,5.04,-0.84,-0.56,Drive
29,7955305801,0.8967,0.0073,0.4158,-3.92,0.91,-4.20,Drive
30,7960639407,0.2847,0.0417,1.0775,-29.12,-38.15,-7.21,Drive
30,7960673402,0.3755,0.0468,1.0006,-88.48,13.23,-30.87,Drive
30,7960713398,0.5702,0.1837,0.8974,-112.98,85.89,-52.57,Drive
30,7960753395,0.6061,0.2613,0.8762,-46.76,162.89,-65.10,Drive
30,7960793412,0.5988,0.0102,0.9428,-0.14,233.66,-72.66,Drive
30,7960833403,0.4612,0.0000,0.9889,2.17,275.80,-76.93,Drive
30,7960873395,0.4634,-0.0256,1.1002,3.64,288.82,-78.40,Drive
30,7960913394,0.3982,0.0703,1.0673,-20.58,270.41,-87.71,Drive
30,7960953441,0.2635,0.3206,0.9743,29.26,229.81,-84.56,Drive
30,7960993400,-0.0300,0.1142,1.1068,20.09,192.22,-73.71,Drive
30,7961033432,-0.1164,0.0893,1.2195,11.69,172.69,-62.65,Drive
30,7961073402,0.2167,-0.0461,1.1807,14.49,157.43,-55.44,Drive
30,7961113395,0.6442,-0.0278,1.2166,-10.15,121.87,-51.24,Drive
30,7961153398,0.9487,0.1479,1.1478,-3.71,67.97,-47.81,Drive
30,7961193415,0.8169,0.1632,0.9699,0.42,14.91,-31.22,Drive
30,7961233396,0.5710,0.2233,0.8667,40.18,-30.17,2.24,Drive
30,7961273412,0.7166,-1.2978,0.4377,5.67,-41.44,22.75,Drive
30,7961313396,0.7415,-0.0842,0.6566,23.59,-28.56,40.95,Drive
30,7961353393,0.8835,-0.0220,0.6017,10.15,-36.47,40.95,Drive
30,7961393397,1.0116,-0.0322,0.5541,12.46,-37.24,35.28,Drive
30,7961433395,0.8367,-0.0754,0.4839,4.69,-22.40,27.09,Drive
30,7961473396,0.7562,-0.0666,0.4377,2.66,-6.65,19.32,Drive
30,7961513396,0.7452,-0.0725,0.5153,3.99,0.21,13.58,Drive
30,7961553393,0.7759,-0.0066,0.5680,11.06,3.15,8.40,Drive
30,7961593398,0.8272,-0.0088,0.7781,9.59,-0.35,0.14,Drive
30,7961633393,0.8323,0.0315,0.6998,5.60,-14.07,0.21,Drive
30,7961673393,0.7847,0.0051,0.6185,14.77,-25.69,6.51,Drive
30,7961713398,0.6983,-0.0417,0.4926,10.85,-24.92,11.34,Drive
30,7961753410,0.6961,-0.0198,0.4458,0.35,-19.95,13.72,Drive
30,7961793411,0.7540,-0.0878,0.5065,-6.72,-14.14,12.60,Drive
30,7961833403,0.8616,0.0161,0.5314,-10.15,-7.14,6.02,Drive
30,7961873393,0.8557,-0.1003,0.5534,1.12,-4.62,3.36,Drive
30,7961913417,0.8520,0.0315,0.5512,-10.29,-4.13,0.49,Drive
30,7961953427,0.7693,-0.0703,0.5658,3.71,-4.62,4.55,Drive
30,7961993401,0.7605,0.0132,0.5300,4.62,-5.11,8.19,Drive
30,7962033395,0.7408,-0.0073,0.5937,5.04,-3.43,7.56,Drive
30,7962073395,0.7635,-0.0088,0.6024,2.59,-0.42,3.01,Drive
30,7962113393,0.7752,0.0161,0.6317,-6.09,0.07,-1.26,Drive
30,7962153393,0.7657,0.0161,0.6229,-0.56,-0.14,-0.49,Drive
30,7962193415,0.7891,0.0095,0.6478,1.89,-0.07,2.59,Drive
30,7962233422,0.7964,0.0468,0.6120,5.32,-1.33,6.44,Drive
30,7962273403,0.7840,0.0176,0.5973,5.81,-1.68,10.22,Drive
30,7962313393,0.7803,0.0476,0.5958,7.91,0.00,11.62,Drive
30,7962353395,0.7986,0.0439,0.6207,2.94,3.50,10.50,Drive
30,7962393392,0.8008,0.0615,0.6039,2.52,7.35,10.15,Drive
30,7962433408,0.7964,0.0593,0.6017,5.25,7.84,11.48,Drive
30,7962473397,0.7971,0.0754,0.6017,11.34,6.86,15.61,Drive
30,7962513394,0.7459,0.0425,0.6163,12.04,0.91,17.50,Drive
30,7962553394,0.6969,0.0630,0.5878,9.45,-3.29,14.98,Drive
30,7962593396,0.6844,0.0468,0.5592,8.61,-2.80,10.43,Drive
31,7968143415,-0.0644,0.1779,1.1954,21.49,-33.04,24.43,Drive
31,7968174868,-0.0717,0.1632,1.2122,27.09,-46.69,27.72,Drive
31,7968214846,-0.0520,0.1179,1.2327,27.02,-67.20,31.85,Drive
31,7968254841,0.0066,0.1003,1.2400,29.12,-87.57,34.86,Drive
31,7968294857,0.1632,0.0703,1.1924,23.94,-102.76,35.21,Drive
31,7968334848,0.4055,0.0498,1.0819,20.30,-102.69,32.48,Drive
31,7968374839,0.7635,0.0300,0.9626,-21.35,-79.73,17.99,Drive
31,7968414839,0.9582,0.0220,0.7730,-80.85,-37.59,-4.13,Drive
31,7968454843,0.9062,0.1654,0.6471,-109.06,15.12,-25.55,Drive
31,7968494838,0.8133,0.1662,0.5775,-67.90,74.06,-40.81,Drive
31,7968534838,0.6529,0.0878,0.6163,-22.19,132.44,-51.59,Drive
31,7968574875,0.5153,0.1823,0.9267,28.84,187.25,-56.35,Drive
31,7968614843,0.6676,-0.1457,1.4296,37.87,232.26,-59.22,Drive
31,7968654839,0.6376,0.1127,1.6331,-123.90,225.61,-78.68,Drive
31,7968694841,-0.2635,0.2474,1.6668,65.80,210.21,-48.30,Drive
31,7968734837,-0.7840,-0.0937,1.5204,43.05,207.06,-7.21,Drive
31,7968774838,-0.6405,0.2255,1.3688,11.20,214.27,2.45,Drive
31,7968814855,-0.1501,0.0227,1.5189,12.74,198.45,-7.84,Drive
31,7968854841,0.2540,0.2115,1.4486,-27.93,149.80,-41.86,Drive
31,7968894838,0.4795,0.2247,1.2590,-1.47,92.19,-57.19,Drive
31,7968934856,0.5915,0.2269,0.9165,-6.44,38.57,-54.18,Drive
31,7968974882,0.5205,0.3667,0.6266,-4.76,7.14,-27.37,Drive
31,7969014843,0.4882,0.2994,0.7218,-15.89,-0.63,-1.61,Drive
31,7969054848,0.6705,0.2035,0.8213,-15.75,1.19,6.93,Drive
31,7969094838,0.7291,0.1215,0.7100,-27.51,2.17,7.56,Drive
31,7969134837,0.8301,0.2189,0.6603,-7.84,0.84,12.32,Drive
31,7969174856,0.8184,0.0871,0.6434,6.37,-0.42,16.45,Drive
31,7969214840,0.8616,0.1259,0.5512,3.78,-1.40,16.38,Drive
31,7969254838,0.8191,0.0703,0.5468,15.61,-4.62,17.29,Drive
31,7969294858,0.8337,0.0981,0.5307,-2.10,-8.12,9.38,Drive
31,7969334843,0.8176,0.0878,0.4992,7.56,-13.37,3.57,Drive
31,7969374839,0.8133,0.1208,0.5263,4.62,-16.59,-2.52,Drive
31,7969414844,0.7891,0.0739,0.5241,11.76,-13.02,-8.26,Drive
31,7969454840,0.7745,0.1237,0.4860,3.85,-6.44,-12.53,Drive
31,7969494841,0.7781,0.0234,0.4912,11.41,-3.36,-12.53,Drive
31,7969534843,0.7825,0.1244,0.5029,-2.94,-0.77,-12.88,Drive
31,7969574838,0.7891,0.0930,0.5307,13.09,1.33,-9.38,Drive
31,7969614838,0.8359,0.0974,0.5307,6.72,1.75,-8.68,Drive
31,7969654841,0.8176,0.0527,0.5402,17.36,-0.14,-6.23,Drive
31,7969694837,0.8023,0.0556,0.5248,6.37,-2.24,-6.30,Drive
31,7969734837,0.7928,0.0300,0.5483,14.07,-5.46,-4.13,Drive
31,7969774841,0.7818,0.0410,0.5395,7.42,-7.42,-4.76,Drive
31,7969814861,0.7562,0.0322,0.5300,5.39,-8.40,-3.43,Drive
31,7969854844,0.7605,0.0168,0.5219,13.02,-7.28,-1.12,Drive
31,7969894845,0.7569,0.0468,0.5812,10.08,-4.76,1.12,Drive
31,7969934837,0.8008,0.0395,0.5958,11.62,-1.96,3.43,Drive
31,7969974875,0.8301,0.0161,0.5761,1.40,-1.89,4.55,Drive
31,7970014843,0.8564,0.0307,0.5505,11.06,-4.83,7.49,Drive
31,7970054840,0.8198,0.0373,0.5322,4.20,-8.40,8.82,Drive
31,7970094838,0.8111,0.0300,0.5512,17.71,-9.66,10.85,Drive
32,8026367408,-0.0556,-0.0066,1.0307,6.93,-5.11,1.89,Drive
32,8026401242,-0.0856,0.0029,1.1031,0.56,-8.19,1.75,Drive
32,8026441237,-0.1420,0.0264,1.1836,1.82,-16.59,3.01,Drive
32,8026481234,-0.1947,0.0805,1.2466,15.61,-36.61,6.37,Drive
32,8026521233,-0.3199,0.0132,1.3659,30.66,-66.85,10.29,Drive
32,8026561235,-0.4699,-0.0285,1.4552,11.13,-100.87,10.01,Drive
32,8026601234,-0.5043,0.0476,1.4977,-23.94,-133.14,9.59,Drive
32,8026641234,-0.4465,0.0081,1.4801,-10.99,-158.41,13.65,Drive
32,8026681237,-0.3104,0.1383,1.3469,-21.07,-184.52,15.82,Drive
32,8026721233,-0.1691,0.1874,1.1814,6.16,-198.73,15.89,Drive
32,8026761232,-0.2079,0.2072,1.0848,42.35,-198.66,11.90,Drive
32,8026801236,-0.4026,-0.1362,1.0314,63.07,-184.03,2.10,Drive
32,8026841250,-0.2569,-0.2181,0.8696,-11.34,-172.76,-10.36,Drive
32,8026881239,0.0198,-0.1061,0.5607,-53.41,-154.91,-16.24,Drive
32,8026921236,0.3711,-0.3118,0.3872,-79.80,-120.54,-17.71,Drive
32,8026961280,0.9589,-0.0981,0.3170,-191.73,-55.79,-32.97,Drive
32,8027001264,1.1324,0.5131,0.3448,-138.88,48.37,-74.06,Drive
32,8027041291,1.0570,-0.0081,0.4553,-22.12,182.56,-126.84,Drive
32,8027081257,0.5453,-0.0117,0.2650,-23.66,340.69,-156.73,Drive
32,8027121238,0.2767,0.1420,0.3111,115.57,504.21,-134.82,Drive
32,8027161234,1.2063,-0.2899,0.9267,228.90,648.90,-65.80,Drive
32,8027201236,3.0920,0.4978,2.6908,-156.73,642.67,-104.37,Drive
32,8027241239,2.6528,1.1719,4.3349,-24.85,483.14,-177.10,Drive
32,8027281235,1.5453,1.2971,3.9286,-159.39,281.12,-213.50,Drive
32,8027321233,-0.0703,1.5855,2.8446,-5.04,154.00,-119.21,Drive
32,8027361234,0.0747,0.8689,2.0913,71.96,52.15,-23.80,Drive
32,8027401232,0.2379,0.7027,1.3666,90.44,-25.55,7.98,Drive
32,8027441232,0.2181,0.1530,0.8228,5.95,-53.48,-1.12,Drive
32,8027481237,0.3265,0.2159,0.3440,22.54,-45.01,3.92,Drive
32,8027521254,0.5497,0.0908,0.1918,5.67,-27.44,13.79,Drive
32,8027561235,0.7913,0.1391,0.2211,2.31,-10.64,22.12,Drive
32,8027601234,0.8945,0.0944,0.3601,-7.70,0.42,14.49,Drive
32,8027641233,0.8316,0.1566,0.4055,-8.96,5.11,5.53,Drive
32,8027681234,0.8286,0.1391,0.5007,4.90,6.16,0.42,Drive
32,8027721234,0.8359,0.1632,0.5007,0.00,3.43,-2.31,Drive
32,8027761232,0.8396,-0.0037,0.5300,16.52,-1.61,-4.13,Drive
32,8027801237,0.8030,0.1310,0.4634,-3.36,-8.19,-10.01,Drive
32,8027841234,0.7832,-0.0088,0.4451,17.99,-12.39,-6.23,Drive
32,8027881232,0.8125,0.0791,0.4882,-0.14,-14.35,-7.28,Drive
32,8027921235,0.8074,0.0037,0.4699,12.18,-10.71,-4.34,Drive
32,8027961264,0.8323,0.0608,0.4707,4.20,-8.47,-3.50,Drive
32,8028001253,0.8506,-0.0132,0.4370,8.68,-7.49,0.21,Drive
32,8028041253,0.8242,0.0666,0.4560,10.08,-9.38,2.94,Drive
32,8028081238,0.8323,-0.0029,0.4714,10.08,-8.82,4.20,Drive
32,8028121236,0.8484,0.0329,0.4919,7.91,-7.63,3.64,Drive
32,8028161235,0.8623,0.0417,0.4853,12.04,-6.02,3.57,Drive
32,8028201234,0.8784,0.0183,0.5109,4.90,-5.67,0.63,Drive
32,8028241239,0.8843,0.0256,0.4685,8.96,-6.09,0.21,Drive
32,8028281232,0.8513,0.0183,0.4538,5.32,-6.79,0.35,Drive
32,8028321232,0.8272,-0.0007,0.4831,14.14,-5.39,2.94,Drive
33,8035123411,-0.0637,-0.0403,1.0687,28.28,-20.23,-1.68,Drive
33,8035154411,-0.0578,-0.1039,1.1639,23.87,-23.17,-1.68,Drive
33,8035194407,-0.0220,-0.0673,1.2978,16.31,-30.24,-3.92,Drive
33,8035234405,-0.0373,-0.1230,1.4047,18.34,-46.62,-6.72,Drive
33,8035274401,-0.0732,-0.1061,1.4955,9.10,-73.43,-9.31,Drive
33,8035314407,-0.1142,-0.0366,1.5043,17.64,-111.86,-9.03,Drive
33,8035354400,-0.1603,-0.2211,1.4940,9.17,-148.12,-10.15,Drive
33,8035394404,-0.4165,0.1039,1.3366,-14.21,-173.95,-5.88,Drive
33,8035434405,-0.2957,0.0878,1.0724,23.59,-188.02,4.69,Drive
33,8035474399,-0.1486,0.0359,0.8667,60.55,-189.28,10.92,Drive
33,8035514399,-0.0176,0.0329,0.7239,79.87,-172.83,3.99,Drive
33,8035554432,0.1127,-0.2445,0.5878,49.28,-138.81,-11.20,Drive
33,8035594403,0.3558,-0.3038,0.3931,-77.07,-95.90,-27.44,Drive
33,8035634399,0.5980,0.0015,0.1171,-174.09,-51.94,-38.08,Drive
33,8035674405,0.5958,0.4765,0.1318,-83.65,5.74,-37.59,Drive
33,8035714400,0.3675,-0.0198,0.2628,8.75,85.89,-38.71,Drive
33,8035754399,0.2115,-0.0527,0.2657,-92.47,181.37,-48.16,Drive
33,8035794402,0.2555,0.2042,0.3521,-36.40,283.22,-50.12,Drive
33,8035834400,0.2320,-0.0886,0.5856,54.25,394.17,-17.50,Drive
33,8035874400,1.0980,-0.0893,0.5080,35.07,494.48,17.64,Drive
33,8035914402,1.8498,-0.7152,2.1718,-59.78,502.88,0.28,Drive
33,8035954422,2.3505,0.4348,2.9529,-189.21,421.96,-110.39,Drive
33,8035994405,1.7575,0.4202,2.9339,-57.54,301.84,-158.34,Drive
33,8036034419,0.9435,0.5937,2.3673,-34.86,224.49,-157.71,Drive
33,8036074408,0.6859,0.5541,1.7905,-1.75,162.12,-133.07,Drive
33,8036114417,0.6478,0.6332,1.5013,4.27,104.86,-116.13,Drive
33,8036154402,0.6690,0.4963,1.2173,7.84,57.33,-102.34,Drive
33,8036194401,0.5995,0.3828,0.9296,12.53,28.42,-82.32,Drive
33,8036234402,0.6010,0.2606,0.7320,38.15,13.16,-50.75,Drive
33,8036274400,0.6881,0.0198,0.5951,39.97,1.40,-21.84,Drive
33,8036314399,0.7261,0.0066,0.4619,18.83,-11.13,2.03,Drive
33,8036354400,0.7313,0.0461,0.3660,27.30,-26.25,25.20,Drive
33,8036394402,0.7569,-0.0630,0.3492,23.10,-35.00,39.97,Drive
33,8036434400,0.7627,-0.1449,0.2935,14.28,-34.16,46.83,Drive
33,8036474404,0.7635,-0.1698,0.2789,16.59,-28.56,50.12,Drive
33,8036514399,0.8081,-0.1771,0.2862,7.21,-21.91,47.60,Drive
33,8036554399,0.8374,-0.1193,0.2855,4.62,-17.50,41.86,Drive
33,8036594404,0.8645,-0.1801,0.3023,6.72,-14.14,34.79,Drive
33,8036634401,0.8901,-0.1266,0.2994,2.45,-11.97,26.25,Drive
33,8036674398,0.8974,-0.1691,0.3375,7.42,-9.10,20.09,Drive
33,8036714403,0.9077,-0.1186,0.3448,5.46,-8.54,13.37,Drive
33,8036754398,0.8835,-0.1164,0.3506,2.03,-9.66,7.07,Drive
33,8036794398,0.8725,-0.0813,0.3616,2.80,-10.85,4.13,Drive
33,8036834402,0.8901,-0.0681,0.3828,5.53,-12.46,2.80,Drive
33,8036874400,0.8901,-0.0520,0.4048,15.61,-12.39,3.29,Drive
33,8036914401,0.8894,-0.1054,0.4136,7.00,-12.25,1.68,Drive
33,8036954413,0.9304,-0.0761,0.4348,-27.16,-14.49,-2.45,Drive
33,8036994402,0.8162,-0.0256,0.2167,-50.96,-20.30,-7.70,Drive
33,8037034403,0.8330,0.0732,0.3345,33.18,-14.21,-0.70,Drive
33,8037074404,0.8206,-0.2379,0.3806,37.38,-9.10,0.14,Drive
34,8043663406,0.0066,-0.0029,1.5467,4.55,-65.66,-15.54,Drive
34,8043694337,0.0659,-0.0029,1.6433,0.91,-93.10,-17.15,Drive
34,8043734333,0.0673,0.1208,1.6551,-3.08,-135.52,-17.92,Drive
34,8043774329,0.1457,0.0315,1.5592,10.64,-180.67,-14.35,Drive
34,8043814328,0.1552,0.0922,1.3447,-28.56,-223.44,-13.58,Drive
34,8043854330,0.1808,0.2020,1.0446,4.41,-243.67,-4.76,Drive
34,8043894329,0.1471,0.1266,0.8008,29.12,-237.02,-0.28,Drive
34,8043934329,0.0468,0.0447,0.5644,55.16,-207.97,-1.89,Drive
34,8043974346,0.0695,-0.1113,0.4407,6.44,-170.45,-13.58,Drive
34,8044014346,0.2591,-0.1698,0.3192,-73.78,-117.88,-22.19,Drive
34,8044054341,0.4729,0.0791,0.2255,-136.36,-45.71,-30.80,Drive
34,8044094331,0.4502,0.3126,0.2342,-72.73,46.06,-32.27,Drive
34,8044134328,0.2621,-0.1786,0.4326,-67.20,158.90,-48.30,Drive
34,8044174331,0.2752,0.2313,0.0944,-20.09,270.55,-68.32,Drive
34,8044214328,0.5212,-0.0622,0.2064,52.92,373.94,-52.22,Drive
34,8044254347,0.6544,-0.1442,0.8089,114.17,445.97,-20.79,Drive
34,8044294332,0.9428,-0.1230,1.9515,-48.16,450.24,-38.71,Drive
34,8044334329,0.9721,0.4919,2.5949,-104.72,405.09,-101.71,Drive
34,8044374327,0.5109,0.6339,2.5313,-102.97,353.22,-135.59,Drive
34,8044414335,0.6237,0.9457,1.9259,-93.59,292.60,-122.29,Drive
34,8044454328,0.6551,0.6551,2.0291,27.79,213.22,-83.72,Drive
34,8044494327,0.9106,0.9582,1.6543,-37.10,131.04,-84.49,Drive
34,8044534331,0.6361,0.5439,1.3857,20.58,62.23,-66.36,Drive
34,8044574326,0.5739,0.5856,1.0416,17.15,22.19,-42.98,Drive
34,8044614328,0.5710,0.3074,0.7796,59.22,-1.96,-15.75,Drive
34,8044654331,0.6661,0.2723,0.5446,40.60,-16.38,0.91,Drive
34,8044694328,0.7401,0.1991,0.4736,52.43,-25.34,13.58,Drive
34,8044734327,0.7723,0.1266,0.4165,27.44,-27.72,14.42,Drive
34,8044774331,0.7884,0.1552,0.3850,23.66,-25.69,15.05,Drive
34,8044814327,0.8550,0.0527,0.3711,11.55,-21.84,13.02,Drive
34,8044854327,0.8696,0.1003,0.3565,14.98,-19.11,10.64,Drive
34,8044894343,0.8908,0.0498,0.3689,9.66,-15.33,7.49,Drive
34,8044934329,0.8703,0.0586,0.3733,9.38,-11.76,5.25,Drive
34,8044974345,0.8938,0.0747,0.3792,0.35,-6.86,3.15,Drive
34,8045014367,0.8674,0.0703,0.3872,5.18,-3.01,3.71,Drive
34,8045054335,0.8967,0.0549,0.4085,-2.10,-0.63,3.43,Drive
34,8045094332,0.8952,0.0329,0.4355,2.38,-0.14,3.85,Drive
34,8045134332,0.9062,0.0732,0.4538,-2.66,-1.61,1.89,Drive
34,8045174328,0.8835,0.0556,0.4648,0.91,-4.69,0.00,Drive
34,8045214328,0.8608,0.0688,0.4546,0.63,-7.28,-1.05,Drive
34,8045254334,0.8403,0.0329,0.4509,6.23,-7.56,1.68,Drive
34,8045294328,0.8616,0.0366,0.4429,6.37,-6.65,5.32,Drive
34,8045334327,0.8667,0.0403,0.4407,8.12,-6.65,7.77,Drive
34,8045374326,0.8674,0.0285,0.4436,2.45,-7.84,6.16,Drive
34,8045414328,0.8403,0.0322,0.4546,5.95,-8.68,4.06,Drive
34,8045454327,0.8323,0.0681,0.4509,6.58,-7.84,2.24,Drive
34,8045494328,0.8191,0.0373,0.4582,5.74,-5.53,1.75,Drive
34,8045534327,0.8294,0.0417,0.4429,-1.54,-1.54,0.35,Drive
34,8045574331,0.8440,0.0900,0.4297,-6.16,0.91,-0.84,Drive
34,8045614329,0.8469,0.0344,0.4560,5.25,0.77,0.56,Drive
35,8052827394,-0.0695,-0.0600,1.3410,32.34,-63.77,6.16,Drive
35,8052860174,-0.1640,-0.0388,1.4047,42.35,-83.86,7.49,Drive
35,8052900170,-0.2320,-0.1603,1.5013,50.40,-110.74,7.00,Drive
35,8052940167,-0.2247,-0.1706,1.5291,44.94,-144.90,2.87,Drive
35,8052980183,-0.3038,-0.0447,1.4933,44.59,-176.40,-3.78,Drive
35,8053020169,-0.2386,-0.1252,1.2993,31.01,-204.26,-12.67,Drive
35,8053060168,-0.1889,0.0146,1.0402,29.26,-220.22,-14.21,Drive
35,8053100196,-0.0856,-0.0037,0.7906,59.08,-219.52,-17.08,Drive
35,8053140179,-0.0337,-0.0373,0.6105,65.73,-202.86,-26.46,Drive
35,8053180170,-0.0176,-0.0644,0.5014,91.70,-166.88,-36.75,Drive
35,8053220168,0.0139,-0.3719,0.4275,19.74,-121.80,-56.49,Drive
35,8053260174,0.5095,0.2884,0.5461,-31.15,-58.38,-77.63,Drive
35,8053300170,0.7562,0.0593,0.5702,-25.62,15.68,-107.87,Drive
35,8053340168,0.5819,0.0468,0.5614,-8.96,101.08,-117.95,Drive
35,8053380171,0.2277,0.2664,0.3536,19.74,205.31,-112.07,Drive
35,8053420166,0.0337,0.0307,0.3162,75.46,341.25,-67.69,Drive
35,8053460166,0.1369,0.0278,0.7386,96.74,447.65,-4.55,Drive
35,8053500170,0.6793,-0.0849,1.5928,-4.20,487.55,25.97,Drive
35,8053540166,0.9823,0.1676,2.4990,-31.29,444.15,17.71,Drive
35,8053580170,0.6830,0.1047,3.2838,-17.43,354.20,1.05,Drive
35,8053620173,-0.0278,0.2130,3.0122,21.56,248.22,-11.83,Drive
35,8053660168,-0.3382,0.1427,2.2956,41.51,153.86,1.05,Drive
35,8053700167,-0.5139,-0.1684,1.7978,83.09,73.71,26.46,Drive
35,8053740168,-0.3462,-0.0132,1.3747,22.54,25.20,21.00,Drive
35,8053780166,-0.0739,-0.0227,1.0555,4.97,13.93,2.03,Drive
35,8053820168,0.2342,0.2203,0.7474,-3.57,6.44,-5.74,Drive
35,8053860169,0.5131,0.1537,0.8111,14.63,-1.61,-2.94,Drive
35,8053900166,0.6420,0.1427,0.8528,1.47,-3.85,-8.75,Drive
35,8053940166,0.6815,0.1640,0.7532,-7.84,-2.80,-11.34,Drive
35,8053980185,0.7020,0.0864,0.6969,-7.77,-3.64,-7.07,Drive
35,8054020170,0.6712,0.0644,0.6903,-0.42,-2.52,0.42,Drive
35,8054060173,0.6544,-0.0015,0.7049,-3.29,2.52,4.76,Drive
35,8054100169,0.6647,0.0285,0.7027,-2.24,7.84,7.07,Drive
35,8054140167,0.6720,0.0132,0.7554,0.21,6.09,6.65,Drive
35,8054180169,0.6742,0.0366,0.8037,3.50,1.54,1.47,Drive
35,8054220168,0.6705,0.0403,0.7810,-0.21,-3.43,-1.82,Drive
35,8054260185,0.6442,0.0666,0.7108,-6.09,-4.41,-3.43,Drive
35,8054300169,0.6317,0.0359,0.6932,4.83,-3.43,0.42,Drive
35,8054340185,0.6778,0.0739,0.6793,4.48,-2.66,3.29,Drive
35,8054380168,0.6852,0.0220,0.6712,10.01,-2.59,5.88,Drive
35,8054420170,0.6925,0.0381,0.7196,8.05,-4.27,7.77,Drive
35,8054460166,0.6573,0.0256,0.7188,4.62,-2.80,5.39,Drive
35,8054500166,0.6573,0.0732,0.6881,-0.70,-1.12,3.57,Drive
35,8054540170,0.6610,0.0425,0.6669,8.61,-0.07,3.01,Drive
35,8054580165,0.6822,0.0505,0.6749,5.32,1.40,0.56,Drive
35,8054620168,0.6705,0.0344,0.6705,3.36,2.52,-1.61,Drive
35,8054660174,0.6683,0.0454,0.6617,0.56,3.36,-2.38,Drive
35,8054700166,0.6764,0.0666,0.6610,1.19,3.71,-2.52,Drive
35,8054740165,0.6734,0.0264,0.6654,4.97,3.78,-3.08,Drive
35,8054780167,0.6764,0.0520,0.6654,-0.35,4.76,-4.69,Drive
36,8060655407,-0.1559,0.0578,1.0446,53.90,-9.38,21.28,Drive
36,8060688884,-0.0922,-0.0586,1.0738,23.45,-16.03,21.00,Drive
36,8060728869,-0.1157,-0.0022,1.0973,15.33,-20.65,18.27,Drive
36,8060768869,-0.1186,-0.0461,1.0680,-1.68,-24.92,14.49,Drive
36,8060808884,-0.1523,0.0710,1.0768,0.91,-28.35,11.48,Drive
36,8060848877,-0.2342,-0.0110,1.1961,39.34,-33.81,10.57,Drive
36,8060888869,-0.3492,-0.1281,1.4120,27.16,-45.71,1.82,Drive
36,8060928871,-0.3667,-0.0966,1.5716,21.91,-76.72,-4.83,Drive
36,8060968888,-0.3953,-0.0220,1.6346,5.25,-124.32,-11.76,Drive
36,8061008905,-0.4473,0.0615,1.6426,5.39,-170.24,-15.96,Drive
36,8061048872,-0.3953,0.1508,1.4838,-18.41,-207.20,-18.27,Drive
36,8061088870,-0.4063,0.1603,1.3198,-29.96,-225.54,-11.55,Drive
36,8061128870,-0.3228,0.0593,1.1661,-43.96,-228.27,0.07,Drive
36,8061168868,-0.1574,0.0549,0.9406,-61.53,-218.82,16.80,Drive
36,8061208868,0.0044,-0.0498,0.7379,-71.61,-196.70,32.90,Drive
36,8061248871,0.2298,-0.0490,0.5446,-96.25,-153.44,40.18,Drive
36,8061288867,0.4414,-0.0029,0.3653,-141.54,-92.82,29.05,Drive
36,8061328867,0.5322,0.2313,0.1984,-118.16,-19.95,1.75,Drive
36,8061368868,0.4839,0.1398,0.0915,-30.45,52.99,-29.68,Drive
36,8061408869,0.2716,-0.0190,0.3521,92.68,145.74,-40.95,Drive
36,8061448867,0.3506,-0.4597,0.5724,-10.08,216.86,-53.83,Drive
36,8061488869,0.3924,-0.1793,0.6383,-12.25,296.24,-68.18,Drive
36,8061528867,0.7122,-0.2174,0.6910,41.09,373.66,-63.56,Drive
36,8061568871,1.0175,-0.2723,1.1895,36.68,430.78,-47.67,Drive
36,8061608870,0.8447,-0.2211,1.7634,82.60,459.41,-23.03,Drive
36,8061648867,0.8557,-0.0600,2.4237,53.90,459.06,-2.03,Drive
36,8061688869,0.6595,-0.0703,3.1461,-18.69,420.49,-23.17,Drive
36,8061728893,0.9106,0.3572,2.8672,-78.12,323.47,-62.16,Drive
36,8061768871,0.8257,0.8140,2.2765,-12.67,190.19,-63.70,Drive
36,8061808871,0.3133,0.4092,1.9164,84.84,96.81,-19.11,Drive
36,8061848867,0.2679,0.3455,1.4091,57.40,36.82,20.23,Drive
36,8061888871,0.3601,0.2474,1.2246,49.70,7.77,47.11,Drive
36,8061928868,0.5212,0.2167,0.9721,27.02,-7.70,49.84,Drive
36,8061968890,0.6881,0.2130,0.7854,17.43,-18.27,37.87,Drive
36,8062008900,0.7642,0.1874,0.6866,2.73,-25.06,18.83,Drive
36,8062048872,0.7869,0.1771,0.5607,12.46,-27.23,7.21,Drive
36,8062088871,0.8308,0.1405,0.5161,16.17,-26.11,-0.21,Drive
36,8062128870,0.8154,0.1237,0.4787,16.80,-20.72,-5.53,Drive
36,8062168866,0.8455,0.1479,0.4699,6.79,-13.65,-9.52,Drive
36,8062208869,0.8586,0.1017,0.4780,-0.14,-7.98,-11.20,Drive
36,8062248870,0.8660,0.1369,0.4904,-4.20,-4.62,-10.01,Drive
36,8062288867,0.8696,0.1010,0.5109,-4.55,-2.17,-8.26,Drive
36,8062328867,0.8579,0.0754,0.4912,-2.38,-0.98,-7.42,Drive
36,8062368884,0.8359,0.0403,0.5029,0.00,-0.70,-5.46,Drive
36,8062408869,0.8359,0.1017,0.5314,-17.99,-3.01,-5.60,Drive
36,8062448892,0.8323,0.1252,0.5424,-0.21,-4.13,-2.38,Drive
36,8062488882,0.8352,0.0710,0.5168,-6.51,-4.83,-3.78,Drive
36,8062528871,0.7862,0.0937,0.4685,-3.99,-4.06,-2.24,Drive
36,8062568868,0.7913,0.0534,0.4860,-0.07,-1.12,-0.84,Drive
36,8062608869,0.8162,0.0864,0.4802,-4.27,1.33,-0.70,Drive
37,6771651458,-0.0725,0.0505,0.9340,-0.14,-4.97,-1.61,Drive
37,6771684308,-0.0688,-0.0205,0.9252,5.18,0.98,-1.68,Drive
37,6771724297,-0.0432,0.0337,0.9318,-3.99,5.04,-2.38,Drive
37,6771764298,-0.0227,-0.0095,0.9567,7.84,6.93,-0.84,Drive
37,6771804295,-0.0044,0.0264,1.0307,5.32,6.02,-0.70,Drive
37,6771844292,-0.0403,-0.0022,1.0951,14.98,-0.14,-0.49,Drive
37,6771884297,-0.0725,-0.0161,1.2620,13.30,-12.95,-0.98,Drive
37,6771924293,-0.2533,-0.0586,1.4252,28.00,-40.53,4.06,Drive
37,6771964327,-0.3411,-0.0725,1.4838,18.48,-76.09,7.07,Drive
37,6772004305,-0.5022,-0.0930,1.4647,33.11,-108.64,8.75,Drive
37,6772044295,-0.5629,-0.0842,1.4874,17.78,-137.83,2.45,Drive
37,6772084292,-0.5797,-0.0388,1.5958,39.62,-162.19,-3.29,Drive
37,6772124294,-0.3704,-0.1867,1.5819,19.04,-188.37,-14.35,Drive
37,6772164292,-0.2108,-0.0307,1.3088,29.47,-213.57,-9.03,Drive
37,6772204294,0.0542,0.0666,1.0475,34.65,-222.95,-6.58,Drive
37,6772244294,0.1354,-0.0176,0.7547,17.36,-208.25,-15.47,Drive
37,6772284294,0.2035,0.0381,0.4377,-46.55,-171.01,-24.36,Drive
37,6772324293,0.1903,0.2123,0.2284,-53.41,-118.51,-18.62,Drive
37,6772364315,0.1310,0.1157,0.1523,-18.41,-50.33,-10.99,Drive
37,6772404296,0.1120,0.0981,0.1413,-4.69,16.87,-8.26,Drive
37,6772444294,0.1113,0.1296,0.2035,17.43,80.85,-7.91,Drive
37,6772484299,0.1852,-0.0285,0.3733,-14.21,142.59,-15.96,Drive
37,6772524292,0.4443,-0.0007,0.6324,-66.57,201.18,-36.40,Drive
37,6772564296,0.4919,0.0937,1.0263,-45.36,258.79,-54.81,Drive
37,6772604299,0.4780,-0.2006,1.5094,-25.06,312.55,-65.59,Drive
37,6772644292,0.2716,-0.1025,1.9039,59.08,344.40,-54.95,Drive
37,6772684296,-0.1830,-0.0615,1.7114,60.97,350.70,-28.63,Drive
37,6772724298,-0.2760,-0.1728,2.1989,130.90,350.56,7.07,Drive
37,6772764292,0.0124,-0.0051,2.4434,26.39,327.32,-3.92,Drive
37,6772804294,0.0293,-0.0285,2.3519,-37.24,245.42,-26.32,Drive
37,6772844293,-0.1757,-0.0373,1.9039,-23.03,142.45,-20.65,Drive
37,6772884291,-0.2708,-0.2255,1.4838,59.50,68.95,12.18,Drive
37,6772924291,0.1208,-0.1266,1.1822,54.95,38.15,21.28,Drive
37,6772964326,0.4224,-0.1157,1.0277,29.33,33.11,2.87,Drive
37,6773004301,0.6398,0.1083,0.8316,-4.69,26.88,-9.52,Drive
37,6773044334,0.6354,0.0842,0.8389,5.60,11.27,-6.37,Drive
37,6773084315,0.6815,0.0908,0.8316,7.70,3.29,-0.70,Drive
37,6773124293,0.6873,-0.0124,0.8198,17.85,0.77,5.74,Drive
37,6773164294,0.7430,0.0220,0.7847,-0.42,-1.47,7.42,Drive
37,6773204292,0.6866,-0.0190,0.7013,6.16,-3.71,9.10,Drive
37,6773244293,0.6669,0.0037,0.6947,-1.75,-6.37,10.43,Drive
37,6773284294,0.6998,0.0403,0.6925,11.41,-8.19,15.68,Drive
37,6773324294,0.7078,-0.0073,0.6610,0.42,-8.33,18.62,Drive
37,6773364294,0.7298,0.0600,0.6229,5.39,-9.03,21.00,Drive
37,6773404291,0.7078,-0.0132,0.6573,6.09,-9.80,21.07,Drive
37,6773444291,0.6881,0.0183,0.6390,1.89,-10.01,18.34,Drive
37,6773484294,0.6969,-0.0088,0.6471,4.27,-5.95,16.87,Drive
37,6773524293,0.7159,0.0198,0.6215,0.63,-2.59,11.62,Drive
37,6773564290,0.6939,0.0161,0.6098,4.76,-1.47,7.42,Drive
37,6773604291,0.6866,0.0161,0.6120,1.89,0.70,3.43,Drive
38,6779395417,-0.5388,-0.0351,1.2151,42.91,-118.16,22.05,Drive
38,6779429622,-0.4641,-0.1171,1.1566,35.21,-133.21,16.10,Drive
38,6779469616,-0.3909,0.0000,1.1046,43.61,-145.11,10.99,Drive
38,6779509612,-0.4070,-0.1237,1.0497,32.90,-150.92,5.39,Drive
38,6779549615,-0.3777,-0.1142,0.9443,34.23,-148.75,5.67,Drive
38,6779589614,-0.3587,-0.2123,0.7620,0.70,-135.10,3.08,Drive
38,6779629613,-0.0425,0.1530,0.5658,-42.42,-102.90,-2.94,Drive
38,6779669616,0.3023,0.0681,0.5043,-74.48,-49.00,-20.93,Drive
38,6779709611,0.5717,0.2877,0.4026,-91.98,13.86,-39.41,Drive
38,6779749612,0.3806,0.1581,0.3587,-40.11,81.13,-55.72,Drive
38,6779789613,0.1149,0.1296,0.2159,-37.73,155.54,-70.63,Drive
38,6779829612,0.2137,0.0315,0.3997,-37.17,226.73,-81.34,Drive
38,6779869611,0.4443,-0.1779,0.7298,-33.95,276.85,-87.22,Drive
38,6779909614,0.4224,0.1566,1.1514,-28.70,298.69,-91.91,Drive
38,6779949626,0.1698,-0.0542,1.5299,86.94,295.96,-56.00,Drive
38,6779989614,-0.0161,0.0549,2.1082,71.05,284.27,-31.15,Drive
38,6780029611,0.0293,0.0761,2.2253,20.09,272.44,-27.02,Drive
38,6780069612,0.1457,0.2328,1.9691,-24.99,243.60,-45.01,Drive
38,6780109618,0.1610,0.2935,1.5928,27.79,183.75,-39.76,Drive
38,6780149612,-0.0922,0.1098,1.5467,42.21,121.45,-22.54,Drive
38,6780189611,-0.0586,0.0754,1.3864,38.01,84.00,-8.75,Drive
38,6780229615,0.1771,0.1222,1.2546,36.61,58.17,-1.96,Drive
38,6780269610,0.5029,0.0988,1.1705,20.58,29.12,-4.69,Drive
38,6780309610,0.5922,0.0395,1.0453,9.94,2.24,-9.38,Drive
38,6780349614,0.5871,0.0000,0.9231,6.58,-12.60,-3.15,Drive
38,6780389611,0.6471,0.0271,0.7847,15.54,-18.97,6.23,Drive
38,6780429612,0.6895,0.0220,0.7649,22.89,-18.76,11.62,Drive
38,6780469613,0.7481,0.0190,0.7488,5.81,-14.98,8.05,Drive
38,6780509611,0.7144,0.0007,0.7049,4.83,-10.22,5.18,Drive
38,6780549618,0.7005,-0.0278,0.6939,-1.82,-6.02,2.94,Drive
38,6780589612,0.7188,0.0476,0.7078,-3.01,-3.50,2.38,Drive
38,6780629611,0.7218,-0.0044,0.7335,2.66,-2.52,3.22,Drive
38,6780669614,0.7159,0.0124,0.7174,-4.13,-1.54,2.10,Drive
38,6780709612,0.7115,0.0271,0.6837,1.40,-1.82,2.80,Drive
38,6780749612,0.6925,-0.0498,0.6742,7.35,-3.50,4.13,Drive
38,6780789615,0.6471,-0.0220,0.6647,7.49,-5.39,4.27,Drive
38,6780829611,0.6705,-0.0425,0.7225,4.13,-5.74,2.17,Drive
38,6780869611,0.6588,-0.0381,0.6954,4.13,-3.36,-1.82,Drive
38,6780909612,0.6749,-0.0439,0.6969,4.97,-0.98,-5.88,Drive
38,6780949635,0.6793,-0.0176,0.6895,3.29,-1.19,-7.35,Drive
38,6780989633,0.6742,-0.0366,0.6771,8.47,-2.03,-4.20,Drive
38,6781029624,0.6793,-0.0483,0.6786,7.35,-2.31,-2.87,Drive
38,6781069626,0.6778,-0.0227,0.6771,10.15,-0.84,-1.54,Drive
38,6781109614,0.6910,-0.0388,0.6669,2.87,1.47,-1.82,Drive
38,6781149616,0.6647,-0.0037,0.6500,-0.21,3.43,-1.82,Drive
38,6781189619,0.6529,-0.0329,0.6500,0.98,5.11,-0.84,Drive
38,6781229613,0.6830,-0.0132,0.6749,-3.78,6.44,0.49,Drive
38,6781269616,0.6925,-0.0410,0.6866,0.56,7.35,2.45,Drive
38,6781309611,0.7313,-0.0285,0.6903,-1.33,6.37,2.87,Drive
38,6781349610,0.7108,-0.0425,0.6808,3.92,2.94,3.15,Drive
39,6787127404,-0.1281,-0.0395,1.2751,71.82,-180.67,-3.85,Drive
39,6787161093,0.0776,-0.0834,1.2298,69.09,-192.85,-6.93,Drive
39,6787201088,0.1135,-0.0256,1.0951,94.29,-195.65,-14.91,Drive
39,6787241089,-0.0366,-0.2181,0.9245,35.56,-187.25,-33.04,Drive
39,6787281087,0.2174,0.0315,0.5944,-14.63,-164.15,-32.83,Drive
39,6787321084,0.3257,0.0124,0.3843,-78.33,-124.81,-17.85,Drive
39,6787361093,0.2511,0.2379,0.2445,-87.50,-63.07,7.98,Drive
39,6787401086,0.1837,0.2357,0.2445,-34.30,3.99,27.65,Drive
39,6787441087,0.1127,-0.0110,0.3697,-5.67,65.03,32.13,Drive
39,6787481089,0.2101,-0.0505,0.4963,-69.44,113.33,25.83,Drive
39,6787521086,0.4758,-0.0095,0.6734,-69.37,161.77,15.96,Drive
39,6787561088,0.4187,-0.2247,0.7466,-73.64,214.83,-1.47,Drive
39,6787601088,0.1662,-0.1618,1.0716,-63.70,298.20,-26.25,Drive
39,6787641087,0.0695,-0.3719,1.8066,-30.17,380.10,-60.20,Drive
39,6787681090,-0.1017,0.3235,2.2333,-80.22,400.68,-111.44,Drive
39,6787721087,-0.0132,0.1222,2.3556,-85.61,368.20,-140.42,Drive
39,6787761086,0.0322,0.3016,2.2245,-27.44,303.31,-138.46,Drive
39,6787801088,0.1127,0.2569,2.2721,-17.43,223.79,-130.20,Drive
39,6787841089,-0.0783,0.3762,1.9266,-0.14,141.40,-101.36,Drive
39,6787881086,0.1230,0.4187,1.5196,42.91,75.67,-56.07,Drive
39,6787921089,0.3623,0.1947,1.1009,35.77,32.27,-16.94,Drive
39,6787961099,0.4875,0.1779,0.8777,29.96,9.73,13.72,Drive
39,6788001121,0.6076,0.0373,0.7986,12.32,-2.03,33.18,Drive
39,6788041090,0.6932,0.0864,0.7115,21.42,-8.19,40.74,Drive
39,6788081087,0.7020,-0.0769,0.6888,10.85,-9.03,38.15,Drive
39,6788121087,0.7920,0.0168,0.6046,3.22,-7.28,30.73,Drive
39,6788161089,0.7745,-0.0483,0.6207,9.31,-8.89,22.19,Drive
39,6788201086,0.7415,-0.0015,0.6149,0.28,-9.66,9.45,Drive
39,6788241090,0.7503,-0.0234,0.6046,3.15,-6.30,-0.28,Drive
39,6788281086,0.7444,-0.0388,0.6200,-3.57,-3.36,-8.33,Drive
39,6788321085,0.7679,0.0007,0.5585,3.64,-0.77,-11.34,Drive
39,6788361090,0.7745,-0.0095,0.6017,-2.80,1.82,-12.11,Drive
39,6788401085,0.7854,0.0227,0.6076,0.07,3.29,-9.45,Drive
39,6788441086,0.7891,-0.0095,0.5929,-0.35,2.52,-4.69,Drive
39,6788481089,0.7971,0.0095,0.5658,4.76,1.26,-1.47,Drive
39,6788521085,0.7759,0.0000,0.5622,5.53,1.68,1.12,Drive
39,6788561088,0.7569,-0.0110,0.5388,5.74,3.29,3.64,Drive
39,6788601090,0.7349,0.0205,0.5600,2.45,3.92,5.11,Drive
39,6788641086,0.7540,-0.0015,0.5937,9.52,3.92,5.60,Drive
39,6788681086,0.7891,0.0234,0.5688,7.35,3.85,4.76,Drive
39,6788721088,0.8001,-0.0264,0.5658,6.72,2.17,3.99,Drive
39,6788761085,0.8213,-0.0102,0.5878,2.94,0.63,2.45,Drive
39,6788801086,0.8059,-0.0088,0.6200,2.66,0.49,3.08,Drive
39,6788841087,0.8272,-0.0037,0.6178,5.95,1.05,4.41,Drive
39,6788881085,0.8096,-0.0212,0.5907,11.97,0.77,4.97,Drive
39,6788921084,0.7635,-0.0029,0.5351,3.15,1.68,3.64,Drive
39,6788961095,0.6947,-0.0044,0.5241,-5.53,7.00,2.94,Drive
39,6789001090,0.7569,0.0410,0.5366,-5.32,17.50,3.22,Drive
39,6789041089,0.7869,-0.0359,0.5717,6.79,24.43,2.03,Drive
39,6789081102,0.8411,-0.0044,0.5980,-9.87,25.83,-1.82,Drive
40,6794391408,-0.2474,0.1266,1.3688,21.63,-128.45,12.46,Drive
40,6794422803,-0.1742,0.1537,1.3381,1.40,-141.68,9.31,Drive
40,6794462801,-0.0878,0.3309,1.2905,8.75,-152.25,12.11,Drive
40,6794502801,-0.0813,0.2203,1.3483,24.99,-155.82,13.79,Drive
40,6794542798,0.0022,0.2481,1.1544,3.01,-160.65,15.47,Drive
40,6794582800,0.0681,0.1969,0.8982,24.57,-163.80,23.94,Drive
40,6794622802,0.0651,0.0783,0.7056,34.09,-159.46,28.07,Drive
40,6794662798,0.0578,0.0520,0.5578,20.30,-145.46,28.63,Drive
40,6794702798,0.0988,-0.0981,0.3294,-6.23,-124.39,23.45,Drive
40,6794742800,0.2057,0.0285,0.1435,-74.97,-96.46,13.72,Drive
40,6794782797,0.2855,0.2181,0.0212,-76.72,-50.26,8.96,Drive
40,6794822800,0.3594,0.0000,0.0856,-22.26,10.92,4.13,Drive
40,6794862800,0.2928,0.0168,0.3872,-37.17,98.91,-14.07,Drive
40,6794902797,0.2189,0.0827,0.4634,-30.80,211.12,-48.86,Drive
40,6794942812,0.4238,-0.0146,0.7188,-20.02,327.60,-79.45,Drive
40,6794982817,0.9209,-0.0029,1.1983,-21.14,458.92,-105.14,Drive
40,6795022802,1.5606,0.0681,2.1265,115.15,568.12,-95.34,Drive
40,6795062803,2.5708,0.3199,3.4265,-99.89,572.88,-127.26,Drive
40,6795102798,2.5195,0.6698,3.8137,-65.31,482.37,-176.40,Drive
40,6795142798,1.6287,1.3476,3.4836,-47.74,361.27,-182.35,Drive
40,6795182798,0.7137,0.9362,2.7655,13.23,253.61,-129.15,Drive
40,6795222797,0.2115,0.7203,2.0145,54.67,175.70,-55.72,Drive
40,6795262806,0.1669,0.2957,1.5965,80.71,112.70,5.74,Drive
40,6795302800,0.1823,0.1266,1.1302,31.50,58.73,26.67,Drive
40,6795342799,0.3199,-0.0856,0.7181,32.06,15.40,32.20,Drive
40,6795382798,0.5036,0.0117,0.4553,28.28,-10.29,25.13,Drive
40,6795422800,0.6412,0.0388,0.2218,22.75,-23.10,15.89,Drive
40,6795462800,0.7503,-0.0212,0.0761,12.95,-26.25,8.96,Drive
40,6795502803,0.7979,0.0293,-0.0256,0.07,-21.00,3.64,Drive
40,6795542797,0.8601,-0.0344,-0.0373,16.03,-13.51,3.92,Drive
40,6795582798,0.8777,-0.0769,0.0278,11.48,-5.11,-1.54,Drive
40,6795622799,0.9223,-0.0139,0.0425,0.63,0.28,-10.36,Drive
40,6795662798,0.8879,-0.0761,0.0944,10.15,2.80,-14.91,Drive
40,6795702797,0.9326,-0.0081,0.1157,3.85,1.19,-15.12,Drive
40,6795742799,0.9560,-0.0586,0.1823,12.25,-2.87,-11.83,Drive
40,6795782798,0.9355,-0.0037,0.1362,0.84,-7.21,-10.01,Drive
40,6795822800,0.9260,-0.1142,0.1303,5.32,-10.64,-5.60,Drive
40,6795862802,0.9055,-0.0791,0.0878,3.99,-11.76,-3.01,Drive
40,6795902797,0.8967,-0.1171,0.1091,4.27,-8.61,-0.28,Drive
40,6795942808,0.9194,-0.1274,0.1098,5.18,-6.16,2.03,Drive
40,6795982803,0.9611,-0.0988,0.1047,0.98,-5.53,4.76,Drive
40,6796022801,1.0124,-0.1296,0.1318,11.20,-6.16,9.66,Drive
40,6796062801,1.0343,-0.0878,0.1405,12.32,-8.26,10.08,Drive
40,6796102798,0.9758,-0.1310,0.1222,21.49,-9.10,8.61,Drive
40,6796142799,0.9421,-0.0988,0.1142,7.07,-8.82,4.62,Drive
40,6796182798,0.9362,-0.0630,0.0922,8.61,-6.44,3.99,Drive
40,6796222797,0.9304,-0.1105,0.1237,6.30,-4.13,4.69,Drive
40,6796262797,0.9604,-0.0813,0.1457,4.48,-2.31,4.62,Drive
40,6796302797,0.9765,-0.1113,0.1669,11.69,-3.64,4.13,Drive
40,6796342798,0.9567,-0.0681,0.1698,13.79,-6.79,1.26,Drive
41,6802635416,-0.1398,0.1017,1.4193,43.89,-72.52,13.65,Drive
41,6802667011,-0.2840,0.1105,1.3557,46.34,-96.74,15.75,Drive
41,6802707003,-0.3733,-0.0044,1.3161,78.89,-129.71,29.12,Drive
41,6802747001,-0.2357,0.1010,1.2883,61.53,-150.78,27.37,Drive
41,6802787003,-0.2518,0.0146,1.1924,63.28,-157.71,20.93,Drive
41,6802827003,-0.2745,0.0359,1.1185,42.98,-158.90,12.95,Drive
41,6802867016,-0.1266,-0.0059,0.9992,43.05,-151.20,6.23,Drive
41,6802907004,-0.0849,0.0044,0.8484,44.66,-138.60,-1.33,Drive
41,6802947019,-0.0542,-0.0285,0.7591,44.03,-127.61,-13.02,Drive
41,6802987013,-0.0864,-0.2899,0.7876,37.73,-115.15,-26.60,Drive
41,6803027034,-0.2965,-0.2782,0.9304,33.88,-104.79,-36.33,Drive
41,6803067006,-0.4253,-0.4582,0.9252,54.25,-113.26,-42.14,Drive
41,6803107004,-0.4443,-0.4846,0.7305,51.52,-145.04,-47.46,Drive
41,6803147002,-0.4231,-0.1200,0.3228,35.56,-175.21,-51.31,Drive
41,6803187003,-0.0234,0.1911,-0.1383,-9.31,-151.27,-57.89,Drive
41,6803227006,0.2752,0.4194,-0.3323,-66.92,-63.42,-54.88,Drive
41,6803267002,0.1947,0.2869,-0.1728,-15.68,71.61,-53.06,Drive
41,6803307003,0.0878,0.1867,-0.2840,-10.29,224.84,-45.29,Drive
41,6803347008,0.0608,-0.0300,0.0227,22.54,361.13,-13.37,Drive
41,6803387001,0.6178,-0.1281,0.9040,-55.02,450.17,-6.16,Drive
41,6803427011,0.9838,0.3579,1.7451,-35.21,453.11,-15.12,Drive
41,6803467006,0.6090,0.1303,2.7882,-22.47,412.58,-16.03,Drive
41,6803507003,0.0059,0.0329,2.9009,-28.28,376.32,-34.58,Drive
41,6803547007,0.0425,-0.1047,2.8292,-11.20,345.73,-42.00,Drive
41,6803587001,0.0944,0.4209,2.4258,-14.77,267.47,-65.31,Drive
41,6803626999,0.1208,0.2599,2.0481,-13.30,198.73,-72.59,Drive
41,6803667004,0.1017,0.4055,1.6148,-3.92,137.48,-67.62,Drive
41,6803707000,0.1171,0.1903,1.3798,25.20,96.18,-42.00,Drive
41,6803747001,0.2460,0.2891,1.1112,18.27,58.03,-19.74,Drive
41,6803787003,0.4092,0.1369,1.0028,29.96,29.19,0.42,Drive
41,6803827002,0.5197,0.2152,0.8337,16.94,5.53,9.59,Drive
41,6803867000,0.5022,0.1859,0.6581,21.56,-5.88,15.19,Drive
41,6803907000,0.5834,0.1157,0.5929,3.29,-6.79,16.80,Drive
41,6803947012,0.6471,0.0827,0.5022,17.36,-4.13,16.31,Drive
41,6803987007,0.7437,0.0732,0.5409,9.59,-0.70,9.52,Drive
41,6804027007,0.7708,0.0681,0.5431,4.90,1.82,3.08,Drive
41,6804067034,0.7884,0.0534,0.5849,3.01,1.54,2.87,Drive
41,6804107004,0.7708,0.0644,0.5644,2.17,0.14,3.57,Drive
41,6804147001,0.8111,0.0337,0.5666,1.19,-0.91,4.06,Drive
41,6804187001,0.7964,-0.0051,0.5585,4.90,-0.98,4.06,Drive
41,6804227018,0.8228,0.0695,0.4985,-11.06,-0.91,1.54,Drive
41,6804267006,0.8111,0.0037,0.4839,11.97,-3.15,6.44,Drive
41,6804307003,0.8294,0.0395,0.5139,2.03,-1.68,6.16,Drive
41,6804347004,0.7862,0.0468,0.4992,0.21,1.82,5.18,Drive
41,6804387000,0.7657,0.0095,0.5388,1.61,6.44,5.67,Drive
41,6804427003,0.7723,0.0673,0.5475,-8.40,7.42,3.92,Drive
41,6804467008,0.8213,0.0190,0.6032,6.93,5.67,3.64,Drive
41,6804507000,0.8638,0.0659,0.6295,2.87,-4.13,0.21,Drive
41,6804547008,0.8198,0.0029,0.6112,7.77,-11.55,0.56,Drive
41,6804587002,0.8191,0.0747,0.5146,14.91,-10.78,2.17,Drive
42,6811023432,0.0981,0.0776,1.1544,34.09,-63.49,6.30,Drive
42,6811055017,0.0476,0.1427,1.1009,23.87,-75.88,6.16,Drive
42,6811095006,-0.0198,0.2262,1.0643,11.69,-84.63,6.65,Drive
42,6811135005,-0.1523,0.1603,1.1002,25.62,-85.68,9.03,Drive
42,6811175006,-0.3155,0.0183,1.2751,9.80,-88.76,11.20,Drive
42,6811215006,-0.4026,0.0439,1.4640,-6.51,-101.57,15.75,Drive
42,6811255006,-0.3872,-0.0644,1.5745,1.26,-127.19,18.06,Drive
42,6811295006,-0.3887,-0.0322,1.4142,-11.62,-164.50,16.45,Drive
42,6811335005,-0.2943,-0.0007,1.1492,-22.82,-188.23,15.54,Drive
42,6811375003,-0.1728,-0.0022,0.8462,-17.85,-189.28,19.18,Drive
42,6811415007,-0.0468,-0.1310,0.5702,-36.75,-172.90,21.42,Drive
42,6811455003,0.0820,0.0622,0.3916,-33.74,-140.00,24.15,Drive
42,6811495016,0.2679,-0.0988,0.2862,-23.66,-98.21,13.16,Drive
42,6811535010,0.4092,0.1786,0.1588,-52.01,-48.93,-17.71,Drive
42,6811575004,0.5102,0.1632,0.0996,-23.73,-0.21,-54.39,Drive
42,6811615003,0.5717,0.2123,0.1537,8.05,61.88,-79.52,Drive
42,6811655007,0.5307,-0.0322,0.2291,38.64,143.85,-98.49,Drive
42,6811695005,0.1969,0.0520,0.3521,20.79,252.28,-105.49,Drive
42,6811735023,0.1940,0.1479,0.4180,113.47,377.23,-72.52,Drive
42,6811775025,0.3784,-0.0476,1.8512,85.19,437.78,-34.65,Drive
42,6811815008,0.9260,0.4414,2.6250,-26.25,423.29,-56.14,Drive
42,6811855026,0.5841,0.4392,3.0312,-1.82,364.07,-83.16,Drive
42,6811895009,0.2708,0.5519,2.7304,-32.13,285.11,-106.40,Drive
42,6811935004,-0.1530,0.5344,2.3168,37.10,207.76,-77.56,Drive
42,6811975035,-0.0271,0.4063,1.9962,39.20,137.69,-46.27,Drive
42,6812015009,0.1266,0.1545,1.5533,58.45,74.62,-27.30,Drive
42,6812055006,0.1632,0.2233,1.1983,8.33,33.11,-29.05,Drive
42,6812095004,0.2247,0.2020,0.8594,16.59,15.33,-16.17,Drive
42,6812135004,0.4304,0.1706,0.7649,27.02,4.13,-0.91,Drive
42,6812175003,0.6185,0.1881,0.6910,1.82,-4.13,11.13,Drive
42,6812215007,0.7203,0.0930,0.6859,10.64,-10.01,20.86,Drive
42,6812255003,0.7305,0.0615,0.6537,-4.97,-14.35,24.64,Drive
42,6812295003,0.7320,0.0388,0.5944,16.31,-14.28,28.14,Drive
42,6812335007,0.7430,-0.0264,0.6361,4.62,-10.57,22.68,Drive
42,6812375007,0.7254,0.0505,0.5922,0.21,-4.69,15.82,Drive
42,6812415023,0.7210,-0.0871,0.6288,-2.10,-1.26,9.24,Drive
42,6812455007,0.7562,0.0791,0.6398,-19.18,0.07,0.70,Drive
42,6812495005,0.6991,-0.0556,0.6573,10.08,1.05,1.89,Drive
42,6812535005,0.7452,0.0425,0.6339,3.92,1.75,-1.68,Drive
42,6812575007,0.7291,-0.0110,0.6588,8.96,1.96,-3.43,Drive
42,6812615004,0.7488,0.0300,0.6529,9.38,1.47,-6.09,Drive
42,6812655004,0.7305,0.0271,0.6625,3.71,-0.07,-7.21,Drive
42,6812695006,0.7584,0.0410,0.6566,0.98,-0.14,-7.14,Drive
42,6812735005,0.7335,0.0285,0.6273,3.29,0.21,-3.71,Drive
42,6812775023,0.7935,0.0703,0.7342,4.41,2.31,-1.75,Drive
42,6812815009,0.7862,0.0527,0.6478,-18.48,-2.38,-3.57,Drive
42,6812855007,0.6917,-0.0190,0.6076,1.54,-6.16,3.15,Drive
42,6812895024,0.7320,0.0176,0.5929,5.39,-6.37,8.89,Drive
42,6812935008,0.7430,0.0015,0.5827,9.38,-4.34,10.78,Drive
42,6812975032,0.7532,0.0168,0.5900,4.06,-1.05,8.75,Drive
43,6817971410,-0.3089,0.0066,0.5995,1.75,-146.65,-19.60,Drive
43,6818005512,-0.1757,-0.0161,0.2460,-13.16,-136.99,-12.88,Drive
43,6818045489,0.1310,0.0015,-0.0073,-74.69,-100.17,-0.35,Drive
43,6818085480,0.2635,0.2899,-0.1039,-130.62,-34.58,0.28,Drive
43,6818125479,0.2481,0.3638,-0.0124,-15.19,51.24,-15.96,Drive
43,6818165481,0.0081,-0.0813,0.1222,-26.46,152.25,-51.59,Drive
43,6818205480,-0.0542,0.2599,0.3477,0.70,274.26,-65.66,Drive
43,6818245478,0.2921,-0.2606,0.5556,-20.30,402.57,-74.41,Drive
43,6818285482,0.5453,-0.1911,0.9150,14.56,469.14,-58.66,Drive
43,6818325478,1.2254,-0.1574,1.9757,-34.72,472.29,-52.15,Drive
43,6818365481,1.1653,0.8703,2.9317,-21.14,420.07,-84.21,Drive
43,6818405484,0.7108,0.8674,3.2567,-62.30,343.84,-122.78,Drive
43,6818445477,0.3433,1.0329,2.5825,-47.74,253.89,-139.72,Drive
43,6818485479,-0.1881,0.7064,2.2985,8.96,181.37,-104.93,Drive
43,6818525482,-0.1222,0.5007,1.8058,26.53,115.78,-64.68,Drive
43,6818565480,0.0725,0.3748,1.4347,38.57,62.09,-33.18,Drive
43,6818605478,0.1684,0.2225,1.1082,46.97,20.86,-13.37,Drive
43,6818645481,0.3360,0.1771,0.7928,33.53,7.84,-1.68,Drive
43,6818685479,0.5256,0.0988,0.7122,21.63,4.27,4.76,Drive
43,6818725495,0.6098,0.1296,0.6998,2.17,1.12,7.70,Drive
43,6818765479,0.7232,0.0974,0.6756,8.68,1.26,9.03,Drive
43,6818805478,0.7196,0.0542,0.6537,8.40,-0.49,7.91,Drive
43,6818845481,0.7327,0.0688,0.6098,12.60,-2.52,6.93,Drive
43,6818885478,0.7598,0.0285,0.5797,8.26,-4.41,3.85,Drive
43,6818925477,0.7598,0.0468,0.5614,18.27,-4.55,1.61,Drive
43,6818965489,0.7701,0.0037,0.5790,2.52,-2.66,-3.08,Drive
43,6819005509,0.7920,0.0447,0.5724,-2.94,0.42,-3.85,Drive
43,6819045500,0.8330,0.0264,0.6229,8.19,2.03,-0.91,Drive
43,6819085489,0.8374,0.0403,0.6368,2.10,1.12,0.28,Drive
43,6819125479,0.8191,0.0549,0.5856,4.62,-0.56,3.01,Drive
43,6819165477,0.7788,0.0344,0.5761,3.29,-0.98,5.95,Drive
43,6819205479,0.7913,-0.0037,0.6141,9.94,-0.35,9.87,Drive
43,6819245478,0.8557,0.0388,0.5907,8.61,-0.98,10.64,Drive
43,6819285480,0.8674,-0.0183,0.5483,15.05,-4.20,9.87,Drive
43,6819325481,0.8389,-0.0007,0.5029,7.49,-5.25,6.93,Drive
43,6819365480,0.7371,-0.0073,0.5029,3.08,-0.77,2.59,Drive
43,6819405483,0.7437,-0.0307,0.5080,-0.98,6.30,-1.54,Drive
43,6819445478,0.8059,-0.0190,0.5314,8.75,9.17,-3.50,Drive
43,6819485480,0.8213,0.0190,0.5336,0.84,7.70,-5.18,Drive
43,6819525481,0.7950,0.0468,0.4948,5.95,5.67,-3.36,Drive
43,6819565478,0.7488,-0.0015,0.5153,4.34,4.34,-1.26,Drive
43,6819605477,0.7832,0.0395,0.5241,-5.11,6.23,0.00,Drive
43,6819645487,0.8001,-0.0029,0.5388,5.95,7.84,2.17,Drive
43,6819685480,0.8147,0.0271,0.5183,-1.54,6.37,1.75,Drive
43,6819725478,0.8250,0.0110,0.4787,3.71,2.94,2.94,Drive
43,6819765479,0.8125,0.0344,0.4787,1.68,-0.77,2.45,Drive
43,6819805476,0.7876,0.0132,0.5014,3.71,-0.63,0.56,Drive
43,6819845479,0.7957,-0.0015,0.4985,1.89,2.38,-0.98,Drive
43,6819885480,0.8030,0.0051,0.4839,2.73,4.97,-0.91,Drive
43,6819925477,0.8272,0.0015,0.4963,2.17,5.67,-0.14,Drive
44,6825919400,-0.0168,0.0886,1.1968,21.07,-35.28,3.43,Drive
44,6825951620,-0.0051,0.1171,1.2041,8.12,-43.19,1.47,Drive
44,6825991603,-0.0527,0.1874,1.2634,12.81,-52.71,2.80,Drive
44,6826031602,-0.0490,0.1149,1.2854,10.71,-64.96,4.41,Drive
44,6826071606,-0.0644,0.1698,1.3549,11.90,-82.25,8.26,Drive
44,6826111599,-0.0754,0.1640,1.4186,25.76,-101.15,10.99,Drive
44,6826151600,-0.1442,0.1398,1.5313,17.64,-127.26,9.45,Drive
44,6826191600,-0.1698,0.2335,1.6572,15.89,-159.53,7.98,Drive
44,6826231599,-0.0937,-0.3433,1.7473,-75.04,-198.80,-1.75,Drive
44,6826271598,0.0549,0.7723,1.2854,-160.37,-250.81,22.33,Drive
44,6826311601,0.0190,-0.0190,0.8674,-3.85,-272.09,64.40,Drive
44,6826351599,-0.0161,0.2035,0.4912,-65.66,-248.71,67.62,Drive
44,6826391598,0.1208,0.2064,0.2042,-25.48,-188.86,62.09,Drive
44,6826431598,0.2804,0.1391,0.0015,-24.29,-126.00,31.43,Drive
44,6826471599,0.3726,0.1618,-0.0864,-14.07,-59.08,-5.04,Drive
44,6826511598,0.4524,0.0783,-0.1113,-4.55,12.39,-44.10,Drive
44,6826551602,0.5073,0.1091,-0.0395,-8.96,79.66,-87.85,Drive
44,6826591602,0.4297,0.0564,0.0395,11.90,162.26,-111.23,Drive
44,6826631619,0.5768,-0.0022,0.2957,12.18,260.33,-120.47,Drive
44,6826671609,0.8045,0.2547,0.6917,139.23,357.98,-104.72,Drive
44,6826711621,1.3374,-0.1706,1.8190,30.80,434.98,-93.45,Drive
44,6826751604,1.6719,0.4121,2.7121,50.05,441.49,-104.86,Drive
44,6826791606,0.7869,1.0724,3.4858,35.98,392.42,-96.67,Drive
44,6826831615,-0.0066,1.0299,3.2859,40.95,328.44,-75.39,Drive
44,6826871603,-0.2174,0.7540,2.4734,40.32,246.75,-45.64,Drive
44,6826911603,-0.2094,0.5768,2.0738,66.36,165.13,-10.64,Drive
44,6826951629,-0.0849,0.4765,1.7268,9.87,110.95,4.27,Drive
44,6826991602,0.0783,0.2277,1.3571,22.26,66.01,17.78,Drive
44,6827031634,0.2394,0.1362,1.1082,23.66,26.11,17.01,Drive
44,6827071604,0.4216,0.1698,0.9326,13.37,8.54,7.70,Drive
44,6827111603,0.5380,0.2101,0.7496,21.84,-3.85,-0.70,Drive
44,6827151600,0.6420,0.2269,0.7232,9.59,-10.29,-5.04,Drive
44,6827191599,0.7371,0.2364,0.7196,9.45,-14.56,-10.99,Drive
44,6827231603,0.7957,0.2233,0.6625,5.53,-15.96,-11.90,Drive
44,6827271601,0.7803,0.2298,0.5563,12.88,-17.01,-6.93,Drive
44,6827311599,0.7357,0.1640,0.4919,10.85,-12.39,-1.54,Drive
44,6827351604,0.7825,0.1391,0.5270,2.59,-5.81,-0.14,Drive
44,6827391599,0.7693,0.1318,0.5453,-4.90,-0.70,-1.61,Drive
44,6827431598,0.7759,0.1449,0.5409,-7.07,1.12,-1.54,Drive
44,6827471602,0.7701,0.1069,0.5805,-1.75,0.63,-0.70,Drive
44,6827511598,0.7730,0.1376,0.5673,-2.59,-0.63,-0.21,Drive
44,6827551598,0.7686,0.1442,0.5651,-1.68,-2.17,2.10,Drive
44,6827591600,0.7803,0.1039,0.5878,-1.05,-4.34,2.73,Drive
44,6827631622,0.7759,0.1032,0.5841,-0.91,-6.09,1.26,Drive
44,6827671604,0.7547,0.1113,0.5805,-8.68,-5.81,-0.14,Drive
44,6827711605,0.7693,0.1376,0.5812,-1.61,-4.34,0.21,Drive
44,6827751618,0.7459,0.1113,0.5805,5.67,-3.64,0.49,Drive
44,6827791602,0.7415,0.1083,0.5893,2.03,-3.22,-0.77,Drive
44,6827831604,0.7613,0.1179,0.5893,5.95,-2.24,-1.54,Drive
44,6827871601,0.7950,0.1310,0.5834,3.64,-1.82,-3.43,Drive
45,6832727416,-0.2320,-0.0351,1.2561,66.15,-195.30,-15.12,Drive
45,6832759446,-0.2064,-0.0476,1.1675,56.63,-197.68,-24.43,Drive
45,6832799444,-0.1640,-0.1376,0.9362,13.65,-194.67,-33.81,Drive
45,6832839441,-0.1025,-0.0059,0.6961,-8.33,-183.47,-31.57,Drive
45,6832879441,-0.0937,-0.0468,0.5329,-14.49,-159.95,-28.42,Drive
45,6832919441,-0.1266,-0.0102,0.4004,-22.26,-126.70,-22.82,Drive
45,6832959453,-0.1025,-0.0659,0.2928,-10.64,-87.15,-11.69,Drive
45,6832999442,0.0212,-0.0805,0.2181,-28.14,-45.71,-5.74,Drive
45,6833039474,-0.0688,0.2452,0.2057,-33.11,-2.10,1.33,Drive
45,6833079443,-0.0381,0.0307,0.2979,6.86,55.37,9.45,Drive
45,6833119440,0.1149,0.0102,0.2935,-44.24,114.80,0.98,Drive
45,6833159442,0.2664,0.0769,0.3170,-51.73,167.02,-8.82,Drive
45,6833199440,0.4311,-0.0498,0.4817,-34.44,228.06,-10.57,Drive
45,6833239441,0.8725,-0.2123,0.5885,-55.09,287.49,-21.56,Drive
45,6833279442,1.3893,-0.1808,1.0087,-22.33,342.09,-28.98,Drive
45,6833319441,1.3110,0.0944,1.9823,-56.07,368.13,-35.63,Drive
45,6833359439,1.3754,-0.2189,2.8204,33.11,384.86,-25.97,Drive
45,6833399443,1.2898,0.0483,2.9097,-40.46,387.17,-42.07,Drive
45,6833439438,1.1536,0.2430,2.8028,-13.51,372.47,-51.59,Drive
45,6833479440,0.9289,0.2555,2.5430,-5.53,317.45,-56.70,Drive
45,6833519442,0.4912,0.1310,2.5598,57.68,258.16,-46.48,Drive
45,6833559438,0.3880,0.3411,1.9815,13.51,191.31,-47.32,Drive
45,6833599456,0.2489,0.2379,1.6111,-7.77,132.30,-37.45,Drive
45,6833639445,0.3675,0.1120,1.3008,10.01,79.73,-22.61,Drive
45,6833679440,0.5336,0.1340,0.9545,13.23,33.32,-11.62,Drive
45,6833719441,0.6771,-0.0417,0.6830,32.34,1.12,-2.87,Drive
45,6833759443,0.6654,-0.0988,0.4795,27.65,-22.89,1.40,Drive
45,6833799439,0.7357,-0.0132,0.3528,41.30,-37.03,7.91,Drive
45,6833839439,0.8103,-0.0981,0.2957,32.20,-45.08,9.38,Drive
45,6833879443,0.8176,-0.0578,0.2489,4.83,-45.22,9.24,Drive
45,6833919441,0.8982,-0.0337,0.2108,14.91,-41.44,13.79,Drive
45,6833959457,0.9011,-0.0952,0.2042,8.05,-36.82,14.63,Drive
45,6833999454,0.9355,-0.0102,0.1998,4.83,-30.59,16.24,Drive
45,6834039446,0.9194,-0.0695,0.2211,10.50,-24.57,15.75,Drive
45,6834079441,0.9274,-0.0520,0.2438,-2.03,-16.59,12.25,Drive
45,6834119439,0.9011,-0.0586,0.2496,0.07,-9.66,10.50,Drive
45,6834159440,0.8857,-0.0608,0.2840,-15.12,-5.46,8.26,Drive
45,6834199440,0.8989,-0.0944,0.3118,6.30,-2.80,8.96,Drive
45,6834239457,0.9245,-0.0813,0.3689,-6.51,-4.41,3.15,Drive
45,6834279443,0.9128,-0.0337,0.3587,-2.03,-5.88,-1.54,Drive
45,6834319443,0.9150,-0.1383,0.3762,-7.28,-6.72,-6.51,Drive
45,6834359439,0.9457,-0.0242,0.3089,-13.65,-10.50,-7.98,Drive
45,6834399438,0.8740,-0.0688,0.2987,3.78,-13.02,-3.64,Drive
45,6834439443,0.8550,-0.0505,0.3228,5.25,-11.90,-0.56,Drive
45,6834479440,0.8689,-0.0717,0.3382,3.50,-7.14,1.96,Drive
45,6834519438,0.8828,-0.0293,0.3528,5.95,-3.71,3.29,Drive
45,6834559439,0.9048,-0.0556,0.3726,4.90,-1.19,3.36,Drive
45,6834599438,0.9362,-0.0447,0.3865,2.87,-0.63,3.29,Drive
45,6834639440,0.9523,-0.0534,0.3719,3.64,-1.40,2.73,Drive
45,6834679441,0.9055,-0.0234,0.3653,3.57,-3.36,3.22,Drive
46,6839251412,-0.1259,-0.0212,1.4633,24.36,-143.43,-3.36,Drive
46,6839282927,-0.0644,0.0212,1.3974,3.50,-154.91,-8.40,Drive
46,6839322924,-0.0410,0.0695,1.2964,-12.95,-165.62,-14.35,Drive
46,6839362924,-0.0373,0.1288,1.1346,-31.57,-176.40,-15.19,Drive
46,6839402921,-0.3623,0.2430,1.0643,19.67,-174.86,-9.24,Drive
46,6839442924,-0.4319,0.0117,0.9699,11.97,-162.54,-14.84,Drive
46,6839482926,-0.2760,0.0285,0.8345,-20.44,-152.67,-17.43,Drive
46,6839522922,-0.1047,0.0747,0.6507,-10.99,-142.66,-13.86,Drive
46,6839562925,0.0447,-0.0381,0.4385,-10.92,-131.32,-10.57,Drive
46,6839602922,0.2840,0.0198,0.1962,-24.71,-112.63,-7.63,Drive
46,6839642920,0.4473,0.1017,0.0637,-23.38,-79.59,-6.51,Drive
46,6839682925,0.4370,0.3462,0.0769,30.38,-23.52,-13.79,Drive
46,6839722933,0.4150,-0.0007,0.1837,61.25,44.17,-35.91,Drive
46,6839762924,0.3382,0.1010,0.2240,45.15,126.28,-43.89,Drive
46,6839802927,0.4077,-0.2277,0.5885,46.83,213.78,-34.72,Drive
46,6839842922,1.1448,-0.1244,0.2072,-36.19,317.24,-44.24,Drive
46,6839882925,1.0914,-0.0952,1.2612,-4.83,363.58,-41.72,Drive
46,6839922925,1.0299,0.0278,2.3468,62.86,421.82,-23.45,Drive
46,6839962935,1.1880,0.1427,2.9412,24.85,460.39,-25.13,Drive
46,6840002959,0.7862,0.3821,3.1491,-8.47,454.09,-34.16,Drive
46,6840042926,1.1866,0.2298,3.2384,6.44,394.94,-48.16,Drive
46,6840082922,0.6837,0.4341,3.0876,-33.53,293.58,-79.73,Drive
46,6840122924,0.2738,0.5966,2.5452,11.34,190.96,-73.22,Drive
46,6840162921,0.0344,0.4238,1.9566,23.03,113.33,-45.29,Drive
46,6840202922,0.1296,0.3997,1.4742,27.58,48.72,-20.93,Drive
46,6840242926,0.2306,0.2416,1.0841,32.20,0.63,-4.83,Drive
46,6840282920,0.3162,0.2115,0.6830,23.59,-27.30,6.37,Drive
46,6840322920,0.4158,0.0256,0.4626,49.49,-36.26,21.56,Drive
46,6840362923,0.6120,0.0622,0.3411,17.92,-34.16,20.09,Drive
46,6840402921,0.7422,0.0754,0.2862,20.65,-28.56,18.34,Drive
46,6840442920,0.8103,-0.0651,0.3404,20.72,-21.98,10.78,Drive
46,6840482922,0.8513,0.0630,0.3353,6.65,-16.17,1.12,Drive
46,6840522921,0.8740,-0.0059,0.3792,6.09,-8.75,-3.99,Drive
46,6840562920,0.8960,-0.0022,0.3865,9.94,-2.94,-6.79,Drive
46,6840602923,0.9084,-0.0183,0.4180,0.91,0.91,-7.84,Drive
46,6840642938,0.8923,-0.0029,0.4319,8.12,1.54,-4.55,Drive
46,6840682927,0.8865,-0.0073,0.4619,6.86,0.98,-3.08,Drive
46,6840722924,0.8645,-0.0146,0.4619,-0.35,-1.19,-2.45,Drive
46,6840762921,0.8477,0.0088,0.4553,7.00,-3.64,-0.14,Drive
46,6840802934,0.8074,-0.0505,0.4582,5.46,-4.76,2.52,Drive
46,6840842925,0.8418,0.0110,0.4590,1.96,-5.04,4.76,Drive
46,6840882923,0.8564,-0.0403,0.4553,6.09,-5.32,7.28,Drive
46,6840922921,0.9084,-0.0381,0.4692,7.35,-6.51,6.79,Drive
46,6840962932,0.8872,-0.0571,0.4699,1.82,-7.14,4.06,Drive
46,6841002924,0.8630,-0.0593,0.4604,11.83,-5.25,4.20,Drive
46,6841042927,0.8440,-0.0578,0.4538,1.61,-3.64,1.61,Drive
46,6841082924,0.8176,-0.0051,0.4502,6.16,-2.17,1.96,Drive
46,6841122921,0.8447,-0.0439,0.4831,-2.17,-1.05,0.00,Drive
46,6841162922,0.8367,-0.0271,0.4948,0.00,-0.91,-1.61,Drive
46,6841202924,0.8491,-0.0578,0.4948,0.77,-1.40,-2.80,Drive
47,6846115407,-0.2599,0.0029,1.5980,-2.59,-160.58,-7.98,Drive
47,6846146998,-0.0732,0.0549,1.4860,-5.67,-183.33,-8.61,Drive
47,6846187004,0.0373,0.1076,1.2715,0.07,-205.10,-5.67,Drive
47,6846226994,0.0476,0.1179,0.9450,4.90,-210.14,-3.57,Drive
47,6846266990,0.0183,0.1742,0.6925,28.63,-197.47,-1.05,Drive
47,6846306993,-0.0761,0.1054,0.5571,64.26,-172.27,-1.61,Drive
47,6846346991,-0.2211,-0.0761,0.5139,65.73,-144.13,-6.16,Drive
47,6846386990,-0.1764,-0.1603,0.3799,49.00,-115.71,-6.86,Drive
47,6846426992,-0.0015,-0.2503,0.2862,-13.16,-87.15,-15.47,Drive
47,6846466991,0.1464,-0.1135,0.2050,-87.29,-45.92,-25.76,Drive
47,6846506991,0.1852,0.2189,0.2503,-47.04,16.10,-34.30,Drive
47,6846546995,0.0073,-0.1003,0.3228,-33.25,96.39,-55.86,Drive
47,6846586992,0.0029,-0.0717,0.2291,-62.72,185.22,-69.23,Drive
47,6846626990,0.0403,0.1405,0.2525,1.89,285.18,-59.50,Drive
47,6846666994,0.3587,0.1208,0.3989,102.62,382.13,-20.86,Drive
47,6846706990,0.9926,-0.4736,1.0270,47.95,437.15,11.62,Drive
47,6846746990,1.3952,-0.1135,2.0035,3.50,441.42,3.92,Drive
47,6846786999,0.9801,0.3396,2.8987,-74.48,416.64,-46.69,Drive
47,6846826991,0.6617,0.4019,2.9412,-58.66,360.01,-83.72,Drive
47,6846866993,0.3953,0.6478,2.5400,6.58,279.65,-84.14,Drive
47,6846906990,0.2408,0.2423,2.2890,31.50,196.21,-57.12,Drive
47,6846947001,0.2225,0.3009,2.0108,31.08,122.57,-35.21,Drive
47,6846987000,0.2869,0.2203,1.6895,36.75,66.43,-14.91,Drive
47,6847026997,0.2591,0.2057,1.2437,27.79,28.84,1.82,Drive
47,6847066991,0.3009,0.1186,0.9750,40.39,0.42,21.77,Drive
47,6847106990,0.4473,0.0820,0.7840,38.71,-16.52,32.13,Drive
47,6847146990,0.5571,0.0922,0.6895,22.47,-22.54,30.31,Drive
47,6847187000,0.6127,0.0710,0.5688,10.92,-21.56,24.99,Drive
47,6847226993,0.7210,0.0944,0.5366,4.20,-16.52,18.83,Drive
47,6847266992,0.8176,0.0556,0.5578,-3.08,-14.35,10.85,Drive
47,6847306991,0.8528,0.0139,0.5022,-2.45,-12.11,4.20,Drive
47,6847346994,0.7701,0.0307,0.4736,4.13,-9.87,0.77,Drive
47,6847386989,0.7642,0.0505,0.4670,-5.18,-5.11,0.91,Drive
47,6847426992,0.7832,0.0264,0.5124,2.87,0.42,3.01,Drive
47,6847466991,0.8059,0.0051,0.5497,0.77,3.08,2.31,Drive
47,6847506990,0.8176,0.0615,0.5775,-1.12,2.17,1.61,Drive
47,6847546996,0.8316,0.0256,0.6002,-3.71,-0.70,0.56,Drive
47,6847586989,0.8147,0.0483,0.5761,3.22,-3.36,0.42,Drive
47,6847626989,0.7957,-0.0022,0.5600,4.48,-4.06,1.26,Drive
47,6847666994,0.7708,0.0483,0.5475,4.83,-3.85,2.80,Drive
47,6847706991,0.7525,0.0051,0.5658,8.61,-1.75,4.90,Drive
47,6847746990,0.8133,0.0278,0.5937,-1.40,-0.14,2.24,Drive
47,6847786993,0.8147,0.0615,0.5600,4.34,-1.47,0.42,Drive
47,6847826989,0.8059,0.0637,0.5644,2.24,-3.43,-0.28,Drive
47,6847866991,0.7862,0.0739,0.5519,5.74,-3.08,0.63,Drive
47,6847906991,0.7767,0.0381,0.5680,2.73,-1.47,1.05,Drive
47,6847947015,0.7664,0.0637,0.5505,2.03,0.00,2.59,Drive
47,6847986998,0.7935,0.0366,0.5768,4.27,1.54,3.57,Drive
47,6848026991,0.7649,0.0461,0.5907,2.31,2.59,3.15,Drive
47,6848066992,0.7832,0.0329,0.6149,3.08,4.48,2.59,Drive
48,6852923406,-0.0212,0.0373,1.1009,19.81,-4.69,10.15,Drive
48,6852955030,-0.0842,-0.0578,1.1705,29.33,-9.17,12.18,Drive
48,6852995019,-0.1193,-0.0739,1.1924,28.07,-19.39,14.14,Drive
48,6853035016,-0.1442,-0.0366,1.2825,39.55,-32.90,14.28,Drive
48,6853075018,-0.1830,-0.1186,1.4406,43.82,-48.79,9.73,Drive
48,6853115019,-0.1479,-0.1120,1.6389,33.53,-79.10,3.71,Drive
48,6853155020,-0.1501,-0.1281,1.8681,24.29,-129.43,-1.05,Drive
48,6853195020,-0.1596,-0.0198,1.8102,-28.07,-184.24,-7.56,Drive
48,6853235017,-0.2262,0.1186,1.5248,-7.63,-224.70,-1.47,Drive
48,6853275014,-0.1823,0.0944,1.2839,-14.49,-244.30,4.20,Drive
48,6853315016,-0.0359,0.1244,0.9113,-30.66,-242.97,9.59,Drive
48,6853355015,0.0922,0.1896,0.5951,-25.90,-222.88,9.94,Drive
48,6853395013,0.2020,0.1288,0.3938,-15.19,-177.59,0.84,Drive
48,6853435018,0.7584,0.0373,0.1303,-77.77,-123.06,-20.02,Drive
48,6853475016,0.9216,0.4333,0.1186,-37.66,-60.83,-37.45,Drive
48,6853515014,0.6778,-0.0937,0.1918,43.26,14.00,-54.53,Drive
48,6853555016,0.4363,0.0029,0.2328,49.56,95.20,-59.43,Drive
48,6853595014,0.2050,-0.1435,0.3770,82.39,184.59,-49.42,Drive
48,6853635014,0.0644,-0.2584,0.6690,44.24,288.82,-27.16,Drive
48,6853675015,0.5710,0.0571,0.7540,111.93,372.40,12.46,Drive
48,6853715013,1.0812,-0.5739,1.6536,75.88,406.21,42.63,Drive
48,6853755033,1.1134,-0.3579,2.6110,40.11,396.62,50.47,Drive
48,6853795017,0.6749,-0.3001,3.3013,61.46,339.29,54.74,Drive
48,6853835015,-0.1588,-0.5248,3.2969,40.18,250.32,49.84,Drive
48,6853875030,-0.6010,-0.1830,2.4119,-21.91,160.79,34.37,Drive
48,6853915019,-0.7788,-0.0037,1.7963,12.18,87.57,40.39,Drive
48,6853955027,-0.6317,-0.1559,1.4552,11.55,39.97,42.91,Drive
48,6853995017,-0.2723,-0.0827,1.1156,-4.76,13.51,35.77,Drive
48,6854035018,0.0183,-0.1208,0.9882,5.46,-4.48,27.02,Drive
48,6854075014,0.2701,-0.0124,0.8682,9.87,-10.01,7.14,Drive
48,6854115017,0.4355,-0.0403,0.8198,16.31,-5.95,-10.50,Drive
48,6854155014,0.5351,-0.0220,0.8594,20.16,2.52,-24.71,Drive
48,6854195015,0.6112,0.0344,0.8381,-2.52,8.89,-37.45,Drive
48,6854235033,0.6354,-0.0337,0.8176,4.06,12.74,-37.66,Drive
48,6854275016,0.6303,-0.0073,0.7913,4.20,13.58,-33.04,Drive
48,6854315015,0.6493,-0.0329,0.7957,8.75,12.95,-23.59,Drive
48,6854355018,0.6544,-0.0710,0.8074,-1.75,10.29,-14.28,Drive
48,6854395014,0.6434,-0.0307,0.7825,1.68,7.42,-4.76,Drive
48,6854435014,0.6544,-0.1039,0.7649,7.28,4.41,1.54,Drive
48,6854475014,0.6361,-0.0886,0.7569,1.33,1.82,5.18,Drive
48,6854515015,0.6456,-0.0725,0.7210,-0.77,3.92,7.56,Drive
48,6854555014,0.6149,-0.1215,0.7327,-1.68,4.20,8.96,Drive
48,6854595019,0.6229,-0.0556,0.7386,3.50,4.34,9.59,Drive
48,6854635013,0.6390,-0.1025,0.7796,0.70,5.04,6.86,Drive
48,6854675013,0.6442,-0.0754,0.7488,-7.00,5.18,3.50,Drive
48,6854715017,0.6486,-0.0908,0.7291,-5.18,5.04,3.36,Drive
48,6854755014,0.6427,-0.0966,0.7020,-3.50,5.46,4.27,Drive
48,6854795013,0.6588,-0.0630,0.7056,0.28,6.02,5.53,Drive
48,6854835017,0.6669,-0.0981,0.7342,2.31,6.58,5.04,Drive
48,6854875015,0.6456,-0.0498,0.7313,-5.11,6.09,2.52,Drive
49,6980915416,-0.0410,-0.0249,1.3344,16.52,-70.56,-2.10,Drive
49,6980948212,-0.0878,-0.0395,1.3505,19.39,-87.08,-2.73,Drive
49,6980988146,-0.1193,-0.0842,1.2576,14.49,-104.86,-4.76,Drive
49,6981028132,-0.2262,0.0088,1.1610,21.63,-111.86,-3.78,Drive
49,6981068146,-0.3448,-0.1515,1.1646,37.38,-105.35,-1.40,Drive
49,6981108134,-0.3096,-0.0622,1.4201,-2.52,-102.06,-5.74,Drive
49,6981148129,-0.0908,-0.0769,1.5877,-41.44,-121.94,-12.39,Drive
49,6981188130,0.0088,0.0856,1.5723,-38.29,-170.03,-7.91,Drive
49,6981228130,0.0747,0.0915,1.2883,-37.10,-213.01,-2.45,Drive
49,6981268130,0.0695,0.1881,0.8133,-36.68,-227.92,5.04,Drive
49,6981308129,0.0688,0.1925,0.4202,-13.37,-210.77,11.20,Drive
49,6981348130,0.0139,0.1098,0.2364,-1.12,-168.35,6.02,Drive
49,6981388128,0.0754,-0.1296,0.1259,-33.95,-108.50,-10.36,Drive
49,6981428128,0.1230,0.1010,0.0337,-82.60,-49.14,-24.64,Drive
49,6981468129,0.1947,0.0534,0.1808,-38.43,17.71,-40.25,Drive
49,6981508130,0.4187,0.0578,0.1596,-69.09,93.17,-69.86,Drive
49,6981548131,0.5183,-0.0081,0.1735,-12.46,154.98,-79.87,Drive
49,6981588148,0.5819,-0.0930,0.3609,47.81,225.75,-70.07,Drive
49,6981628132,0.5893,-0.1113,0.4970,85.75,312.06,-49.56,Drive
49,6981668130,0.7942,0.1874,0.6939,147.07,400.47,-17.29,Drive
49,6981708128,1.7971,-0.2152,1.2598,309.26,478.73,47.81,Drive
49,6981748146,2.6725,-0.8389,2.7970,-31.22,478.17,57.40,Drive
49,6981788149,2.6579,0.0124,3.3291,-26.18,455.35,22.19,Drive
49,6981828132,2.1030,-0.4004,3.3672,-17.15,385.63,19.74,Drive
49,6981868129,1.4596,-0.1120,3.3130,10.85,289.73,18.69,Drive
49,6981908131,0.9435,0.0725,2.7596,-6.37,193.27,9.87,Drive
49,6981948180,0.3411,0.1047,2.1294,61.67,111.58,11.20,Drive
49,6981988134,0.1061,-0.1479,1.5255,56.14,54.25,10.22,Drive
49,6982028130,0.0813,-0.0344,0.9560,26.18,18.97,5.11,Drive
49,6982068146,0.1479,-0.0271,0.6551,19.18,-7.42,-0.35,Drive
49,6982108134,0.3631,-0.0220,0.4736,-0.14,-23.87,-10.36,Drive
49,6982148131,0.6178,0.0256,0.3162,-10.15,-29.96,-21.77,Drive
49,6982188131,0.6317,0.1310,0.0959,8.96,-30.31,-18.55,Drive
49,6982228131,0.6237,0.1537,0.0351,19.11,-27.44,-6.51,Drive
49,6982268128,0.7503,0.0688,0.0974,20.86,-20.16,3.22,Drive
49,6982308127,0.8733,0.1288,0.2430,7.35,-9.45,6.93,Drive
49,6982348170,0.9984,0.0673,0.3009,-3.50,-2.03,4.69,Drive
49,6982388133,1.0160,0.1383,0.2423,-5.04,-4.41,3.01,Drive
49,6982428146,0.9875,0.0754,0.2555,3.08,-10.64,6.79,Drive
49,6982468131,0.9758,0.0278,0.2708,2.31,-13.86,9.45,Drive
49,6982508130,0.9428,0.0571,0.2796,1.68,-12.39,10.43,Drive
49,6982548130,0.9201,0.0227,0.2818,0.00,-7.84,7.70,Drive
49,6982588155,0.9443,0.0959,0.2379,-5.04,-4.69,5.46,Drive
49,6982628132,0.9421,0.0161,0.2467,4.06,-3.43,6.72,Drive
49,6982668129,0.9377,0.0242,0.2291,-1.12,-4.27,7.00,Drive
49,6982708132,0.9267,0.0534,0.2540,2.59,-4.97,5.88,Drive
49,6982748128,0.9201,0.0110,0.2621,0.14,-3.92,2.59,Drive
49,6982788128,0.8974,0.0161,0.2818,3.85,-2.87,-0.35,Drive
49,6982828131,0.8974,0.0271,0.2789,2.31,-2.31,-2.31,Drive
49,6982868128,0.9026,0.0468,0.3052,0.56,-2.87,-4.69,Drive
50,6987779416,0.0227,0.0959,1.1185,17.36,-24.57,3.36,Drive
50,6987813726,0.0037,0.1010,1.1046,14.98,-33.60,6.86,Drive
50,6987853724,-0.0264,0.0776,1.1017,21.07,-43.19,9.66,Drive
50,6987893720,-0.0542,0.0439,1.0804,14.84,-49.91,9.03,Drive
50,6987933719,-0.0966,0.0307,1.0570,10.08,-54.53,9.87,Drive
50,6987973764,-0.1025,0.0454,1.0175,9.87,-56.21,12.53,Drive
50,6988013723,-0.1654,0.0124,1.0446,36.47,-56.00,20.51,Drive
50,6988053732,-0.2672,0.0066,1.1653,37.31,-59.36,24.64,Drive
50,6988093730,-0.2350,-0.0249,1.3125,34.72,-68.74,20.16,Drive
50,6988133736,-0.2181,-0.1171,1.4699,17.50,-89.53,9.59,Drive
50,6988173728,-0.1976,0.0483,1.5775,8.19,-122.71,0.28,Drive
50,6988213724,-0.1222,0.0483,1.5065,-15.96,-162.61,-6.23,Drive
50,6988253720,-0.0651,0.1808,1.3235,-24.71,-199.01,-3.57,Drive
50,6988293720,0.0037,0.1823,1.0541,-20.79,-218.12,5.39,Drive
50,6988333721,0.2664,0.1779,0.8081,-4.06,-217.70,14.63,Drive
50,6988373720,0.0600,-0.0534,0.5161,25.13,-203.28,22.75,Drive
50,6988413724,0.1208,-0.0410,0.3257,9.66,-176.26,25.76,Drive
50,6988453719,0.1413,-0.1427,0.2123,-16.73,-129.43,22.12,Drive
50,6988493718,0.2225,0.1237,0.0703,-59.36,-68.32,9.94,Drive
50,6988533722,0.1442,0.0549,0.2547,-60.41,13.44,-10.78,Drive
50,6988573735,-0.0388,-0.1113,0.3228,-103.60,114.59,-50.75,Drive
50,6988613722,-0.0490,-0.0593,0.3521,-108.71,228.41,-84.14,Drive
50,6988653722,0.1545,-0.0315,0.3887,-31.22,356.51,-96.67,Drive
50,6988693721,0.1113,-0.2379,1.5467,29.82,412.58,-85.96,Drive
50,6988733723,-0.0088,0.0512,2.1521,22.05,402.01,-80.50,Drive
50,6988773726,-0.5461,0.2833,2.1074,55.65,336.91,-63.98,Drive
50,6988813719,-0.8184,-0.2050,1.9566,32.34,289.45,-57.82,Drive
50,6988853722,-0.6837,0.4546,1.4991,86.87,244.72,-28.70,Drive
50,6988893722,-0.0622,0.0659,1.6938,21.56,192.99,-12.53,Drive
50,6988933719,0.1310,0.3038,1.6770,33.39,142.94,-12.53,Drive
50,6988973755,0.2913,0.0139,1.6551,9.80,100.94,-18.41,Drive
50,6989013780,0.2657,0.1618,1.3300,12.39,64.68,-18.62,Drive
50,6989053736,0.4487,0.0307,1.1814,8.12,39.69,-15.89,Drive
50,6989093739,0.5036,0.1713,1.0146,19.81,21.70,-14.21,Drive
50,6989133733,0.6105,0.0000,0.9318,9.94,14.77,-12.88,Drive
50,6989173721,0.6017,0.1369,0.8184,-0.14,10.36,-12.18,Drive
50,6989213719,0.6705,-0.0439,0.8045,0.00,11.62,-3.08,Drive
50,6989253721,0.7320,0.0827,0.7906,3.85,7.98,5.32,Drive
50,6989293720,0.7664,-0.0264,0.8213,9.03,5.04,14.42,Drive
50,6989333719,0.7715,0.0439,0.7357,17.99,0.70,18.69,Drive
50,6989373725,0.7115,-0.0234,0.7144,11.13,-0.56,18.83,Drive
50,6989413719,0.6873,0.0285,0.6442,9.45,1.82,16.17,Drive
50,6989453719,0.6500,0.0037,0.6361,-0.91,4.76,12.67,Drive
50,6989493723,0.6639,-0.0432,0.6544,8.12,11.27,12.95,Drive
50,6989533719,0.7218,-0.0190,0.6961,6.02,13.30,10.99,Drive
50,6989573735,0.7379,-0.0717,0.6647,5.67,8.89,8.75,Drive
50,6989613728,0.7254,0.0037,0.6559,4.69,1.96,5.60,Drive
50,6989653721,0.6822,-0.0300,0.6163,10.08,-0.35,4.41,Drive
50,6989693721,0.6961,-0.0447,0.5893,7.14,1.12,2.38,Drive
50,6989733721,0.6903,-0.0761,0.6163,13.02,4.83,1.61,Drive