Recording ID,Timestamp,Acceleration X,Acceleration Y,Acceleration Z,Gyroscope X,Gyroscope Y,Gyroscope Z,Shot Type
1,11123907424,-0.1654,-0.0315,0.9831,5.46,-6.79,9.24,Pull
1,11123939943,-0.1837,-0.0549,0.9670,1.61,-7.63,9.31,Pull
1,11123979989,-0.2013,-0.0293,0.9465,1.54,-6.23,10.22,Pull
1,11124019932,-0.2152,-0.0630,0.9399,1.54,-3.85,11.48,Pull
1,11124059930,-0.2233,-0.0395,0.9538,3.85,-1.26,11.55,Pull
1,11124099938,-0.2430,-0.0461,1.0175,4.69,-0.84,10.36,Pull
1,11124139927,-0.3082,-0.0725,1.1602,0.84,-1.40,7.91,Pull
1,11124179931,-0.4304,-0.1098,1.3798,-7.07,-10.22,3.29,Pull
1,11124219934,-0.5951,-0.0564,1.5467,-46.06,-42.35,-3.57,Pull
1,11124259928,-0.8367,-0.0703,1.7326,-32.48,-90.72,-4.20,Pull
1,11124299950,-0.9121,0.0615,1.6792,-78.54,-141.75,-11.34,Pull
1,11124339931,-0.9348,0.0124,1.5540,-86.03,-176.89,-15.26,Pull
1,11124379928,-0.8162,-0.0088,1.4647,-85.89,-198.24,-25.13,Pull
1,11124419949,-0.4333,-0.0622,1.2034,-121.31,-212.38,-48.44,Pull
1,11124459934,-0.0651,0.0227,0.8660,-159.32,-224.63,-71.12,Pull
1,11124499932,0.1566,0.2928,0.5248,-192.64,-224.77,-92.26,Pull
1,11124539928,0.2650,0.4963,0.2137,-181.37,-208.18,-111.58,Pull
1,11124579926,0.3682,0.6515,-0.0659,-154.07,-177.31,-130.97,Pull
1,11124619935,0.3470,0.5183,-0.2877,-103.32,-123.20,-153.02,Pull
1,11124659934,0.3243,0.6420,-0.4978,-125.30,-55.65,-172.62,Pull
1,11124699928,0.5395,0.7444,-0.6961,-108.78,21.49,-186.55,Pull
1,11124739931,0.8462,0.8733,-0.7627,-89.81,96.60,-206.01,Pull
1,11124779928,1.1302,0.9743,-0.7474,-73.08,175.77,-241.01,Pull
1,11124819928,1.6968,1.2978,-0.7730,-58.80,269.01,-284.34,Pull
1,11124859928,2.8394,1.4699,-0.7459,-57.26,363.30,-333.90,Pull
1,11124899926,4.0882,1.6704,-0.5688,-16.87,474.04,-368.90,Pull
1,11124939926,5.1064,1.2934,-0.3257,109.06,647.36,-308.07,Pull
1,11124979964,6.1986,0.9004,0.2408,194.95,833.42,-115.85,Pull
1,11125019931,7.7248,1.5108,1.6638,248.15,897.96,98.28,Pull
1,11125059933,7.3969,0.6917,3.4441,348.95,743.61,282.24,Pull
1,11125099928,3.9155,-0.3199,3.9374,137.83,439.81,241.50,Pull
1,11125139926,1.6331,-0.3887,3.5648,-61.25,236.88,96.04,Pull
1,11125179928,0.6756,-0.1296,2.9814,-81.62,149.73,7.70,Pull
1,11125219937,-0.1676,0.3711,2.2568,-61.60,140.63,3.29,Pull
1,11125259928,-0.4846,0.6112,1.8095,-6.09,135.45,36.68,Pull
1,11125299929,-0.3821,0.6464,1.6111,50.96,117.53,76.72,Pull
1,11125339926,-0.3353,0.7122,1.5387,49.77,72.87,93.73,Pull
1,11125379928,-0.3492,0.5644,1.3908,55.30,32.55,95.06,Pull
1,11125419930,-0.4970,0.4304,1.2246,53.34,3.50,87.64,Pull
1,11125459926,-0.4699,0.4114,1.0402,31.22,-11.20,68.60,Pull
1,11125499931,-0.4399,0.4978,0.8462,24.01,-16.52,55.65,Pull
1,11125539926,-0.5534,0.5849,0.7591,2.66,-17.78,44.80,Pull
1,11125579927,-0.5248,0.5622,0.6398,-0.21,-13.30,37.45,Pull
1,11125619929,-0.4743,0.4721,0.6237,-10.92,-9.24,31.22,Pull
1,11125659925,-0.5117,0.4363,0.5680,-3.36,-4.20,24.50,Pull
1,11125699926,-0.4926,0.4707,0.5388,-14.21,-4.41,15.61,Pull
1,11125739932,-0.4502,0.5366,0.5314,-9.38,-3.85,10.78,Pull
1,11125779926,-0.4575,0.5988,0.5446,-14.21,-1.19,8.05,Pull
1,11125819927,-0.4473,0.5944,0.5702,-16.03,3.29,7.98,Pull
1,11125859928,-0.4216,0.5871,0.5453,-3.78,3.29,9.17,Pull
2,11132207402,-0.1347,0.0381,0.9948,-0.98,-0.77,8.75,Pull
2,11132239523,-0.1596,0.0110,1.0116,1.68,-0.84,8.89,Pull
2,11132279519,-0.2291,0.0637,1.0475,-5.25,-2.17,8.40,Pull
2,11132319514,-0.3162,-0.0029,1.1361,-2.24,-5.88,9.45,Pull
2,11132359516,-0.4399,0.0520,1.2678,-14.70,-17.92,9.87,Pull
2,11132399518,-0.6273,0.0739,1.3798,-20.65,-43.61,14.98,Pull
2,11132439513,-0.7408,-0.0029,1.5555,-39.48,-80.15,21.14,Pull
2,11132479515,-0.7693,0.1845,1.5562,-36.40,-121.80,29.40,Pull
2,11132519540,-0.8008,-0.1581,1.5372,-52.92,-159.32,27.09,Pull
2,11132559517,-0.8996,0.1925,1.4596,-95.97,-184.17,20.09,Pull
2,11132599514,-0.8279,-0.0176,1.3549,-83.30,-193.20,5.32,Pull
2,11132639519,-0.4904,-0.0051,1.0782,-161.91,-199.57,-25.20,Pull
2,11132679512,-0.1347,0.1918,0.6837,-196.49,-207.48,-49.00,Pull
2,11132719513,0.0315,0.5109,0.3250,-220.57,-212.17,-72.24,Pull
2,11132759517,0.0930,0.5732,0.1449,-190.33,-199.64,-91.14,Pull
2,11132799514,0.2445,0.6390,-0.0132,-179.34,-179.97,-120.82,Pull
2,11132839512,0.3462,0.7422,-0.2101,-155.61,-149.80,-160.72,Pull
2,11132879514,0.3697,0.5256,-0.3272,-107.73,-109.48,-203.84,Pull
2,11132919512,0.7064,0.4912,-0.4934,-118.02,-54.81,-248.15,Pull
2,11132959553,1.0856,0.6456,-0.7159,-86.10,4.97,-284.48,Pull
2,11132999543,1.3637,0.5819,-0.8630,-31.57,89.25,-310.73,Pull
2,11133039517,1.8783,0.5680,-0.9384,12.88,197.40,-332.92,Pull
2,11133079513,2.7926,0.7357,-0.9055,83.51,331.94,-343.42,Pull
2,11133119518,3.9264,0.6603,-0.7305,132.65,492.80,-330.89,Pull
2,11133159513,4.4323,0.6434,-0.7832,162.12,654.36,-274.75,Pull
2,11133199514,4.7953,0.7152,-0.2782,176.47,758.38,-173.81,Pull
2,11133239513,5.4263,1.4252,1.1017,299.04,819.98,-8.68,Pull
2,11133279515,6.1371,1.5087,1.8629,416.01,696.36,223.51,Pull
2,11133319513,3.4953,0.0600,2.5269,349.93,421.12,336.70,Pull
2,11133359514,1.5840,-0.3250,2.4244,96.39,224.84,270.76,Pull
2,11133399512,0.2738,-0.3616,2.1177,-4.55,138.11,166.81,Pull
2,11133439515,0.0015,-0.2635,1.9771,-28.56,101.01,104.02,Pull
2,11133479513,-0.1471,-0.0461,1.7766,-11.62,89.74,73.43,Pull
2,11133519513,-0.1376,-0.2686,1.5928,1.12,70.21,63.98,Pull
2,11133559513,-0.1720,0.0659,1.4142,-2.03,40.74,56.21,Pull
2,11133599512,-0.3579,-0.0307,1.2620,-6.23,18.06,42.42,Pull
2,11133639512,-0.4743,0.1676,1.0973,-11.97,2.66,26.11,Pull
2,11133679516,-0.5541,0.2240,1.0021,-18.83,-3.29,10.08,Pull
2,11133719513,-0.5285,0.3009,0.9245,-14.49,-5.74,-0.56,Pull
2,11133759526,-0.4824,0.4297,0.8279,-19.11,-8.68,-5.46,Pull
2,11133799516,-0.4092,0.4099,0.8162,-19.60,-14.00,-5.81,Pull
2,11133839513,-0.4370,0.5373,0.7788,-20.30,-13.93,-3.29,Pull
2,11133879513,-0.4385,0.4948,0.7305,4.55,-9.80,1.40,Pull
2,11133919514,-0.4487,0.4890,0.7020,4.69,-6.51,2.03,Pull
2,11133959560,-0.4714,0.5497,0.6727,8.26,-3.29,1.89,Pull
2,11133999534,-0.4253,0.4443,0.7013,10.92,-0.56,0.00,Pull
2,11134039526,-0.4202,0.5087,0.7071,7.77,-1.75,-1.54,Pull
2,11134079515,-0.4077,0.4846,0.6954,-1.05,-2.80,-3.01,Pull
2,11134119512,-0.4150,0.5234,0.6859,3.43,-3.99,-5.18,Pull
2,11134159517,-0.4458,0.5893,0.6830,5.81,-3.29,-7.84,Pull
3,11139223409,-0.3162,-0.0922,1.2773,5.74,-44.94,4.90,Pull
3,11139257782,-0.4231,-0.0695,1.2971,15.40,-60.48,6.23,Pull
3,11139297782,-0.4421,-0.1362,1.2481,-1.33,-76.30,-0.77,Pull
3,11139337778,-0.4904,-0.1244,1.2642,-16.24,-87.50,-8.89,Pull
3,11139377778,-0.6046,-0.1193,1.3710,-35.70,-96.74,-14.21,Pull
3,11139417782,-0.5988,-0.1010,1.5050,-48.65,-108.57,-18.27,Pull
3,11139457796,-0.4509,-0.1340,1.4574,-95.97,-141.68,-29.40,Pull
3,11139497784,-0.4714,0.0322,1.2166,-128.73,-185.15,-33.74,Pull
3,11139537776,-0.5549,0.1164,0.9238,-151.48,-219.87,-30.66,Pull
3,11139577776,-0.5980,0.2262,0.5746,-132.51,-228.06,-30.52,Pull
3,11139617781,-0.3843,0.1881,0.1596,-154.28,-219.31,-52.43,Pull
3,11139657800,-0.1383,0.3038,-0.0622,-145.39,-207.83,-82.32,Pull
3,11139697778,0.1552,0.3894,-0.1771,-163.17,-188.23,-120.89,Pull
3,11139737776,0.2335,0.5549,-0.3272,-155.61,-151.20,-168.07,Pull
3,11139777782,0.1852,0.5278,-0.3528,-148.68,-85.54,-218.75,Pull
3,11139817783,0.7159,0.7305,-0.5366,-144.62,0.42,-283.50,Pull
3,11139857778,1.4713,0.8725,-0.7730,-140.91,68.11,-339.85,Pull
3,11139897776,2.0240,1.1822,-0.8198,-75.53,148.89,-372.75,Pull
3,11139937783,2.8219,1.3425,-0.8638,-14.28,276.50,-386.61,Pull
3,11139977814,4.0458,1.5438,-0.7130,68.67,445.34,-373.66,Pull
3,11140017784,4.5911,1.3359,-0.5915,66.71,653.17,-355.95,Pull
3,11140057778,6.5631,1.0738,-0.7020,76.93,809.06,-290.43,Pull
3,11140097780,7.0514,1.0314,0.4304,285.04,872.55,-89.60,Pull
3,11140137820,7.4708,1.0848,2.4815,335.86,805.14,115.85,Pull
3,11140177792,5.2675,0.1186,3.2325,352.66,568.54,242.55,Pull
3,11140217782,2.5686,-0.6405,3.4382,188.44,299.88,224.07,Pull
3,11140257777,0.8960,-0.3806,2.8870,-76.02,165.55,117.88,Pull
3,11140297780,0.0703,-0.0432,2.4258,-48.44,117.74,74.27,Pull
3,11140337781,-0.2020,0.0776,2.0093,-66.22,106.54,54.88,Pull
3,11140377778,-0.4560,0.3719,1.7378,-26.60,88.20,60.34,Pull
3,11140417780,-0.5080,0.1596,1.5958,-33.46,75.25,45.29,Pull
3,11140457779,-0.4246,0.4443,1.3915,-3.71,50.05,30.52,Pull
3,11140497780,-0.4136,0.1954,1.2934,10.92,24.29,24.99,Pull
3,11140537782,-0.4363,0.5424,1.0460,-1.68,4.69,21.14,Pull
3,11140577783,-0.4494,0.4751,0.8982,3.92,-8.68,15.68,Pull
3,11140617775,-0.4846,0.6742,0.7532,-22.47,-8.82,5.81,Pull
3,11140657781,-0.3667,0.5768,0.6720,-13.16,-6.09,-0.77,Pull
3,11140697779,-0.3440,0.7620,0.6251,-26.04,-7.49,-2.17,Pull
3,11140737775,-0.3389,0.7166,0.5563,-4.83,-7.21,-1.75,Pull
3,11140777778,-0.3594,0.6939,0.5380,-8.47,-7.07,-2.94,Pull
3,11140817780,-0.3345,0.7013,0.5300,2.94,-6.79,-3.01,Pull
3,11140857779,-0.3133,0.7327,0.5197,-5.95,-6.93,-4.34,Pull
3,11140897777,-0.3184,0.7591,0.4831,4.20,-6.44,-2.45,Pull
3,11140937777,-0.3301,0.7540,0.5058,1.47,-2.80,-2.03,Pull
3,11140977815,-0.3528,0.7679,0.5117,1.96,1.05,-2.24,Pull
3,11141017812,-0.3470,0.7335,0.5205,3.36,1.40,-2.10,Pull
3,11141057790,-0.3426,0.7532,0.5212,0.77,-1.26,-2.66,Pull
3,11141097782,-0.3096,0.7408,0.5080,-2.10,-2.03,-3.43,Pull
3,11141137781,-0.3213,0.7393,0.4970,-0.56,-1.75,-4.27,Pull
3,11141177776,-0.3243,0.7496,0.5175,-4.13,-1.40,-3.29,Pull
4,11145747412,-0.1969,0.0571,0.9714,2.45,-4.55,13.09,Pull
4,11145780398,-0.1793,0.0871,0.9765,5.18,-3.29,10.71,Pull
4,11145820386,-0.1515,0.0139,0.9765,3.64,-1.75,4.27,Pull
4,11145860383,-0.1537,0.0725,0.9553,-9.73,0.63,-3.64,Pull
4,11145900383,-0.1435,0.1164,0.9362,-4.41,4.27,-6.72,Pull
4,11145940382,-0.1559,0.0564,0.9648,-6.58,6.44,-8.40,Pull
4,11145980434,-0.2020,0.1771,1.0116,-0.84,7.56,-7.00,Pull
4,11146020387,-0.2789,0.1383,1.1119,5.53,3.22,-4.27,Pull
4,11146060384,-0.4568,0.0981,1.3066,29.68,-12.39,0.63,Pull
4,11146100385,-0.7232,0.0351,1.5804,18.27,-49.56,6.79,Pull
4,11146140384,-0.9018,0.0307,1.7275,-23.59,-95.06,11.34,Pull
4,11146180382,-1.0153,0.0878,1.7261,-39.48,-136.92,18.97,Pull
4,11146220383,-0.8945,0.1442,1.7231,-60.20,-165.90,17.29,Pull
4,11146260385,-0.6295,0.0476,1.4633,-96.74,-182.98,1.33,Pull
4,11146300384,-0.1259,0.3601,0.9984,-135.59,-191.59,-25.76,Pull
4,11146340402,0.0842,0.4333,0.6383,-164.85,-187.74,-65.87,Pull
4,11146380386,0.1845,0.5658,0.4429,-178.08,-166.39,-107.03,Pull
4,11146420382,0.3411,0.5856,0.1669,-187.74,-137.20,-147.70,Pull
4,11146460381,0.5109,0.6559,-0.0996,-194.46,-108.08,-186.34,Pull
4,11146500386,0.6734,0.7957,-0.2796,-172.83,-76.16,-216.44,Pull
4,11146540381,0.7379,0.8455,-0.3213,-134.33,-23.38,-242.13,Pull
4,11146580382,1.0555,0.8725,-0.4524,-130.41,55.65,-266.35,Pull
4,11146620386,1.5335,0.9831,-0.7078,-71.96,161.63,-267.26,Pull
4,11146660381,2.1045,0.9509,-0.7401,-23.59,295.61,-254.38,Pull
4,11146700383,3.1652,1.0629,-0.6881,1.61,436.52,-250.18,Pull
4,11146740386,4.1307,0.9941,-0.5219,46.97,604.10,-235.13,Pull
4,11146780381,5.1730,0.7481,-0.1925,131.32,774.62,-168.49,Pull
4,11146820387,6.4248,0.6427,0.8242,241.64,900.97,-3.78,Pull
4,11146860387,7.6670,0.8652,2.6176,308.98,846.51,222.18,Pull
4,11146900382,4.7426,-0.1859,3.3372,326.20,559.58,304.15,Pull
4,11146940382,1.8095,-0.4597,3.1330,99.61,279.16,236.46,Pull
4,11146980425,0.5161,-0.4502,2.9302,27.51,124.53,147.98,Pull
4,11147020443,-0.1574,0.0659,2.3395,-62.93,77.56,91.56,Pull
4,11147060420,-0.4077,0.0161,1.9669,-21.21,64.12,62.72,Pull
4,11147100388,-0.4882,0.3243,1.5343,-49.00,50.96,38.57,Pull
4,11147140386,-0.4560,0.2364,1.2803,-6.72,34.02,28.77,Pull
4,11147180387,-0.4421,0.4846,1.0658,-24.15,18.62,16.45,Pull
4,11147220385,-0.4033,0.4348,0.9252,-3.08,7.21,8.40,Pull
4,11147260383,-0.4348,0.5065,0.8111,8.05,0.63,0.21,Pull
4,11147300384,-0.4377,0.5029,0.7100,4.06,-1.54,-3.92,Pull
4,11147340382,-0.4385,0.6061,0.6756,9.66,-1.54,-6.65,Pull
4,11147380381,-0.3726,0.6046,0.6354,0.91,-2.59,-9.24,Pull
4,11147420392,-0.3550,0.7115,0.6200,-7.00,-3.22,-10.43,Pull
4,11147460382,-0.3741,0.7254,0.5695,-5.74,-2.38,-8.33,Pull
4,11147500384,-0.3975,0.7100,0.5973,1.89,-1.26,-4.27,Pull
4,11147540386,-0.4231,0.7298,0.5710,7.07,1.82,-1.82,Pull
4,11147580383,-0.4136,0.6764,0.6332,12.60,1.54,-0.98,Pull
4,11147620381,-0.4216,0.6800,0.6310,12.67,-1.19,0.49,Pull
4,11147660405,-0.3192,0.6529,0.6573,12.95,-5.53,-0.14,Pull
4,11147700385,-0.3206,0.6800,0.6244,13.93,-9.17,-1.96,Pull
5,11263459407,-0.1017,-0.0161,1.0380,2.80,-6.02,8.05,Pull
5,11263490585,-0.1164,-0.0556,1.0782,4.83,-6.65,8.61,Pull
5,11263530581,-0.1332,-0.0234,1.1807,4.62,-13.44,6.65,Pull
5,11263570575,-0.1903,-0.0695,1.2649,8.33,-26.11,3.15,Pull
5,11263610574,-0.2635,-0.1186,1.3315,-2.03,-42.84,-2.94,Pull
5,11263650575,-0.3697,-0.1325,1.3564,-11.34,-67.83,-7.00,Pull
5,11263690601,-0.5475,-0.2423,1.4691,-19.60,-99.54,-5.88,Pull
5,11263730577,-0.6171,-0.0512,1.4523,-40.53,-136.08,-4.20,Pull
5,11263770594,-0.7657,-0.1325,1.4179,-48.30,-164.92,-6.72,Pull
5,11263810575,-0.8974,-0.1369,1.2268,-79.66,-185.99,-16.38,Pull
5,11263850613,-0.9897,0.0242,1.0599,-88.20,-197.05,-25.34,Pull
5,11263890581,-0.7840,0.0761,0.8901,-136.71,-209.09,-52.36,Pull
5,11263930575,-0.5051,0.0900,0.6456,-130.34,-225.82,-73.92,Pull
5,11263970610,-0.2869,0.1728,0.3806,-159.60,-231.70,-96.67,Pull
5,11264010594,-0.1347,0.4707,0.0717,-183.12,-228.13,-110.81,Pull
5,11264050579,0.0029,0.4956,-0.1354,-155.47,-205.66,-113.89,Pull
5,11264090583,0.0805,0.4846,-0.2035,-131.04,-163.94,-130.62,Pull
5,11264130573,0.1457,0.5058,-0.3177,-93.38,-113.40,-158.34,Pull
5,11264170573,0.3184,0.3418,-0.3762,-92.82,-63.28,-198.03,Pull
5,11264210581,0.4860,0.5732,-0.4524,-82.11,-10.01,-241.85,Pull
5,11264250573,0.8125,0.4970,-0.5651,-48.86,50.54,-280.63,Pull
5,11264290590,1.1690,0.7144,-0.6156,-12.46,114.73,-307.30,Pull
5,11264330578,1.7422,0.7466,-0.5666,48.44,197.82,-322.91,Pull
5,11264370574,2.7150,0.7664,-0.5131,57.75,290.36,-338.80,Pull
5,11264410573,4.2119,1.0292,-0.5373,89.04,392.49,-353.78,Pull
5,11264450575,5.3502,1.2393,-0.2489,173.81,545.16,-338.94,Pull
5,11264490577,5.7777,0.6632,-0.0966,238.00,741.65,-244.09,Pull
5,11264530574,7.4210,0.7481,0.2313,239.05,905.80,-130.34,Pull
5,11264570576,7.9341,1.0094,2.4742,362.81,893.20,79.87,Pull
5,11264610573,6.2322,-0.1281,3.9169,335.16,696.22,253.19,Pull
5,11264650574,2.9426,-0.6412,3.5385,192.78,360.43,225.33,Pull
5,11264690573,1.0504,-0.7840,3.1761,22.96,126.70,110.74,Pull
5,11264730573,-0.1559,-0.1742,2.3878,-68.74,65.17,40.39,Pull
5,11264770575,-0.7188,0.0271,1.8205,-59.85,71.75,10.36,Pull
5,11264810573,-0.7108,0.5754,1.4150,-17.71,83.44,1.68,Pull
5,11264850576,-0.4948,0.5344,1.2920,-29.82,70.35,2.10,Pull
5,11264890576,-0.3287,0.8455,1.0921,-2.87,50.61,10.01,Pull
5,11264930573,-0.3338,0.7342,0.9816,6.58,34.16,16.94,Pull
5,11264970608,-0.4502,0.7825,0.8294,18.41,18.76,22.54,Pull
5,11265010592,-0.4290,0.7547,0.7715,20.79,6.79,24.43,Pull
5,11265050577,-0.4107,0.6690,0.7547,21.00,-0.63,22.54,Pull
5,11265090575,-0.3279,0.6778,0.7137,16.24,-7.91,19.95,Pull
5,11265130581,-0.3675,0.6983,0.6632,-2.87,-13.16,14.35,Pull
5,11265170573,-0.3872,0.6786,0.5622,-10.08,-14.00,10.22,Pull
5,11265210573,-0.4202,0.7313,0.5402,-8.82,-13.37,8.12,Pull
5,11265250577,-0.4070,0.6961,0.5095,5.11,-9.73,7.77,Pull
5,11265290575,-0.4202,0.6515,0.5102,7.35,-6.09,4.27,Pull
5,11265330574,-0.3880,0.6749,0.5014,10.01,-4.62,1.26,Pull
5,11265370577,-0.3221,0.6873,0.4817,7.42,-3.08,-1.68,Pull
5,11265410575,-0.3440,0.7276,0.4926,4.69,-3.36,-3.64,Pull
6,11269979406,-0.1559,-0.0220,1.0812,-0.35,-5.39,5.32,Pull
6,11270013509,-0.1515,0.0081,1.0856,-10.01,-6.86,2.10,Pull
6,11270053529,-0.1618,0.0015,1.0899,-12.74,-10.71,-0.35,Pull
6,11270093519,-0.1640,0.0300,1.1104,-19.53,-17.43,-1.61,Pull
6,11270133502,-0.2291,0.0337,1.1719,-13.93,-23.52,-2.17,Pull
6,11270173503,-0.3294,0.0454,1.2949,-33.11,-33.46,-5.18,Pull
6,11270213500,-0.4070,0.0673,1.3857,-40.74,-51.31,-5.53,Pull
6,11270253498,-0.5205,0.1091,1.5021,-61.39,-80.22,-3.64,Pull
6,11270293503,-0.6288,0.2650,1.5628,-99.05,-115.22,-3.64,Pull
6,11270333500,-0.6486,0.3675,1.4889,-119.91,-145.74,-5.11,Pull
6,11270373497,-0.5600,0.4304,1.2451,-133.77,-167.23,-10.78,Pull
6,11270413502,-0.3199,0.3880,0.9758,-159.39,-179.76,-22.82,Pull
6,11270453498,0.0234,0.4538,0.6625,-200.27,-179.76,-43.68,Pull
6,11270493497,0.2189,0.6603,0.4121,-206.85,-165.13,-63.28,Pull
6,11270533517,0.2855,0.4846,0.2364,-179.69,-138.39,-84.28,Pull
6,11270573499,0.3653,0.6991,0.0015,-170.80,-98.49,-109.55,Pull
6,11270613500,0.5014,0.3594,-0.1625,-130.06,-60.34,-136.85,Pull
6,11270653498,0.6273,0.6317,-0.3045,-151.41,-20.51,-175.77,Pull
6,11270693499,0.8762,0.5556,-0.4055,-127.75,25.55,-216.65,Pull
6,11270733530,1.1192,0.7188,-0.5095,-94.22,87.57,-246.19,Pull
6,11270773512,1.6045,0.6844,-0.5819,-39.13,175.14,-268.10,Pull
6,11270813499,2.3395,0.7276,-0.6120,4.76,280.84,-282.31,Pull
6,11270853501,3.3072,0.6705,-0.5768,46.90,405.23,-288.75,Pull
6,11270893501,4.4769,0.7122,-0.3572,110.53,561.96,-286.16,Pull
6,11270933498,5.6079,0.3235,-0.2621,167.58,714.21,-240.45,Pull
6,11270973533,6.9159,0.7225,0.0571,245.42,857.01,-134.68,Pull
6,11271013505,8.5644,1.4025,1.5233,361.83,904.40,61.39,Pull
6,11271053500,6.8061,1.2839,3.1461,493.57,722.19,274.89,Pull
6,11271093498,3.9660,-2.8248,3.0554,550.41,336.98,395.64,Pull
6,11271133501,1.3088,-0.2987,2.7296,-58.31,105.28,239.75,Pull
6,11271173498,0.2467,-1.1976,2.4039,-19.67,46.48,166.88,Pull
6,11271213500,-0.3448,-0.4143,1.9691,-39.27,59.01,112.42,Pull
6,11271253503,-0.2767,-0.2804,1.6631,-44.31,72.66,79.73,Pull
6,11271293498,-0.3931,-0.2028,1.4179,-28.07,69.58,56.35,Pull
6,11271333500,-0.2774,-0.0322,1.3352,-28.77,57.54,35.56,Pull
6,11271373502,-0.4070,0.1098,1.1961,-14.07,41.09,21.14,Pull
6,11271413500,-0.4626,0.2218,1.1053,-8.75,18.69,12.81,Pull
6,11271453499,-0.4311,0.2869,0.9714,-4.90,4.62,7.00,Pull
6,11271493501,-0.5366,0.5724,0.9421,-2.73,-1.89,2.94,Pull
6,11271533498,-0.4363,0.4385,0.9509,10.08,-2.10,3.22,Pull
6,11271573504,-0.3982,0.5043,0.8960,-15.12,-4.41,1.47,Pull
6,11271613498,-0.3367,0.4648,0.8176,3.71,-4.27,5.81,Pull
6,11271653518,-0.3235,0.4326,0.7342,7.98,-7.21,5.39,Pull
6,11271693506,-0.3601,0.4275,0.7159,6.79,-9.80,1.33,Pull
6,11271733509,-0.3748,0.4758,0.6727,3.71,-8.19,-3.29,Pull
6,11271773502,-0.4070,0.4868,0.6742,-3.99,-6.51,-9.45,Pull
6,11271813503,-0.4290,0.5907,0.6639,-11.76,-4.34,-11.48,Pull
6,11271853499,-0.4150,0.6083,0.6617,-7.84,-1.40,-10.29,Pull
6,11271893498,-0.3719,0.6383,0.7122,-8.12,0.84,-5.32,Pull
6,11271933499,-0.3316,0.6054,0.7093,3.85,3.01,0.07,Pull
7,11276723407,0.0110,-0.0264,0.9882,3.71,-3.01,5.95,Pull
7,11276757353,0.0007,-0.0022,0.9904,5.39,-2.17,6.65,Pull
7,11276797342,-0.0029,-0.0293,1.0072,6.37,-1.05,7.14,Pull
7,11276837342,-0.0154,0.0044,1.0211,0.77,-0.56,5.53,Pull
7,11276877345,-0.0183,-0.0249,1.0175,8.47,-0.56,4.27,Pull
7,11276917341,-0.0307,0.0088,0.9919,-6.65,-2.10,1.47,Pull
7,11276957381,-0.0549,0.0373,1.0138,4.34,-3.01,1.75,Pull
7,11276997372,-0.1296,-0.0059,1.1009,5.32,-6.23,2.52,Pull
7,11277037344,-0.2972,0.0512,1.3044,10.43,-15.82,5.32,Pull
7,11277077341,-0.5263,-0.0688,1.5035,12.25,-41.37,5.81,Pull
7,11277117345,-0.9055,-0.2152,1.8344,-13.37,-87.29,2.17,Pull
7,11277157341,-1.2246,0.0966,1.8498,-167.79,-132.65,-8.54,Pull
7,11277197341,-1.1368,0.4531,1.7861,-143.57,-175.28,6.44,Pull
7,11277237357,-0.8828,0.2050,1.7531,-129.22,-218.96,15.40,Pull
7,11277277374,-0.4326,0.1113,1.4852,-178.78,-244.93,2.24,Pull
7,11277317345,0.1318,0.1413,1.0226,-202.51,-262.71,-3.92,Pull
7,11277357344,0.5226,0.4656,0.5139,-213.50,-268.66,-16.38,Pull
7,11277397341,0.7210,0.5212,0.2782,-142.45,-250.95,-44.87,Pull
7,11277437341,0.6061,0.4743,0.0505,-145.53,-206.01,-103.18,Pull
7,11277477348,0.3543,0.6910,-0.2372,-135.31,-144.97,-172.69,Pull
7,11277517342,0.5161,0.4414,-0.4165,-99.40,-80.85,-239.12,Pull
7,11277557356,0.6281,0.5571,-0.4912,-96.11,-15.89,-285.18,Pull
7,11277597344,0.8696,0.5146,-0.4370,-44.31,79.24,-321.30,Pull
7,11277637340,1.6258,0.6873,-0.4941,-27.09,193.20,-346.85,Pull
7,11277677341,2.8014,0.6932,-0.5307,42.35,327.88,-340.90,Pull
7,11277717345,4.2441,0.9809,-0.5856,103.46,483.14,-345.52,Pull
7,11277757340,5.5837,1.0167,-0.4480,124.39,640.08,-352.17,Pull
7,11277797341,6.4965,0.9238,-0.2006,200.76,809.76,-283.22,Pull
7,11277837340,7.5052,0.9355,0.5622,338.03,941.50,-72.17,Pull
7,11277877342,8.9560,1.6477,2.2070,431.76,923.37,217.49,Pull
7,11277917341,6.4072,-0.5022,2.9295,435.05,662.20,411.67,Pull
7,11277957370,2.6315,-1.0665,2.6125,158.13,335.23,345.66,Pull
7,11277997360,1.3081,-0.7891,2.5898,53.41,152.11,198.52,Pull
7,11278037344,0.5541,-0.7723,2.2714,-27.51,82.32,109.06,Pull
7,11278077346,0.1032,-0.4077,2.0452,-27.30,68.04,66.57,Pull
7,11278117341,0.0081,-0.2877,1.7356,-25.27,64.40,54.46,Pull
7,11278157344,-0.1830,-0.0183,1.5050,-14.77,55.02,51.94,Pull
7,11278197343,-0.2496,0.1017,1.3235,15.96,41.09,45.15,Pull
7,11278237341,-0.4414,0.0447,1.2166,0.35,28.14,33.88,Pull
7,11278277345,-0.3528,0.3111,1.0687,11.20,17.99,18.83,Pull
7,11278317340,-0.3301,0.2203,1.0475,-0.56,5.88,5.81,Pull
7,11278357346,-0.3353,0.4209,0.9787,4.76,1.12,-1.82,Pull
7,11278397346,-0.3806,0.4202,0.9340,3.36,-2.59,-2.38,Pull
7,11278437341,-0.4136,0.3975,0.8930,-14.14,-2.87,-5.11,Pull
7,11278477342,-0.3902,0.5014,0.8447,-1.61,-6.23,-8.12,Pull
7,11278517346,-0.3250,0.4319,0.8528,3.22,-8.40,-9.94,Pull
7,11278557343,-0.3089,0.4604,0.8154,2.38,-10.99,-11.06,Pull
7,11278597342,-0.3287,0.4948,0.8103,4.90,-12.32,-9.66,Pull
7,11278637353,-0.3433,0.5007,0.7774,1.75,-11.06,-8.75,Pull
7,11278677344,-0.3609,0.5109,0.7737,-1.68,-9.10,-6.30,Pull
8,11283387413,-0.0366,0.1310,0.9838,2.38,-0.56,2.73,Pull
8,11283419517,-0.0498,0.1142,0.9743,2.38,-1.05,1.89,Pull
8,11283459499,-0.0695,0.1244,0.9984,3.78,-1.61,1.82,Pull
8,11283499502,-0.1179,0.1405,1.0614,7.98,-1.33,2.17,Pull
8,11283539499,-0.1984,0.1903,1.2078,7.56,-3.78,3.50,Pull
8,11283579499,-0.5519,0.1852,1.6895,67.76,-10.43,12.32,Pull
8,11283619497,-0.6661,0.0542,2.0423,-11.06,-58.80,15.96,Pull
8,11283659523,-0.9128,0.2028,1.9493,-35.35,-145.74,29.54,Pull
8,11283699502,-1.1771,0.0871,1.7085,-89.39,-211.47,42.98,Pull
8,11283739498,-1.0277,0.3096,1.3849,-135.52,-230.30,55.65,Pull
8,11283779503,-0.5754,0.0703,1.0343,-145.04,-229.67,49.42,Pull
8,11283819496,-0.0930,0.2752,0.6434,-175.84,-227.57,16.73,Pull
8,11283859498,0.1179,0.3755,0.4904,-170.66,-220.50,-36.40,Pull
8,11283899499,0.3945,0.5124,0.3389,-191.73,-208.11,-98.07,Pull
8,11283939498,0.5314,0.5622,0.0893,-208.67,-186.34,-151.48,Pull
8,11283979536,0.4260,0.6442,-0.1405,-185.22,-156.31,-190.05,Pull
8,11284019504,0.4641,0.6405,-0.3521,-161.84,-110.18,-227.57,Pull
8,11284059499,0.6515,0.7540,-0.5146,-139.86,-54.46,-260.05,Pull
8,11284099497,0.8769,0.7613,-0.6537,-114.66,12.95,-283.29,Pull
8,11284139504,1.1390,0.8894,-0.7349,-46.90,106.19,-291.55,Pull
8,11284179496,1.7466,0.9384,-0.7444,-9.66,210.91,-295.89,Pull
8,11284219501,2.6777,0.9311,-0.6815,20.58,314.44,-306.11,Pull
8,11284259501,4.0194,1.0863,-0.5717,16.73,420.91,-335.65,Pull
8,11284299516,5.1804,0.8103,-0.1449,85.54,561.68,-352.03,Pull
8,11284339504,5.8026,0.4465,0.1823,119.84,724.99,-287.42,Pull
8,11284379501,6.9086,1.2664,1.3535,253.40,884.73,-171.50,Pull
8,11284419496,7.4532,1.4742,2.9229,325.29,849.24,32.34,Pull
8,11284459496,4.4586,0.3638,3.6380,352.31,577.43,191.52,Pull
8,11284499511,2.5064,0.2064,3.4975,119.63,285.25,193.83,Pull
8,11284539500,0.7466,-0.0549,3.0166,-46.48,147.49,129.08,Pull
8,11284579497,-0.3104,0.4363,2.3241,-84.35,120.75,65.31,Pull
8,11284619501,-0.4612,0.4085,1.8278,-61.11,114.94,21.70,Pull
8,11284659496,-0.3762,0.6493,1.4874,-48.37,99.82,-1.68,Pull
8,11284699496,-0.3997,0.7291,1.2071,-54.04,71.96,-9.03,Pull
8,11284739531,-0.2635,0.8213,1.0460,-31.43,45.50,-4.34,Pull
8,11284779501,-0.2211,0.8623,0.9128,-25.97,32.06,5.67,Pull
8,11284819497,-0.2891,0.8923,0.8045,-8.47,24.50,21.21,Pull
8,11284859498,-0.3770,0.8308,0.7386,9.52,21.63,34.02,Pull
8,11284899496,-0.4355,0.7408,0.6917,20.72,19.46,38.64,Pull
8,11284939497,-0.3645,0.7715,0.6273,15.26,12.04,34.51,Pull
8,11284979530,-0.3660,0.6764,0.6054,18.48,4.97,25.69,Pull
8,11285019527,-0.3082,0.7774,0.5585,5.60,-3.71,12.46,Pull
8,11285059502,-0.3521,0.7320,0.5109,0.28,-11.13,7.77,Pull
8,11285099498,-0.3477,0.7547,0.4926,5.60,-12.88,5.11,Pull
8,11285139496,-0.3448,0.7854,0.4677,-1.40,-11.41,5.67,Pull
8,11285179500,-0.3009,0.8001,0.4341,9.17,-8.26,7.14,Pull
8,11285219496,-0.3418,0.7408,0.3967,7.00,-4.83,7.00,Pull
8,11285259496,-0.3689,0.8184,0.3792,6.65,-3.29,4.90,Pull
8,11285299501,-0.3777,0.7701,0.4048,0.77,-0.84,2.94,Pull
8,11285339499,-0.3821,0.7818,0.4172,6.79,-1.26,2.52,Pull
9,11291087410,-0.0820,0.0432,1.0160,7.28,-3.64,7.56,Pull
9,11291120260,-0.0937,0.0088,1.0211,12.04,-5.67,7.49,Pull
9,11291160254,-0.0988,0.0146,1.0124,5.81,-7.21,6.44,Pull
9,11291200253,-0.0937,0.0227,0.9831,5.11,-8.89,5.18,Pull
9,11291240249,-0.1069,0.0264,0.9648,5.25,-8.96,5.18,Pull
9,11291280254,-0.1296,0.0220,0.9684,5.88,-7.14,5.11,Pull
9,11291320249,-0.1588,0.0447,1.0072,6.65,-5.88,5.25,Pull
9,11291360252,-0.2847,0.0124,1.1639,13.16,-5.60,5.74,Pull
9,11291400279,-0.4707,-0.0051,1.3505,13.65,-12.53,4.76,Pull
9,11291440259,-0.7013,0.0403,1.6250,3.92,-39.34,1.19,Pull
9,11291480262,-0.8879,-0.0366,1.7151,-46.83,-86.59,-5.11,Pull
9,11291520270,-1.0870,0.2599,1.6375,-69.02,-131.53,-5.74,Pull
9,11291560252,-1.0702,0.1654,1.4545,-124.11,-160.23,-17.22,Pull
9,11291600257,-0.8777,0.3316,1.1675,-163.24,-175.84,-30.52,Pull
9,11291640251,-0.3960,0.3448,0.7422,-234.36,-182.14,-53.41,Pull
9,11291680272,-0.0403,0.6156,0.3887,-279.02,-171.36,-73.50,Pull
9,11291720261,0.0996,0.6068,0.3170,-253.89,-138.53,-90.58,Pull
9,11291760250,0.2416,0.5951,0.2401,-219.31,-89.74,-109.06,Pull
9,11291800249,0.5146,0.5058,0.0315,-199.43,-38.36,-137.55,Pull
9,11291840251,0.7928,0.5263,-0.0725,-177.52,0.91,-175.28,Pull
9,11291880250,1.0219,0.6310,-0.1757,-166.04,38.29,-211.89,Pull
9,11291920249,1.4106,0.6617,-0.4165,-107.66,93.59,-237.58,Pull
9,11291960263,1.8219,0.8623,-0.6017,-63.42,157.29,-254.17,Pull
9,11292000280,2.0679,0.8901,-0.5388,16.52,261.03,-266.98,Pull
9,11292040253,2.9500,0.8886,-0.5139,49.56,405.44,-277.97,Pull
9,11292080256,4.3159,1.0299,-0.5366,111.02,557.90,-262.43,Pull
9,11292120251,5.6349,1.1163,-0.2855,119.42,699.23,-227.92,Pull
9,11292160249,7.2651,1.0160,-0.0190,239.47,832.23,-113.33,Pull
9,11292200256,7.8558,0.2979,1.8476,308.35,872.76,157.15,Pull
9,11292240250,7.1487,0.1625,3.3767,272.51,717.29,271.11,Pull
9,11292280249,3.5290,-0.3009,3.6768,177.73,412.51,231.21,Pull
9,11292320255,1.3930,-0.8513,3.3057,-1.05,213.36,112.35,Pull
9,11292360250,0.1720,-0.1537,2.5964,-50.75,120.05,50.40,Pull
9,11292400249,-0.3982,-0.1288,2.0503,-37.52,100.17,26.18,Pull
9,11292440256,-0.7386,0.6420,1.5848,-48.23,109.20,19.95,Pull
9,11292480250,-0.6024,0.2694,1.4808,3.71,113.61,24.99,Pull
9,11292520250,-0.4795,0.5102,1.3183,13.86,100.73,22.12,Pull
9,11292560251,-0.3492,0.3777,1.2495,18.34,62.58,11.97,Pull
9,11292600248,-0.3199,0.6266,1.0204,-5.81,20.09,-2.38,Pull
9,11292640248,-0.1713,0.7159,0.7357,-8.68,-8.40,-11.48,Pull
9,11292680250,-0.2225,0.8835,0.6178,-18.34,-14.07,-12.25,Pull
9,11292720250,-0.3287,0.9113,0.4743,36.19,-1.96,-1.47,Pull
9,11292760249,-0.4385,0.7774,0.6017,11.27,8.96,3.08,Pull
9,11292800252,-0.3155,0.7327,0.6610,13.16,23.87,6.37,Pull
9,11292840248,-0.2789,0.6976,0.6317,12.67,23.52,5.25,Pull
9,11292880249,-0.2218,0.6244,0.6581,6.37,9.24,-1.61,Pull
9,11292920250,-0.2086,0.6786,0.6141,-13.86,-2.94,-10.50,Pull
9,11292960262,-0.2943,0.6852,0.5322,-7.98,-6.72,-14.00,Pull
9,11293000252,-0.3192,0.6976,0.5614,-12.11,-3.99,-12.81,Pull
9,11293040255,-0.3514,0.7196,0.5585,9.31,2.24,-6.65,Pull
10,11334467400,-0.0278,0.1420,0.9626,9.10,3.78,7.35,Pull
10,11334498530,-0.0322,0.1325,0.9758,8.75,4.13,7.28,Pull
10,11334538526,-0.0395,0.1413,0.9875,8.82,4.41,7.14,Pull
10,11334578523,-0.0410,0.1347,0.9999,7.42,4.13,5.95,Pull
10,11334618521,-0.0359,0.1479,0.9831,7.70,3.29,5.04,Pull
10,11334658527,-0.0388,0.1588,0.9853,4.97,1.61,3.99,Pull
10,11334698525,-0.0564,0.1610,0.9955,5.60,0.35,3.71,Pull
10,11334738522,-0.1135,0.1457,1.0387,10.71,-0.49,5.18,Pull
10,11334778530,-0.1976,0.1801,1.0995,11.69,-3.36,6.79,Pull
10,11334818521,-0.3360,0.1830,1.1917,17.22,-11.20,8.40,Pull
10,11334858522,-0.6222,0.1881,1.3776,4.34,-33.46,8.75,Pull
10,11334898522,-0.8916,0.1588,1.6060,-11.90,-66.92,11.76,Pull
10,11334938521,-0.8894,0.2760,1.8183,-65.03,-112.42,11.76,Pull
10,11334978538,-0.9296,0.4085,1.8124,-86.52,-151.20,15.89,Pull
10,11335018541,-0.8023,0.5336,1.6697,-126.35,-180.32,11.20,Pull
10,11335058526,-0.4978,0.4502,1.4603,-141.12,-202.58,5.04,Pull
10,11335098522,-0.2320,0.2789,1.2400,-139.37,-213.50,-3.78,Pull
10,11335138523,0.0110,-0.1113,0.9077,-207.41,-204.75,-25.27,Pull
10,11335178521,0.1874,0.5300,0.4956,-280.49,-174.72,-52.15,Pull
10,11335218523,0.3784,0.4860,0.2379,-173.95,-146.79,-87.99,Pull
10,11335258527,0.6559,0.2957,0.0022,-121.87,-120.40,-139.72,Pull
10,11335298521,0.8389,0.3645,-0.2057,-175.98,-99.05,-195.65,Pull
10,11335338521,1.0746,0.4970,-0.4612,-136.99,-59.43,-232.33,Pull
10,11335378522,1.2978,0.4604,-0.6917,-95.20,3.64,-254.94,Pull
10,11335418524,1.5709,0.5314,-0.7891,-30.87,98.35,-266.28,Pull
10,11335458522,2.1623,0.5256,-0.9318,6.30,224.14,-277.27,Pull
10,11335498524,3.2113,0.6683,-0.9318,39.48,350.84,-299.25,Pull
10,11335538523,4.1424,0.8689,-0.7071,103.95,492.24,-329.77,Pull
10,11335578522,4.9351,0.8235,-0.6229,199.92,695.52,-292.95,Pull
10,11335618522,6.7095,0.2899,-0.2913,320.25,898.24,-78.47,Pull
10,11335658554,8.8982,2.3592,1.8344,388.71,933.45,172.62,Pull
10,11335698527,6.8479,-0.8206,3.0671,492.24,683.76,419.09,Pull
10,11335738529,2.8687,-0.3126,3.3204,22.75,343.49,325.36,Pull
10,11335778522,0.8111,-0.4904,3.0605,2.59,167.09,169.75,Pull
10,11335818521,0.1025,-0.3455,2.4163,-93.45,70.77,75.04,Pull
10,11335858523,-0.1061,0.1288,1.8388,-85.47,39.20,29.40,Pull
10,11335898521,-0.2613,0.5270,1.3176,-108.71,37.31,12.53,Pull
10,11335938521,-0.2503,0.5512,1.1200,-73.99,45.71,14.56,Pull
10,11335978533,-0.4560,0.6983,0.9062,-46.55,50.96,17.36,Pull
10,11336018523,-0.4890,0.5446,0.8608,-16.59,47.46,16.52,Pull
10,11336058522,-0.4648,0.7525,0.7320,-21.14,40.39,11.97,Pull
10,11336098539,-0.3096,0.6669,0.7035,-6.65,31.85,12.04,Pull
10,11336138523,-0.2965,0.7452,0.6544,-9.52,22.68,12.11,Pull
10,11336178523,-0.2928,0.7137,0.6024,-0.70,14.07,12.39,Pull
10,11336218523,-0.3741,0.7481,0.5534,-13.65,8.96,8.68,Pull
10,11336258527,-0.4326,0.7635,0.5219,-0.70,6.58,6.09,Pull
10,11336298522,-0.4502,0.7474,0.5080,-3.29,7.42,5.60,Pull
10,11336338542,-0.4238,0.7745,0.4985,2.87,7.98,6.02,Pull
10,11336378527,-0.4107,0.7679,0.4919,7.07,6.65,7.07,Pull
10,11336418523,-0.4085,0.7437,0.4817,9.10,6.79,6.58,Pull
11,11341071403,0.0395,-0.0673,1.0050,4.97,0.63,11.55,Pull
11,11341104715,0.0307,-0.0703,0.9897,3.85,-0.42,9.94,Pull
11,11341144709,0.0220,-0.0512,0.9926,5.81,-0.70,8.54,Pull
11,11341184704,0.0044,-0.0747,0.9765,4.90,0.00,6.86,Pull
11,11341224703,0.0139,-0.0615,0.9794,5.67,0.91,6.16,Pull
11,11341264705,0.0146,-0.0651,0.9699,0.28,0.00,4.62,Pull
11,11341304704,-0.0037,-0.0630,0.9853,3.50,1.12,3.99,Pull
11,11341344705,-0.0417,-0.0666,1.0138,4.41,2.38,3.71,Pull
11,11341384705,-0.1296,-0.0227,1.0804,11.06,2.80,5.39,Pull
11,11341424707,-0.3492,-0.0754,1.2737,29.75,-4.06,9.80,Pull
11,11341464738,-0.6434,-0.1662,1.6543,17.85,-31.29,11.90,Pull
11,11341504710,-0.8162,-0.1486,1.9559,-47.88,-81.27,9.10,Pull
11,11341544707,-1.0131,0.0952,2.0723,-78.19,-139.72,17.71,Pull
11,11341584709,-0.9582,0.2028,2.0664,-119.98,-185.50,26.39,Pull
11,11341624704,-0.7130,0.1244,1.9083,-150.71,-208.46,29.26,Pull
11,11341664704,-0.2840,0.1076,1.6873,-212.38,-219.80,11.34,Pull
11,11341704704,0.3975,0.1464,1.3740,-187.18,-231.98,-6.23,Pull
11,11341744703,0.6105,0.2057,0.9018,-212.66,-231.28,-38.08,Pull
11,11341784707,0.6566,0.4948,0.4582,-208.04,-205.73,-80.01,Pull
11,11341824709,0.8396,0.2584,0.0908,-144.06,-171.50,-120.96,Pull
11,11341864706,0.9640,0.4370,-0.1845,-219.94,-141.61,-172.97,Pull
11,11341904705,0.9384,0.5900,-0.3543,-157.92,-105.49,-202.16,Pull
11,11341944732,1.0775,0.7086,-0.5175,-130.62,-55.44,-231.42,Pull
11,11341984727,1.0848,0.6259,-0.5300,-58.80,22.47,-270.34,Pull
11,11342024717,1.5731,0.8718,-0.6427,-61.81,134.33,-321.09,Pull
11,11342064714,2.3373,0.9069,-0.6969,24.43,276.15,-349.65,Pull
11,11342104705,4.0714,1.0270,-0.6039,76.86,438.27,-374.64,Pull
11,11342144704,5.3202,0.7642,-0.5087,148.54,647.71,-374.78,Pull
11,11342184706,6.2571,0.6625,-0.4246,257.04,875.00,-244.79,Pull
11,11342224704,8.6295,0.2086,0.5688,404.81,1069.32,38.15,Pull
11,11342264703,10.7509,0.1720,2.2590,528.57,979.72,318.99,Pull
11,11342304706,5.6913,-0.7188,2.3922,326.97,598.15,388.22,Pull
11,11342344704,2.0328,-0.9069,3.0012,145.32,249.90,224.21,Pull
11,11342384707,0.9875,-0.9963,2.8702,37.73,115.01,83.23,Pull
11,11342424705,0.3528,-0.5409,2.4390,-62.79,68.39,18.20,Pull
11,11342464705,0.0630,0.1654,2.0584,-55.23,47.95,9.66,Pull
11,11342504709,-0.0966,0.2555,1.6221,-25.76,33.11,28.77,Pull
11,11342544703,-0.2064,0.4524,1.3659,-28.84,24.22,38.36,Pull
11,11342584704,-0.3594,0.4802,1.1924,-38.57,20.86,31.71,Pull
11,11342624709,-0.2965,0.5380,1.0585,-19.32,22.68,17.01,Pull
11,11342664706,-0.2379,0.5783,0.9838,-11.20,16.03,4.06,Pull
11,11342704709,-0.2057,0.5724,0.9252,12.46,8.96,-0.91,Pull
11,11342744709,-0.2357,0.5871,0.8528,5.53,4.48,-2.73,Pull
11,11342784705,-0.2350,0.6603,0.8081,-5.67,-3.22,-1.68,Pull
11,11342824702,-0.1852,0.6237,0.7671,2.31,-7.91,0.28,Pull
11,11342864706,-0.1808,0.6669,0.7584,-8.68,-12.81,2.45,Pull
11,11342904706,-0.2262,0.6486,0.7049,1.05,-13.23,2.38,Pull
11,11342944738,-0.2518,0.6471,0.6903,-0.56,-12.39,1.26,Pull
11,11342984743,-0.2555,0.6215,0.6822,4.97,-8.05,0.28,Pull
11,11343024709,-0.2335,0.5995,0.6793,6.02,-5.74,-0.84,Pull
12,11347595398,-0.2511,0.0081,1.0790,6.93,-16.38,12.39,Pull
12,11347628555,-0.2562,0.1435,1.1039,-9.17,-12.60,8.47,Pull
12,11347668572,-0.2115,0.0805,1.1463,-13.93,-9.73,6.37,Pull
12,11347708551,-0.2511,0.1501,1.2781,-17.01,-15.33,8.26,Pull
12,11347748547,-0.2950,0.1200,1.4640,-43.12,-32.62,10.78,Pull
12,11347788548,-0.3528,0.2489,1.6045,-96.95,-64.33,9.87,Pull
12,11347828551,-0.4795,0.4817,1.5445,-143.22,-110.04,14.28,Pull
12,11347868547,-0.5080,0.6991,1.3593,-160.02,-149.80,27.86,Pull
12,11347908548,-0.5578,0.6961,1.2049,-157.92,-170.59,28.63,Pull
12,11347948569,-0.4948,0.5461,0.9326,-199.43,-172.76,4.97,Pull
12,11347988552,-0.1288,0.7064,0.5644,-272.02,-160.65,-24.64,Pull
12,11348028593,0.1442,0.8682,0.4209,-207.97,-140.07,-42.07,Pull
12,11348068552,0.4948,0.6332,0.2035,-194.46,-112.77,-71.96,Pull
12,11348108548,0.6163,0.6471,0.0373,-178.64,-87.64,-104.51,Pull
12,11348148548,0.7759,0.6017,-0.1003,-174.09,-59.43,-140.42,Pull
12,11348188555,0.9567,0.6193,-0.3082,-169.82,-28.35,-175.98,Pull
12,11348228548,1.1734,0.6010,-0.5519,-134.05,11.83,-209.09,Pull
12,11348268553,1.5196,0.5666,-0.6947,-86.73,63.00,-240.31,Pull
12,11348308576,2.2626,0.6295,-0.8169,-24.57,145.11,-277.76,Pull
12,11348348551,2.6528,0.8118,-0.7474,73.92,293.37,-325.71,Pull
12,11348388547,3.5634,0.6830,-0.5732,152.53,503.23,-344.82,Pull
12,11348428548,4.5333,0.2928,-0.5409,220.85,730.59,-262.22,Pull
12,11348468548,6.2930,0.3331,0.2401,291.90,883.05,-75.88,Pull
12,11348508555,7.3647,1.6624,2.5247,367.71,837.76,124.04,Pull
12,11348548549,5.0815,-0.5439,3.1527,382.69,615.93,287.42,Pull
12,11348588546,2.2853,0.2555,2.8650,126.98,364.77,233.31,Pull
12,11348628579,0.9604,-0.0937,2.7165,18.90,188.65,144.62,Pull
12,11348668563,0.2255,-0.0468,2.3007,36.82,96.95,89.18,Pull
12,11348708553,-0.2525,0.0856,1.9640,-63.07,47.25,48.30,Pull
12,11348748553,-0.4736,0.3257,1.5592,-46.41,30.03,31.64,Pull
12,11348788547,-0.4656,0.5805,1.2869,-74.97,18.62,20.72,Pull
12,11348828547,-0.5146,0.5578,1.1339,-43.68,20.16,19.04,Pull
12,11348868550,-0.5314,0.6398,0.9304,-18.97,21.70,19.39,Pull
12,11348908546,-0.5270,0.5819,0.8477,3.08,18.62,17.99,Pull
12,11348948566,-0.4904,0.5790,0.6954,-8.33,12.11,10.99,Pull
12,11348988566,-0.4429,0.7496,0.6193,-17.50,3.29,3.64,Pull
12,11349028555,-0.4019,0.7100,0.5790,-9.38,-0.56,-2.94,Pull
12,11349068552,-0.3931,0.7108,0.5380,-23.45,-4.90,-8.12,Pull
12,11349108549,-0.3865,0.7964,0.4853,-19.32,-5.74,-8.54,Pull
12,11349148547,-0.4253,0.7437,0.4626,-9.10,-3.99,-4.55,Pull
12,11349188551,-0.4209,0.8118,0.4509,-1.40,-1.12,-0.77,Pull
12,11349228547,-0.4099,0.7364,0.4765,8.54,1.33,3.85,Pull
12,11349268547,-0.3989,0.7598,0.4882,16.31,2.66,6.79,Pull
12,11349308555,-0.3938,0.6947,0.5190,22.26,3.22,7.70,Pull
12,11349348548,-0.3777,0.6793,0.5424,28.00,1.12,5.74,Pull
12,11349388546,-0.3499,0.6083,0.5724,24.92,-3.22,1.96,Pull
12,11349428549,-0.3426,0.5622,0.6054,34.79,-6.51,-0.42,Pull
12,11349468550,-0.3418,0.5029,0.6244,45.43,-8.75,-5.25,Pull
12,11349508552,-0.3514,0.4875,0.6442,43.96,-11.62,-14.91,Pull
12,11349548549,-0.3470,0.5065,0.6376,55.37,-12.11,-26.60,Pull
13,11354119436,0.0615,0.0725,0.9875,6.09,2.38,8.68,Pull
13,11354152631,0.0512,0.0761,1.0014,7.84,2.31,9.73,Pull
13,11354192623,0.0168,0.0227,1.0512,15.68,3.85,13.23,Pull
13,11354232625,0.0051,0.1347,1.2217,7.35,5.81,14.14,Pull
13,11354272625,-0.1603,0.0739,1.4559,-11.20,6.72,5.88,Pull
13,11354312622,-0.1310,0.2987,1.5218,-54.18,-8.54,-3.29,Pull
13,11354352645,-0.2811,0.3777,1.5980,-41.30,-47.39,0.77,Pull
13,11354392625,-0.6127,0.3645,1.6009,-47.46,-95.55,14.21,Pull
13,11354432623,-0.8425,0.4224,1.5804,-83.58,-127.61,25.13,Pull
13,11354472630,-0.8220,0.2730,1.4362,-152.18,-141.61,25.69,Pull
13,11354512621,-0.4553,0.6610,1.1844,-208.74,-148.82,32.76,Pull
13,11354552619,-0.0293,0.6442,0.9172,-190.75,-150.64,35.28,Pull
13,11354592623,0.0307,0.7342,0.6120,-188.30,-145.04,21.28,Pull
13,11354632620,-0.0410,0.5651,0.3967,-168.14,-121.59,-0.98,Pull
13,11354672623,-0.0461,0.5183,0.2847,-167.02,-87.64,-27.30,Pull
13,11354712625,0.0959,0.4099,0.1896,-122.99,-55.44,-57.05,Pull
13,11354752625,0.2694,0.1779,0.0146,-147.63,-39.20,-93.73,Pull
13,11354792622,0.4319,0.5702,-0.1442,-199.29,-31.57,-138.74,Pull
13,11354832624,0.5790,0.6324,-0.1632,-159.67,-8.19,-180.46,Pull
13,11354872622,1.0109,0.6002,-0.3309,-143.64,29.33,-212.73,Pull
13,11354912620,1.5687,0.7481,-0.5893,-79.59,79.10,-224.84,Pull
13,11354952632,2.2428,0.6537,-0.8286,-20.30,152.25,-221.06,Pull
13,11354992624,2.7150,0.7701,-0.7269,48.16,276.08,-219.31,Pull
13,11355032624,3.6088,0.5190,-0.3162,166.46,460.39,-196.56,Pull
13,11355072628,4.3964,0.4538,-0.2672,198.80,687.12,-145.74,Pull
13,11355112620,5.9512,0.5146,-0.1984,257.39,860.16,2.66,Pull
13,11355152620,6.7146,1.1749,1.8571,373.24,861.63,208.81,Pull
13,11355192626,6.4723,-0.0110,3.8035,367.57,658.84,400.68,Pull
13,11355232622,3.1966,-1.1990,3.7025,219.94,326.34,363.37,Pull
13,11355272620,0.7503,-0.5446,3.0656,9.59,123.83,231.14,Pull
13,11355312625,-0.3536,-0.6683,2.3556,-24.22,49.91,145.46,Pull
13,11355352619,-0.6207,-0.3418,1.7407,-43.96,38.92,112.91,Pull
13,11355392653,-0.5871,-0.0959,1.3608,-31.36,37.45,95.27,Pull
13,11355432626,-0.4487,-0.1171,1.1361,-13.65,31.64,73.50,Pull
13,11355472622,-0.4795,-0.0329,0.9692,-10.50,19.81,38.57,Pull
13,11355512637,-0.5988,0.1647,0.8835,-20.72,13.44,9.10,Pull
13,11355552624,-0.6529,0.1991,0.8059,-17.50,5.32,-8.47,Pull
13,11355592623,-0.5863,0.3894,0.7371,-13.58,-2.38,-19.25,Pull
13,11355632624,-0.6090,0.5527,0.7386,1.82,-4.62,-21.56,Pull
13,11355672622,-0.5461,0.6039,0.6163,16.66,-5.39,-18.76,Pull
13,11355712622,-0.5490,0.5732,0.6288,7.07,-7.35,-14.49,Pull
13,11355752627,-0.4568,0.6991,0.5944,-9.17,-8.19,-6.44,Pull
13,11355792621,-0.4634,0.5790,0.5841,3.92,-5.60,2.80,Pull
13,11355832620,-0.4860,0.6639,0.5585,12.18,-2.52,8.26,Pull
13,11355872621,-0.5000,0.5226,0.5680,14.14,2.38,7.70,Pull
13,11355912626,-0.4904,0.5827,0.5622,12.88,6.16,3.22,Pull
13,11355952634,-0.4934,0.5468,0.5893,1.40,7.28,-1.75,Pull
13,11355992631,-0.4853,0.5812,0.5937,2.38,7.35,-5.95,Pull
13,11356032629,-0.4904,0.5578,0.6200,-0.56,6.51,-7.63,Pull
13,11356072623,-0.4817,0.5885,0.6163,2.38,6.23,-6.30,Pull
14,11360643402,-0.0190,0.0366,0.9670,-7.77,-2.10,13.30,Pull
14,11360676818,-0.0271,0.0637,0.9450,-3.85,-2.17,15.68,Pull
14,11360716816,-0.0388,0.0234,0.9377,5.11,-0.98,18.27,Pull
14,11360756812,-0.0681,0.0600,0.9296,2.73,0.28,19.81,Pull
14,11360796812,-0.0900,0.0608,0.9457,11.83,5.18,23.87,Pull
14,11360836817,-0.1164,0.0468,0.9692,26.74,11.48,28.70,Pull
14,11360876812,-0.0761,0.0432,0.9311,35.07,14.70,32.83,Pull
14,11360916811,-0.0732,-0.2028,1.0299,36.61,12.25,34.72,Pull
14,11360956826,-0.1764,0.0439,1.1522,17.78,9.03,33.67,Pull
14,11360996815,-0.2438,-0.1186,1.2693,53.06,-2.94,33.88,Pull
14,11361036813,-0.5395,-0.1662,1.4003,37.03,-25.90,28.28,Pull
14,11361076833,-0.5585,-0.3828,1.6163,14.07,-60.69,21.91,Pull
14,11361116814,-0.5995,-0.2247,1.5921,-71.26,-97.65,15.40,Pull
14,11361156813,-0.6200,-0.0381,1.5980,-61.67,-120.82,28.77,Pull
14,11361196814,-0.6251,-0.1069,1.5350,-83.51,-120.05,27.09,Pull
14,11361236812,-0.2877,0.2899,1.4874,-165.34,-109.34,15.33,Pull
14,11361276811,0.0900,0.3001,1.3300,-127.40,-100.66,-1.12,Pull
14,11361316812,0.3148,0.1815,0.9728,-204.40,-116.06,-43.33,Pull
14,11361356811,0.4575,0.5439,0.6339,-244.30,-129.57,-83.93,Pull
14,11361396811,0.6068,0.4553,0.4494,-229.60,-126.35,-117.74,Pull
14,11361436811,0.9882,0.4575,0.1332,-233.24,-110.88,-149.80,Pull
14,11361476811,1.1858,0.7532,-0.1552,-263.48,-80.71,-171.22,Pull
14,11361516811,1.4699,0.9494,-0.5278,-210.63,-25.48,-186.83,Pull
14,11361556816,1.6155,1.0651,-0.8821,-186.90,46.83,-195.44,Pull
14,11361596812,1.6192,1.3893,-1.1053,-99.82,164.85,-185.15,Pull
14,11361636811,2.4947,1.1675,-1.3213,-55.30,325.99,-193.83,Pull
14,11361676815,3.6673,1.3044,-1.2144,-43.89,492.38,-251.58,Pull
14,11361716810,5.2594,0.7862,-0.8301,80.15,688.52,-245.98,Pull
14,11361756832,6.3669,0.4033,0.2628,230.30,882.35,-84.70,Pull
14,11361796822,7.7848,-0.0542,2.6096,419.51,905.73,165.62,Pull
14,11361836816,5.9695,-0.4436,3.8672,513.10,644.21,344.68,Pull
14,11361876812,1.7846,-0.6251,3.2647,15.82,281.05,259.77,Pull
14,11361916814,0.4377,-0.8938,2.9009,57.47,84.14,131.53,Pull
14,11361956830,-0.3382,-0.4795,2.1960,-38.71,23.38,63.70,Pull
14,11361996815,-0.5900,0.1918,1.6177,-16.73,19.88,47.60,Pull
14,11362036819,-0.5300,0.2430,1.1873,-27.30,18.90,46.34,Pull
14,11362076812,-0.4714,0.4055,0.8762,-1.96,14.56,40.25,Pull
14,11362116812,-0.4751,0.4436,0.7510,-13.58,12.11,25.20,Pull
14,11362156814,-0.5366,0.5183,0.6449,-9.73,12.11,12.32,Pull
14,11362196813,-0.4509,0.5395,0.6456,-6.09,15.75,2.80,Pull
14,11362236810,-0.4524,0.5871,0.6522,10.85,17.78,0.07,Pull
14,11362276812,-0.3997,0.6207,0.6120,5.18,15.82,-0.42,Pull
14,11362316862,-0.4348,0.6669,0.6141,0.84,6.37,-0.49,Pull
14,11362356817,-0.4209,0.7349,0.5754,1.12,0.56,-1.89,Pull
14,11362396845,-0.4597,0.6910,0.5644,-9.80,-0.49,-3.57,Pull
14,11362436845,-0.4238,0.7261,0.5490,2.31,-1.33,-3.57,Pull
14,11362476816,-0.4172,0.6800,0.5885,1.75,-0.21,-1.82,Pull
14,11362516821,-0.3931,0.6749,0.5673,10.36,-0.77,0.70,Pull
14,11362556811,-0.3989,0.6317,0.5695,12.88,-4.34,1.26,Pull
14,11362596811,-0.4224,0.6595,0.5497,10.36,-5.88,-0.84,Pull
15,11367167401,0.1017,-0.0037,0.9721,6.58,3.85,15.33,Pull
15,11367201187,0.0930,-0.0088,0.9787,8.19,3.15,15.68,Pull
15,11367241181,0.0981,0.0029,0.9721,11.55,1.89,16.03,Pull
15,11367281176,0.0922,-0.0102,0.9867,8.89,0.98,15.40,Pull
15,11367321173,0.0776,0.0271,1.0116,11.41,2.17,14.63,Pull
15,11367361176,0.0307,0.0000,1.1053,11.90,4.27,12.74,Pull
15,11367401176,-0.0212,0.0307,1.2019,-5.74,1.47,9.59,Pull
15,11367441175,-0.2181,-0.1354,1.4786,-30.03,-13.93,5.67,Pull
15,11367481205,-0.5446,0.6310,1.7663,-124.39,-59.15,8.05,Pull
15,11367521178,-0.8499,0.5080,1.8446,-42.49,-114.10,38.43,Pull
15,11367561174,-0.9121,0.6002,1.6931,-81.34,-156.66,63.98,Pull
15,11367601175,-0.7759,0.7013,1.4706,-159.60,-175.28,79.94,Pull
15,11367641173,-0.5366,0.5710,1.3710,-161.56,-169.89,84.00,Pull
15,11367681175,-0.0403,0.6098,1.2656,-204.40,-153.79,62.79,Pull
15,11367721181,0.3228,0.4699,1.0878,-142.31,-145.95,34.09,Pull
15,11367761174,0.3792,-0.1427,0.8799,-111.65,-131.95,-5.67,Pull
15,11367801173,0.2957,0.2511,0.4956,-250.46,-104.58,-67.34,Pull
15,11367841177,0.6873,0.7452,0.2028,-177.31,-65.45,-133.77,Pull
15,11367881184,1.1910,0.5358,-0.0059,-182.77,-23.24,-210.14,Pull
15,11367921175,1.8739,0.7291,-0.3543,-159.11,48.44,-253.61,Pull
15,11367961193,2.0254,1.1917,-0.7401,-122.08,143.78,-256.48,Pull
15,11368001211,2.2041,1.6770,-0.8908,-62.72,309.40,-252.91,Pull
15,11368041185,3.3943,1.2254,-0.9692,13.93,526.96,-209.16,Pull
15,11368081176,5.4417,0.9223,-0.8206,121.94,732.55,-90.86,Pull
15,11368121174,6.5865,0.6163,-0.3616,130.76,916.37,69.16,Pull
15,11368161176,8.3565,0.6690,1.5745,244.72,989.66,227.85,Pull
15,11368201174,8.4758,-0.6442,3.7164,316.33,862.19,340.97,Pull
15,11368241175,3.7105,-0.1501,2.9924,-131.74,533.68,172.55,Pull
15,11368281180,1.6155,0.6639,2.7823,-75.18,266.28,7.07,Pull
15,11368321175,1.0629,0.4414,2.2363,136.85,121.24,2.66,Pull
15,11368361174,0.6720,0.3448,1.8644,61.53,56.42,43.75,Pull
15,11368401176,-0.1098,0.7174,1.4091,6.93,53.48,95.13,Pull
15,11368441174,-0.0315,0.5131,1.1793,41.30,64.54,119.28,Pull
15,11368481172,-0.0300,0.5475,0.9721,10.78,61.04,107.38,Pull
15,11368521174,-0.0798,0.3997,0.8740,28.35,45.08,77.14,Pull
15,11368561174,-0.2086,0.4194,0.8374,-5.39,27.93,43.33,Pull
15,11368601175,-0.2628,0.4751,0.7832,-2.24,20.51,23.66,Pull
15,11368641173,-0.2877,0.5695,0.7349,-2.45,18.20,14.28,Pull
15,11368681173,-0.2621,0.5944,0.6529,5.53,15.40,12.81,Pull
15,11368721178,-0.2891,0.5915,0.6486,6.79,9.45,12.74,Pull
15,11368761173,-0.2621,0.6852,0.6332,6.86,5.18,10.01,Pull
15,11368801173,-0.2694,0.6954,0.6281,12.88,4.55,5.67,Pull
15,11368841176,-0.2657,0.6163,0.6368,17.50,6.44,0.98,Pull
15,11368881173,-0.3052,0.7715,0.6163,7.42,7.63,-3.50,Pull
15,11368921174,-0.2730,0.6895,0.6098,12.95,8.82,-5.11,Pull
15,11368961186,-0.2379,0.7247,0.6244,7.14,6.51,-4.97,Pull
15,11369001202,-0.2664,0.7920,0.6354,0.84,2.38,-3.92,Pull
15,11369041195,-0.2577,0.6281,0.6515,12.25,-1.40,-2.38,Pull
15,11369081175,-0.2862,0.7437,0.6405,4.83,-6.72,-2.17,Pull
15,11369121174,-0.2577,0.7335,0.6332,-0.77,-10.15,-4.34,Pull
16,11441511409,-0.0959,0.0769,0.9758,1.12,1.19,11.06,Pull
16,11441545071,-0.0820,0.0608,0.9670,3.08,1.40,10.85,Pull
16,11441585067,-0.0974,0.0578,0.9765,2.87,2.38,11.97,Pull
16,11441625065,-0.0878,0.0520,0.9809,1.47,3.15,12.74,Pull
16,11441665063,-0.0747,0.0454,0.9823,4.76,3.92,13.86,Pull
16,11441705064,-0.0739,0.0468,0.9984,6.30,3.22,14.84,Pull
16,11441745062,-0.0673,0.0227,1.0065,3.92,2.24,14.63,Pull
16,11441785063,-0.0717,0.0739,0.9992,6.51,0.63,14.56,Pull
16,11441825067,-0.0834,0.0805,1.0116,7.91,-1.12,15.40,Pull
16,11441865062,-0.1984,0.1274,1.1273,23.87,-2.52,17.22,Pull
16,11441905094,-0.3777,0.0952,1.3586,29.12,-6.79,17.57,Pull
16,11441945128,-0.5336,0.0710,1.5811,6.37,-33.11,14.77,Pull
16,11441985089,-0.6654,0.0432,1.7187,-5.60,-91.00,16.73,Pull
16,11442025075,-0.9150,0.1405,1.6880,-49.42,-146.37,18.27,Pull
16,11442065065,-1.0153,0.1735,1.3879,-113.05,-178.29,21.63,Pull
16,11442105063,-1.0270,0.2438,1.1749,-158.83,-189.56,34.86,Pull
16,11442145065,-0.9326,0.0476,1.0519,-125.79,-183.68,48.51,Pull
16,11442185062,-0.6742,0.0044,0.8330,-174.72,-184.38,41.93,Pull
16,11442225065,-0.4568,0.2577,0.6368,-216.16,-182.84,18.55,Pull
16,11442265069,-0.2701,0.5183,0.5775,-224.70,-169.54,-8.33,Pull
16,11442305062,0.0761,0.5453,0.4721,-181.16,-137.06,-49.42,Pull
16,11442345062,0.2357,0.4150,0.2298,-183.47,-108.08,-102.41,Pull
16,11442385066,0.5527,0.3389,-0.0673,-194.67,-88.20,-159.81,Pull
16,11442425062,0.5270,0.6734,-0.2313,-183.19,-62.86,-226.38,Pull
16,11442465080,0.9128,0.3997,-0.3762,-175.91,-6.65,-290.15,Pull
16,11442505082,1.3798,0.8023,-0.5329,-131.60,73.22,-320.46,Pull
16,11442545065,1.8132,0.9692,-0.6983,-56.14,175.98,-321.65,Pull
16,11442585061,2.4639,1.1668,-0.8411,32.62,314.72,-320.04,Pull
16,11442625066,3.9630,1.5797,-1.0577,17.36,465.15,-350.07,Pull
16,11442665066,5.1877,1.6492,-0.9933,53.90,627.48,-379.82,Pull
16,11442705065,6.0932,1.0687,-0.5175,146.86,815.15,-299.46,Pull
16,11442745064,7.2102,1.0716,1.2180,241.36,912.03,-107.66,Pull
16,11442785065,7.5945,1.9025,3.3753,359.45,846.23,113.68,Pull
16,11442825067,4.2800,-0.0176,3.2442,467.04,520.73,282.73,Pull
16,11442865062,1.4918,-0.9348,2.8497,94.99,185.71,205.80,Pull
16,11442905061,0.2979,-0.5754,2.4456,5.60,51.80,107.03,Pull
16,11442945103,-0.3667,-0.0849,1.7963,-56.98,40.18,52.64,Pull
16,11442985085,-0.5592,0.3030,1.3191,-28.56,67.41,34.23,Pull
16,11443025069,-0.3565,0.2386,1.0892,3.15,77.00,32.06,Pull
16,11443065066,-0.3323,0.5205,0.9772,-4.62,69.23,31.15,Pull
16,11443105066,-0.3345,0.4026,0.9699,19.88,57.54,32.27,Pull
16,11443145069,-0.3909,0.4992,0.9611,24.22,43.68,25.06,Pull
16,11443185062,-0.4333,0.4604,0.9333,24.43,28.28,16.24,Pull
16,11443225062,-0.3799,0.5505,0.8740,11.76,14.21,4.76,Pull
16,11443265064,-0.3601,0.6405,0.8008,-5.18,2.24,-2.24,Pull
16,11443305062,-0.3719,0.6054,0.7342,1.05,-2.52,-6.37,Pull
16,11443345085,-0.3675,0.6551,0.6895,-17.85,-4.13,-8.75,Pull
16,11443385069,-0.3762,0.7035,0.6507,-9.59,-3.78,-7.14,Pull
16,11443425065,-0.3762,0.7554,0.6032,-1.68,-1.05,-1.82,Pull
16,11443465062,-0.3360,0.7020,0.5900,13.09,1.54,3.43,Pull
17,11448039406,0.0124,0.1603,0.9465,5.18,1.89,6.44,Pull
17,11448069932,-0.0015,0.1281,0.9450,7.77,3.15,8.12,Pull
17,11448109930,-0.0439,0.1603,0.9597,0.56,5.18,8.89,Pull
17,11448149932,-0.0549,0.1896,0.9911,0.56,8.26,8.82,Pull
17,11448189927,-0.1208,0.2445,1.0797,0.28,10.43,8.47,Pull
17,11448229927,-0.1779,0.3894,1.2107,-18.34,7.14,5.95,Pull
17,11448269925,-0.3477,0.3367,1.3813,-33.32,-3.92,9.80,Pull
17,11448309926,-0.5600,0.5256,1.6119,-70.56,-29.96,20.09,Pull
17,11448349927,-0.6727,0.6881,1.6507,-98.63,-71.82,42.63,Pull
17,11448389926,-0.6793,0.6669,1.6748,-119.49,-105.42,60.83,Pull
17,11448429924,-0.6229,0.6778,1.5782,-178.50,-124.39,66.43,Pull
17,11448469924,-0.4502,0.6222,1.4318,-190.33,-128.10,61.18,Pull
17,11448509945,-0.0315,0.5871,1.3286,-183.75,-121.52,37.24,Pull
17,11448549928,0.3565,0.4860,1.1229,-114.80,-118.09,12.60,Pull
17,11448589935,0.7635,0.0410,0.5739,-131.74,-112.56,-10.22,Pull
17,11448629927,0.9311,0.4465,0.1603,-230.58,-108.50,-47.67,Pull
17,11448669927,0.9231,0.7532,-0.0124,-132.30,-80.08,-83.44,Pull
17,11448709925,0.9223,0.3433,-0.2650,-152.74,-37.38,-138.88,Pull
17,11448749924,1.0548,0.7627,-0.6046,-139.86,23.10,-176.05,Pull
17,11448789926,1.4281,0.7042,-0.8242,-111.44,108.99,-201.11,Pull
17,11448829945,1.9691,0.8982,-1.0014,-80.99,204.47,-230.65,Pull
17,11448869928,2.7260,0.8930,-0.9252,9.03,329.07,-240.66,Pull
17,11448909931,3.9667,1.0350,-0.8550,109.97,493.01,-216.37,Pull
17,11448949990,4.3993,0.9538,-0.9238,248.57,684.25,-86.94,Pull
17,11448989945,5.3451,0.6800,-0.1976,388.85,836.99,178.36,Pull
17,11449029929,7.1224,-0.4656,1.9823,291.41,824.60,497.07,Pull
17,11449069926,8.2694,2.1126,1.8981,395.99,676.13,512.75,Pull
17,11449109925,2.6813,-2.4061,2.4229,75.18,292.60,385.49,Pull
17,11449149935,1.0951,-1.2210,2.3980,77.28,151.41,194.60,Pull
17,11449189933,0.2255,-1.3601,2.3900,-28.84,65.80,81.41,Pull
17,11449229929,-0.0044,-0.3748,2.0408,-72.66,36.96,33.46,Pull
17,11449269941,-0.1061,-0.0388,1.7151,-49.49,20.86,24.08,Pull
17,11449309934,-0.1998,0.0717,1.4516,-15.40,1.19,33.04,Pull
17,11449349933,-0.4282,0.2847,1.2437,-5.53,-5.11,39.20,Pull
17,11449389928,-0.4765,0.3082,1.0746,2.45,-6.30,31.64,Pull
17,11449429924,-0.4451,0.2635,0.9457,-3.15,-0.42,19.74,Pull
17,11449469928,-0.3909,0.3404,0.8747,7.49,-1.96,9.94,Pull
17,11449509924,-0.3235,0.4041,0.7818,-10.50,-3.50,-0.63,Pull
17,11449549924,-0.3001,0.3448,0.7203,-11.34,-7.28,-4.13,Pull
17,11449589928,-0.3828,0.5644,0.6229,-33.74,-14.49,-9.45,Pull
17,11449629924,-0.4853,0.4868,0.6617,-12.60,-12.11,-12.67,Pull
17,11449669925,-0.4919,0.5622,0.6449,-23.80,-6.51,-16.24,Pull
17,11449709928,-0.4385,0.6273,0.6712,-13.23,0.14,-15.33,Pull
17,11449749923,-0.3499,0.6434,0.6764,-8.68,3.57,-10.22,Pull
17,11449789924,-0.3162,0.6669,0.6793,-8.61,1.26,-3.85,Pull
17,11449829928,-0.3499,0.6764,0.6581,-8.47,-0.28,0.14,Pull
17,11449869925,-0.3975,0.6529,0.6764,-3.22,0.07,3.36,Pull
17,11449909925,-0.3894,0.6690,0.6603,2.87,2.94,4.76,Pull
17,11449949941,-0.3799,0.6171,0.6551,-1.75,4.90,2.59,Pull
17,11449989932,-0.3506,0.6771,0.6507,-9.38,4.27,-0.98,Pull
18,11455275408,0.0146,0.1691,0.9465,-10.01,7.63,1.89,Pull
18,11455308971,0.0212,0.1581,0.9384,-5.39,7.07,3.64,Pull
18,11455348964,0.0037,0.2072,0.9435,-3.01,5.53,6.09,Pull
18,11455388962,-0.0022,0.1244,0.9655,3.15,6.86,9.80,Pull
18,11455428965,-0.0227,0.2298,0.9977,15.33,7.98,14.91,Pull
18,11455468961,-0.0139,-0.0373,1.0050,29.89,3.36,22.82,Pull
18,11455508984,-0.0571,0.1823,1.0270,11.48,-2.38,24.85,Pull
18,11455548972,-0.1764,0.1713,1.1639,46.13,-6.23,29.33,Pull
18,11455588961,-0.4202,0.0608,1.4355,28.77,-22.47,31.57,Pull
18,11455628960,-0.5812,0.0944,1.6997,0.98,-63.63,33.46,Pull
18,11455668984,-0.9355,0.4136,1.7634,-121.31,-122.71,27.44,Pull
18,11455708964,-1.0709,0.6625,1.5716,-168.42,-156.80,46.41,Pull
18,11455748961,-0.8337,0.7832,1.6023,-168.07,-175.63,79.03,Pull
18,11455788960,-0.4773,0.5739,1.5299,-139.44,-177.03,82.32,Pull
18,11455828960,-0.0227,0.6756,1.1331,-199.29,-170.45,32.48,Pull
18,11455868960,0.5146,0.9399,0.6595,-201.60,-159.60,-28.21,Pull
18,11455908963,0.8894,0.7993,0.2804,-164.43,-135.66,-97.02,Pull
18,11455949026,1.2144,0.7049,0.0220,-237.79,-93.24,-168.14,Pull
18,11455988995,1.4223,0.9179,-0.2533,-249.27,-24.92,-234.29,Pull
18,11456028966,1.8176,1.0973,-0.4926,-204.68,70.63,-301.14,Pull
18,11456068963,2.6228,1.0226,-0.7422,-153.51,199.36,-349.16,Pull
18,11456108968,3.7969,0.9472,-0.6903,-28.49,396.48,-363.23,Pull
18,11456148961,4.6672,0.3294,-0.4524,116.83,651.91,-295.47,Pull
18,11456188961,5.7257,0.5043,-0.2145,207.83,935.55,-151.13,Pull
18,11456228961,9.2803,0.7832,1.1866,294.98,1072.19,94.92,Pull
18,11456268961,9.2444,-0.4224,2.5752,536.27,850.99,341.95,Pull
18,11456308960,3.8511,0.1757,2.6791,35.07,493.64,294.42,Pull
18,11456348966,1.7151,-0.4560,2.5927,123.83,251.37,141.40,Pull
18,11456388962,1.2803,-0.3558,2.4266,-50.96,126.70,40.46,Pull
18,11456428961,0.4333,0.2416,2.1711,-12.11,101.01,24.71,Pull
18,11456468962,0.1545,0.1742,1.7509,29.82,108.78,57.33,Pull
18,11456508982,-0.0695,0.1420,1.6734,36.61,101.64,89.53,Pull
18,11456548965,-0.2569,0.0769,1.5526,70.07,82.60,102.41,Pull
18,11456588968,-0.3821,-0.0329,1.4589,37.31,58.31,77.07,Pull
18,11456628960,-0.3828,-0.1025,1.3396,23.17,25.83,47.04,Pull
18,11456668960,-0.1918,0.2664,1.1236,-5.46,0.42,6.37,Pull
18,11456708964,-0.1296,0.1405,1.0138,24.08,-21.35,-22.89,Pull
18,11456748960,-0.0871,0.5746,0.8462,26.53,-27.16,-34.58,Pull
18,11456788977,-0.1640,0.5812,0.8542,24.99,-26.81,-25.55,Pull
18,11456828964,-0.2013,0.6595,0.7554,26.46,-18.62,-8.61,Pull
18,11456868960,-0.1698,0.7532,0.7093,20.51,-14.98,2.03,Pull
18,11456908960,-0.1837,0.7950,0.7203,19.95,-10.36,4.69,Pull
18,11456949013,-0.2957,0.5256,0.6903,9.73,-8.33,-2.17,Pull
18,11456988980,-0.2994,0.6603,0.6852,17.99,-7.07,-18.20,Pull
18,11457028964,-0.2240,0.5761,0.7013,-10.50,-8.61,-28.84,Pull
18,11457068963,-0.2481,0.7137,0.6859,-4.27,-8.75,-27.23,Pull
18,11457108961,-0.2181,0.6566,0.6471,2.17,-7.35,-18.69,Pull
18,11457148960,-0.2606,0.7086,0.6551,-8.82,-5.60,-10.36,Pull
18,11457188963,-0.3294,0.6573,0.6859,9.10,-0.77,-4.34,Pull
18,11457228960,-0.2328,0.6595,0.7042,-0.63,1.47,-7.00,Pull
19,11462167400,0.0666,0.0146,0.9867,-2.73,2.17,4.55,Pull
19,11462198853,0.0666,0.0322,1.0043,-7.00,0.56,4.69,Pull
19,11462238847,0.0359,0.0461,0.9867,-13.09,-1.12,5.95,Pull
19,11462278843,0.0022,0.1025,0.9801,-5.53,-1.12,9.38,Pull
19,11462318842,-0.0498,0.0849,1.0299,5.46,1.33,12.88,Pull
19,11462358847,-0.0644,0.0776,1.0863,-12.60,5.60,11.13,Pull
19,11462398844,-0.1222,0.2189,1.1361,-20.09,7.21,10.57,Pull
19,11462438842,-0.2328,0.2606,1.3374,-3.43,3.15,15.89,Pull
19,11462478844,-0.3096,0.2752,1.6631,-41.02,-20.30,20.23,Pull
19,11462518862,-0.4868,0.4773,1.7143,-80.92,-69.09,34.23,Pull
19,11462558845,-0.6412,0.5161,1.7370,-81.48,-114.80,68.39,Pull
19,11462598845,-0.6024,0.4824,1.7553,-134.96,-137.69,93.87,Pull
19,11462638842,-0.5139,0.6961,1.6111,-132.02,-140.42,108.22,Pull
19,11462678842,-0.2452,0.7671,1.2525,-165.55,-138.25,93.80,Pull
19,11462718848,0.4048,0.8206,1.0109,-137.69,-137.06,62.02,Pull
19,11462758846,0.6866,0.3433,0.6647,-185.64,-135.59,7.35,Pull
19,11462798842,0.6778,0.5373,0.3572,-269.71,-125.44,-41.51,Pull
19,11462838847,0.7203,0.5117,0.1266,-223.30,-99.12,-84.07,Pull
19,11462878852,0.8886,0.5366,-0.1896,-247.45,-64.33,-141.12,Pull
19,11462918852,0.9684,0.7225,-0.5219,-219.17,-15.40,-188.37,Pull
19,11462958887,1.1317,1.0504,-0.8316,-195.79,59.22,-238.21,Pull
19,11462998862,1.6529,0.9655,-1.0577,-137.62,167.02,-285.39,Pull
19,11463038848,2.7391,1.2664,-1.3418,-82.04,307.09,-334.74,Pull
19,11463078845,3.9843,1.3088,-1.2342,44.45,502.46,-337.12,Pull
19,11463118843,4.4901,0.4538,-0.8630,210.84,733.11,-219.45,Pull
19,11463158842,5.6745,0.0915,-0.0974,307.79,934.99,-9.31,Pull
19,11463198843,7.6567,0.4780,1.5570,248.50,917.63,120.54,Pull
19,11463238843,6.0258,0.4919,2.6001,353.43,669.27,183.96,Pull
19,11463278844,2.5569,-0.9494,2.6301,30.87,296.94,157.15,Pull
19,11463318844,0.9889,0.1032,2.3622,-50.68,79.38,42.42,Pull
19,11463358844,0.3184,0.3001,1.9508,-24.36,6.65,-6.23,Pull
19,11463398844,-0.3338,0.5117,1.6228,-20.93,28.77,-11.97,Pull
19,11463438849,-0.5344,0.8718,1.0446,-46.13,74.41,8.05,Pull
19,11463478844,-0.2730,0.8747,0.9069,8.96,96.18,33.04,Pull
19,11463518860,0.0329,0.7862,0.8484,7.28,87.15,46.62,Pull
19,11463558848,0.0073,0.8418,0.8059,23.38,60.83,49.00,Pull
19,11463598843,-0.0505,0.6259,0.8089,42.77,31.29,39.55,Pull
19,11463638842,-0.1479,0.7152,0.7532,19.11,13.72,15.82,Pull
19,11463678864,-0.2006,0.6844,0.6778,11.48,4.90,-6.30,Pull
19,11463718846,-0.1771,0.7422,0.6193,-10.92,-2.52,-18.41,Pull
19,11463758844,-0.1662,0.8345,0.5607,-10.57,-4.13,-17.43,Pull
19,11463798842,-0.1647,0.8286,0.4839,-17.29,-2.73,-12.60,Pull
19,11463838841,-0.1530,0.9706,0.4809,3.92,-0.63,-2.59,Pull
19,11463878844,-0.1479,0.8623,0.4765,14.70,3.08,2.66,Pull
19,11463918852,-0.1164,0.8557,0.4707,9.38,0.84,4.20,Pull
19,11463958880,-0.1032,0.8023,0.4765,0.28,-2.52,3.36,Pull
19,11463998863,-0.0834,0.8733,0.4377,-8.40,-4.97,1.96,Pull
19,11464038847,-0.0813,0.8367,0.4194,0.98,-4.76,3.01,Pull
19,11464078843,-0.0864,0.8491,0.3997,5.18,-3.50,4.27,Pull
19,11464118848,-0.1362,0.8242,0.4187,15.89,-0.14,5.32,Pull
20,11469695405,0.0681,0.0856,0.9963,6.51,0.42,1.61,Pull
20,11469727354,0.0688,0.1105,0.9955,4.41,-0.35,1.89,Pull
20,11469767352,0.0534,0.1296,0.9948,7.84,-0.98,2.66,Pull
20,11469807348,-0.0630,0.3096,0.9926,29.05,0.14,5.74,Pull
20,11469847347,-0.1984,0.2767,1.1024,88.06,7.56,18.34,Pull
20,11469887353,-0.2994,0.2445,1.2444,-14.49,6.65,21.77,Pull
20,11469927348,-0.2782,0.4985,1.3491,-79.03,-2.31,31.08,Pull
20,11469967404,-0.2335,0.5863,1.5160,-71.47,-21.42,52.36,Pull
20,11470007374,-0.2613,0.5900,1.5928,-113.61,-44.59,65.45,Pull
20,11470047363,-0.3206,0.7174,1.5511,-124.67,-57.19,80.57,Pull
20,11470087354,-0.3601,0.7137,1.3791,-146.02,-63.28,96.81,Pull
20,11470127355,-0.3367,0.5863,1.3074,-105.91,-65.03,114.24,Pull
20,11470167346,-0.0900,0.2847,1.3044,-150.78,-71.19,109.06,Pull
20,11470207347,0.1735,0.3579,1.1368,-217.28,-76.93,94.01,Pull
20,11470247350,0.3126,0.4524,0.7481,-233.80,-81.27,70.28,Pull
20,11470287347,0.5124,0.7686,0.4487,-174.30,-84.14,38.15,Pull
20,11470327347,0.5775,0.7452,0.1874,-115.78,-75.32,-4.76,Pull
20,11470367346,0.6017,0.4736,-0.0234,-49.07,-58.52,-55.72,Pull
20,11470407347,0.6464,0.4194,-0.2869,-177.03,-36.26,-114.73,Pull
20,11470447346,0.7078,0.8396,-0.4590,-196.42,6.86,-159.95,Pull
20,11470487350,1.0372,0.8015,-0.7137,-169.54,73.22,-197.96,Pull
20,11470527366,1.5577,0.8081,-1.1148,-142.94,145.39,-228.90,Pull
20,11470567350,2.2633,0.9553,-1.5138,-124.25,235.06,-247.52,Pull
20,11470607350,2.9507,1.0826,-1.5753,-21.14,378.49,-243.04,Pull
20,11470647346,3.8379,0.7320,-1.5094,181.30,593.46,-158.06,Pull
20,11470687346,4.8290,0.8133,-0.8572,271.67,782.46,21.98,Pull
20,11470727349,6.8640,1.5753,0.9209,345.87,841.05,219.59,Pull
20,11470767349,6.4928,0.9245,2.6930,431.83,667.66,384.65,Pull
20,11470807346,2.8995,-1.5416,2.6894,192.50,357.35,364.56,Pull
20,11470847350,0.9384,-0.4033,2.4024,45.22,164.85,212.59,Pull
20,11470887348,0.4421,-1.1090,2.1411,26.32,81.48,119.77,Pull
20,11470927346,0.2489,-0.0307,1.6521,-46.76,52.01,67.20,Pull
20,11470967386,-0.0944,-0.1925,1.3432,-48.51,37.17,52.64,Pull
20,11471007369,-0.1479,0.1830,1.1529,-47.74,30.80,48.72,Pull
20,11471047388,-0.1837,0.2672,1.0094,-41.02,28.70,47.88,Pull
20,11471087352,-0.2313,0.3192,0.9274,-22.47,29.19,45.36,Pull
20,11471127348,-0.3623,0.3770,0.9048,-12.60,31.78,38.57,Pull
20,11471167349,-0.3711,0.3067,0.8938,6.23,34.51,30.45,Pull
20,11471207348,-0.3126,0.3316,0.8777,-9.80,29.82,19.74,Pull
20,11471247347,-0.2847,0.4019,0.8535,0.07,21.07,14.14,Pull
20,11471287348,-0.2943,0.4494,0.8477,3.36,10.36,10.15,Pull
20,11471327346,-0.3074,0.3799,0.8374,12.39,2.03,8.47,Pull
20,11471367347,-0.3623,0.5153,0.8286,-4.83,-4.27,7.07,Pull
20,11471407350,-0.4019,0.4582,0.8111,0.49,-1.40,6.65,Pull
20,11471447347,-0.3865,0.4846,0.7649,-1.40,-0.35,1.82,Pull
20,11471487352,-0.3543,0.5446,0.7554,-3.29,1.47,-3.57,Pull
20,11471527365,-0.3521,0.5124,0.7283,4.13,2.80,-5.53,Pull
20,11471567350,-0.3294,0.5373,0.7078,-3.92,0.49,-6.86,Pull
20,11471607350,-0.3235,0.5783,0.7013,-3.43,0.63,-6.16,Pull
20,11471647346,-0.3294,0.6215,0.6712,-0.77,1.19,-4.69,Pull
21,11576103406,-0.1925,-0.0366,1.2905,-25.55,-41.16,-2.31,Pull
21,11576134466,-0.1801,-0.0542,1.2729,-38.01,-62.86,-5.18,Pull
21,11576174452,-0.2379,0.1266,1.2151,-30.10,-87.08,-4.20,Pull
21,11576214446,-0.2935,0.0483,1.0819,-22.75,-97.02,-4.06,Pull
21,11576254445,-0.3638,0.1208,1.0006,-44.38,-96.46,-7.63,Pull
21,11576294447,-0.4348,0.1230,0.9706,-46.90,-89.67,-9.66,Pull
21,11576334444,-0.5468,0.1391,0.9860,-76.09,-85.61,-16.17,Pull
21,11576374445,-0.7671,0.1940,1.0665,-92.19,-89.11,-16.80,Pull
21,11576414448,-0.7415,0.4385,0.9662,-137.97,-106.33,-18.20,Pull
21,11576454448,-0.7342,0.5270,0.8396,-116.34,-131.74,-12.88,Pull
21,11576494444,-0.8316,0.4919,0.6961,-116.69,-149.03,-11.90,Pull
21,11576534447,-0.8733,0.5336,0.5746,-156.10,-157.92,-16.38,Pull
21,11576574462,-0.7269,0.5592,0.4304,-150.01,-158.76,-22.19,Pull
21,11576614450,-0.6486,0.3704,0.3396,-128.59,-158.13,-27.79,Pull
21,11576654451,-0.5929,0.3199,0.2474,-122.71,-149.59,-34.37,Pull
21,11576694445,-0.4831,0.2906,0.1383,-54.46,-133.42,-38.43,Pull
21,11576734444,-0.2152,0.1713,0.1288,-64.82,-116.48,-67.83,Pull
21,11576774445,-0.0315,0.3279,-0.0937,-65.24,-98.91,-105.77,Pull
21,11576814445,0.1222,0.5022,-0.2708,-58.59,-79.66,-149.10,Pull
21,11576854444,0.2906,0.4451,-0.3865,-35.70,-42.77,-194.60,Pull
21,11576894449,0.5556,0.6661,-0.5651,-37.66,5.95,-229.95,Pull
21,11576934444,0.8198,0.6925,-0.6793,8.61,73.57,-244.79,Pull
21,11576974492,1.2173,0.7832,-0.7261,36.75,157.08,-250.04,Pull
21,11577014449,1.6829,0.8784,-0.7298,52.78,249.34,-248.29,Pull
21,11577054455,2.3175,0.9926,-0.7042,87.85,353.43,-238.70,Pull
21,11577094461,3.5553,0.9216,-0.5937,75.46,472.78,-234.08,Pull
21,11577134450,5.1628,1.3088,-0.5841,28.00,590.31,-254.17,Pull
21,11577174445,5.7674,0.8425,-0.7137,86.03,722.47,-233.94,Pull
21,11577214445,6.5953,0.8967,-0.1135,222.39,860.44,-103.46,Pull
21,11577254446,7.6128,0.5373,1.8856,332.43,903.56,89.88,Pull
21,11577294444,6.7710,0.2804,3.3313,382.41,705.39,249.97,Pull
21,11577334444,2.9046,-0.7071,3.5019,146.51,365.19,204.82,Pull
21,11577374445,0.9845,-0.1632,2.9404,-39.48,152.32,63.35,Pull
21,11577414463,0.1676,-0.0359,2.3753,-41.79,87.36,18.69,Pull
21,11577454448,-0.4172,0.3726,1.7707,-44.38,97.86,21.56,Pull
21,11577494450,-0.4751,0.7496,1.4215,-20.72,118.58,48.37,Pull
21,11577534443,-0.2752,0.5417,1.2891,22.82,119.56,71.89,Pull
21,11577574460,-0.1962,0.6288,1.2246,20.86,93.38,72.87,Pull
21,11577614452,-0.2752,0.4948,1.1265,18.55,60.76,60.90,Pull
21,11577654445,-0.3806,0.5534,1.0321,8.05,31.85,41.37,Pull
21,11577694444,-0.3543,0.5197,0.9370,-6.93,14.56,21.70,Pull
21,11577734447,-0.3440,0.5856,0.8367,-15.96,8.75,10.71,Pull
21,11577774443,-0.3601,0.6895,0.7401,-7.98,5.74,11.62,Pull
21,11577814444,-0.3235,0.6866,0.6712,0.28,6.51,19.60,Pull
21,11577854446,-0.3140,0.6537,0.6317,11.34,7.28,23.59,Pull
21,11577894444,-0.2987,0.6464,0.6259,5.39,4.55,19.32,Pull
21,11577934443,-0.3023,0.6442,0.6134,2.87,0.49,11.34,Pull
21,11577974482,-0.3418,0.6742,0.6105,-2.45,-2.94,3.22,Pull
21,11578014448,-0.3601,0.6764,0.5922,-7.07,-3.99,-1.75,Pull
21,11578054454,-0.3572,0.7049,0.5768,-2.17,-4.20,-2.03,Pull
22,11582627404,-0.1003,0.0227,0.9692,1.54,8.54,7.14,Pull
22,11582660091,-0.0974,-0.0037,0.9838,1.61,7.84,6.86,Pull
22,11582700082,-0.0959,0.0220,0.9911,2.66,5.88,7.35,Pull
22,11582740083,-0.1017,0.0015,1.0006,7.56,4.83,9.17,Pull
22,11582780089,-0.1032,-0.0022,1.0058,8.26,3.92,10.57,Pull
22,11582820078,-0.1237,0.0117,1.0072,9.24,2.45,11.27,Pull
22,11582860079,-0.1793,0.0893,1.0724,16.31,1.75,12.18,Pull
22,11582900081,-0.3543,-0.0022,1.3205,38.08,0.00,14.21,Pull
22,11582940097,-0.5183,-0.0717,1.6931,-7.84,-13.16,9.10,Pull
22,11582980131,-0.5805,0.2159,1.7641,-37.73,-55.65,9.03,Pull
22,11583020088,-0.7225,0.0864,1.7736,-17.29,-115.71,19.95,Pull
22,11583060098,-0.8799,0.0271,1.6097,-48.02,-166.88,26.04,Pull
22,11583100082,-0.8228,-0.0022,1.3549,-112.49,-207.06,31.78,Pull
22,11583140082,-0.7840,0.1032,1.1844,-132.93,-227.22,42.49,Pull
22,11583180079,-0.6464,0.0637,1.0512,-128.94,-224.91,47.95,Pull
22,11583220081,-0.3396,0.0395,0.8967,-107.38,-211.89,35.91,Pull
22,11583260083,-0.1083,0.0161,0.6822,-120.12,-193.27,-0.21,Pull
22,11583300079,-0.0739,0.2313,0.5285,-128.45,-165.76,-45.22,Pull
22,11583340080,-0.0022,0.1325,0.3345,-118.58,-135.24,-96.04,Pull
22,11583380083,0.2547,0.0388,0.0856,-157.85,-116.97,-146.23,Pull
22,11583420081,0.0922,0.7371,-0.1896,-167.44,-110.67,-180.95,Pull
22,11583460078,0.0124,0.3367,-0.2438,-100.73,-83.65,-213.15,Pull
22,11583500083,0.1771,0.8491,-0.4202,-124.67,-47.11,-245.91,Pull
22,11583540082,0.5461,0.6712,-0.5314,-43.47,4.34,-260.26,Pull
22,11583580104,0.8169,0.9143,-0.5754,-11.27,72.03,-264.04,Pull
22,11583620294,1.1558,0.7876,-0.6193,36.89,168.98,-259.56,Pull
22,11583660083,1.7751,1.0336,-0.6690,64.75,272.23,-257.81,Pull
22,11583700110,2.5415,1.1375,-0.6969,89.60,392.07,-247.94,Pull
22,11583740082,3.5312,1.3183,-0.5534,119.84,532.70,-212.80,Pull
22,11583780080,4.4828,1.0621,-0.4546,130.27,671.79,-150.22,Pull
22,11583820085,5.6649,1.3330,-0.3675,153.23,759.01,-54.60,Pull
22,11583860079,6.1664,0.9333,0.5219,245.63,789.18,124.11,Pull
22,11583900080,6.4687,0.3945,1.9274,274.89,731.22,264.67,Pull
22,11583940078,4.9827,0.0271,2.7999,310.59,555.80,340.55,Pull
22,11583980119,2.4676,-0.6207,2.7670,130.83,308.77,282.59,Pull
22,11584020082,1.1353,-0.5614,2.3856,2.66,142.17,165.06,Pull
22,11584060097,0.2606,-0.1896,1.9054,-62.93,82.60,91.49,Pull
22,11584100082,-0.0095,-0.0366,1.6324,-35.35,75.32,63.49,Pull
22,11584140081,-0.2320,0.2752,1.3871,-60.13,85.75,55.79,Pull
22,11584180084,-0.2255,0.2416,1.1858,-21.91,90.44,51.59,Pull
22,11584220080,-0.2650,0.3009,1.1434,-19.46,85.96,45.57,Pull
22,11584260079,-0.2782,0.3806,1.1170,-1.75,72.24,37.31,Pull
22,11584300104,-0.2796,0.3213,1.1009,-2.80,54.32,27.86,Pull
22,11584340083,-0.3001,0.4407,1.0226,-8.33,35.70,16.66,Pull
22,11584380082,-0.2957,0.4941,0.9553,-8.54,19.11,9.94,Pull
22,11584420082,-0.3550,0.6032,0.8725,-17.15,10.01,3.57,Pull
22,11584460083,-0.3689,0.6639,0.7993,-21.21,6.93,0.70,Pull
22,11584500080,-0.3587,0.6991,0.7210,-17.43,7.91,3.36,Pull
22,11584540083,-0.3155,0.7503,0.6771,-11.83,8.61,7.28,Pull
22,11584580100,-0.3001,0.7013,0.6683,-1.26,11.69,12.25,Pull
23,11589151400,-0.0959,0.0520,0.9963,12.39,-6.09,7.56,Pull
23,11589185915,-0.1252,-0.0227,0.9889,7.98,-4.41,6.23,Pull
23,11589225910,-0.1383,0.0520,0.9794,2.59,-4.20,6.72,Pull
23,11589265907,-0.1545,-0.0044,0.9801,11.20,-5.04,10.15,Pull
23,11589305905,-0.1867,0.0278,1.0526,7.00,-6.09,10.22,Pull
23,11589345909,-0.2379,-0.0117,1.1668,13.09,-8.26,10.36,Pull
23,11589385905,-0.3484,-0.0242,1.3505,-4.34,-20.23,7.49,Pull
23,11589425905,-0.4399,0.0886,1.4838,-6.79,-50.82,9.66,Pull
23,11589465908,-0.6420,0.0681,1.6507,-0.28,-99.19,17.15,Pull
23,11589505909,-0.8403,-0.0937,1.6294,-35.00,-140.77,16.24,Pull
23,11589545921,-0.9150,-0.0381,1.4054,-81.41,-177.03,18.48,Pull
23,11589585933,-0.9069,-0.0234,1.1778,-108.01,-202.51,18.27,Pull
23,11589625910,-0.8945,-0.0432,0.9640,-135.31,-215.04,9.94,Pull
23,11589665910,-0.6683,-0.0805,0.7371,-155.47,-214.48,-1.75,Pull
23,11589705926,-0.4063,0.1728,0.4831,-169.82,-207.06,-16.45,Pull
23,11589745908,-0.2716,0.3660,0.2123,-138.18,-195.65,-37.52,Pull
23,11589785906,-0.2884,0.3880,0.1193,-93.03,-174.44,-65.31,Pull
23,11589825910,-0.3213,0.2042,0.1303,-126.07,-137.20,-115.92,Pull
23,11589865910,-0.1552,0.3104,0.0029,-162.40,-100.10,-163.17,Pull
23,11589905906,0.1698,0.3989,-0.2445,-169.26,-77.21,-203.35,Pull
23,11589945956,0.3074,0.4634,-0.3719,-150.15,-56.91,-235.27,Pull
23,11589985933,0.3675,0.6398,-0.4839,-101.15,-16.38,-257.32,Pull
23,11590025925,0.7671,0.7525,-0.7108,-24.99,48.86,-275.31,Pull
23,11590065924,1.3491,0.7898,-0.8294,9.38,132.79,-296.80,Pull
23,11590105909,2.1696,1.0050,-0.9662,6.37,223.79,-323.47,Pull
23,11590145905,2.8358,1.3952,-0.9494,69.51,344.19,-322.84,Pull
23,11590185908,3.8745,1.2854,-0.8015,105.77,499.73,-285.67,Pull
23,11590225905,5.3824,1.3601,-0.6405,115.78,660.45,-232.33,Pull
23,11590265905,6.6136,1.0468,-0.2320,106.82,780.22,-153.30,Pull
23,11590305907,7.7307,1.7407,0.7064,192.57,838.46,-58.24,Pull
23,11590345905,6.9957,0.9531,2.6769,344.12,782.74,141.47,Pull
23,11590385904,5.5002,0.0798,3.2764,402.64,583.59,306.74,Pull
23,11590425908,2.9412,-0.7605,3.1783,93.87,317.10,285.18,Pull
23,11590465905,1.4845,-0.1537,2.6374,-63.56,176.89,195.44,Pull
23,11590505906,0.5549,-0.2928,2.2392,-64.54,136.43,140.00,Pull
23,11590545906,0.1362,0.1515,1.9618,-71.05,137.97,114.66,Pull
23,11590585922,-0.0307,-0.0212,1.6594,-35.91,137.13,108.22,Pull
23,11590625907,-0.1493,0.1464,1.5233,-39.83,117.04,103.32,Pull
23,11590665913,-0.2152,0.0468,1.4450,-24.71,94.29,98.00,Pull
23,11590705905,-0.2957,0.0315,1.3937,-25.13,72.03,86.94,Pull
23,11590745904,-0.3689,0.0366,1.3469,-9.24,51.94,77.84,Pull
23,11590785912,-0.4685,0.1113,1.2568,3.01,34.30,68.81,Pull
23,11590825904,-0.3938,0.0959,1.1456,23.10,12.67,66.78,Pull
23,11590865905,-0.2716,0.1193,1.0358,31.29,0.42,70.35,Pull
23,11590905906,-0.2240,0.3514,0.8023,0.63,-6.86,78.19,Pull
23,11590945943,-0.1779,0.3982,0.9260,32.13,-6.58,101.15,Pull
23,11590985928,-0.3228,0.3770,0.9157,28.35,-6.72,108.08,Pull
23,11591025939,-0.5549,0.1742,0.9589,61.25,-4.55,107.94,Pull
23,11591065925,-0.6163,0.2394,0.8623,27.02,-0.98,93.52,Pull
23,11591105913,-0.7203,-0.0542,0.7745,45.43,1.47,80.01,Pull
24,11596839399,-0.0630,0.1061,0.9831,4.55,-1.40,0.91,Pull
24,11596872659,-0.0586,0.1435,0.9897,6.16,-2.03,2.66,Pull
24,11596912658,-0.0747,0.0944,0.9897,7.00,-1.68,4.48,Pull
24,11596952704,-0.0637,0.1193,0.9684,-6.09,-2.10,3.99,Pull
24,11596992659,-0.0688,0.1061,0.9392,-10.99,-1.19,1.26,Pull
24,11597032695,-0.0915,0.1896,0.9604,-13.44,0.91,-1.05,Pull
24,11597072677,-0.1610,0.1896,1.1265,-5.53,1.61,0.49,Pull
24,11597112656,-0.2774,0.3806,1.3396,-23.17,-2.45,2.45,Pull
24,11597152655,-0.2935,0.4136,1.4267,-59.43,-23.38,3.92,Pull
24,11597192653,-0.5724,0.6002,1.5343,-56.91,-66.99,21.98,Pull
24,11597232653,-0.8162,0.6456,1.5350,-57.68,-111.09,54.04,Pull
24,11597272656,-1.0204,0.5219,1.3571,-115.78,-139.30,73.29,Pull
24,11597312652,-1.0563,0.5915,0.9231,-210.28,-141.61,85.54,Pull
24,11597352655,-1.0277,0.6617,0.7108,-242.55,-122.92,95.97,Pull
24,11597392657,-0.6149,0.8067,0.7679,-187.81,-105.98,98.49,Pull
24,11597432670,-0.2233,0.6390,0.7093,-180.39,-102.27,73.99,Pull
24,11597472655,0.0007,0.6859,0.6647,-192.08,-91.63,40.95,Pull
24,11597512659,0.2277,0.6873,0.4626,-191.17,-72.73,1.54,Pull
24,11597552652,0.3396,0.5234,0.2145,-144.27,-61.04,-39.27,Pull
24,11597592670,0.3587,0.3675,-0.0644,-195.79,-67.27,-85.26,Pull
24,11597632654,0.4033,0.7810,-0.2042,-164.15,-67.97,-135.10,Pull
24,11597672670,0.5417,0.4473,-0.3111,-164.92,-55.02,-198.03,Pull
24,11597712653,1.0050,0.8294,-0.5483,-175.14,-23.87,-264.25,Pull
24,11597752654,1.4940,0.6310,-0.9450,-137.62,37.17,-311.92,Pull
24,11597792652,2.0159,0.7840,-1.2429,-41.44,132.09,-341.88,Pull
24,11597832651,3.0803,0.7532,-1.3637,25.34,268.66,-386.75,Pull
24,11597872654,4.3656,0.5995,-1.1068,126.21,458.64,-407.19,Pull
24,11597912653,5.2763,0.3953,-0.8865,271.39,688.24,-318.71,Pull
24,11597952685,6.8479,0.7386,-0.3675,308.35,902.16,-140.84,Pull
24,11597992658,8.9868,0.8886,1.0885,348.88,977.90,88.90,Pull
24,11598032654,7.9524,2.0701,1.9098,648.48,761.74,324.94,Pull
24,11598072670,4.0275,-1.4750,3.0407,299.53,370.16,427.77,Pull
24,11598112655,2.1126,-0.7437,2.4654,113.05,156.10,285.11,Pull
24,11598152652,0.9194,-1.3198,2.4581,22.54,45.36,202.58,Pull
24,11598192658,0.1925,-0.7664,2.1206,-58.66,20.02,141.89,Pull
24,11598232650,-0.1039,-0.6595,1.8234,-47.88,24.08,98.00,Pull
24,11598272652,-0.2716,-0.3550,1.4450,-68.74,29.47,58.24,Pull
24,11598312654,-0.2935,-0.1017,1.2708,-41.02,22.82,30.80,Pull
24,11598352652,-0.3660,0.0600,1.1068,-39.62,13.65,13.51,Pull
24,11598392653,-0.3192,0.2291,1.0080,-30.45,1.26,7.56,Pull
24,11598432656,-0.3338,0.2313,0.9853,-16.03,-5.18,7.42,Pull
24,11598472652,-0.3484,0.3828,0.9150,-15.54,-6.93,7.70,Pull
24,11598512651,-0.4165,0.3309,0.8506,-8.33,-6.51,7.00,Pull
24,11598552654,-0.4048,0.4004,0.7993,-5.18,-5.88,3.01,Pull
24,11598592669,-0.4202,0.4355,0.7723,-2.31,-5.53,-1.19,Pull
24,11598632654,-0.4150,0.4370,0.7444,-5.39,-5.04,-4.90,Pull
24,11598672653,-0.4377,0.4597,0.7569,-1.40,-4.62,-6.93,Pull
24,11598712654,-0.4363,0.4721,0.7422,-2.38,-2.80,-7.42,Pull
24,11598752652,-0.4516,0.4963,0.7196,-3.29,-1.26,-5.88,Pull
24,11598792654,-0.4494,0.5322,0.7005,-1.61,-1.40,-5.53,Pull
25,11603367409,0.0351,-0.0842,0.9801,8.96,-2.87,15.12,Pull
25,11603398814,0.0432,-0.0549,0.9780,-0.70,-1.89,14.00,Pull
25,11603438810,0.0490,-0.0834,0.9780,1.12,-0.21,13.86,Pull
25,11603478807,0.0578,-0.0505,0.9728,-10.22,1.12,10.71,Pull
25,11603518806,0.0549,-0.0637,0.9743,-4.97,2.45,9.94,Pull
25,11603558823,0.0329,-0.0586,0.9933,-16.59,3.22,7.42,Pull
25,11603598824,-0.0007,0.0542,1.0548,-5.60,4.20,7.56,Pull
25,11603638807,-0.0615,0.0051,1.1990,10.36,3.71,9.94,Pull
25,11603678828,-0.0915,0.0725,1.3161,-13.65,-3.78,6.79,Pull
25,11603718806,-0.2086,0.3009,1.4991,18.69,-20.79,8.19,Pull
25,11603758803,-0.3184,0.0571,1.7151,-25.41,-61.74,-0.42,Pull
25,11603798838,-0.4787,0.3418,1.7744,-49.98,-114.31,-4.27,Pull
25,11603838809,-0.7152,0.3872,1.5518,-120.33,-159.46,-5.88,Pull
25,11603878808,-0.8323,0.5600,1.2012,-194.81,-170.87,6.93,Pull
25,11603918805,-0.7818,0.5270,1.0299,-231.77,-160.44,31.99,Pull
25,11603958842,-0.5680,0.3770,1.0424,-221.06,-139.37,48.23,Pull
25,11603998809,-0.1889,0.2474,0.9538,-267.12,-117.53,38.92,Pull
25,11604038807,0.1054,0.3536,0.7027,-277.41,-97.65,10.85,Pull
25,11604078821,0.3309,0.4853,0.4721,-227.08,-73.08,-26.95,Pull
25,11604118821,0.5636,0.2657,0.2379,-204.19,-49.14,-79.17,Pull
25,11604158805,0.8535,0.4634,-0.0044,-184.52,-34.86,-129.08,Pull
25,11604198804,1.0109,0.4634,-0.2591,-172.90,-19.11,-184.03,Pull
25,11604238806,1.0080,0.7825,-0.5102,-106.89,21.56,-233.31,Pull
25,11604278825,1.2371,0.6947,-0.8630,-49.91,112.70,-260.26,Pull
25,11604318808,1.9845,1.0643,-1.1588,4.76,230.93,-268.73,Pull
25,11604358807,2.8446,1.4355,-1.3044,13.09,374.85,-283.43,Pull
25,11604398804,3.9243,1.2481,-1.2656,82.74,559.37,-269.64,Pull
25,11604438824,4.8231,1.1793,-1.0548,167.79,731.85,-187.32,Pull
25,11604478819,5.7594,0.6361,-0.1369,345.94,855.96,54.67,Pull
25,11604518808,7.3515,1.4347,1.6280,416.71,793.03,318.57,Pull
25,11604558814,5.8999,-1.4581,2.8314,583.03,496.93,478.52,Pull
25,11604598823,1.6492,-2.2019,2.3739,-32.97,192.29,322.91,Pull
25,11604638806,0.3902,-0.8462,2.1411,-2.87,84.00,139.79,Pull
25,11604678813,0.0381,-1.1456,1.9640,-10.50,39.76,38.50,Pull
25,11604718803,-0.1969,-0.3331,1.6199,-90.23,25.48,-11.76,Pull
25,11604758803,-0.3184,-0.0556,1.2912,-29.96,15.89,-23.80,Pull
25,11604798802,-0.4736,0.4253,1.0804,-54.18,11.06,-20.72,Pull
25,11604838804,-0.5234,0.3448,0.9472,10.85,28.00,-0.91,Pull
25,11604878802,-0.4934,0.6163,0.8213,0.77,33.60,9.31,Pull
25,11604918803,-0.3609,0.5029,0.8337,23.87,35.14,15.26,Pull
25,11604958843,-0.3001,0.6024,0.7964,15.54,26.04,8.47,Pull
25,11604998810,-0.2496,0.5915,0.7679,7.98,15.47,-0.84,Pull
25,11605038806,-0.3067,0.6288,0.7239,-3.57,6.23,-6.02,Pull
25,11605078821,-0.2774,0.6222,0.7093,-8.47,1.75,-5.53,Pull
25,11605118809,-0.3184,0.7174,0.6749,-16.31,4.83,-0.70,Pull
25,11605158804,-0.3411,0.6778,0.6676,-10.92,11.41,4.55,Pull
25,11605198802,-0.3521,0.7115,0.6815,-10.08,17.50,5.88,Pull
25,11605238807,-0.3660,0.6654,0.6705,3.36,18.55,3.64,Pull
25,11605278803,-0.2774,0.6588,0.7093,9.73,12.74,0.91,Pull
25,11605318803,-0.2394,0.6405,0.6998,-4.69,3.64,0.28,Pull
26,11610787400,-0.1735,0.2679,1.3593,-72.10,-40.60,-4.48,Pull
26,11610820658,-0.2328,0.2965,1.2634,-16.66,-67.34,0.42,Pull
26,11610860658,-0.4121,0.1113,1.2620,-21.00,-95.41,1.19,Pull
26,11610900652,-0.5307,0.2599,1.2173,-70.70,-112.63,-3.01,Pull
26,11610940653,-0.5497,0.2760,1.1470,-82.95,-124.74,-3.50,Pull
26,11610980716,-0.6559,0.2679,1.1573,-94.85,-135.03,-3.01,Pull
26,11611020674,-0.6603,0.3140,1.1229,-108.99,-145.32,-1.61,Pull
26,11611060658,-0.5556,0.3828,1.0643,-133.42,-157.92,0.07,Pull
26,11611100671,-0.4890,0.2035,0.8894,-174.72,-171.22,-0.49,Pull
26,11611140656,-0.1237,0.8045,0.5819,-214.55,-175.70,-1.68,Pull
26,11611180652,0.1940,0.6917,0.2987,-105.35,-173.04,-16.24,Pull
26,11611220652,0.3550,0.5029,0.0988,-139.58,-167.16,-67.34,Pull
26,11611260652,0.4575,0.5497,-0.1566,-152.95,-137.20,-122.71,Pull
26,11611300652,0.5519,0.4912,-0.4282,-133.49,-95.62,-158.76,Pull
26,11611340652,0.5197,0.5585,-0.5805,-102.55,-34.93,-193.76,Pull
26,11611380656,0.6259,0.6690,-0.6947,-84.91,39.13,-230.23,Pull
26,11611420654,0.9582,0.8440,-0.8030,-23.87,137.76,-256.20,Pull
26,11611460651,1.5431,0.8528,-0.7847,16.87,248.08,-273.07,Pull
26,11611500658,2.7787,1.0577,-0.7971,42.84,360.36,-284.76,Pull
26,11611540651,4.3796,1.0651,-0.4831,65.10,495.32,-287.84,Pull
26,11611580669,5.7206,1.1200,-0.0124,150.43,672.14,-224.00,Pull
26,11611620659,6.3984,1.0965,-0.4597,200.83,873.74,-74.34,Pull
26,11611660653,7.7592,1.6455,1.5474,291.20,938.70,180.88,Pull
26,11611700673,7.0126,-0.0425,3.9469,325.43,766.78,346.08,Pull
26,11611740656,4.2031,-0.9026,3.7822,159.25,470.96,330.75,Pull
26,11611780653,1.4054,-0.6434,3.3006,-15.96,235.69,189.63,Pull
26,11611820652,0.3001,-0.7320,2.7040,5.04,108.29,82.39,Pull
26,11611860654,-0.1749,-0.0944,2.1916,-81.55,25.06,14.63,Pull
26,11611900655,-0.5270,0.2708,1.4933,-37.94,9.24,6.79,Pull
26,11611940654,-0.6551,0.4860,1.0738,-63.00,10.92,10.29,Pull
26,11611980697,-0.6215,0.5710,0.8294,14.91,32.83,17.71,Pull
26,11612020656,-0.4568,0.5534,0.7569,-7.63,42.35,12.53,Pull
26,11612060654,-0.2364,0.6991,0.7371,16.38,38.99,7.56,Pull
26,11612100670,-0.1881,0.7115,0.7188,1.33,21.21,2.10,Pull
26,11612140669,-0.2379,0.7137,0.7232,9.73,5.95,0.63,Pull
26,11612180660,-0.3711,0.7269,0.6588,0.00,0.07,2.59,Pull
26,11612220654,-0.4128,0.8220,0.6076,2.59,2.87,8.19,Pull
26,11612260651,-0.3828,0.7401,0.6112,4.41,10.01,11.20,Pull
26,11612300656,-0.3462,0.7327,0.6171,8.82,10.92,11.48,Pull
26,11612340651,-0.3038,0.7093,0.6193,5.11,5.11,7.84,Pull
26,11612380653,-0.2869,0.6895,0.6171,0.63,-1.75,3.43,Pull
26,11612420653,-0.2796,0.7649,0.5988,-2.94,-6.72,2.80,Pull
26,11612460653,-0.3213,0.7466,0.5754,0.56,-7.77,4.13,Pull
26,11612500656,-0.3455,0.7401,0.5600,5.46,-7.63,6.23,Pull
26,11612540655,-0.3477,0.6866,0.5461,6.86,-6.51,9.03,Pull
26,11612580669,-0.3821,0.7657,0.5248,13.51,-5.46,7.84,Pull
26,11612620656,-0.3536,0.7078,0.5234,4.62,-4.90,3.08,Pull
26,11612660654,-0.3257,0.7723,0.4948,1.96,-6.51,-0.91,Pull
26,11612700651,-0.3199,0.7547,0.4795,-0.42,-3.92,-1.19,Pull
26,11612740653,-0.3609,0.7649,0.4795,0.63,0.42,0.07,Pull
27,11659339404,0.0139,0.0461,0.9977,10.36,-1.96,5.39,Pull
27,11659371643,0.0146,0.0117,1.0058,6.79,-3.50,7.63,Pull
27,11659411642,-0.0022,0.0454,1.0263,9.80,-4.76,10.08,Pull
27,11659451642,-0.0161,0.0198,1.0533,11.20,-6.02,11.90,Pull
27,11659491639,-0.0666,0.0183,1.1039,2.94,-7.21,11.90,Pull
27,11659531637,-0.1405,0.0447,1.2012,4.83,-10.64,12.46,Pull
27,11659571638,-0.2518,0.0425,1.2751,-7.21,-19.88,11.27,Pull
27,11659611636,-0.6420,-0.0022,1.2971,-3.15,-52.57,20.79,Pull
27,11659651635,-0.9113,-0.0468,1.6148,4.90,-98.49,30.45,Pull
27,11659691656,-1.0709,-0.1808,1.7663,-30.31,-129.57,26.81,Pull
27,11659731641,-0.9699,-0.0359,1.6258,-77.91,-156.87,23.94,Pull
27,11659771637,-0.8176,-0.0534,1.6243,-79.87,-182.91,14.35,Pull
27,11659811639,-0.5658,-0.1471,1.6924,-93.31,-206.43,-10.99,Pull
27,11659851637,-0.3162,-0.0849,1.5980,-141.47,-225.33,-42.63,Pull
27,11659891637,0.0044,0.1149,1.2934,-195.86,-235.06,-66.36,Pull
27,11659931637,0.1889,0.3309,0.7269,-210.42,-231.77,-77.91,Pull
27,11659971665,0.3213,0.4912,0.3902,-182.49,-218.33,-82.95,Pull
27,11660011641,0.3118,-0.0146,0.2891,-186.41,-192.85,-90.51,Pull
27,11660051637,0.4882,0.8133,-0.2094,-222.32,-176.82,-117.60,Pull
27,11660091636,0.4692,0.4824,-0.2891,-66.15,-155.89,-135.73,Pull
27,11660131636,0.5161,0.4033,-0.4004,-74.97,-128.31,-167.58,Pull
27,11660171644,0.6039,0.5197,-0.5117,-65.59,-80.22,-209.37,Pull
27,11660211635,1.0109,0.6390,-0.7386,-7.98,-10.29,-241.57,Pull
27,11660251635,1.3820,0.6493,-0.7884,31.57,66.15,-266.28,Pull
27,11660291640,1.5760,0.6273,-0.6464,130.69,180.46,-293.79,Pull
27,11660331638,2.5137,0.7401,-0.4780,103.67,317.80,-316.33,Pull
27,11660371636,3.8964,0.6991,-0.4268,145.67,466.34,-306.74,Pull
27,11660411639,4.9139,0.7078,-0.2130,152.67,625.38,-281.89,Pull
27,11660451636,5.3041,0.3192,-0.1493,220.50,804.44,-189.56,Pull
27,11660491635,6.8493,0.8118,1.2378,320.95,937.79,-8.12,Pull
27,11660531660,7.3376,1.1258,2.0137,634.06,872.97,279.09,Pull
27,11660571637,4.9037,-0.9904,2.8241,299.18,514.22,397.04,Pull
27,11660611635,1.6353,-0.3279,2.9544,58.94,245.28,243.25,Pull
27,11660651640,0.4407,-0.5622,2.2289,-46.55,115.85,104.58,Pull
27,11660691635,0.0944,-0.1947,2.0203,-14.70,44.87,26.39,Pull
27,11660731637,-0.0183,-0.1383,1.7539,-39.13,16.45,2.45,Pull
27,11660771640,-0.2174,0.5117,1.3945,-71.33,14.70,2.66,Pull
27,11660811635,-0.3558,0.3594,1.1470,-42.14,24.71,15.12,Pull
27,11660851638,-0.4502,0.5988,1.0702,-17.85,35.56,20.58,Pull
27,11660891638,-0.3294,0.4451,0.9509,29.40,35.07,21.84,Pull
27,11660931635,-0.3045,0.4136,0.8996,22.89,26.46,17.08,Pull
27,11660971679,-0.2987,0.5900,0.8286,16.17,13.30,10.08,Pull
27,11661011649,-0.2401,0.4824,0.8030,22.12,2.03,-1.05,Pull
27,11661051637,-0.2891,0.6222,0.7671,-12.81,-6.65,-13.16,Pull
27,11661091635,-0.2965,0.5995,0.7327,-0.98,-14.00,-18.34,Pull
27,11661131636,-0.3038,0.7613,0.7188,-35.42,-22.19,-16.80,Pull
27,11661171637,-0.3213,0.8667,0.6647,-1.33,-20.93,-6.93,Pull
27,11661211635,-0.3155,0.7759,0.6449,9.10,-18.83,-1.54,Pull
27,11661251637,-0.3309,0.7759,0.5834,11.34,-15.12,1.68,Pull
27,11661291635,-0.3126,0.8015,0.5541,11.27,-12.25,3.29,Pull
28,11665867400,-0.0673,-0.0139,0.9414,-4.55,-2.73,2.45,Pull
28,11665898242,-0.0776,-0.0205,0.9435,0.28,-0.70,3.99,Pull
28,11665938238,-0.0710,-0.0300,0.9450,-2.45,2.10,5.67,Pull
28,11665978265,-0.0732,-0.0264,0.9758,-2.94,5.81,8.54,Pull
28,11666018253,-0.0659,-0.0015,1.0131,6.09,7.00,12.32,Pull
28,11666058245,-0.1076,0.0227,1.1324,17.78,4.13,14.28,Pull
28,11666098236,-0.2445,-0.0505,1.3425,47.25,-3.57,15.40,Pull
28,11666138234,-0.4297,-0.1749,1.6529,1.40,-30.17,7.28,Pull
28,11666178236,-0.6786,0.1420,1.8783,-60.76,-84.35,3.64,Pull
28,11666218237,-0.8425,0.0783,1.7063,-123.34,-151.90,9.24,Pull
28,11666258235,-0.9933,0.4070,1.3286,-179.90,-202.16,31.36,Pull
28,11666298237,-0.9618,0.4114,1.0790,-210.70,-220.57,54.60,Pull
28,11666338252,-0.8689,0.4260,0.9963,-164.08,-214.69,72.59,Pull
28,11666378237,-0.5527,0.3433,0.9091,-156.73,-206.50,60.34,Pull
28,11666418240,-0.2379,0.2357,0.7503,-150.78,-193.41,26.04,Pull
28,11666458234,-0.0930,0.3565,0.4919,-210.49,-170.24,-19.11,Pull
28,11666498235,0.1069,0.9706,0.4839,-196.98,-145.32,-80.85,Pull
28,11666538238,0.4348,0.5534,0.1976,-60.76,-121.94,-140.00,Pull
28,11666578233,0.5600,0.0198,0.0798,-93.38,-105.84,-192.78,Pull
28,11666618234,0.6588,0.6207,-0.1618,-237.93,-100.10,-251.65,Pull
28,11666658237,0.4575,1.0760,-0.1720,-86.87,-68.53,-273.77,Pull
28,11666698233,0.7869,0.4048,-0.3111,21.42,10.36,-299.95,Pull
28,11666738235,1.3425,0.7291,-0.4751,-9.17,88.69,-330.33,Pull
28,11666778236,1.9347,0.7671,-0.6098,43.19,182.42,-341.39,Pull
28,11666818236,2.2341,1.0416,-0.3821,127.05,309.89,-328.44,Pull
28,11666858237,3.4441,0.5505,-0.2277,243.39,448.70,-271.25,Pull
28,11666898234,5.0479,0.7130,-0.3726,178.92,561.82,-220.36,Pull
28,11666938236,5.0010,0.6105,-0.3155,327.04,724.78,-94.92,Pull
28,11666978262,5.8941,0.0490,0.4231,366.24,889.84,140.35,Pull
28,11667018252,7.5389,0.9919,1.9039,517.79,854.63,366.94,Pull
28,11667058239,6.1620,-1.6485,2.9412,732.48,475.65,591.01,Pull
28,11667098235,1.9618,-1.8476,2.4829,88.06,143.43,399.14,Pull
28,11667138235,0.7225,-1.5145,2.0452,-48.44,45.85,223.72,Pull
28,11667178234,0.2137,-0.9011,1.6565,-84.28,25.55,119.84,Pull
28,11667218233,-0.2057,-0.9904,1.6280,-81.90,32.97,66.29,Pull
28,11667258232,-0.3931,-0.4121,1.4091,-101.36,47.25,36.19,Pull
28,11667298234,-0.3784,-0.2957,1.2788,-70.00,56.70,23.66,Pull
28,11667338234,-0.3997,-0.0234,1.1661,-75.39,50.61,11.83,Pull
28,11667378233,-0.4436,0.0695,1.1017,-35.35,45.43,7.56,Pull
28,11667418236,-0.4663,0.2020,1.0512,-26.53,36.12,2.59,Pull
28,11667458234,-0.4465,0.2372,1.0182,5.18,29.61,-0.56,Pull
28,11667498254,-0.3902,0.2782,1.0072,-44.38,19.81,-5.74,Pull
28,11667538243,-0.3894,0.4817,0.9377,-26.67,13.37,-7.77,Pull
28,11667578234,-0.4092,0.4502,0.9011,-35.14,5.32,-10.08,Pull
28,11667618234,-0.4180,0.5095,0.8447,-20.51,-1.33,-9.45,Pull
28,11667658235,-0.4319,0.4641,0.8096,-18.83,-5.53,-8.19,Pull
28,11667698258,-0.4333,0.5109,0.8140,-10.50,-8.40,-9.52,Pull
28,11667738239,-0.4194,0.4912,0.7767,-9.73,-10.78,-9.66,Pull
28,11667778282,-0.3814,0.4897,0.7803,3.36,-12.46,-9.66,Pull
28,11667818235,-0.4033,0.5336,0.7627,-1.26,-12.74,-10.50,Pull
29,11672391398,0.0249,-0.0381,0.9897,3.85,1.19,4.27,Pull
29,11672424973,0.0359,-0.0373,1.0021,1.75,0.56,3.22,Pull
29,11672464972,0.0315,-0.0300,1.0138,2.52,0.28,3.71,Pull
29,11672504967,0.0227,-0.0425,1.0233,2.45,-0.70,3.92,Pull
29,11672544972,0.0022,-0.0051,1.0497,0.98,-3.57,4.41,Pull
29,11672584972,-0.0454,0.0044,1.1339,9.03,-5.88,5.60,Pull
29,11672624969,-0.1025,0.0732,1.2920,-3.64,-13.09,5.67,Pull
29,11672664966,-0.1984,0.0864,1.4428,-13.72,-28.70,4.76,Pull
29,11672704971,-0.3902,0.0776,1.4889,-26.04,-59.85,11.34,Pull
29,11672744969,-0.4685,0.1420,1.5548,-25.69,-97.37,20.79,Pull
29,11672784967,-0.6749,-0.0586,1.5899,-38.36,-134.26,23.03,Pull
29,11672824970,-0.7459,-0.0029,1.4376,-92.68,-163.03,21.49,Pull
29,11672864968,-0.8901,0.1786,1.2751,-89.46,-182.00,21.28,Pull
29,11672904967,-0.8777,0.0805,1.1448,-150.64,-200.83,16.24,Pull
29,11672944982,-0.6529,0.2577,1.1383,-174.02,-204.54,18.76,Pull
29,11672984993,-0.4948,0.3689,1.1712,-147.00,-192.29,19.74,Pull
29,11673024972,-0.2928,0.0834,0.9223,-179.48,-176.05,-1.96,Pull
29,11673064969,0.0264,0.2335,0.5285,-244.79,-162.82,-25.97,Pull
29,11673104967,0.2738,0.6639,0.2086,-199.15,-149.45,-49.21,Pull
29,11673144969,0.2438,0.7928,0.1091,-71.12,-129.29,-87.36,Pull
29,11673184971,0.3301,0.1347,-0.0271,15.89,-101.01,-138.60,Pull
29,11673224969,0.4465,0.1142,-0.3345,-177.31,-85.19,-195.93,Pull
29,11673264967,0.3997,0.9113,-0.4399,-146.37,-59.36,-235.13,Pull
29,11673304968,0.5724,0.5461,-0.5841,-29.61,2.59,-256.97,Pull
29,11673344969,0.9567,0.6105,-0.7291,-47.88,81.69,-289.87,Pull
29,11673384966,1.6353,0.8330,-0.9084,-2.73,174.86,-311.22,Pull
29,11673424967,2.5217,1.0863,-1.0570,60.48,300.79,-322.28,Pull
29,11673464967,3.4448,1.0790,-0.9699,77.56,468.02,-332.01,Pull
29,11673504968,3.8540,0.5453,-0.9772,124.60,659.96,-292.04,Pull
29,11673544966,5.4175,0.7093,-1.0124,242.13,842.31,-176.75,Pull
29,11673584965,6.4738,1.2751,0.6544,424.20,880.25,87.15,Pull
29,11673624965,6.6861,0.3331,3.0290,568.47,667.38,364.35,Pull
29,11673664986,3.1249,-1.9801,3.3577,320.81,330.40,383.88,Pull
29,11673704970,0.2591,-0.2430,2.3819,-153.09,113.26,164.29,Pull
29,11673744968,-0.1889,-0.6127,2.1726,2.59,38.50,52.22,Pull
29,11673784966,-0.4656,-0.1098,1.7839,-65.10,10.15,-6.58,Pull
29,11673824969,-0.5124,0.3945,1.2876,-37.94,16.52,-17.29,Pull
29,11673864967,-0.4180,0.5241,1.0614,-48.02,22.47,-7.63,Pull
29,11673904968,-0.3389,0.7335,0.8938,10.08,29.05,16.24,Pull
29,11673944978,-0.3140,0.7584,0.8147,14.21,28.07,30.87,Pull
29,11673984989,-0.3272,0.6127,0.8081,38.92,22.75,35.77,Pull
29,11674024972,-0.3411,0.5973,0.7510,28.56,15.05,26.18,Pull
29,11674064970,-0.3558,0.5717,0.7283,22.26,4.41,12.25,Pull
29,11674104968,-0.3418,0.5827,0.6603,4.34,-3.57,0.63,Pull
29,11674144968,-0.3631,0.6237,0.6456,-18.13,-9.17,-6.93,Pull
29,11674184967,-0.3316,0.7430,0.6017,-10.57,-11.83,-9.45,Pull
29,11674224966,-0.3653,0.6412,0.5732,-10.43,-12.53,-9.73,Pull
29,11674264979,-0.4085,0.7554,0.5453,-8.19,-10.15,-7.00,Pull
29,11674304978,-0.4297,0.7181,0.5563,1.82,-5.11,-3.92,Pull
29,11674344968,-0.4224,0.7115,0.5468,6.72,-0.70,-0.28,Pull
30,11679223437,0.0425,0.0059,0.9919,7.35,2.94,7.35,Pull
30,11679254838,0.0439,-0.0146,0.9999,5.25,2.66,5.95,Pull
30,11679294832,0.0388,0.0102,0.9926,5.25,2.24,4.90,Pull
30,11679334847,0.0300,0.0037,1.0058,-0.35,2.45,3.15,Pull
30,11679374846,0.0278,-0.0029,1.0270,-1.05,2.94,1.89,Pull
30,11679414834,0.0168,0.0878,1.0643,-0.28,0.35,2.59,Pull
30,11679454834,-0.0586,0.0688,1.1836,9.73,-3.08,4.62,Pull
30,11679494832,-0.1903,0.0578,1.3110,-7.14,-11.48,5.04,Pull
30,11679534827,-0.3140,0.1654,1.3996,-10.64,-32.27,9.31,Pull
30,11679574830,-0.4699,0.0556,1.6016,1.19,-71.19,18.34,Pull
30,11679614830,-0.6193,0.0813,1.7561,-44.94,-114.38,22.47,Pull
30,11679654845,-0.6449,0.0066,1.7568,-61.74,-149.80,28.14,Pull
30,11679694839,-0.5549,0.0856,1.7165,-90.44,-186.20,32.41,Pull
30,11679734831,-0.5475,0.1493,1.6002,-101.43,-208.74,32.13,Pull
30,11679774826,-0.3514,0.0102,1.3769,-98.70,-221.41,22.26,Pull
30,11679814830,-0.0359,-0.0154,0.9970,-127.96,-223.23,3.50,Pull
30,11679854828,0.1684,0.2189,0.5322,-179.27,-212.52,-20.37,Pull
30,11679894827,0.2159,0.5043,0.2035,-162.40,-198.87,-49.63,Pull
30,11679934828,0.2174,0.6032,0.0944,-86.59,-179.20,-87.99,Pull
30,11679974873,0.2643,0.3558,-0.0073,-105.56,-146.51,-150.08,Pull
30,11680014841,0.3872,0.4934,-0.1954,-151.76,-115.64,-198.73,Pull
30,11680054830,0.4787,0.6478,-0.3609,-125.23,-74.27,-236.81,Pull
30,11680094828,0.6581,0.7415,-0.4465,-81.13,-17.71,-268.31,Pull
30,11680134847,1.1082,0.6317,-0.5541,-64.75,60.13,-303.59,Pull
30,11680174831,1.9771,1.0965,-0.8301,-47.32,162.54,-317.66,Pull
30,11680214829,3.1996,1.2634,-0.9091,57.54,317.52,-312.41,Pull
30,11680254830,4.9059,1.2261,-0.6178,137.20,554.47,-308.49,Pull
30,11680294831,5.8209,0.7305,-0.5161,219.94,821.94,-206.08,Pull
30,11680334828,7.8456,0.8352,-0.1515,256.06,1018.50,10.15,Pull
30,11680374831,9.6082,0.8359,2.6901,346.43,992.88,225.47,Pull
30,11680414827,7.5740,-0.2181,3.9572,539.98,685.16,442.40,Pull
30,11680454827,3.3877,-1.7751,3.3687,199.50,267.89,381.64,Pull
30,11680494828,1.1983,-1.5313,3.0576,61.32,41.72,201.67,Pull
30,11680534829,-0.3558,-1.1134,2.4712,-121.45,-6.37,112.63,Pull
30,11680574826,-0.8154,-0.5915,1.9471,-45.85,2.73,73.57,Pull
30,11680614828,-0.6368,-0.2298,1.4999,-50.05,5.39,51.59,Pull
30,11680654849,-0.6734,-0.0483,1.1983,-4.76,7.84,47.39,Pull
30,11680694834,-0.6324,0.0849,0.9311,3.64,2.66,34.37,Pull
30,11680734830,-0.7108,0.0996,0.7071,0.91,4.06,18.69,Pull
30,11680774827,-0.6193,0.3653,0.7115,-7.91,8.61,-0.28,Pull
30,11680814830,-0.4802,0.3104,0.7496,-10.92,14.63,-13.02,Pull
30,11680854831,-0.4612,0.4758,0.7159,-18.62,6.16,-19.53,Pull
30,11680894828,-0.4560,0.5197,0.7013,-12.46,-2.87,-16.52,Pull
30,11680934828,-0.5270,0.5212,0.7093,-12.32,-7.00,-8.61,Pull
30,11680974864,-0.5292,0.6273,0.6581,-7.91,-11.41,-1.61,Pull
30,11681014866,-0.5797,0.6017,0.6493,6.09,-10.43,5.88,Pull
30,11681054834,-0.5666,0.5614,0.6112,13.37,-6.16,6.93,Pull
30,11681094838,-0.5944,0.5490,0.6061,15.47,-2.73,6.16,Pull
30,11681134843,-0.5644,0.4985,0.6281,14.28,-0.35,3.36,Pull
30,11681174830,-0.4948,0.5366,0.6500,7.98,-0.28,0.49,Pull
31,11686095397,-0.2364,0.1691,1.1273,27.16,-7.98,14.21,Pull
31,11686129666,-0.2599,0.0044,1.2173,34.23,-20.51,22.54,Pull
31,11686169680,-0.2994,0.1274,1.2686,21.98,-39.55,27.16,Pull
31,11686209664,-0.3953,-0.0022,1.3440,43.40,-56.98,29.75,Pull
31,11686249665,-0.5527,-0.0849,1.4838,-3.71,-78.75,26.18,Pull
31,11686289660,-0.7042,0.0512,1.6843,18.62,-104.16,31.29,Pull
31,11686329662,-0.6259,-0.3887,1.7846,-41.79,-138.39,21.49,Pull
31,11686369662,-0.5746,0.0410,1.6067,-87.36,-170.17,21.63,Pull
31,11686409660,-0.5205,-0.0666,1.4289,-76.65,-191.87,23.87,Pull
31,11686449661,-0.3316,0.0454,1.1178,-45.64,-196.00,11.27,Pull
31,11686489663,-0.0081,0.2072,0.8015,-55.72,-201.18,-37.87,Pull
31,11686529676,0.2379,0.2408,0.5680,-152.95,-199.22,-109.27,Pull
31,11686569661,0.5622,0.8023,0.1501,-238.98,-191.66,-169.12,Pull
31,11686609665,0.7013,0.8652,-0.1215,-235.27,-178.64,-206.01,Pull
31,11686649661,0.6544,0.7459,-0.3814,-187.46,-149.45,-230.44,Pull
31,11686689659,0.6061,0.8542,-0.5622,-164.08,-103.46,-250.18,Pull
31,11686729662,0.7971,0.7562,-0.5746,-111.09,-21.63,-291.55,Pull
31,11686769665,1.5094,0.9157,-0.6771,-84.07,81.55,-348.04,Pull
31,11686809662,2.7106,1.0350,-0.7488,-47.39,208.53,-394.03,Pull
31,11686849664,4.3166,1.1719,-0.4509,100.38,410.13,-404.81,Pull
31,11686889663,5.2960,0.8250,-0.1318,136.15,672.98,-371.98,Pull
31,11686929660,5.9951,0.4187,0.0227,231.56,939.33,-245.42,Pull
31,11686969679,8.7862,0.9999,1.2810,273.07,1038.24,-59.43,Pull
31,11687009685,8.6259,0.4809,3.2567,695.87,864.99,259.07,Pull
31,11687049681,4.4367,-1.2627,3.4880,415.59,483.91,387.52,Pull
31,11687089664,1.5299,-1.0358,3.0817,8.05,161.98,237.02,Pull
31,11687129661,0.2921,-0.5680,2.6235,-36.75,64.26,115.01,Pull
31,11687169665,-0.1362,-0.5556,2.2443,-19.74,36.89,48.65,Pull
31,11687209660,-0.5102,0.0425,1.7949,-59.57,27.86,18.69,Pull
31,11687249660,-0.5190,0.1632,1.4164,-21.00,23.80,21.00,Pull
31,11687289664,-0.4897,0.4787,1.1551,-19.46,16.17,26.25,Pull
31,11687329660,-0.5161,0.3294,1.0409,2.80,12.18,30.59,Pull
31,11687369662,-0.4553,0.5205,0.8499,7.28,10.50,25.13,Pull
31,11687409683,-0.4743,0.4282,0.7964,8.47,7.91,10.64,Pull
31,11687449663,-0.4319,0.5585,0.7232,-9.45,4.76,-1.33,Pull
31,11687489672,-0.4260,0.5724,0.7042,-6.30,-0.42,-5.25,Pull
31,11687529680,-0.4231,0.6032,0.6837,3.64,-5.74,-2.94,Pull
31,11687569663,-0.4238,0.6207,0.6661,2.59,-8.82,-1.68,Pull
31,11687609664,-0.4070,0.6588,0.6303,-2.52,-7.21,-0.98,Pull
31,11687649661,-0.4443,0.7459,0.5680,-9.94,-5.18,0.77,Pull
31,11687689693,-0.4904,0.6888,0.5541,11.69,-1.82,2.24,Pull
31,11687729664,-0.4729,0.6676,0.5622,0.91,-0.70,1.89,Pull
31,11687769662,-0.4575,0.6925,0.5724,4.13,-0.28,2.03,Pull
31,11687809661,-0.4026,0.6888,0.5666,2.10,-2.17,0.77,Pull
31,11687849664,-0.4011,0.6522,0.5651,1.33,-3.78,-0.56,Pull
31,11687889660,-0.4297,0.6903,0.5519,-4.76,-4.90,-1.68,Pull
31,11687929661,-0.4355,0.7020,0.5366,-8.68,-2.52,-1.47,Pull
31,11687969671,-0.4502,0.6859,0.5373,3.50,0.07,1.40,Pull
31,11688009714,-0.4480,0.6800,0.5344,5.88,4.90,4.90,Pull
31,11688049666,-0.4494,0.6800,0.5490,5.81,6.44,7.42,Pull
32,11695351410,-0.0022,-0.0344,1.0065,0.07,9.10,1.68,Pull
32,11695382921,-0.0139,-0.0381,1.0211,2.45,7.91,1.75,Pull
32,11695422933,-0.0146,-0.0403,1.0167,-1.40,5.11,1.19,Pull
32,11695462916,-0.0490,-0.0242,1.0329,2.59,3.15,0.07,Pull
32,11695502916,-0.0915,-0.0242,1.0834,5.88,1.47,-1.26,Pull
32,11695542912,-0.1757,0.0212,1.2071,16.03,1.12,-1.61,Pull
32,11695582952,-0.2965,-0.2225,1.4223,21.84,-2.03,-2.45,Pull
32,11695622917,-0.3221,-0.1135,1.5760,-11.55,-24.50,-3.85,Pull
32,11695662915,-0.4275,-0.3126,1.8468,20.93,-62.86,1.68,Pull
32,11695702939,-0.3565,-0.2979,1.9947,-20.23,-114.10,-10.78,Pull
32,11695742916,-0.1962,0.0285,1.9047,-69.02,-161.63,-29.12,Pull
32,11695782912,-0.1713,0.0490,1.6536,-107.52,-194.74,-52.08,Pull
32,11695822917,0.0029,0.2408,1.3425,-170.38,-220.71,-76.16,Pull
32,11695862912,0.2079,0.2020,0.9721,-195.72,-231.28,-82.95,Pull
32,11695902911,0.2899,0.4187,0.6090,-215.88,-218.54,-87.43,Pull
32,11695942923,0.3316,0.4670,0.3653,-205.31,-184.73,-97.23,Pull
32,11695982938,0.4421,0.4685,0.0864,-204.05,-146.65,-112.21,Pull
32,11696022917,0.5746,0.5431,-0.1596,-187.25,-105.77,-136.15,Pull
32,11696062933,0.6002,0.6603,-0.2884,-161.42,-49.28,-172.48,Pull
32,11696102913,0.7767,0.5841,-0.4246,-118.37,32.69,-215.04,Pull
32,11696142913,1.1785,0.8660,-0.5980,-97.93,135.38,-256.55,Pull
32,11696182917,1.9823,0.9553,-0.7430,-52.92,261.73,-284.48,Pull
32,11696222912,3.8986,1.3132,-0.5000,13.09,419.30,-305.27,Pull
32,11696262913,5.5164,0.9340,0.0307,122.57,658.14,-256.83,Pull
32,11696302918,6.8969,0.7979,-0.1479,176.05,923.02,-88.34,Pull
32,11696342912,8.8901,1.2810,1.6836,357.42,1009.54,210.42,Pull
32,11696382911,8.4853,0.1969,4.7873,333.83,824.32,436.38,Pull
32,11696422915,5.0779,-1.3527,4.5391,271.46,480.20,442.96,Pull
32,11696462912,1.8864,-1.5218,3.5012,80.64,229.67,317.73,Pull
32,11696502911,0.5724,-1.2312,2.6930,-31.43,103.46,210.91,Pull
32,11696542916,-0.2401,-0.5937,2.1631,-72.38,67.69,128.38,Pull
32,11696582933,-0.3872,-0.5951,1.7495,-17.92,56.77,74.83,Pull
32,11696622916,-0.4604,-0.0827,1.4193,-40.88,40.25,38.15,Pull
32,11696662912,-0.4721,-0.0747,1.2268,-15.68,24.15,23.87,Pull
32,11696702915,-0.4421,0.2306,1.1280,-10.85,11.06,19.60,Pull
32,11696742913,-0.5439,0.1976,0.9963,12.74,2.45,16.17,Pull
32,11696782912,-0.5768,0.2481,0.9362,1.33,-0.35,7.56,Pull
32,11696822911,-0.5746,0.3623,0.8418,16.10,-2.38,-0.91,Pull
32,11696862914,-0.5058,0.3836,0.7913,-6.16,-7.00,-5.81,Pull
32,11696902911,-0.3924,0.5497,0.7591,0.21,-9.94,-6.30,Pull
32,11696942921,-0.3953,0.6222,0.6669,-18.34,-15.61,-3.92,Pull
32,11696982935,-0.4970,0.5907,0.6888,7.84,-19.25,3.64,Pull
32,11697022929,-0.5322,0.5724,0.6493,9.03,-14.28,6.37,Pull
32,11697062922,-0.5841,0.5431,0.6324,2.80,-7.63,4.90,Pull
32,11697102912,-0.5519,0.5805,0.6427,8.75,0.21,1.54,Pull
32,11697142913,-0.4575,0.5278,0.6647,6.93,5.67,-0.84,Pull
32,11697182912,-0.4363,0.5695,0.6873,-0.98,0.84,-1.68,Pull
32,11697222912,-0.4546,0.5285,0.6837,0.28,-3.57,-1.40,Pull
32,11697262911,-0.5087,0.5995,0.6771,-0.42,-8.61,-0.77,Pull
32,11697302915,-0.4787,0.4604,0.6852,4.83,-9.38,0.07,Pull
33,11702311396,-0.0395,-0.0029,1.0153,1.89,1.54,2.38,Pull
33,11702342911,-0.0483,-0.0220,1.0263,1.96,0.49,1.33,Pull
33,11702382908,-0.0476,0.0066,1.0526,3.08,-2.10,0.98,Pull
33,11702422905,-0.0834,-0.0037,1.1727,7.70,-5.53,1.40,Pull
33,11702462906,-0.1684,-0.0015,1.3703,-0.21,-11.97,-0.77,Pull
33,11702502909,-0.2569,-0.1479,1.6463,-32.20,-26.53,-7.21,Pull
33,11702542905,-0.2694,0.2262,1.7751,-64.68,-54.88,-13.44,Pull
33,11702582904,-0.3682,0.1010,1.7883,-67.76,-99.82,-10.15,Pull
33,11702622907,-0.5980,0.1435,1.6594,-69.93,-144.83,1.47,Pull
33,11702662904,-0.7313,0.1493,1.4237,-87.92,-176.82,12.32,Pull
33,11702702904,-0.8279,0.0242,1.2166,-113.40,-194.60,17.08,Pull
33,11702742907,-0.6852,0.2511,1.0255,-154.42,-204.26,11.62,Pull
33,11702782908,-0.4575,0.0659,0.8586,-135.52,-206.57,0.70,Pull
33,11702822905,-0.0512,0.2401,0.5710,-197.26,-212.59,-21.28,Pull
33,11702862910,0.0959,0.4304,0.3587,-152.81,-208.67,-42.07,Pull
33,11702902904,0.1581,0.4282,0.2869,-128.66,-186.27,-79.03,Pull
33,11702942919,0.3023,0.3455,0.0337,-94.15,-148.40,-124.32,Pull
33,11702982912,0.4048,0.4751,-0.1706,-120.96,-99.26,-180.53,Pull
33,11703022930,0.5673,0.5190,-0.3023,-107.24,-42.91,-223.58,Pull
33,11703062908,0.8133,0.5702,-0.4707,-92.68,23.17,-258.79,Pull
33,11703102920,1.0446,0.7093,-0.5592,-49.00,104.72,-276.92,Pull
33,11703142908,1.4977,0.7825,-0.5995,-18.55,198.17,-285.67,Pull
33,11703182908,2.3490,0.9750,-0.5863,18.20,306.25,-291.69,Pull
33,11703222906,3.5875,1.0548,-0.4538,50.33,417.97,-297.29,Pull
33,11703262913,4.8817,1.0504,-0.0410,133.70,561.89,-284.83,Pull
33,11703302907,6.0002,0.4414,0.1640,161.63,701.89,-200.34,Pull
33,11703342908,6.2710,0.6002,1.3806,255.08,853.23,3.36,Pull
33,11703382905,6.9342,0.0220,3.3643,454.16,864.22,278.60,Pull
33,11703422925,5.1123,-0.9011,4.3964,429.66,559.79,426.86,Pull
33,11703462907,1.5665,-0.6112,3.8371,72.73,264.81,328.16,Pull
33,11703502908,-0.0183,-0.8447,2.9046,-7.42,112.91,194.18,Pull
33,11703542906,-0.6083,-0.4048,2.1528,-94.01,46.34,81.48,Pull
33,11703582904,-0.7196,-0.0966,1.7026,-72.73,21.63,15.54,Pull
33,11703622906,-0.7671,0.1749,1.3008,-85.75,10.57,-16.31,Pull
33,11703662905,-0.6925,0.3506,1.0424,-40.67,10.85,-18.34,Pull
33,11703702930,-0.5505,0.5000,0.7950,-45.15,12.67,-15.82,Pull
33,11703742906,-0.4934,0.5636,0.6237,-18.55,17.43,-8.33,Pull
33,11703782907,-0.4546,0.7305,0.5197,-29.26,18.41,-9.59,Pull
33,11703822904,-0.4831,0.7122,0.5205,-15.75,21.70,-7.98,Pull
33,11703862909,-0.4860,0.7379,0.5446,-3.57,24.64,-3.78,Pull
33,11703902905,-0.4663,0.7525,0.5585,3.64,20.37,2.80,Pull
33,11703942917,-0.4216,0.7752,0.5614,9.45,13.37,6.09,Pull
33,11703982928,-0.4626,0.8213,0.5402,1.05,7.84,8.19,Pull
33,11704022925,-0.4524,0.7862,0.5022,7.70,2.38,7.98,Pull
33,11704062909,-0.5095,0.8147,0.4897,-1.47,1.40,7.42,Pull
33,11704102905,-0.4626,0.7393,0.4509,6.58,1.54,10.08,Pull
33,11704142921,-0.3887,0.7935,0.4407,2.38,2.87,10.01,Pull
33,11704182911,-0.3997,0.7649,0.4663,-1.68,6.79,9.31,Pull
33,11704222904,-0.4063,0.7459,0.4546,7.91,9.45,10.50,Pull
33,11704262903,-0.4268,0.7166,0.4575,2.94,7.49,10.36,Pull
34,11765335410,-0.1640,0.2167,1.0577,-2.87,5.88,10.64,Pull
34,11765366934,-0.1610,0.1976,1.0863,-3.29,4.48,11.13,Pull
34,11765406931,-0.2006,0.2840,1.0987,-7.70,-1.05,12.39,Pull
34,11765446926,-0.4011,0.3177,1.1727,-0.84,-8.05,16.17,Pull
34,11765486925,-0.5058,0.2811,1.2993,-24.08,-24.78,18.27,Pull
34,11765526930,-0.6273,0.3858,1.4120,-47.32,-47.74,25.27,Pull
34,11765566926,-0.6361,0.4187,1.5123,-67.90,-78.89,35.63,Pull
34,11765606928,-0.7115,0.4597,1.6448,-69.02,-109.13,45.43,Pull
34,11765646928,-0.7247,0.2869,1.6704,-86.73,-135.38,40.60,Pull
34,11765686942,-0.6815,0.4736,1.4625,-115.64,-162.89,22.54,Pull
34,11765726930,-0.4341,0.3762,1.2642,-166.88,-184.31,-17.71,Pull
34,11765766932,0.0029,0.5388,0.9435,-198.80,-199.71,-54.74,Pull
34,11765806926,0.3272,0.3572,0.4758,-211.33,-210.77,-78.33,Pull
34,11765846926,0.4538,0.5907,0.1530,-227.29,-207.20,-86.80,Pull
34,11765886928,0.6112,0.5724,-0.0959,-153.44,-182.21,-93.38,Pull
34,11765926925,0.5014,0.6200,-0.2950,-132.16,-141.68,-123.55,Pull
34,11765966973,0.6383,0.3052,-0.4436,-79.66,-84.35,-162.61,Pull
34,11766006939,0.9736,0.4721,-0.6193,-91.00,-14.91,-204.96,Pull
34,11766046927,1.3666,0.2965,-0.7518,-42.35,71.75,-235.34,Pull
34,11766086925,2.0269,0.3982,-0.8608,-9.45,169.96,-260.12,Pull
34,11766126930,3.0334,0.6654,-0.9670,6.58,285.53,-307.72,Pull
34,11766166925,4.3649,0.8535,-0.6632,37.80,439.18,-375.55,Pull
34,11766206940,4.7909,0.3711,-0.7166,103.95,644.91,-404.46,Pull
34,11766246931,6.9335,0.3396,-0.9575,199.64,864.08,-360.78,Pull
34,11766286925,8.6134,1.4179,0.8630,530.60,961.80,-32.13,Pull
34,11766326927,8.1940,0.1874,3.0678,577.29,767.90,316.40,Pull
34,11766366930,3.6110,-0.8096,3.4550,354.55,388.01,359.59,Pull
34,11766406925,1.2239,-0.8469,2.9551,36.33,190.05,194.46,Pull
34,11766446925,0.4487,-0.9501,2.4339,19.88,88.69,112.21,Pull
34,11766486928,-0.1969,-0.5915,2.1199,2.24,40.18,70.28,Pull
34,11766526925,-0.2672,-0.0783,1.7239,-68.53,26.95,42.98,Pull
34,11766566940,-0.3982,0.0110,1.4764,-31.36,24.78,41.09,Pull
34,11766606925,-0.4033,0.1815,1.2854,-33.32,21.77,39.83,Pull
34,11766646927,-0.3045,0.3082,1.1031,-16.94,19.25,36.82,Pull
34,11766686942,-0.4656,0.2562,1.0006,-4.41,12.18,27.44,Pull
34,11766726931,-0.4765,0.4011,0.9194,-0.14,7.49,15.47,Pull
34,11766766929,-0.4597,0.4180,0.8579,-2.03,3.85,4.34,Pull
34,11766806925,-0.4480,0.4677,0.7847,-2.80,-0.28,-2.03,Pull
34,11766846930,-0.4187,0.4890,0.7459,-3.43,-4.90,-3.15,Pull
34,11766886925,-0.3989,0.4912,0.7254,-0.63,-8.26,-1.89,Pull
34,11766926924,-0.4231,0.5080,0.6998,-1.33,-10.50,-0.70,Pull
34,11766966966,-0.4656,0.5636,0.6756,11.69,-9.03,-0.35,Pull
34,11767006932,-0.4685,0.5036,0.6566,4.83,-8.05,-1.33,Pull
34,11767046935,-0.4597,0.5863,0.6427,6.51,-6.23,-3.01,Pull
34,11767086926,-0.4582,0.5644,0.6449,-0.63,-5.53,-4.90,Pull
34,11767126924,-0.4370,0.6295,0.6346,3.29,-4.34,-5.25,Pull
34,11767166929,-0.4099,0.5607,0.6376,10.29,-4.20,-3.85,Pull
34,11767206944,-0.4319,0.6185,0.6456,12.04,-4.41,-2.31,Pull
34,11767246929,-0.4165,0.5578,0.6464,22.05,-3.57,-1.47,Pull
34,11767286928,-0.4531,0.5790,0.6442,20.65,-3.01,-0.91,Pull
35,11777219407,-0.4355,0.2430,1.2473,-33.53,-108.50,0.56,Pull
35,11777250182,-0.7078,0.1998,1.2803,-34.44,-126.84,9.73,Pull
35,11777290178,-1.0651,0.2042,1.2671,-112.84,-137.62,22.33,Pull
35,11777330174,-1.1185,0.2613,1.2371,-119.91,-145.04,49.21,Pull
35,11777370176,-0.8337,0.1662,1.3213,-120.47,-161.70,65.10,Pull
35,11777410179,-0.6171,-0.0190,1.4062,-116.69,-178.01,58.10,Pull
35,11777450173,-0.3989,0.0037,1.3015,-127.05,-189.91,37.94,Pull
35,11777490176,-0.0154,0.2547,0.8872,-183.26,-192.64,-4.69,Pull
35,11777530176,0.1215,0.4590,0.4136,-190.19,-186.41,-52.57,Pull
35,11777570174,0.2013,0.6588,0.2430,-176.47,-170.94,-105.07,Pull
35,11777610191,0.2591,0.7188,0.0000,-89.60,-137.20,-153.37,Pull
35,11777650183,0.3821,0.2006,-0.3565,-112.63,-94.78,-207.48,Pull
35,11777690175,0.5885,0.6588,-0.5461,-129.43,-36.33,-254.38,Pull
35,11777730174,1.1500,0.7218,-0.7335,-106.40,48.16,-292.60,Pull
35,11777770182,1.7663,0.8220,-0.9553,-39.41,153.23,-312.62,Pull
35,11777810175,3.2676,1.1624,-1.1536,-11.27,277.55,-333.97,Pull
35,11777850174,4.6526,1.5431,-0.9172,43.19,466.41,-349.79,Pull
35,11777890174,5.5844,0.9377,-0.7115,154.56,721.28,-274.47,Pull
35,11777930174,7.2446,1.2839,-0.0842,292.25,954.87,-82.88,Pull
35,11777970201,8.8023,-0.1896,3.4711,416.08,985.25,272.86,Pull
35,11778010178,7.8595,-0.5205,4.7748,448.14,697.76,505.40,Pull
35,11778050174,2.9514,-0.5058,3.7361,38.01,306.81,396.13,Pull
35,11778090177,0.5453,-1.2751,3.0005,2.52,83.93,228.62,Pull
35,11778130174,-0.4187,-0.6676,2.3519,-66.22,9.31,120.96,Pull
35,11778170173,-0.7239,-0.5087,1.7802,-94.99,-3.99,55.44,Pull
35,11778210191,-0.6822,0.2386,1.2795,-117.95,4.62,27.51,Pull
35,11778250177,-0.6405,0.1559,1.0058,-56.42,14.56,26.04,Pull
35,11778290172,-0.5944,0.2987,0.8535,-31.78,16.94,30.31,Pull
35,11778330179,-0.6339,0.3799,0.7598,-4.55,23.59,32.90,Pull
35,11778370173,-0.6434,0.4077,0.6698,3.50,24.50,28.84,Pull
35,11778410172,-0.6449,0.4795,0.6134,5.60,21.84,21.84,Pull
35,11778450176,-0.6420,0.4319,0.6200,8.54,11.83,14.77,Pull
35,11778490172,-0.5856,0.5051,0.6141,-0.42,4.34,8.75,Pull
35,11778530173,-0.6171,0.5395,0.5827,7.42,-3.08,7.84,Pull
35,11778570174,-0.5951,0.5915,0.5314,1.75,-6.58,6.65,Pull
35,11778610173,-0.6332,0.5388,0.5036,0.63,-6.79,6.72,Pull
35,11778650173,-0.6376,0.6486,0.4677,0.21,-0.63,5.67,Pull
35,11778690172,-0.6251,0.5724,0.4509,3.99,2.73,3.01,Pull
35,11778730207,-0.5878,0.6098,0.4546,5.39,4.13,0.21,Pull
35,11778770181,-0.5556,0.5871,0.4685,3.92,5.04,-1.61,Pull
35,11778810181,-0.5695,0.5958,0.4619,0.00,4.83,-2.38,Pull
35,11778850174,-0.5585,0.5958,0.4524,5.60,4.76,-1.61,Pull
35,11778890174,-0.5688,0.6163,0.4641,4.06,4.76,-1.19,Pull
35,11778930173,-0.5973,0.6376,0.4516,3.36,5.95,0.14,Pull
35,11778970212,-0.6017,0.6442,0.4765,5.32,7.56,1.68,Pull
35,11779010179,-0.5863,0.6346,0.4978,1.33,7.07,1.89,Pull
35,11779050174,-0.5907,0.6383,0.5183,3.99,6.72,1.26,Pull
35,11779090173,-0.5885,0.5966,0.5263,3.57,4.97,0.14,Pull
35,11779130178,-0.5944,0.6639,0.5234,1.19,2.10,-0.84,Pull
35,11779170173,-0.5973,0.6464,0.5109,0.91,0.42,-0.35,Pull
36,11843067407,-0.0366,0.0285,0.9743,-7.07,-4.06,0.49,Pull
36,11843100624,-0.0447,0.0315,0.9845,-3.43,-3.36,2.45,Pull
36,11843140619,-0.0439,0.0176,0.9919,-3.01,-2.38,3.50,Pull
36,11843180615,-0.0476,0.0395,1.0072,-8.82,-3.01,4.41,Pull
36,11843220620,-0.0461,0.0468,1.0285,-3.57,-3.57,6.16,Pull
36,11843260615,-0.0644,0.0578,1.0416,-4.76,-5.60,6.72,Pull
36,11843300614,-0.0688,0.0556,1.0804,-4.83,-8.19,6.44,Pull
36,11843340614,-0.0952,0.1398,1.1712,-9.17,-13.37,4.34,Pull
36,11843380642,-0.2306,0.1449,1.2656,2.17,-23.52,4.48,Pull
36,11843420636,-0.3697,0.1230,1.4186,-4.76,-50.40,5.18,Pull
36,11843460626,-0.6127,0.1215,1.6748,-15.33,-86.66,8.82,Pull
36,11843500618,-0.9216,-0.0066,1.7649,-42.00,-121.94,11.62,Pull
36,11843540614,-0.9296,0.1998,1.7143,-89.74,-162.68,10.43,Pull
36,11843580616,-0.8747,0.1523,1.6360,-111.65,-200.83,2.80,Pull
36,11843620615,-0.6793,0.0161,1.5233,-152.53,-231.56,-6.44,Pull
36,11843660615,-0.3367,0.1200,1.1910,-229.11,-243.60,-24.36,Pull
36,11843700635,0.1603,0.3799,0.7276,-270.48,-240.38,-39.76,Pull
36,11843740618,0.2042,0.5139,0.3594,-213.01,-227.64,-48.23,Pull
36,11843780618,0.4136,0.4992,0.1603,-167.72,-197.96,-81.34,Pull
36,11843820613,0.2416,0.5871,-0.1252,-114.17,-170.31,-125.65,Pull
36,11843860617,0.3404,0.1354,-0.2474,-68.60,-131.81,-173.81,Pull
36,11843900617,0.5812,0.4480,-0.4085,-124.04,-84.28,-229.04,Pull
36,11843940627,0.9362,0.4143,-0.5592,-73.57,-17.57,-270.27,Pull
36,11843980667,1.4252,0.5922,-0.7620,-33.11,65.17,-302.68,Pull
36,11844020628,1.8995,0.7510,-0.9801,28.07,178.85,-323.40,Pull
36,11844060618,2.9375,0.8389,-1.1244,81.76,318.64,-337.68,Pull
36,11844100646,3.8767,0.6442,-0.9011,129.08,506.24,-336.56,Pull
36,11844140621,5.3429,0.5395,-0.7942,139.79,706.44,-307.79,Pull
36,11844180625,6.5419,0.2474,-0.1962,244.23,850.29,-158.41,Pull
36,11844220624,6.5580,1.0504,2.8380,494.34,877.38,83.16,Pull
36,11844260639,5.7535,-0.4458,4.4989,505.33,661.99,294.14,Pull
36,11844300637,2.2238,-0.7591,3.8071,68.32,284.62,253.40,Pull
36,11844340619,0.1779,-0.2591,2.8885,-15.82,83.09,114.52,Pull
36,11844380615,-0.4751,-0.1003,2.0254,-85.68,-2.03,27.23,Pull
36,11844420614,-0.9860,0.3821,1.3410,-66.15,-2.38,-3.01,Pull
36,11844460616,-0.7576,0.6281,0.8067,-61.32,29.40,-3.22,Pull
36,11844500645,-0.5592,0.8791,0.6500,-35.07,47.46,9.17,Pull
36,11844540625,-0.4758,0.7693,0.6163,2.94,57.33,21.70,Pull
36,11844580618,-0.4026,0.7928,0.6442,13.44,51.87,23.10,Pull
36,11844620614,-0.4143,0.6873,0.6720,19.53,39.41,23.87,Pull
36,11844660641,-0.4048,0.8250,0.6127,7.35,23.52,20.23,Pull
36,11844700617,-0.4538,0.7481,0.5629,6.30,13.37,12.67,Pull
36,11844740615,-0.4714,0.8059,0.5095,-3.36,9.66,3.71,Pull
36,11844780621,-0.4443,0.8147,0.4634,-5.74,9.52,-0.70,Pull
36,11844820625,-0.4121,0.8389,0.4568,0.98,9.73,1.05,Pull
36,11844860615,-0.3741,0.8228,0.4348,7.49,8.47,5.67,Pull
36,11844900614,-0.3711,0.7920,0.4253,13.93,5.11,7.98,Pull
36,11844940613,-0.3440,0.6808,0.4612,-0.14,1.47,4.27,Pull
36,11844980631,-0.3565,0.8176,0.4429,-2.59,-0.77,2.80,Pull
36,11845020616,-0.3623,0.7444,0.4238,8.12,-1.19,2.80,Pull
37,11849595407,-0.5571,0.1728,1.0233,1.12,-37.59,24.99,Pull
37,11849628859,-0.5929,0.1142,1.0438,2.94,-49.21,30.31,Pull
37,11849668858,-0.8477,0.1720,1.1697,-4.83,-71.19,38.15,Pull
37,11849708855,-1.0109,0.1069,1.2422,-23.80,-97.44,45.08,Pull
37,11849748854,-0.9948,0.0805,1.3871,-42.14,-113.96,41.86,Pull
37,11849788885,-0.9143,-0.0813,1.3937,-69.93,-130.76,38.08,Pull
37,11849828857,-0.8528,-0.0381,1.3293,-80.64,-140.49,21.84,Pull
37,11849868856,-0.6149,0.0959,1.1588,-125.65,-154.42,-6.79,Pull
37,11849908855,-0.3499,0.3030,0.9867,-128.31,-164.43,-35.98,Pull
37,11849948926,-0.0893,0.3367,0.7247,-164.57,-175.07,-82.74,Pull
37,11849988872,0.0447,0.5007,0.3118,-128.52,-168.91,-127.68,Pull
37,11850028860,0.1984,0.3060,0.0856,-153.44,-147.49,-174.51,Pull
37,11850068868,0.3338,0.5065,-0.1559,-171.57,-117.53,-212.94,Pull
37,11850108858,0.5900,0.7774,-0.3770,-156.59,-81.55,-244.72,Pull
37,11850148858,0.9589,0.6866,-0.4590,-123.48,-37.73,-279.30,Pull
37,11850188855,1.3652,0.6266,-0.6149,-111.93,26.67,-319.41,Pull
37,11850228854,1.9325,1.0189,-0.8528,-69.51,122.29,-340.13,Pull
37,11850268874,3.2508,0.7671,-1.0072,30.94,264.46,-339.15,Pull
37,11850308860,4.5508,1.1990,-0.8425,107.17,447.93,-353.99,Pull
37,11850348855,5.3700,0.3360,-0.5109,182.98,687.12,-315.21,Pull
37,11850388857,6.6085,0.0944,0.1193,234.15,924.21,-162.75,Pull
37,11850428854,9.2130,2.3036,2.1587,460.04,1076.95,40.39,Pull
37,11850468861,9.2525,0.0044,3.8994,712.81,824.60,431.62,Pull
37,11850508854,3.4799,-1.0307,2.5452,93.73,373.03,411.46,Pull
37,11850548854,0.8945,-1.5321,3.0868,88.34,75.32,272.65,Pull
37,11850588867,-0.2445,-0.9340,2.5627,-114.03,-0.91,129.36,Pull
37,11850628856,-0.4304,-0.2145,1.8922,-151.06,-27.79,32.62,Pull
37,11850668854,-0.5819,0.2511,1.3637,-153.86,-55.44,-30.59,Pull
37,11850708855,-0.5424,0.4765,1.0570,-113.33,-68.32,-53.97,Pull
37,11850748853,-0.5775,0.7159,0.7444,-125.93,-55.44,-49.42,Pull
37,11850788874,-0.5592,0.7825,0.4992,-75.67,-23.87,-29.05,Pull
37,11850828864,-0.5080,0.8162,0.3331,-50.61,1.26,-12.53,Pull
37,11850868855,-0.4055,0.8264,0.2804,-23.73,21.63,-1.40,Pull
37,11850908855,-0.4268,0.8140,0.2562,-16.87,34.02,3.85,Pull
37,11850948925,-0.4311,0.8396,0.2284,-11.13,36.12,4.48,Pull
37,11850988864,-0.4692,0.8023,0.2818,-10.08,36.26,2.24,Pull
37,11851028875,-0.4246,0.7884,0.3536,-6.16,31.36,0.00,Pull
37,11851068867,-0.4085,0.8374,0.3865,-2.94,28.91,2.45,Pull
37,11851108873,-0.3770,0.8096,0.3909,3.08,23.31,8.19,Pull
37,11851148857,-0.3850,0.8345,0.3909,8.96,20.86,14.70,Pull
37,11851188861,-0.4436,0.7752,0.3704,14.00,21.49,18.62,Pull
37,11851228855,-0.4714,0.7803,0.3638,11.20,21.70,18.48,Pull
37,11851268856,-0.4897,0.7627,0.3770,11.69,20.58,16.38,Pull
37,11851308859,-0.4436,0.7320,0.3572,14.28,17.64,14.00,Pull
37,11851348855,-0.4882,0.7986,0.3067,12.67,10.57,9.73,Pull
37,11851388854,-0.4414,0.7942,0.3177,21.63,6.23,6.65,Pull
37,11851428856,-0.5497,0.8213,0.3287,18.62,6.09,3.50,Pull
37,11851468854,-0.5958,0.7196,0.3784,17.22,10.01,2.45,Pull
37,11851508861,-0.5241,0.8089,0.3880,15.47,11.48,5.04,Pull
37,11851548854,-0.5409,0.7349,0.4107,21.70,9.59,9.31,Pull
38,11858071409,-0.1120,0.0403,0.9919,3.08,2.66,9.31,Pull
38,11858103424,-0.1149,0.0593,0.9780,3.57,2.17,9.10,Pull
38,11858143420,-0.1083,0.0271,0.9999,4.83,1.47,8.82,Pull
38,11858183418,-0.1025,0.0483,1.0211,0.42,0.63,7.91,Pull
38,11858223421,-0.1208,0.0300,1.0394,3.15,-0.35,6.37,Pull
38,11858263436,-0.1610,0.0981,1.0760,0.63,-1.89,4.76,Pull
38,11858303420,-0.2533,0.1142,1.1910,13.23,-4.27,5.39,Pull
38,11858343422,-0.4582,0.0190,1.4362,14.56,-19.18,10.01,Pull
38,11858383445,-0.7657,0.2328,1.6272,4.76,-60.20,23.10,Pull
38,11858423422,-0.9296,0.1566,1.7839,11.27,-118.65,32.27,Pull
38,11858463419,-1.0563,-0.0608,1.7810,-29.68,-173.11,33.25,Pull
38,11858503419,-0.9758,-0.0161,1.5482,-110.53,-212.87,29.61,Pull
38,11858543418,-0.6771,0.1793,1.2137,-147.28,-236.18,30.87,Pull
38,11858583423,-0.4524,0.0476,0.9560,-138.81,-246.26,21.42,Pull
38,11858623418,-0.2847,0.2862,0.6537,-160.51,-241.64,-1.82,Pull
38,11858663419,-0.1940,0.3360,0.4699,-134.47,-217.56,-34.09,Pull
38,11858703421,-0.0015,0.4692,0.3550,-117.67,-179.34,-87.15,Pull
38,11858743418,0.0615,0.1588,0.2328,-89.46,-136.22,-137.55,Pull
38,11858783435,0.2335,0.0651,-0.0966,-136.22,-98.42,-182.28,Pull
38,11858823426,0.2606,0.4897,-0.3170,-168.84,-73.43,-228.76,Pull
38,11858863419,0.3287,0.5380,-0.4480,-117.11,-32.97,-265.23,Pull
38,11858903418,0.7430,0.7261,-0.6002,-98.98,17.99,-309.40,Pull
38,11858943458,1.3601,0.8455,-0.7825,-58.80,89.88,-349.86,Pull
38,11858983439,2.4368,0.9816,-0.9289,-64.54,169.89,-371.35,Pull
38,11859023452,3.6285,1.3725,-0.5995,71.68,280.98,-351.54,Pull
38,11859063426,4.4271,1.4091,-0.0981,162.47,432.60,-309.82,Pull
38,11859103421,5.1350,1.1397,-0.1508,162.61,646.31,-289.17,Pull
38,11859143420,5.9870,0.9362,0.1801,185.85,841.89,-204.33,Pull
38,11859183419,6.6429,1.0856,2.6425,322.70,913.71,-89.18,Pull
38,11859223424,6.0353,-0.1903,4.5355,465.64,727.51,116.34,Pull
38,11859263435,2.6235,-0.6361,3.6739,-163.31,351.61,-0.28,Pull
38,11859303423,1.1763,0.7635,2.4185,-110.53,99.89,-119.14,Pull
38,11859343420,0.0586,0.4231,1.6433,20.30,-17.78,-112.35,Pull
38,11859383420,-0.8520,1.4362,0.6478,71.05,21.42,-31.50,Pull
38,11859423439,-0.9143,1.3015,0.5117,69.72,96.60,40.67,Pull
38,11859463423,-0.3667,1.2122,0.6083,76.86,113.75,84.42,Pull
38,11859503442,-0.0681,1.0702,0.7627,88.13,94.08,92.12,Pull
38,11859543421,-0.1296,0.8433,0.7459,63.84,44.80,68.04,Pull
38,11859583418,-0.2086,0.8616,0.5966,31.71,6.37,39.48,Pull
38,11859623423,-0.3170,0.9597,0.3536,10.64,-10.22,21.70,Pull
38,11859663417,-0.3858,0.9889,0.2562,28.35,-0.84,19.81,Pull
38,11859703437,-0.2555,0.8769,0.2350,17.71,8.19,10.64,Pull
38,11859743428,-0.2269,0.9633,0.2174,6.72,11.55,4.34,Pull
38,11859783434,-0.1808,0.9494,0.2159,-6.23,8.82,0.42,Pull
38,11859823424,-0.1991,0.8484,0.2430,-4.20,3.57,0.49,Pull
38,11859863425,-0.1881,0.9143,0.1976,-7.49,-0.84,1.75,Pull
38,11859903418,-0.1889,0.9392,0.1954,3.43,-3.36,3.15,Pull
38,11859943454,-0.2101,0.8952,0.1998,-7.14,-3.36,3.36,Pull
38,11859983442,-0.2503,0.9465,0.1735,-5.74,-4.34,6.30,Pull
38,11860023423,-0.2233,0.8886,0.1757,2.52,-4.76,11.41,Pull
39,11865203403,-0.0168,0.0813,0.9699,6.44,-1.33,4.41,Pull
39,11865235754,-0.0117,0.0820,0.9743,3.43,-0.56,3.43,Pull
39,11865275763,-0.0059,0.1098,0.9772,5.88,1.26,3.99,Pull
39,11865315748,0.0073,0.0447,0.9889,5.81,2.73,4.06,Pull
39,11865355752,-0.0007,0.1113,0.9926,6.09,2.52,3.50,Pull
39,11865395747,0.0007,0.0959,1.0409,7.14,2.38,3.92,Pull
39,11865435746,-0.0761,0.1823,1.2693,21.35,1.47,5.25,Pull
39,11865475773,-0.1486,0.1127,1.7239,10.36,-6.86,4.48,Pull
39,11865515763,-0.4341,0.2957,2.1023,-38.92,-53.83,5.32,Pull
39,11865555747,-0.7254,0.3184,2.2216,-34.86,-139.02,29.40,Pull
39,11865595748,-0.9963,0.0747,2.0020,-34.65,-215.95,49.42,Pull
39,11865635745,-1.0475,-0.0886,1.5277,-131.46,-259.00,46.27,Pull
39,11865675746,-0.7342,-0.0871,1.0592,-194.95,-263.34,41.58,Pull
39,11865715745,-0.2789,0.0996,0.7496,-186.76,-255.36,28.77,Pull
39,11865755745,0.0161,0.1501,0.5292,-187.32,-253.05,1.89,Pull
39,11865795765,0.1061,0.3697,0.4048,-97.16,-241.99,-26.53,Pull
39,11865835751,0.1098,0.1318,0.2189,-72.66,-218.26,-74.34,Pull
39,11865875746,0.2152,0.2115,-0.0022,-134.12,-188.30,-122.50,Pull
39,11865915745,0.2233,0.4926,-0.2313,-135.87,-158.55,-159.46,Pull
39,11865955782,0.2635,0.4055,-0.2672,-119.77,-119.56,-203.28,Pull
39,11865995753,0.4451,0.5966,-0.4370,-100.45,-60.62,-258.86,Pull
39,11866035748,0.9970,0.6222,-0.8462,-59.29,4.27,-286.72,Pull
39,11866075749,1.3074,0.8067,-1.0204,27.23,89.74,-303.45,Pull
39,11866115746,2.2267,0.8865,-1.1046,53.20,222.18,-333.55,Pull
39,11866155763,3.5634,1.2320,-1.1939,90.16,389.97,-361.48,Pull
39,11866195755,5.0779,1.3381,-1.0241,194.11,601.02,-331.17,Pull
39,11866235746,6.0697,1.2817,-0.8337,401.52,841.96,-122.08,Pull
39,11866275765,7.3024,0.6925,0.9509,405.37,950.81,243.53,Pull
39,11866315756,8.5776,0.1310,3.5744,450.52,856.94,503.30,Pull
39,11866355746,5.4600,-1.5255,3.6849,263.06,472.36,550.76,Pull
39,11866395746,2.0664,-1.9508,3.1718,114.59,136.92,350.98,Pull
39,11866435749,0.3045,-1.2041,2.3951,-123.76,-27.72,152.60,Pull
39,11866475748,-0.3858,-0.6669,1.8973,-160.72,-73.71,42.63,Pull
39,11866515745,-0.4765,-0.1632,1.3059,-177.17,-76.51,-9.45,Pull
39,11866555750,-0.8154,0.3865,0.8250,-168.84,-54.32,-25.62,Pull
39,11866595746,-0.7686,0.4202,0.4663,-113.68,-19.67,-24.43,Pull
39,11866635746,-0.6588,0.5043,0.3360,-69.79,9.73,-17.99,Pull
39,11866675746,-0.6244,0.5761,0.3345,-30.94,37.17,-6.86,Pull
39,11866715745,-0.5549,0.5534,0.3448,-17.29,55.86,-2.03,Pull
39,11866755745,-0.4941,0.6529,0.4150,-9.03,61.60,-0.77,Pull
39,11866795764,-0.4487,0.6617,0.4487,0.00,57.47,0.84,Pull
39,11866835748,-0.4275,0.7122,0.5248,4.90,49.42,0.70,Pull
39,11866875748,-0.4546,0.7064,0.5300,-2.17,41.23,1.05,Pull
39,11866915744,-0.4956,0.7276,0.5497,1.47,37.52,0.14,Pull
39,11866955777,-0.5519,0.7752,0.5549,-0.28,33.60,-1.40,Pull
39,11866995768,-0.5043,0.7056,0.5585,7.14,29.26,-1.33,Pull
39,11867035784,-0.4817,0.7935,0.5695,2.10,23.24,-0.70,Pull
39,11867075759,-0.4502,0.7459,0.5263,-4.90,16.45,-0.63,Pull
39,11867115747,-0.4699,0.8089,0.5168,1.96,11.83,1.19,Pull
39,11867155746,-0.4714,0.7898,0.4787,2.45,7.70,2.10,Pull
40,11872039407,-0.0117,0.0842,0.9487,5.18,1.33,0.42,Pull
40,11872069309,-0.0110,0.0608,0.9611,0.56,2.80,-1.05,Pull
40,11872109305,0.0029,0.0659,0.9648,-0.70,4.48,-2.24,Pull
40,11872149304,0.0139,0.0791,0.9538,3.15,4.69,-2.10,Pull
40,11872189302,0.0176,0.0520,0.9758,9.52,5.11,-2.03,Pull
40,11872229305,0.0088,0.0725,0.9941,9.80,5.53,-2.17,Pull
40,11872269311,0.0256,0.0644,0.9984,6.79,6.23,-2.66,Pull
40,11872309318,0.0176,0.0805,1.0314,10.64,5.81,-1.82,Pull
40,11872349312,0.0930,-0.0044,1.2202,-22.89,-2.94,-5.46,Pull
40,11872389305,-0.1845,0.5351,1.6982,-65.31,-20.93,-10.85,Pull
40,11872429332,-0.4436,0.4333,1.9720,-31.64,-63.91,11.48,Pull
40,11872469315,-0.7913,0.5739,2.0496,-25.13,-133.84,41.02,Pull
40,11872509306,-1.1419,0.3784,1.8410,-84.91,-198.10,59.01,Pull
40,11872549306,-1.1675,0.4736,1.5723,-151.06,-238.14,74.90,Pull
40,11872589313,-0.9875,0.3492,1.3601,-174.44,-256.90,68.88,Pull
40,11872629311,-0.4451,0.3470,1.0943,-202.58,-261.24,49.21,Pull
40,11872669325,0.0608,0.2291,0.7401,-184.38,-252.98,16.17,Pull
40,11872709307,0.2672,0.4824,0.4143,-174.51,-235.06,-22.61,Pull
40,11872749303,0.3828,0.4860,0.3645,-91.00,-195.86,-67.69,Pull
40,11872789320,0.5292,-0.0505,0.0747,-90.16,-149.52,-126.63,Pull
40,11872829308,0.7415,0.1142,-0.1852,-102.90,-113.75,-174.23,Pull
40,11872869307,0.7906,0.4370,-0.3052,-128.94,-59.57,-249.13,Pull
40,11872909302,1.0028,0.6054,-0.6830,-108.71,10.92,-303.87,Pull
40,11872949346,1.4486,0.9860,-0.8886,-51.17,101.36,-352.59,Pull
40,11872989318,2.4756,1.0021,-1.0109,-6.65,226.87,-414.75,Pull
40,11873029344,3.4675,1.1844,-1.0504,83.02,400.68,-447.65,Pull
40,11873069309,4.5940,0.4150,-0.8118,170.24,618.45,-388.99,Pull
40,11873109308,5.6613,0.2342,-1.0482,248.85,835.59,-246.61,Pull
40,11873149305,7.0989,1.0248,-0.0732,320.81,931.00,36.19,Pull
40,11873189298,8.8645,1.0973,2.7355,915.04,843.08,453.67,Pull
40,11873229305,5.3531,-2.3241,3.7325,345.31,453.18,604.66,Pull
40,11873269303,1.6302,-0.1127,2.4712,28.42,172.34,382.20,Pull
40,11873309318,0.3587,-2.4383,2.6110,46.76,1.75,224.07,Pull
40,11873349308,-0.1837,-0.9706,1.7751,-110.95,-31.64,96.25,Pull
40,11873389328,-0.5424,-0.8813,1.6155,-93.31,-44.38,31.99,Pull
40,11873429308,-0.5380,-0.3675,1.2620,-100.45,-39.97,-6.86,Pull
40,11873469311,-0.5153,-0.0468,1.0460,-88.76,-37.73,-21.91,Pull
40,11873509303,-0.5424,0.1771,0.8762,-90.37,-29.54,-25.55,Pull
40,11873549301,-0.6163,0.3067,0.7518,-41.72,-17.08,-15.33,Pull
40,11873589306,-0.6390,0.4509,0.6705,-47.60,-4.83,-7.77,Pull
40,11873629302,-0.6507,0.4853,0.6120,-8.26,6.58,-1.26,Pull
40,11873669302,-0.6149,0.4868,0.5812,-11.06,13.58,-1.75,Pull
40,11873709307,-0.5827,0.5915,0.5834,-1.61,16.38,-3.78,Pull
40,11873749304,-0.5190,0.5109,0.6295,3.64,15.96,-5.46,Pull
40,11873789319,-0.4985,0.6383,0.6507,-4.76,12.88,-6.16,Pull
40,11873829306,-0.4882,0.6178,0.6515,-0.28,8.40,-3.99,Pull
40,11873869303,-0.4839,0.6098,0.6464,-5.60,2.24,-2.59,Pull
40,11873909302,-0.5146,0.6149,0.6500,3.92,-1.19,-0.49,Pull
40,11873949342,-0.5556,0.6507,0.6398,-6.72,-1.68,-0.07,Pull
40,11873989309,-0.5307,0.6390,0.6032,-2.10,-2.45,0.14,Pull
41,11878567398,-0.0856,0.1706,1.0329,10.99,-0.77,6.65,Pull
41,11878598938,-0.1076,0.1735,1.0314,0.21,-0.84,8.26,Pull
41,11878638936,-0.1222,0.2013,1.0643,0.42,-1.82,11.13,Pull
41,11878678932,-0.1698,0.2701,1.1492,-5.25,-6.09,14.14,Pull
41,11878718935,-0.2994,0.3118,1.4267,4.97,-16.24,23.38,Pull
41,11878758937,-0.5695,0.1288,1.8198,-45.92,-47.95,33.04,Pull
41,11878798951,-0.8352,0.6324,1.9852,-97.58,-108.22,43.89,Pull
41,11878838935,-0.8272,0.4158,2.1645,-114.87,-164.71,56.84,Pull
41,11878878936,-0.6134,0.5819,2.0906,-166.25,-196.56,64.54,Pull
41,11878918932,-0.2137,0.3945,1.8066,-171.08,-214.48,62.86,Pull
41,11878958972,0.2847,0.1771,1.2298,-236.60,-223.72,37.03,Pull
41,11878998946,0.4729,0.5080,0.6976,-264.60,-216.86,9.03,Pull
41,11879038981,0.5651,0.4099,0.3118,-173.04,-188.72,-28.14,Pull
41,11879078938,0.7884,0.2606,-0.0432,-157.57,-158.55,-85.05,Pull
41,11879118941,0.8755,0.2716,-0.2928,-169.05,-124.18,-145.39,Pull
41,11879158933,1.0153,0.2430,-0.5329,-168.07,-64.75,-202.16,Pull
41,11879198932,1.3879,0.4677,-0.8872,-162.26,11.34,-252.00,Pull
41,11879238933,1.8168,0.7745,-1.1522,-69.65,109.34,-295.47,Pull
41,11879278949,2.2590,0.8499,-1.2217,-31.78,250.32,-364.77,Pull
41,11879318934,3.6080,1.0072,-1.4772,-35.21,401.80,-440.65,Pull
41,11879358935,5.3312,1.0299,-1.5372,68.04,567.77,-451.29,Pull
41,11879398946,6.3157,0.6361,-1.1902,267.26,758.94,-312.76,Pull
41,11879438952,8.1706,1.0914,0.8982,362.25,888.51,-80.99,Pull
41,11879478943,8.0454,-0.3470,3.3028,573.58,844.06,206.22,Pull
41,11879518936,4.5120,-1.3498,3.6681,272.72,500.29,285.53,Pull
41,11879558932,1.8337,-0.5366,2.6960,-18.83,198.17,115.64,Pull
41,11879598937,0.3418,-0.5834,2.6718,49.14,84.28,13.51,Pull
41,11879638931,-0.2357,-0.2452,1.9054,-27.23,47.18,-18.34,Pull
41,11879678951,-0.4524,0.4363,1.4896,-117.25,37.17,-12.11,Pull
41,11879718944,-0.6259,1.0731,0.9523,-57.26,73.71,14.28,Pull
41,11879758931,-0.3865,0.8513,0.8045,8.12,99.05,33.39,Pull
41,11879798949,-0.2050,0.8777,0.8067,8.47,93.59,38.64,Pull
41,11879838941,-0.0798,0.8037,0.8337,25.27,74.48,38.15,Pull
41,11879878934,-0.1157,0.7459,0.7913,16.87,47.67,26.74,Pull
41,11879918934,-0.1625,0.7605,0.6859,8.82,22.40,9.31,Pull
41,11879958968,-0.1625,0.8176,0.6207,-13.02,10.36,-4.20,Pull
41,11879998942,-0.2320,0.9026,0.5109,-24.08,12.18,-7.21,Pull
41,11880038934,-0.2196,0.9135,0.4663,-7.56,20.30,-2.10,Pull
41,11880078939,-0.1845,0.9706,0.4546,3.15,23.80,9.31,Pull
41,11880118932,-0.1808,0.9157,0.4773,20.09,24.22,20.51,Pull
41,11880158931,-0.1867,0.8696,0.5117,23.03,22.75,24.22,Pull
41,11880198936,-0.1647,0.8125,0.5117,21.28,18.20,21.91,Pull
41,11880238931,-0.1932,0.7957,0.5300,10.99,14.42,16.59,Pull
41,11880278949,-0.1867,0.7818,0.5234,5.60,13.44,11.06,Pull
41,11880318939,-0.2189,0.8206,0.5043,1.26,14.21,8.19,Pull
41,11880358932,-0.2211,0.8133,0.5014,3.29,14.14,9.03,Pull
41,11880398931,-0.2306,0.7825,0.4926,9.38,14.77,12.81,Pull
41,11880438936,-0.2547,0.7950,0.4948,18.69,14.14,16.38,Pull
41,11880478930,-0.3111,0.7291,0.4941,5.53,13.79,15.26,Pull
41,11880518932,-0.3806,0.7422,0.4311,8.68,13.23,13.58,Pull
42,11926255400,-0.2298,0.1032,0.9062,0.42,5.32,9.73,Pull
42,11926288476,-0.2313,0.0139,0.9318,-0.07,8.12,8.40,Pull
42,11926328468,-0.2511,0.0996,0.9450,-11.90,10.15,5.32,Pull
42,11926368469,-0.2342,0.0688,0.9626,-8.68,9.87,4.34,Pull
42,11926408470,-0.2767,0.1947,1.0006,-11.97,7.63,4.62,Pull
42,11926448467,-0.3579,0.1632,1.1529,8.75,4.13,9.59,Pull
42,11926488467,-0.5790,0.2394,1.3403,-23.52,-10.57,14.21,Pull
42,11926528470,-0.8623,0.2584,1.5972,-29.05,-53.48,28.91,Pull
42,11926568469,-1.1968,0.3279,1.7451,-68.88,-110.67,41.16,Pull
42,11926608467,-1.3696,0.4948,1.6419,-112.77,-152.53,42.91,Pull
42,11926648471,-1.2517,0.4041,1.4794,-154.49,-183.61,28.49,Pull
42,11926688466,-0.7518,0.3806,1.4523,-152.39,-209.09,3.22,Pull
42,11926728466,-0.0395,0.2555,1.2298,-190.26,-229.39,-33.32,Pull
42,11926768469,0.4407,0.2869,0.5819,-254.03,-233.94,-74.76,Pull
42,11926808467,0.5578,0.9501,0.1852,-219.66,-208.60,-113.96,Pull
42,11926848466,0.8023,0.2335,-0.1984,-122.57,-156.80,-185.36,Pull
42,11926888471,1.0490,0.6676,-0.5483,-152.18,-99.82,-268.66,Pull
42,11926928467,1.3242,0.4553,-0.8550,-155.82,-9.24,-340.48,Pull
42,11926968502,1.7385,0.6778,-1.2773,-75.88,120.19,-365.82,Pull
42,11927008501,2.8467,0.9523,-1.3579,3.08,292.74,-366.66,Pull
42,11927048474,4.6577,0.9794,-1.1529,48.09,493.99,-390.32,Pull
42,11927088471,5.7111,0.6712,-1.1068,160.58,709.80,-348.18,Pull
42,11927128478,6.6744,-0.2584,-0.4216,263.48,896.35,-147.14,Pull
42,11927168469,8.6530,1.3447,2.4075,487.13,967.82,93.80,Pull
42,11927208467,7.0279,-1.7700,4.2229,434.49,713.09,353.15,Pull
42,11927248468,3.0707,-0.2225,3.3474,49.49,349.93,251.72,Pull
42,11927288466,0.9999,-0.8425,2.9031,50.33,110.74,108.50,Pull
42,11927328468,-0.1471,-0.2145,2.3724,-94.43,-2.24,11.76,Pull
42,11927368475,-0.4282,0.6969,1.7575,-80.64,-15.54,-13.23,Pull
42,11927408469,-0.5754,0.7679,1.1427,-67.13,-2.10,10.50,Pull
42,11927448488,-0.7232,0.7862,0.7525,-20.44,15.40,49.49,Pull
42,11927488473,-0.5256,0.7715,0.7393,0.98,37.10,65.45,Pull
42,11927528469,-0.5402,0.6493,0.6368,18.90,54.11,62.23,Pull
42,11927568466,-0.5871,0.5907,0.6361,15.54,50.61,47.74,Pull
42,11927608473,-0.4326,0.5424,0.6793,10.15,43.26,33.39,Pull
42,11927648466,-0.4224,0.5710,0.6464,-12.60,27.09,17.43,Pull
42,11927688489,-0.4363,0.5944,0.6207,-13.44,15.26,3.29,Pull
42,11927728479,-0.4817,0.7093,0.5497,-13.37,8.54,-4.27,Pull
42,11927768467,-0.5161,0.7950,0.4875,-1.96,6.09,-5.25,Pull
42,11927808466,-0.5300,0.7342,0.4773,3.15,6.93,-4.90,Pull
42,11927848471,-0.4619,0.7942,0.4634,-5.67,7.42,-7.63,Pull
42,11927888466,-0.4165,0.7920,0.4421,3.22,8.89,-5.46,Pull
42,11927928466,-0.4055,0.8623,0.4297,-2.94,7.98,-1.54,Pull
42,11927968500,-0.3609,0.8147,0.4238,14.14,6.79,4.83,Pull
42,11928008471,-0.3777,0.8337,0.4458,10.01,5.39,9.73,Pull
42,11928048469,-0.4202,0.8308,0.4692,16.59,5.04,10.22,Pull
42,11928088467,-0.3894,0.7825,0.4853,9.31,3.71,7.63,Pull
42,11928128468,-0.3733,0.7759,0.4465,9.87,1.33,6.23,Pull
42,11928168490,-0.4538,0.8645,0.3960,-0.07,-1.12,4.48,Pull
42,11928208470,-0.4465,0.8337,0.4268,2.73,0.63,7.70,Pull
43,11933059406,-0.0183,0.0066,1.0138,-21.98,0.84,17.22,Pull
43,11933092641,-0.0198,0.0703,1.0182,-13.93,-0.63,16.03,Pull
43,11933132636,-0.0549,0.0549,1.0182,-1.47,-4.06,15.33,Pull
43,11933172637,-0.1332,-0.0073,1.0731,0.84,-7.77,12.74,Pull
43,11933212638,-0.2350,-0.0073,1.1500,-12.39,-10.71,8.61,Pull
43,11933252636,-0.3367,0.1559,1.3286,-7.91,-19.88,8.19,Pull
43,11933292635,-0.5380,-0.1464,1.6089,-18.55,-49.70,10.99,Pull
43,11933332634,-0.6625,0.3111,1.8600,-62.58,-105.00,16.03,Pull
43,11933372638,-0.6581,0.3667,1.9259,-74.69,-159.88,23.80,Pull
43,11933412661,-0.6149,0.3492,1.7290,-101.71,-205.10,25.69,Pull
43,11933452638,-0.5746,0.3623,1.4047,-120.68,-225.12,20.86,Pull
43,11933492642,-0.3638,0.3448,1.0885,-172.27,-224.77,-1.26,Pull
43,11933532634,-0.0051,0.4868,0.6866,-211.61,-209.58,-32.06,Pull
43,11933572634,0.2935,0.7261,0.3931,-184.73,-187.11,-67.20,Pull
43,11933612635,0.5622,0.3924,0.1523,-185.57,-153.23,-124.32,Pull
43,11933652634,0.8916,0.7166,-0.1845,-225.05,-125.65,-181.44,Pull
43,11933692634,1.1580,0.4641,-0.4282,-211.47,-86.87,-239.12,Pull
43,11933732634,1.5855,0.9523,-0.6610,-179.20,-23.94,-284.69,Pull
43,11933772635,2.0049,1.0848,-0.8601,-91.28,89.32,-325.22,Pull
43,11933812633,2.4859,0.9721,-0.8711,8.40,282.59,-365.82,Pull
43,11933852644,3.2955,0.9853,-0.7584,78.75,514.15,-379.89,Pull
43,11933892636,4.4703,0.5578,-0.6376,166.95,736.54,-308.56,Pull
43,11933932639,5.7982,0.6442,0.1076,223.30,884.03,-134.19,Pull
43,11933972687,6.8662,1.4684,2.5173,349.09,895.79,98.07,Pull
43,11934012641,6.2886,0.1501,3.0773,510.93,713.02,343.63,Pull
43,11934052647,2.5020,-0.6486,2.7201,118.37,354.34,296.31,Pull
43,11934092635,0.8616,-0.6324,2.4434,15.68,146.58,150.85,Pull
43,11934132634,0.2342,0.0432,2.1191,-68.60,53.34,40.11,Pull
43,11934172638,-0.0615,0.1947,1.8315,-69.65,35.28,-1.12,Pull
43,11934212635,-0.3009,0.5622,1.4230,-47.81,35.00,-3.71,Pull
43,11934252658,-0.4099,0.6368,1.1741,-43.33,41.02,9.24,Pull
43,11934292669,-0.3477,0.7100,1.0131,-12.67,47.95,21.21,Pull
43,11934332639,-0.4165,0.7379,0.8740,8.05,49.35,25.20,Pull
43,11934372634,-0.2657,0.7020,0.8250,3.92,37.73,18.06,Pull
43,11934412647,-0.2672,0.8184,0.7664,5.74,22.47,9.52,Pull
43,11934452636,-0.2094,0.7920,0.7064,6.72,7.63,3.15,Pull
43,11934492634,-0.2416,0.7115,0.6544,1.68,-3.57,-1.89,Pull
43,11934532655,-0.2723,0.8689,0.5688,-24.71,-7.28,-4.76,Pull
43,11934572639,-0.2877,0.7847,0.5205,-28.00,-4.83,-3.01,Pull
43,11934612634,-0.2840,0.9106,0.4860,-8.12,-0.35,0.56,Pull
43,11934652636,-0.3111,0.7818,0.4890,3.08,5.25,4.27,Pull
43,11934692634,-0.2430,0.8594,0.4795,4.76,7.21,6.93,Pull
43,11934732635,-0.2152,0.7950,0.4765,5.95,6.93,8.68,Pull
43,11934772636,-0.2277,0.8001,0.4809,8.89,7.00,9.73,Pull
43,11934812633,-0.1830,0.7803,0.5029,11.90,7.00,9.80,Pull
43,11934852635,-0.1808,0.7679,0.4860,16.52,7.28,9.66,Pull
43,11934892634,-0.2826,0.7408,0.4970,21.84,6.51,8.33,Pull
43,11934932636,-0.3235,0.7781,0.4941,11.48,5.81,5.53,Pull
43,11934972673,-0.2796,0.7576,0.5000,24.22,8.12,2.87,Pull
43,11935012640,-0.2203,0.7759,0.5022,24.78,5.74,0.21,Pull
44,11939719415,0.0959,-0.0044,0.9699,6.44,2.73,0.98,Pull
44,11939753688,0.1069,-0.0388,0.9714,10.71,5.32,4.48,Pull
44,11939793681,0.1332,-0.0220,0.9758,2.38,8.19,6.79,Pull
44,11939833683,0.1530,-0.0037,0.9758,4.62,9.73,8.82,Pull
44,11939873681,0.1647,-0.0176,0.9714,-0.35,9.52,10.57,Pull
44,11939913679,0.1530,-0.0015,1.0080,4.55,8.12,12.67,Pull
44,11939953714,0.1069,0.0366,1.1441,21.91,5.46,16.38,Pull
44,11939993700,0.0044,-0.0695,1.5028,18.83,-4.20,19.67,Pull
44,11940033684,-0.2965,-0.0337,1.7934,0.77,-38.99,21.28,Pull
44,11940073681,-0.5036,-0.0783,2.0928,-3.57,-103.53,28.00,Pull
44,11940113682,-0.6156,-0.1127,2.2004,-57.40,-173.95,23.24,Pull
44,11940153679,-0.5841,-0.0190,1.9479,-111.23,-222.46,25.34,Pull
44,11940193680,-0.5205,0.0900,1.6346,-105.00,-253.61,29.82,Pull
44,11940233683,-0.2818,0.0498,1.4003,-149.24,-265.79,14.77,Pull
44,11940273678,0.1354,0.0161,1.1456,-153.09,-256.34,-6.44,Pull
44,11940313678,0.4326,0.0571,0.7547,-225.54,-235.20,-39.41,Pull
44,11940353683,0.5863,0.4041,0.4107,-258.02,-214.06,-65.66,Pull
44,11940393679,0.6544,0.7371,0.0732,-239.12,-187.32,-108.50,Pull
44,11940433678,0.6178,0.6537,-0.0695,-133.77,-163.87,-156.10,Pull
44,11940473684,0.5219,0.3221,-0.2752,-101.64,-123.97,-209.02,Pull
44,11940513678,0.6852,0.6317,-0.4612,-141.54,-68.53,-267.26,Pull
44,11940553678,1.1119,0.6032,-0.7130,-110.53,11.83,-315.07,Pull
44,11940593682,1.7722,0.7730,-0.9699,-64.75,112.98,-338.38,Pull
44,11940633678,2.8394,0.8952,-1.0804,16.59,260.54,-353.01,Pull
44,11940673677,4.1460,0.9633,-0.9209,74.41,455.98,-376.39,Pull
44,11940713683,5.2989,0.5300,-0.7056,118.86,679.91,-368.20,Pull
44,11940753681,7.0514,0.6229,-0.5014,231.77,867.72,-271.88,Pull
44,11940793679,7.1582,1.3022,2.3329,425.11,887.18,-4.34,Pull
44,11940833682,6.6195,-0.3645,4.1761,511.21,745.71,269.01,Pull
44,11940873679,3.2552,-0.2460,3.7976,137.83,400.75,263.90,Pull
44,11940913680,0.6932,-0.1808,3.0437,67.62,166.53,145.67,Pull
44,11940953707,-0.1625,-0.2394,2.4420,-14.21,51.73,60.48,Pull
44,11940993699,-0.5022,0.1383,1.8739,-44.66,27.65,19.53,Pull
44,11941033709,-0.6412,0.4436,1.3410,-41.02,29.82,14.21,Pull
44,11941073692,-0.6442,0.5131,1.0812,-24.50,29.26,24.36,Pull
44,11941113682,-0.5336,0.6266,0.9274,1.12,26.04,33.53,Pull
44,11941153681,-0.5534,0.5644,0.8389,10.99,19.32,33.39,Pull
44,11941193680,-0.4780,0.6676,0.6529,-20.93,15.33,16.31,Pull
44,11941233679,-0.3865,0.7313,0.5102,-7.56,7.70,1.05,Pull
44,11941273684,-0.3550,0.6727,0.5000,-9.59,3.01,-6.58,Pull
44,11941313678,-0.3111,0.7832,0.4560,-7.70,-0.42,-7.56,Pull
44,11941353694,-0.3448,0.7444,0.4158,-14.28,-0.91,-4.90,Pull
44,11941393682,-0.3858,0.8308,0.3762,-8.82,2.80,-1.47,Pull
44,11941433691,-0.4085,0.7708,0.3719,-4.55,7.21,0.07,Pull
44,11941473681,-0.3997,0.8250,0.3799,1.96,11.83,0.49,Pull
44,11941513681,-0.3638,0.8103,0.3880,6.72,14.56,2.66,Pull
44,11941553678,-0.3177,0.8418,0.4224,4.20,13.86,3.29,Pull
44,11941593686,-0.3162,0.7979,0.4290,7.70,11.06,2.80,Pull
44,11941633685,-0.3484,0.8294,0.4341,-0.42,8.61,1.12,Pull
44,11941673678,-0.3777,0.8308,0.4209,3.22,8.26,-1.05,Pull
45,11949211400,0.0176,0.1003,1.0255,8.96,1.33,8.40,Pull
45,11949243090,0.0102,0.0893,1.0533,8.75,-0.56,7.98,Pull
45,11949283087,-0.0351,0.1471,1.1104,14.63,-4.76,7.28,Pull
45,11949323084,-0.1244,0.0776,1.2261,14.14,-8.54,4.97,Pull
45,11949363084,-0.1691,0.0900,1.3249,-18.48,-18.69,-0.42,Pull
45,11949403089,-0.1464,0.2167,1.3806,-40.60,-39.41,-1.75,Pull
45,11949443083,-0.4055,0.3784,1.4589,-29.96,-62.58,1.96,Pull
45,11949483083,-0.6661,0.2474,1.5789,-69.16,-86.52,4.34,Pull
45,11949523089,-0.7979,0.4692,1.5592,-128.94,-117.81,12.74,Pull
45,11949563083,-0.9509,0.4780,1.5782,-135.03,-151.62,37.31,Pull
45,11949603084,-0.9589,0.5065,1.5980,-173.11,-173.18,56.84,Pull
45,11949643088,-0.6969,0.4319,1.4486,-140.07,-177.45,70.21,Pull
45,11949683083,-0.2372,0.1537,1.2503,-122.15,-182.00,56.98,Pull
45,11949723083,0.2972,0.0842,0.8872,-168.42,-183.89,17.92,Pull
45,11949763087,0.6090,0.4436,0.4575,-184.94,-176.96,-20.16,Pull
45,11949803083,0.6412,0.5395,0.1039,-133.07,-166.39,-62.30,Pull
45,11949843083,0.6705,0.3279,-0.0798,-116.13,-150.01,-117.88,Pull
45,11949883087,0.6120,0.5549,-0.2760,-118.65,-118.09,-186.34,Pull
45,11949923083,0.6332,0.3462,-0.5614,-92.05,-59.22,-239.75,Pull
45,11949963131,0.9684,0.5922,-0.7884,-72.52,16.38,-269.22,Pull
45,11950003099,1.5533,0.6478,-0.9084,-50.05,117.81,-303.94,Pull
45,11950043087,2.2890,0.8455,-1.0197,-1.68,233.03,-322.77,Pull
45,11950083085,3.1220,0.8294,-0.8813,63.91,389.69,-310.66,Pull
45,11950123084,4.1036,0.7056,-0.7188,101.43,561.26,-288.96,Pull
45,11950163083,5.0442,0.5805,-0.8799,45.85,705.18,-286.79,Pull
45,11950203083,5.9248,0.7152,-0.5109,252.35,806.61,-160.86,Pull
45,11950243091,6.8237,1.1236,1.5965,533.12,814.66,117.04,Pull
45,11950283082,5.5998,-0.5278,3.0429,490.70,625.24,330.26,Pull
45,11950323083,2.7179,-0.6859,2.8284,179.83,346.92,292.46,Pull
45,11950363103,0.8308,-0.5058,2.7274,73.29,161.07,162.89,Pull
45,11950403087,0.1259,-0.6310,2.1858,0.56,59.01,81.41,Pull
45,11950443084,-0.2884,-0.2533,1.8564,-18.13,20.02,39.48,Pull
45,11950483088,-0.5409,0.2050,1.4047,-36.26,11.34,15.61,Pull
45,11950523082,-0.5073,0.1925,1.1697,-31.08,8.75,5.60,Pull
45,11950563084,-0.4912,0.5658,0.9487,-36.26,12.32,-1.47,Pull
45,11950603085,-0.4970,0.5102,0.8455,-24.43,16.45,-3.99,Pull
45,11950643084,-0.4787,0.6244,0.7810,-1.47,15.89,-2.66,Pull
45,11950683082,-0.3594,0.6464,0.7547,-8.33,13.44,-2.73,Pull
45,11950723086,-0.3770,0.6895,0.7122,3.92,10.08,-1.47,Pull
45,11950763082,-0.3418,0.7327,0.6764,-2.94,6.93,-1.54,Pull
45,11950803085,-0.3199,0.6917,0.6310,1.19,2.80,0.63,Pull
45,11950843101,-0.3294,0.7701,0.6083,0.42,0.28,1.19,Pull
45,11950883085,-0.3594,0.7305,0.5841,2.24,0.28,1.75,Pull
45,11950923085,-0.3477,0.7518,0.5629,0.77,1.89,0.91,Pull
45,11950963124,-0.3865,0.7540,0.5446,10.36,4.48,2.17,Pull
45,11951003089,-0.3367,0.6881,0.5373,4.34,4.90,2.87,Pull
45,11951043126,-0.2650,0.7869,0.5563,-6.79,1.89,3.92,Pull
45,11951083088,-0.2679,0.7093,0.5746,4.06,0.00,6.23,Pull
45,11951123099,-0.2840,0.7810,0.5695,-2.80,-2.31,7.07,Pull
45,11951163091,-0.3265,0.7313,0.5680,10.08,-3.29,8.75,Pull
46,11956779411,-0.1640,-0.0373,0.9984,-14.14,-11.69,-1.61,Pull
46,11956811847,-0.1749,0.1530,0.9736,-32.06,-12.53,-3.57,Pull
46,11956851860,-0.1881,0.0893,1.0541,2.10,-10.01,0.42,Pull
46,11956891846,-0.1698,0.0996,1.1507,-4.76,-12.18,-0.42,Pull
46,11956931841,-0.2079,0.1179,1.3132,-28.63,-17.99,-0.21,Pull
46,11956971888,-0.3719,0.2525,1.6111,-25.20,-37.38,7.63,Pull
46,11957011899,-0.6610,0.2555,1.8629,-68.88,-78.40,19.88,Pull
46,11957051855,-0.7152,0.4421,1.9208,-64.47,-127.47,42.84,Pull
46,11957091850,-0.5739,0.3045,1.9354,-84.56,-179.62,58.73,Pull
46,11957131853,-0.4085,0.3448,1.6719,-133.07,-212.66,60.41,Pull
46,11957171842,-0.0051,0.2386,1.1309,-166.60,-233.38,46.13,Pull
46,11957211843,0.2313,0.3806,0.5907,-185.29,-238.84,11.62,Pull
46,11957251845,0.3550,0.3140,0.2035,-180.25,-224.77,-32.90,Pull
46,11957291845,0.5351,0.4538,-0.0256,-181.86,-203.07,-84.91,Pull
46,11957331842,0.6244,0.5146,-0.1867,-177.03,-176.68,-145.67,Pull
46,11957371848,0.5900,0.4107,-0.3777,-137.27,-129.29,-200.83,Pull
46,11957411841,0.8908,0.3162,-0.5937,-132.58,-55.23,-254.87,Pull
46,11957451840,1.1793,0.6881,-0.8594,-121.45,34.86,-286.37,Pull
46,11957491847,1.4076,0.8074,-1.0563,-27.16,175.14,-298.34,Pull
46,11957531841,2.6711,1.0702,-1.3586,-16.66,339.36,-315.77,Pull
46,11957571840,4.3473,1.2971,-1.1888,3.22,500.43,-351.05,Pull
46,11957611846,5.6759,0.9618,-0.8411,75.32,679.49,-335.02,Pull
46,11957651840,6.3969,0.5563,-0.1135,204.96,844.69,-201.88,Pull
46,11957691840,7.4971,1.0343,1.7963,246.54,931.56,-10.50,Pull
46,11957731844,8.2753,-0.2782,3.2025,326.97,850.15,174.30,Pull
46,11957771842,3.8891,0.3828,3.1549,36.54,507.08,138.67,Pull
46,11957811842,1.6002,0.5080,2.9880,149.73,240.38,70.07,Pull
46,11957851841,0.8960,-0.1442,2.7794,50.96,77.91,19.04,Pull
46,11957891842,0.1684,0.6127,2.1638,-60.69,25.90,11.34,Pull
46,11957931841,-0.3528,0.7964,1.6770,-17.15,25.34,33.25,Pull
46,11957971854,-0.4143,0.8821,1.2847,20.16,43.12,59.50,Pull
46,11958011877,-0.3828,0.7459,1.1053,40.18,52.99,72.03,Pull
46,11958051854,-0.3470,0.5958,0.9501,57.61,49.56,68.60,Pull
46,11958091843,-0.3279,0.6683,0.8630,30.24,37.17,50.61,Pull
46,11958131849,-0.2716,0.5651,0.7986,35.56,21.14,30.80,Pull
46,11958171843,-0.2613,0.7035,0.7510,7.21,5.81,11.55,Pull
46,11958211843,-0.2716,0.6910,0.6786,10.92,-2.38,2.94,Pull
46,11958251841,-0.2833,0.7166,0.6588,4.41,-7.42,-0.70,Pull
46,11958291844,-0.2847,0.7466,0.6222,0.63,-10.22,1.54,Pull
46,11958331843,-0.2679,0.7357,0.5666,-4.13,-12.81,3.08,Pull
46,11958371842,-0.3096,0.7715,0.5644,-2.45,-13.65,3.50,Pull
46,11958411845,-0.2913,0.7774,0.5292,4.06,-12.25,3.08,Pull
46,11958451841,-0.3301,0.7496,0.5234,1.19,-9.03,2.31,Pull
46,11958491840,-0.2921,0.7547,0.5329,2.80,-5.11,3.08,Pull
46,11958531846,-0.2782,0.8067,0.5124,1.89,-4.06,5.39,Pull
46,11958571841,-0.2643,0.7935,0.5205,0.84,-3.64,6.86,Pull
46,11958611841,-0.2635,0.7920,0.5168,4.20,-2.10,8.05,Pull
46,11958651846,-0.2628,0.7796,0.4970,3.78,-2.66,8.96,Pull
46,11958691841,-0.2730,0.7796,0.4970,0.35,-3.85,10.08,Pull
46,11958731842,-0.3016,0.7825,0.5248,1.82,-5.11,10.36,Pull
47,11963411422,-0.5980,0.3792,1.7670,-51.17,-105.00,17.29,Pull
47,11963443746,-0.6647,0.3536,1.7795,-73.08,-146.30,26.81,Pull
47,11963483749,-0.7393,0.4355,1.6302,-120.19,-192.15,42.98,Pull
47,11963523761,-0.8616,0.3426,1.4896,-143.92,-212.31,56.56,Pull
47,11963563741,-0.7291,0.3030,1.2986,-157.57,-210.77,54.95,Pull
47,11963603743,-0.3279,0.1061,0.8879,-168.56,-202.02,31.01,Pull
47,11963643737,-0.0117,0.1757,0.5688,-184.80,-191.87,-3.29,Pull
47,11963683738,0.0366,0.2628,0.3396,-148.68,-175.07,-39.76,Pull
47,11963723745,0.1654,0.2921,0.0571,-86.31,-149.03,-85.05,Pull
47,11963763737,0.2225,-0.0278,-0.1559,-94.78,-125.86,-135.94,Pull
47,11963803736,0.3184,0.3733,-0.2708,-137.55,-98.91,-185.01,Pull
47,11963843759,0.4509,0.4209,-0.3704,-98.91,-57.47,-222.81,Pull
47,11963883745,0.8001,0.5102,-0.4956,-115.22,-7.49,-256.69,Pull
47,11963923738,1.2546,0.7584,-0.7269,-62.09,58.87,-278.88,Pull
47,11963963759,1.9127,0.7254,-0.9955,-38.50,144.27,-292.25,Pull
47,11964003776,2.7816,1.0936,-1.1880,8.26,250.39,-298.90,Pull
47,11964043748,4.2031,1.2005,-1.0387,61.46,420.84,-307.58,Pull
47,11964083739,5.0171,0.9260,-1.0102,145.60,653.73,-272.37,Pull
47,11964123744,6.4270,0.4150,-0.8242,218.12,893.48,-145.18,Pull
47,11964163745,8.5380,1.0731,1.1924,240.24,994.70,35.84,Pull
47,11964203748,8.5695,0.2833,3.5224,360.22,857.22,234.15,Pull
47,11964243741,3.8913,-0.0703,3.6871,94.15,519.82,224.98,Pull
47,11964283758,1.4303,0.2064,3.2889,-26.81,239.26,100.24,Pull
47,11964323740,0.4619,0.1215,2.9214,-55.09,109.06,21.07,Pull
47,11964363738,-0.0037,0.7906,2.1601,-136.22,69.30,-5.60,Pull
47,11964403744,-0.4392,1.1456,1.4091,-81.13,73.92,9.87,Pull
47,11964443738,-0.4553,0.8601,1.1661,-22.26,84.49,30.66,Pull
47,11964483739,-0.4085,0.8908,0.9091,-8.96,84.63,37.73,Pull
47,11964523750,-0.3821,0.8096,0.8140,4.69,67.76,33.11,Pull
47,11964563738,-0.3052,0.7971,0.7401,4.97,47.39,22.75,Pull
47,11964603736,-0.2811,0.8133,0.6112,-14.00,27.79,13.37,Pull
47,11964643742,-0.3074,0.8154,0.4985,-18.55,14.98,6.58,Pull
47,11964683737,-0.3653,0.8682,0.3733,-30.31,9.24,3.08,Pull
47,11964723736,-0.3104,0.9091,0.3287,-26.39,9.52,4.55,Pull
47,11964763744,-0.2804,0.8499,0.2782,-20.16,13.65,10.15,Pull
47,11964803737,-0.2891,0.9838,0.2533,-18.20,18.48,16.52,Pull
47,11964843735,-0.3272,0.8784,0.2621,-4.76,24.43,17.36,Pull
47,11964883748,-0.3177,0.8791,0.2950,-6.02,26.39,15.68,Pull
47,11964923739,-0.3009,0.8725,0.3367,6.09,25.48,14.98,Pull
47,11964963749,-0.2401,0.8242,0.3836,11.97,20.16,12.46,Pull
47,11965003741,-0.2035,0.8601,0.3997,5.88,14.77,10.29,Pull
47,11965043739,-0.1954,0.8564,0.4333,4.41,11.55,12.32,Pull
47,11965083744,-0.2474,0.8967,0.4077,1.75,11.62,15.05,Pull
47,11965123736,-0.2313,0.8345,0.4136,7.42,11.13,18.20,Pull
47,11965163738,-0.2342,0.8403,0.4282,14.00,10.92,20.93,Pull
47,11965203741,-0.2664,0.8491,0.3975,24.71,12.46,22.96,Pull
47,11965243736,-0.3155,0.8059,0.3470,14.14,9.94,21.91,Pull
47,11965283737,-0.3060,0.8945,0.3192,6.72,7.63,20.65,Pull
47,11965323739,-0.2233,0.8008,0.3162,11.48,5.60,23.17,Pull
47,11965363738,-0.2101,0.8696,0.3162,10.57,2.03,27.30,Pull
48,11970227406,0.0578,-0.0981,1.0446,-2.73,4.90,10.71,Pull
48,11970260437,0.0234,-0.1303,1.1053,12.53,2.73,10.99,Pull
48,11970300434,-0.0747,-0.1427,1.1822,6.37,-3.01,8.68,Pull
48,11970340429,-0.3375,-0.0878,1.3615,46.69,-17.92,12.46,Pull
48,11970380429,-0.5688,-0.6939,1.6668,100.03,-63.42,26.60,Pull
48,11970420435,-0.8396,-0.5073,1.8432,24.78,-119.00,18.97,Pull
48,11970460429,-0.9421,-0.5402,1.9522,-14.63,-160.93,8.68,Pull
48,11970500428,-0.7964,-0.5234,1.9823,-59.64,-195.79,-14.49,Pull
48,11970540432,-0.5314,-0.4963,1.8117,-81.69,-238.84,-41.86,Pull
48,11970580427,-0.4714,-0.4802,1.5606,-116.69,-267.12,-61.32,Pull
48,11970620431,-0.2181,-0.1332,1.3095,-140.28,-272.72,-68.18,Pull
48,11970660446,0.1025,-0.0425,0.9911,-151.27,-248.08,-81.83,Pull
48,11970700429,0.4692,0.2913,0.5775,-181.65,-218.05,-112.14,Pull
48,11970740428,0.4685,0.4421,0.3675,-137.90,-185.64,-140.98,Pull
48,11970780431,0.4180,0.3323,0.0908,-100.80,-143.99,-168.84,Pull
48,11970820427,0.4970,0.2833,-0.1713,-124.18,-98.91,-196.14,Pull
48,11970860426,0.4839,0.5168,-0.3192,-130.90,-52.08,-225.26,Pull
48,11970900432,0.5117,0.4187,-0.3228,-133.14,11.62,-259.70,Pull
48,11970940428,0.8747,0.5856,-0.6017,-161.77,94.22,-297.64,Pull
48,11970980442,1.2495,0.8908,-0.9721,-95.55,186.48,-307.37,Pull
48,11971020451,2.1660,0.9465,-1.1800,-51.03,297.57,-319.62,Pull
48,11971060433,3.7361,1.2964,-1.1983,-24.50,440.51,-364.91,Pull
48,11971100428,5.2982,1.3652,-1.0702,70.77,622.65,-375.83,Pull
48,11971140436,6.4943,0.9091,-1.0006,246.40,832.65,-231.07,Pull
48,11971180430,8.4151,1.1997,0.7181,231.00,932.40,22.26,Pull
48,11971220431,8.3404,1.0995,3.3365,364.98,839.23,248.92,Pull
48,11971260428,5.2118,-0.1508,3.9813,225.82,562.66,289.87,Pull
48,11971300427,2.1301,-0.5746,3.6812,153.86,278.32,205.17,Pull
48,11971340431,0.9245,-0.4136,3.0956,-33.60,128.24,110.18,Pull
48,11971380427,0.0834,-0.1135,2.3292,-19.95,70.35,90.44,Pull
48,11971420429,-0.4626,0.0996,1.7810,-45.29,56.42,86.59,Pull
48,11971460435,-0.6486,0.3067,1.3930,-20.23,62.86,89.81,Pull
48,11971500451,-0.6632,0.2599,1.2034,2.59,62.79,84.84,Pull
48,11971540430,-0.5922,0.2438,1.0768,-2.52,54.67,68.18,Pull
48,11971580434,-0.5336,0.2972,0.9787,10.57,39.69,48.37,Pull
48,11971620427,-0.4516,0.3353,0.9121,-4.97,25.41,28.21,Pull
48,11971660428,-0.4590,0.4677,0.8140,-21.70,13.65,11.90,Pull
48,11971700428,-0.4429,0.5578,0.7342,-24.29,9.38,0.91,Pull
48,11971740426,-0.4670,0.6185,0.6778,-27.30,6.30,-1.61,Pull
48,11971780428,-0.4780,0.6346,0.6720,-19.74,4.13,1.75,Pull
48,11971820433,-0.4787,0.6068,0.6815,-6.79,4.97,8.19,Pull
48,11971860427,-0.4582,0.6076,0.6866,5.67,7.21,14.91,Pull
48,11971900427,-0.4560,0.6024,0.6859,16.31,6.65,17.71,Pull
48,11971940429,-0.4502,0.5761,0.6690,24.57,3.85,16.94,Pull
48,11971980439,-0.4429,0.5300,0.6529,19.53,-0.35,12.46,Pull
48,11972020431,-0.4546,0.5922,0.6442,10.57,-4.27,5.46,Pull
48,11972060436,-0.4487,0.5841,0.6178,10.99,-6.16,1.61,Pull
48,11972100429,-0.4707,0.6178,0.6112,2.94,-5.88,-0.84,Pull
48,11972140429,-0.4729,0.6324,0.6010,3.92,-3.99,0.35,Pull
48,11972180433,-0.4729,0.6068,0.6083,5.67,-1.96,2.38,Pull
49,11984211419,-0.1039,0.1113,0.9662,11.48,5.88,7.77,Pull
49,11984243847,-0.1025,0.1559,0.9867,2.66,5.11,7.35,Pull
49,11984283844,-0.1186,0.1735,0.9875,6.58,4.76,8.05,Pull
49,11984323838,-0.1266,0.1427,1.0160,6.44,3.01,10.43,Pull
49,11984363839,-0.1735,0.1830,1.0790,10.08,2.03,13.16,Pull
49,11984403842,-0.2891,0.2013,1.1719,12.04,-2.03,19.53,Pull
49,11984443841,-0.4494,0.3170,1.3220,-17.43,-13.44,26.95,Pull
49,11984483839,-0.7078,0.4751,1.4442,-33.67,-36.12,42.63,Pull
49,11984523843,-0.9838,0.6573,1.5504,-88.06,-78.33,64.47,Pull
49,11984563838,-1.1631,0.6573,1.7502,-79.38,-125.51,106.68,Pull
49,11984603837,-1.1749,0.5073,1.8198,-123.90,-168.49,136.36,Pull
49,11984643844,-0.8945,0.3931,1.8834,-115.85,-200.48,140.77,Pull
49,11984683838,-0.3382,0.1815,1.7912,-136.57,-221.20,102.55,Pull
49,11984723839,0.2115,0.0278,1.2869,-193.48,-222.88,35.56,Pull
49,11984763843,0.5805,0.7379,0.5768,-206.92,-218.40,-26.11,Pull
49,11984803840,0.5775,0.5131,0.1508,-66.71,-207.90,-91.77,Pull
49,11984843838,0.5234,0.5556,0.0564,-85.96,-175.84,-180.25,Pull
49,11984883841,0.6332,0.2899,-0.1537,-141.40,-128.17,-264.25,Pull
49,11984923849,0.9377,0.7100,-0.4590,-193.76,-73.29,-330.82,Pull
49,11984963852,1.4721,0.6551,-0.8755,-141.61,15.26,-371.91,Pull
49,11985003867,2.2780,1.4113,-1.3388,-48.02,145.95,-391.86,Pull
49,11985043842,3.7552,1.1185,-1.3571,40.04,364.42,-402.29,Pull
49,11985083839,4.8510,1.0563,-1.3710,121.31,624.54,-381.22,Pull
49,11985123841,6.1920,0.5161,-1.2122,190.19,868.91,-256.48,Pull
49,11985163838,7.6062,0.3799,0.2262,182.63,988.33,-87.92,Pull
49,11985203839,8.7701,1.3220,2.9822,295.89,984.97,59.78,Pull
49,11985243840,7.0601,-0.4707,3.0371,479.15,710.01,268.38,Pull
49,11985283837,2.1806,-0.4370,2.6271,131.74,333.48,208.46,Pull
49,11985323838,0.8213,-0.7510,2.1879,200.55,116.34,126.77,Pull
49,11985363840,0.3462,-0.4224,2.1462,0.49,36.19,56.91,Pull
49,11985403844,0.0007,0.0783,1.8637,-66.15,41.72,43.40,Pull
49,11985443842,-0.1801,0.4099,1.5372,-27.58,57.19,57.54,Pull
49,11985483838,-0.1383,0.3448,1.2810,42.14,49.42,80.36,Pull
49,11985523838,-0.2115,0.2072,1.2159,45.92,27.37,80.85,Pull
49,11985563842,-0.3316,0.1998,1.1061,-4.34,15.40,65.94,Pull
49,11985603838,-0.3133,0.3858,0.9963,-16.31,10.99,49.28,Pull
49,11985643837,-0.3060,0.3133,0.9201,-8.12,11.69,35.21,Pull
49,11985683842,-0.3792,0.3719,0.8660,-10.01,13.44,22.26,Pull
49,11985723837,-0.3960,0.4114,0.8133,-12.81,11.83,12.04,Pull
49,11985763840,-0.3243,0.4150,0.8118,-15.12,8.33,4.69,Pull
49,11985803840,-0.3177,0.4685,0.8037,-25.34,3.71,0.28,Pull
49,11985843837,-0.3492,0.5980,0.8030,-13.51,1.54,2.17,Pull
49,11985883840,-0.3418,0.5373,0.7781,-8.75,1.96,3.50,Pull
49,11985923841,-0.4070,0.6288,0.7591,-11.20,2.66,4.06,Pull
49,11985963853,-0.3821,0.5607,0.7679,-3.78,3.50,5.88,Pull
49,11986003865,-0.3748,0.5929,0.7452,-10.64,3.15,6.16,Pull
49,11986043841,-0.3623,0.5702,0.7247,-14.00,1.82,5.32,Pull
49,11986083838,-0.3257,0.6039,0.7174,-6.79,-0.49,2.87,Pull
49,11986123837,-0.3601,0.5761,0.7013,-5.11,-3.36,1.12,Pull
49,11986163862,-0.3719,0.6222,0.6822,-7.63,-4.55,0.49,Pull
50,11992691413,-0.1911,0.0088,1.3169,-33.18,-41.37,-8.89,Pull
50,11992722813,-0.2372,0.0483,1.3008,-39.06,-58.10,-7.35,Pull
50,11992762812,-0.3536,0.0183,1.3235,-22.82,-74.83,-5.81,Pull
50,11992802807,-0.4473,0.0988,1.3403,-64.54,-88.06,-9.73,Pull
50,11992842812,-0.5065,0.1252,1.4172,-69.44,-101.15,-7.07,Pull
50,11992882808,-0.6259,0.2050,1.4691,-108.08,-124.18,-7.70,Pull
50,11992922808,-0.6991,0.2752,1.4801,-137.13,-154.00,-6.23,Pull
50,11992962817,-0.7393,0.2181,1.3959,-167.72,-187.25,-1.12,Pull
50,11993002842,-0.6149,0.2145,1.1997,-186.62,-215.11,4.06,Pull
50,11993042842,-0.3074,0.2445,0.8455,-207.55,-230.65,6.02,Pull
50,11993082809,-0.0168,0.4436,0.4736,-189.49,-221.97,-0.35,Pull
50,11993122807,0.1069,0.3865,0.2950,-143.92,-193.48,-27.58,Pull
50,11993162806,0.1845,0.4465,0.0754,-158.41,-162.26,-65.38,Pull
50,11993202821,0.1427,0.6559,-0.0520,-85.19,-122.78,-102.62,Pull
50,11993242808,0.2884,0.3792,-0.2328,-78.54,-88.34,-153.09,Pull
50,11993282805,0.4473,0.4956,-0.3184,-63.28,-58.17,-200.90,Pull
50,11993322805,0.6683,0.4663,-0.4414,-70.77,-18.55,-254.03,Pull
50,11993362822,0.9604,0.6610,-0.6215,-57.26,34.02,-298.34,Pull
50,11993402836,1.3740,0.7788,-0.8381,-7.84,112.77,-325.92,Pull
50,11993442820,2.2575,0.6669,-1.0592,30.10,211.82,-340.62,Pull
50,11993482805,3.2062,0.7686,-1.0175,102.76,342.23,-345.94,Pull
50,11993522805,4.4279,0.5307,-1.0555,139.65,543.69,-341.18,Pull
50,11993562808,5.5295,0.1779,-1.3337,232.33,758.66,-259.98,Pull
50,11993602805,6.8610,0.1464,-0.4333,244.86,870.94,-100.80,Pull
50,11993642807,7.8148,1.2766,1.9069,405.72,853.93,55.16,Pull
50,11993682811,6.2740,0.6002,3.0737,533.26,696.99,259.91,Pull
50,11993722804,3.4140,-2.2180,2.8680,210.56,407.40,288.54,Pull
50,11993762805,0.8499,0.4238,2.5195,-91.42,217.49,150.85,Pull
50,11993802810,0.3909,-0.4831,2.4112,87.29,110.11,97.79,Pull
50,11993842804,0.1296,-0.2481,2.1484,10.36,50.75,53.34,Pull
50,11993882805,-0.1464,0.0930,1.6887,-37.94,19.88,31.22,Pull
50,11993922806,-0.3411,0.3411,1.3088,-55.79,3.01,21.35,Pull
50,11993962819,-0.3814,0.4385,1.0980,-28.56,-0.21,18.69,Pull
50,11994002842,-0.3814,0.4538,0.9194,-11.69,1.75,12.81,Pull
50,11994042807,-0.2650,0.5051,0.8125,-36.75,2.38,3.85,Pull
50,11994082806,-0.2994,0.5841,0.6690,-41.65,2.03,-0.49,Pull
50,11994122805,-0.3396,0.7686,0.6449,-20.58,4.20,-1.47,Pull
50,11994162805,-0.3719,0.6251,0.6083,-3.22,10.15,-2.73,Pull
50,11994202805,-0.3704,0.7283,0.6354,-0.35,13.51,-4.27,Pull
50,11994242805,-0.2869,0.6925,0.6171,-0.63,16.59,-2.59,Pull
50,11994282805,-0.2203,0.7810,0.6127,21.42,14.07,1.19,Pull
50,11994322803,-0.3074,0.6471,0.6376,9.80,6.02,7.91,Pull
50,11994362809,-0.3470,0.8323,0.6098,9.24,-1.89,11.34,Pull
50,11994402805,-0.3982,0.7540,0.6442,8.19,-4.83,9.38,Pull
50,11994442805,-0.4026,0.8015,0.6068,-1.89,-3.99,4.69,Pull
50,11994482809,-0.4055,0.7928,0.5885,1.40,-1.47,0.91,Pull
50,11994522806,-0.3455,0.6983,0.5827,2.73,-0.77,-0.84,Pull
50,11994562803,-0.3411,0.7247,0.5724,-9.80,-2.73,-0.35,Pull
50,11994602806,-0.3470,0.7525,0.5600,2.59,-2.52,3.22,Pull
50,11994642804,-0.3338,0.7078,0.5461,-0.91,-1.47,5.81,Pull
