Recording Key,Recording ID,Shot Type,Sample Count,acceleration_x_mean,acceleration_x_std,acceleration_x_min,acceleration_x_max,acceleration_x_range,acceleration_x_median,acceleration_x_q25,acceleration_x_q75,acceleration_x_rms,acceleration_x_energy,acceleration_x_total_abs_change,acceleration_x_max_step_change,acceleration_x_peak_time_step,acceleration_x_zero_crossings,acceleration_x_first_value,acceleration_x_last_value,acceleration_y_mean,acceleration_y_std,acceleration_y_min,acceleration_y_max,acceleration_y_range,acceleration_y_median,acceleration_y_q25,acceleration_y_q75,acceleration_y_rms,acceleration_y_energy,acceleration_y_total_abs_change,acceleration_y_max_step_change,acceleration_y_peak_time_step,acceleration_y_zero_crossings,acceleration_y_first_value,acceleration_y_last_value,acceleration_z_mean,acceleration_z_std,acceleration_z_min,acceleration_z_max,acceleration_z_range,acceleration_z_median,acceleration_z_q25,acceleration_z_q75,acceleration_z_rms,acceleration_z_energy,acceleration_z_total_abs_change,acceleration_z_max_step_change,acceleration_z_peak_time_step,acceleration_z_zero_crossings,acceleration_z_first_value,acceleration_z_last_value,gyroscope_x_mean,gyroscope_x_std,gyroscope_x_min,gyroscope_x_max,gyroscope_x_range,gyroscope_x_median,gyroscope_x_q25,gyroscope_x_q75,gyroscope_x_rms,gyroscope_x_energy,gyroscope_x_total_abs_change,gyroscope_x_max_step_change,gyroscope_x_peak_time_step,gyroscope_x_zero_crossings,gyroscope_x_first_value,gyroscope_x_last_value,gyroscope_y_mean,gyroscope_y_std,gyroscope_y_min,gyroscope_y_max,gyroscope_y_range,gyroscope_y_median,gyroscope_y_q25,gyroscope_y_q75,gyroscope_y_rms,gyroscope_y_energy,gyroscope_y_total_abs_change,gyroscope_y_max_step_change,gyroscope_y_peak_time_step,gyroscope_y_zero_crossings,gyroscope_y_first_value,gyroscope_y_last_value,gyroscope_z_mean,gyroscope_z_std,gyroscope_z_min,gyroscope_z_max,gyroscope_z_range,gyroscope_z_median,gyroscope_z_q25,gyroscope_z_q75,gyroscope_z_rms,gyroscope_z_energy,gyroscope_z_total_abs_change,gyroscope_z_max_step_change,gyroscope_z_peak_time_step,gyroscope_z_zero_crossings,gyroscope_z_first_value,gyroscope_z_last_value,acceleration_magnitude_mean,acceleration_magnitude_std,acceleration_magnitude_min,acceleration_magnitude_max,acceleration_magnitude_range,acceleration_magnitude_median,acceleration_magnitude_q25,acceleration_magnitude_q75,acceleration_magnitude_rms,acceleration_magnitude_energy,acceleration_magnitude_total_abs_change,acceleration_magnitude_max_step_change,acceleration_magnitude_peak_time_step,acceleration_magnitude_zero_crossings,acceleration_magnitude_first_value,acceleration_magnitude_last_value,gyroscope_magnitude_mean,gyroscope_magnitude_std,gyroscope_magnitude_min,gyroscope_magnitude_max,gyroscope_magnitude_range,gyroscope_magnitude_median,gyroscope_magnitude_q25,gyroscope_magnitude_q75,gyroscope_magnitude_rms,gyroscope_magnitude_energy,gyroscope_magnitude_total_abs_change,gyroscope_magnitude_max_step_change,gyroscope_magnitude_peak_time_step,gyroscope_magnitude_zero_crossings,gyroscope_magnitude_first_value,gyroscope_magnitude_last_value,dynamic_acceleration_mean,dynamic_acceleration_std,dynamic_acceleration_min,dynamic_acceleration_max,dynamic_acceleration_range,dynamic_acceleration_median,dynamic_acceleration_q25,dynamic_acceleration_q75,dynamic_acceleration_rms,dynamic_acceleration_energy,dynamic_acceleration_total_abs_change,dynamic_acceleration_max_step_change,dynamic_acceleration_peak_time_step,dynamic_acceleration_zero_crossings,dynamic_acceleration_first_value,dynamic_acceleration_last_value,acceleration_xy_correlation,acceleration_xz_correlation,acceleration_yz_correlation,gyroscope_xy_correlation,gyroscope_xz_correlation,gyroscope_yz_correlation
Cut_1,1,Cut,50,0.433372,2.243762252315135,-1.1902,8.7489,9.9391,-0.35025,-0.8503999999999999,0.278525,2.2630932270677673,256.07954772000005,20.570000000000004,3.4945999999999997,29,2,-0.1369,-0.8477,0.140072,0.4695459943739837,-1.4186,1.6799,3.0985,0.0769,-0.048825,0.28015,0.4854731065671919,11.784206860000001,10.886300000000002,2.0576,29,8,0.093,0.2101,0.5925980000000001,1.105207903886072,-1.6353,3.1886,4.8239,0.6632,-0.033125,1.3660750000000002,1.2442777865894736,77.41136051,12.178700000000001,2.0504,31,2,0.9794,0.1427,24.0688,136.22740499620477,-137.69,719.88,857.5699999999999,-0.13999999999999996,-34.755,21.91,136.98925099437545,938302.7443999999,2160.62,400.68,30,8,5.18,23.24,9.944199999999999,276.22152682584317,-294.28,882.98,1177.26,-33.74,-128.415,-5.3725,273.62611782868976,3743562.6179000004,2523.64,391.36999999999995,28,2,-0.98,-7.84,-21.326200000000004,163.36932062660966,-465.85,335.02,800.87,0.07,-34.1075,48.86,163.127407353884,1330527.5515,1714.5099999999998,325.01,25,5,1.96,-38.71,1.911438962095895,1.8216115863185458,0.3762619964864908,9.028812685508544,8.652550689022053,1.3104033167880957,0.9461089536281926,1.8172753410570905,2.627832243846627,345.27511509,19.44121765816973,2.3930440562443476,29,0,0.9932849389777336,0.8849297090729862,232.9039867359178,259.5199477970963,3.686814343033834,999.1036463750896,995.4168320320558,143.3337732496146,48.5780108571986,280.84447535361585,346.76772957701814,6012392.9138,2281.249135872945,467.72299110054917,30,0,5.624446639448187,45.82605481601051,1.0678891273272775,1.732709683204256,0.0067150610222663,8.028812685508544,8.022097624486278,0.41860148298302213,0.15190035470370192,0.8172753410570905,2.0205505135007664,204.13121888041056,19.01339275474835,2.393044056244347,29,0,0.0067150610222663,0.1150702909270138,0.4708291947606541,-0.12592981266920553,-0.719389264403157,0.7400306283753905,0.06892895417462766,-0.25035716134842795
Cut_10,10,Cut,50,0.507976,1.7539810705189423,-0.7591,6.6144,7.3735,-0.40149999999999997,-0.5276000000000001,0.831525,1.8091324496564645,163.64801102,16.4403,3.1542,28,2,-0.0417,-0.388,0.33171600000000007,0.38822149125130584,-0.9084,1.4091,2.3175,0.29315,0.11675,0.610325,0.5076781582853451,12.886855619999999,9.222100000000001,1.7832,28,8,0.134,0.7745,0.6858399999999999,0.8940037090732535,-1.0621,2.316,3.3781,0.7214,0.527925,1.2520499999999999,1.119658110674861,62.68171423999999,9.3146,1.423,29,2,0.9282,0.5878,48.90619999999999,143.12945022601045,-117.39,605.43,722.8199999999999,1.89,-16.380000000000003,45.412499999999994,149.89374613371967,1123406.7565,1807.0499999999997,332.98999999999995,29,6,1.19,55.58,9.5046,281.81246043778833,-337.19,926.8,1263.99,-9.45,-117.775,-1.19,279.1419621303827,3896011.7510999995,2682.1200000000003,338.72999999999996,27,4,-7.49,-6.93,-33.5916,125.42930649573091,-375.13,277.83,652.96,-3.92,-22.75,12.7575,128.6322521765051,827312.815,1383.8300000000002,205.31,23,3,13.86,-4.69,1.7327997960125388,1.3483688121619872,0.3193272459405867,7.041821953159565,6.722494707218979,1.1424381782204884,0.9994788924289486,1.9208445724945025,2.1873115044730143,239.21658088000004,16.100805912520343,2.8612967648608505,28,0,0.9387492370170002,1.046853900981412,220.76109998896277,263.8010288844087,8.442185735933556,985.5055576200472,977.0633718841136,84.11929333896234,21.746189141418654,324.42238554875325,341.95705351988283,5846731.3226,2124.584348291736,427.1044448321293,27,0,15.799234158654652,56.206382199889006,0.8165913731806009,1.2983154528559044,0.0001352208576599,6.041821953159565,6.041686732301906,0.294306734667019,0.03517176678407578,0.9208445724945022,1.522738331288381,115.93660127874617,15.782246248017776,2.8612967648608505,28,0,0.0612507629829998,0.0468539009814119,0.2573665273734617,-0.31396912192820026,-0.43294028172826277,0.795822443791085,-0.08152699549113761,-0.17555719037673032
Cut_11,11,Cut,50,0.450486,1.4786642338038114,-0.6061,5.6906,6.2966999999999995,-0.23204999999999998,-0.35829999999999995,0.367075,1.5315536537124645,117.28282971,13.950700000000001,2.6008000000000004,29,2,-0.1413,-0.2906,0.331294,0.3586350719899331,-1.4618,0.8242,2.286,0.3986,0.285125,0.49175,0.4855949412833705,11.790122350000003,7.851100000000001,1.5628,31,4,0.3887,0.4868,0.725364,0.9064094287655563,-1.0797,2.5525,3.6322,0.8754500000000001,0.335425,1.12015,1.1538194936817456,66.5649712,9.1403,1.6322999999999999,30,2,0.9457,0.822,39.131400000000006,129.32133659222674,-87.22,519.82,607.0400000000001,3.115,-7.385,12.32,133.86857137506175,896039.7201000002,1349.2500000000002,248.78,30,8,8.4,12.11,29.541400000000003,248.96107064760145,-273.84,810.67,1084.51,0.665,-72.9575,12.04,248.22303824987722,3080733.8359000003,2235.4500000000003,287.28000000000003,28,3,-0.63,0.14,-10.840199999999998,123.71974135925116,-277.83,369.74,647.5699999999999,-1.05,-10.4475,11.6725,122.95508468542486,755897.6425,1344.28,203.63,30,4,-3.36,-1.54,1.5958831725892813,1.1805893394464744,0.3008992356254831,6.24559621333304,5.944696977707557,1.0936930023866642,0.9988489617504714,1.7899062253081315,1.9780693782574967,195.63792326,14.106814160938642,1.7764210164494165,29,0,1.0321830603143998,0.9985522520128828,193.00106015461063,242.02381133740124,6.136489224304073,880.9823239997498,874.8458347754457,84.88034008891458,12.279396295078449,264.1840952359034,307.6579658809439,4732671.198500001,1875.9877198079635,322.0637101324196,29,0,9.068985610309458,12.208329124003823,0.7048865465641886,1.1176355674945324,0.0002609090367627,5.24559621333304,5.245335304296277,0.23539763025522037,0.037021502831590676,0.7921749031383554,1.3118658925444464,86.04960600107185,13.665486748629178,1.776421016449416,29,0,0.0321830603143997,0.0014477479871171,0.14712913173801898,-0.10621825944270705,-0.3785879500644606,0.8588770044838595,0.33466979243842876,0.06675481097595773
Cut_12,12,Cut,50,0.39884000000000003,1.5805089434761714,-0.672,5.8838,6.5558,-0.35575,-0.438625,0.33325,1.6146583835598167,130.35608478,14.262199999999998,3.0100000000000002,24,2,-0.1354,-0.1852,0.3575539999999999,0.34768401453513115,-1.0673,1.0197,2.0869999999999997,0.44395,0.174975,0.560675,0.4962976459746712,12.315567670000002,7.496499999999999,1.0629,26,2,0.2255,0.5614,0.739152,0.908938107104625,-0.9845,2.9419,3.9264,0.7528999999999999,0.203525,1.2462250000000001,1.1644701765180592,67.7995396,10.632200000000001,2.0094000000000003,25,2,1.1287,0.7913,40.263999999999996,135.18829387191778,-105.07,540.61,645.6800000000001,9.17,-9.415,29.085,139.7553111692003,976577.3500000001,1606.2199999999998,264.25,25,8,1.68,62.58,18.706799999999998,254.4656426946475,-281.68,824.32,1106.0,-1.225,-100.55499999999999,9.625,252.60176644671353,3190382.6206000005,2310.7000000000003,308.14,23,5,-0.84,2.52,-27.699000000000005,133.72087664235528,-377.16,330.82,707.98,-10.15,-24.535,3.2375,135.24378726581122,914544.0997,1452.4300000000003,214.82999999999998,20,4,-4.34,-11.13,1.607613986122991,1.287697324930994,0.2118332126933829,6.262379379277497,6.050546166584113,1.065677382885275,0.9719936551532037,1.8881192196526901,2.0516880467069063,210.47119205,14.479807672237019,2.1671457546027466,24,0,1.158942233245471,0.9877371563325944,203.12754162335798,248.19611082493506,4.72901681113527,914.4515741142338,909.7225573030986,71.79614817820473,20.013792381558613,293.78774859157573,318.7947324000194,5081504.070300001,2000.5668620666825,351.8427439848051,24,0,4.72901681113527,63.61197764572329,0.7632912294018326,1.2001625603634793,0.0006971619825848,5.262379379277497,5.261682217294912,0.3037105936868544,0.032043652494558775,0.8959540738356989,1.4121600011167357,99.70979343770095,14.340854937005814,2.167145754602747,24,0,0.158942233245471,0.0122628436674055,0.2108056859588016,-0.12246939109524707,-0.5736098446267915,0.9090695071184007,0.1595209321924763,-0.007221594514852011
Cut_13,13,Cut,50,0.403818,1.681924836425122,-0.8923,6.4972,7.3895,-0.3338,-0.572825,0.4643,1.7132900248936256,146.76813547,15.6583,3.4968000000000004,25,2,-0.2862,-0.6529,0.039998,0.6074056065037965,-1.2049,1.4464,2.6513,0.12185,-0.21265,0.314775,0.6026297199773673,18.158128970000003,10.2753,1.4289,20,4,0.0578,0.2621,0.628568,0.76414377839327,-0.568,2.5642,3.1322,0.6109,-0.070275,1.1810749999999999,0.983531967146976,48.36675652000001,8.249600000000001,1.0737999999999999,27,2,1.4508,0.8198,47.425,148.53136587939937,-122.22,641.69,763.9100000000001,2.17,-33.8975,54.215,154.49746257463258,1193473.2970999999,2033.15,314.86000000000007,26,7,-12.74,7.49,15.391600000000004,250.61906098299866,-254.31,819.56,1073.87,-33.53,-122.9375,31.36,248.57718480182368,3089530.8402,2237.27,330.89000000000004,25,3,-81.06,21.91,-5.880000000000003,176.6539045704906,-338.1,534.1,872.2,-33.46,-51.695,-7.315,174.9772681236051,1530852.2179999999,1831.06,216.23000000000002,26,2,-12.88,-34.72,1.5936555543346642,1.3271583857842375,0.2128378960617681,6.72055842694638,6.507720530884612,1.1751426785186956,0.8597532182029904,1.66048911131787,2.0653959473185766,213.29302096,15.440990421739738,3.0861698717695947,25,0,1.4798891580115048,1.0802994307135407,243.25591736585363,241.38986539370876,41.73280004984089,1007.2934085955294,965.5606085456885,194.79275193124516,68.02180592546395,269.87400710176405,340.9943212225095,5813856.3553,2181.958960376613,351.3223179977806,26,0,83.05977124938403,41.73280004984089,0.8081296233883632,1.206054379224158,0.0048011555472945,5.72055842694638,5.715757271399085,0.4422874164576346,0.15754233099105447,0.7461185053719466,1.4417174863788924,103.9274655265336,14.694650715808546,3.0861698717695947,25,0,0.4798891580115048,0.0802994307135407,0.4359628803355391,-0.026845470759978146,-0.6131732935445519,0.8965722790122227,0.4517950972117643,0.3334174324382828
Cut_14,14,Cut,50,0.579974,1.8073909941229471,-0.7027,6.8559,7.5586,-0.00875,-0.42952500000000005,0.536575,1.880877136391423,176.88494010999997,16.040699999999998,3.1965999999999997,33,5,0.0022,-0.3477,0.20427399999999998,0.4039394215089431,-1.6382,0.9509,2.5891,0.20385,0.0878,0.397675,0.4490340546105607,10.08157911,9.117899999999999,2.5766,35,4,0.0871,0.5256,0.8035139999999998,0.8565593683059296,-0.926,2.6718,3.5978000000000003,0.9673,0.54845,1.2746,1.168184412068574,68.23274103,9.187399999999998,1.5379,35,2,0.9582,0.7598,31.767400000000002,161.55704979356366,-153.79,679.21,833.0,0.315,-12.512500000000001,8.995,163.0577641021733,1329391.7216999999,2163.77,767.4100000000001,35,9,4.76,-4.55,29.882999999999996,269.6594775823761,-264.6,883.47,1148.0700000000002,0.105,-90.51,17.5525,268.6166466583931,3607745.1431,2393.2300000000005,356.72,33,6,-0.7,-7.49,-18.645200000000003,141.42821059463347,-405.37,402.78,808.15,5.005000000000001,-19.67,11.025,141.24285277492802,997477.1729999998,1677.97,185.22,29,3,9.24,-20.09,1.7062849453521773,1.4957684838947416,0.2173108602900462,7.227617029837704,7.010306169547658,1.084834651349208,0.9959285068715971,1.7722513434010811,2.25920012504426,255.19926024999998,15.855287895992578,2.4628362919652886,34,0,0.9621530491559024,0.9871406637354172,211.41697214498382,274.7821858086932,5.612673159912307,990.463055141382,984.8503819814697,74.88313580604627,17.51627578417944,281.168822426778,344.5174607418324,5934614.0378,2108.4103398027883,615.0557028981586,34,0,10.417542896479956,21.918273198406848,0.8350016275505134,1.4264940596897853,0.0020172045571126,6.227617029837704,6.225599825280591,0.28449286913105687,0.03336155250460668,0.7855062872389689,1.640553356125806,134.5707657147823,15.542239021480322,2.462836291965288,34,0,0.0378469508440977,0.0128593362645827,0.22853234888020701,-0.22051149557034286,-0.5287448530608527,0.8113694815160996,0.19199578442286752,0.039499020734869425
Cut_15,15,Cut,50,0.720718,1.926802994990957,-0.8228,7.3156,8.1384,0.0059,-0.13195,0.642175,2.0390568460442684,207.88764107,17.201999999999998,3.7338999999999998,32,3,0.0044,-0.1098,0.4299,0.4417901681262964,-1.3535,1.0965,2.45,0.32389999999999997,0.1343,0.8429,0.6132609490257797,18.804449579999996,9.9182,2.4368999999999996,33,4,0.1076,0.855,0.7256560000000001,0.816247801299661,-0.8345,2.5152,3.3497000000000003,0.773,0.3638,1.054625,1.0860533568844581,58.9755947,9.8206,1.5116,33,2,0.9736,0.3704,27.867000000000004,128.7271356396933,-131.32,457.59,588.91,3.5700000000000003,-27.439999999999998,19.005,130.44474550552047,850791.5815000001,1614.0599999999997,391.37,32,10,2.1,28.42,39.0194,277.20293832858266,-251.09,912.45,1163.54,-0.735,-93.6075,25.9525,277.17711524222193,3841357.6607,2453.71,321.78999999999996,31,4,-0.84,-6.09,-40.6826,137.50343245897537,-460.46,238.84,699.3,3.255,-35.315,11.83,142.0708414911378,1009206.2001,1730.05,221.55,28,8,3.01,4.76,1.7799943650617722,1.611493719348079,0.2095229343055313,7.639656267136631,7.430133332831099,1.139700289311436,0.9758319864594389,1.9226136019902895,2.3902622674091645,285.66768535,17.939175310772143,3.0585245095902485,32,0,0.9795376868706992,0.93823088842779,205.14678315951014,270.9429983829812,2.6691946350912663,959.5092067823008,956.8400121472096,71.30764131799134,16.05055585961403,267.73605612285456,337.67900267265657,5701355.4423,2076.458539424086,425.13487664991396,31,0,3.7650630804808567,29.452370023480288,0.9072804822239555,1.5419994651299804,0.0084810062663551,6.639656267136631,6.631175260870275,0.29429252227384944,0.04375476657971035,0.9409313878084935,1.7757716567386856,157.6682488438228,17.291166971640813,3.0585245095902485,32,0,0.0204623131293008,0.0617691115722101,0.02008534565962919,-0.22820827986316514,-0.35783098861968565,0.9437913968640554,-0.12042585139751485,-0.0698386948733519
Cut_16,16,Cut,50,0.3074,1.6321783505987528,-0.9692,5.8333,6.8025,-0.3609,-0.6074,0.32735000000000003,1.644755545605486,135.26104024000003,14.6963,3.0985,31,2,-0.0673,-0.5424,0.23697600000000002,0.35622787625396213,-0.9963,1.0131,2.0094,0.17055,0.031825,0.45032500000000003,0.4248740500430686,9.025897919999998,8.3051,1.2174,30,9,-0.022,0.6617,0.709544,0.9467690396031232,-1.2195,2.9097,4.1292,0.83775,0.439775,1.16385,1.1755410966869684,69.09484350000001,10.4661,2.0833,32,2,0.9911,0.5358,26.6882,148.64201950323468,-125.44,679.98,805.4200000000001,-4.9350000000000005,-31.132499999999997,8.715,149.54872444123356,1118241.0491000002,1842.5399999999997,577.36,32,7,-0.28,21.84,7.529200000000004,240.9842530789097,-271.6,810.6,1082.2,-2.1,-120.2775,6.282500000000001,238.6810232925944,2848431.5439999998,2246.5800000000004,318.5,30,7,-0.63,11.41,-33.3256,142.63934999851898,-425.74,346.43,772.1700000000001,-1.785,-48.475,5.2325,145.0850099079846,1052483.005,1607.83,234.29000000000002,27,3,1.33,-1.4,1.6174991747381071,1.2980880968034487,0.1876093014751667,6.428746081468765,6.241136779993599,1.057260487665311,0.9569810105940186,1.7535384478276548,2.0658256541150806,213.38178166,14.558441083974309,2.341988135948793,31,0,0.9936259356518428,1.009517850263184,198.65269445347462,249.326069079892,1.4980654191322889,907.8255767491904,906.3275113300581,84.14190545914624,19.794449340309,293.47392430085864,316.8329401466963,5019155.598100001,1896.8879395668284,555.0452958278088,31,0,1.4980654191322889,24.680634108547537,0.7674367689385814,1.2137301625798123,0.0030021765319645,5.428746081468765,5.425743904936801,0.3218167167476703,0.0456544946800655,0.7997567582123541,1.4257058896293395,101.63186418618933,14.218804386063065,2.341988135948793,31,0,0.0063740643481572,0.0095178502631838,0.5016518160337601,-0.1888333487065507,-0.5130143388115487,0.8227245690219415,0.12535815024265753,-0.09187812974948657
Cut_17,17,Cut,50,0.434092,1.694964792222384,-0.8806,6.8845,7.7651,-0.22435,-0.506525,0.443575,1.7331714855720424,150.19416992,16.7673,2.9515000000000002,30,3,0.0403,-0.4516,0.29131599999999996,0.4379206550814186,-2.1894,0.9882,3.1776,0.30015000000000003,0.189025,0.532875,0.5223064445323263,13.6402011,12.0506,2.6154,32,8,0.1984,0.6156,0.7444099999999999,0.8778019264861847,-1.1361,2.9353,4.0714,0.8183499999999999,0.3444,1.17505,1.1442341306743127,65.46358728999999,10.7437,2.0517,31,2,0.9692,0.6361,38.9284,140.90233968249072,-89.39,585.83,675.22,3.99,-36.33,11.3925,144.81650550955854,1048591.0134,2101.96,402.78,31,12,6.86,11.48,16.8098,257.4283352741108,-255.15,904.89,1160.04,-3.255,-117.07499999999999,2.6425,255.3948515965034,3261326.5111000002,2397.3599999999997,308.98,29,6,1.05,0.91,-21.221199999999996,139.98131186697745,-404.25,311.57,715.8199999999999,7.3149999999999995,-11.8475,34.02,140.18991278975815,982660.5824,1539.5799999999997,169.75,25,4,6.93,0.49,1.6489730519556685,1.3801977971690194,0.1289056243924213,7.189451915827799,7.0605462914353785,1.052874148280626,0.9859168039628733,1.8284622186892505,2.1414852710677237,229.29795831000004,16.647128942918876,2.281184932461879,30,0,0.9901188262021888,0.9937450025031572,204.82828042872808,255.34478026939746,3.4221338372424888,940.924538632084,937.5024047948415,97.77281909357231,12.712243868389765,271.67090776291417,325.34837042468797,5292578.1069,1969.2618019976783,330.4299669123751,29,0,9.807497132296293,11.526430496905798,0.801136676177946,1.2960666902921758,0.0018780414800996,6.189451915827799,6.1875738743477,0.2740222256619057,0.025729832043438625,0.8626603170714089,1.5126179498765258,114.40065311443318,16.062062524138952,2.2811849324618785,30,0,0.0098811737978112,0.0062549974968427,0.16138563437773434,-0.23195590440206007,-0.4122000027713652,0.8364260957277931,0.12413538012051814,0.0007077175395320951
Cut_18,18,Cut,50,0.39917,1.8739536296889767,-0.8052,7.8895,8.6947,-0.44065,-0.5803,0.28035,1.8975786811091655,180.04024255000002,18.316200000000002,3.548,27,2,-0.1032,-0.5556,0.157864,0.651963124586359,-2.4361,2.7692,5.2053,0.13505,-0.021625,0.398925,0.6644364830440905,22.073791999999997,15.8471,5.2053,27,10,0.0937,0.456,0.719906,0.8971089168761927,-1.1785,2.876,4.0545,0.8180000000000001,0.51225,1.162575,1.1432291849843583,65.34864847000001,10.4689,2.346,28,2,0.9933,0.7254,28.8106,156.827903186901,-114.1,714.42,828.52,-9.204999999999998,-32.0075,3.8850000000000002,157.90231811471293,1246657.1032999998,2092.65,677.81,28,11,-0.63,14.0,18.183200000000003,246.79547546906122,-248.92,868.49,1117.41,-4.34,-74.16499999999999,5.25,244.99076582597965,3001023.767,2284.31,412.79,26,4,-15.82,-3.71,-10.074399999999999,169.7881361226396,-422.52,575.61,998.13,-8.225,-20.65,6.965,168.38332601537482,1417647.224,2072.84,254.45,28,3,2.45,-6.51,1.7117055305703621,1.5712070743295747,0.175517805364584,8.561333957976409,8.385816152611826,1.0813997435296865,1.0018477089080564,1.7709879203104135,2.312845360243525,267.46268302000004,19.087727258875876,3.5483639227282926,27,0,1.0030328110286322,1.021191715595069,207.1194023338869,268.039204912749,6.786029767102411,1028.9302119191564,1022.144182152054,78.33318499532797,19.364226011317083,266.7799383735834,336.61040073949,5665328.094300001,2109.804170248486,593.7504972566437,27,0,16.020979994994065,15.879049089917192,0.830273913146256,1.510672180570987,0.0014526748678642,7.561333957976409,7.5598812831085445,0.2760359379995251,0.0274580147047454,0.820161317429519,1.7105094560566674,146.2921299629638,18.74843014516459,3.5483639227282926,27,0,0.0030328110286321,0.0211917155950689,0.34054881838101925,-0.23191906589994674,-0.4854364590062626,0.8160317529133473,0.3836713661457312,0.18824068153240822
Cut_19,19,Cut,50,0.42647399999999996,1.427368927012214,-0.6207,5.1159,5.7366,-0.2368,-0.347525,0.444125,1.475979161573767,108.92572427,12.395999999999999,2.2282,23,2,-0.1808,-0.1596,0.5327879999999999,0.36781476851085504,-0.3806,1.7634,2.144,0.5186,0.276125,0.801375,0.6453255014331915,20.822250139999998,10.235000000000001,1.7466000000000002,24,4,0.5373,0.8623,0.6908619999999998,0.7901560429434176,-0.5856,2.5935,3.1791,0.5296,0.4677,1.204875,1.0436234684022776,54.45749719,8.7381,1.5709000000000002,24,2,1.2195,0.5746,42.63419999999999,127.92122217208528,-82.95,584.78,667.73,8.19,-18.689999999999998,26.46,133.61974895201683,892711.8655,1794.3799999999999,390.74,25,8,20.23,78.47,23.759399999999996,245.70508708205452,-284.06,748.65,1032.71,-2.24,-73.5,11.094999999999999,244.3932877760762,2986403.9554999997,2084.6000000000004,239.05,22,2,-6.86,-11.9,-20.631800000000002,135.84257566021046,-363.86,358.4,722.26,-0.7000000000000001,-9.7125,22.54,136.05077150093638,925490.6213,1590.61,174.57999999999998,19,6,2.38,15.61,1.5515156214461028,1.141476267736132,0.2779323298934473,5.476935257970465,5.199002928077017,1.0454054293608768,0.9828354333112892,1.7561601733068004,1.9194034052277806,184.2054716,12.581831297331247,1.67245113531424,24,0,1.344827193359801,1.048426730868686,200.081621898356,239.1726245010872,5.431657205678577,807.5393869032024,802.1077296975238,83.55242306159172,18.01665028615939,282.4573201469075,309.9873043303548,4804606.442299999,1755.8947268869083,414.31358418744,22,0,21.49364789885607,80.88771847443837,0.682857913416649,1.066552360623273,0.0007677852529026,4.476935257970465,4.476167472717562,0.30858054280613967,0.024014144152795024,0.7660220228145214,1.2574093164549858,79.05390945538971,12.274337983554929,1.672451135314239,24,0,0.344827193359801,0.0484267308686858,0.04756631616533875,-0.019993295858465873,-0.18675688101484114,0.8387828264500664,0.18689902196020763,0.028648850520509105
Cut_2,2,Cut,50,0.488012,2.0618457327276807,-1.0592,7.2936,8.3528,-0.41215,-0.795525,0.7475999999999999,2.098651800847392,220.21696906000005,17.1744,2.6651999999999996,23,2,-0.6288,-0.9926,0.09252600000000001,0.5544999489556665,-0.9289,2.0884,3.0173,0.1076,-0.26225,0.371675,0.5566703245189203,15.494092509999998,10.6559,2.1001,23,2,0.1215,0.1618,0.5677300000000001,0.9729101603447468,-0.833,2.7267,3.5597000000000003,0.17895,-0.0472,1.2206,1.1180073565947588,62.497022470000005,9.1531,1.2940999999999998,25,2,1.3886,0.1435,31.578400000000002,136.72027182535882,-142.94,592.62,735.56,6.859999999999999,-48.265,62.3875,138.98121966654344,965788.971,1751.3300000000002,445.76,24,5,-44.17,64.12,17.231199999999998,274.21924416787385,-282.59,873.11,1155.7,-46.025000000000006,-133.8225,12.285,272.0095297007074,3699459.2124,2383.0099999999998,282.31,22,3,-142.87,14.0,-16.912,176.7040774854955,-400.19,379.33,779.52,-27.37,-69.38749999999999,40.0925,175.74373423823678,1544293.0062,1738.8,224.07,19,4,-20.65,-82.67,1.8340434547925824,1.628961822485347,0.2946678638738876,7.822482517078577,7.52781465320469,1.1948310651848968,0.8788363166424951,1.9830968837118035,2.4421633198457466,298.20808403999996,16.391154926116855,2.5807939017562207,23,0,1.5291702488604728,1.0158869277631246,266.6339256421226,232.767672313305,51.87576216307574,923.674352464114,871.7985903010383,209.7741956482498,102.31083945085564,307.011903056659,352.40718464866745,6209541.1896,1920.8825558558665,413.71796891392125,22,0,150.96108207084367,105.55426708570336,1.004697016698447,1.5275225626618065,0.0043083961386437,6.822482517078577,6.818174120939934,0.45785803183248214,0.1269200193477279,0.9830968837118036,1.8155095073325382,164.80373856074178,16.011612042810793,2.5807939017562207,23,0,0.5291702488604728,0.0158869277631246,0.6286051108047275,0.0419649651319562,-0.43242736534668597,0.8843351130950206,0.012927653402484826,-0.07598269281022568
Cut_20,20,Cut,50,0.5962139999999999,1.9080354806748974,-0.855,7.4657,8.3207,-0.1793,-0.3382,0.5074500000000001,1.980721722352739,196.16292707000002,17.4986,3.5107,29,2,-0.0102,-0.2906,0.218344,0.4542224224373979,-1.8856,0.8821,2.7677,0.25145,0.012825,0.584125,0.499865733172419,12.49328756,9.3768,1.7530999999999999,31,4,0.0564,0.669,0.8105480000000002,0.8793718832652947,-1.1888,2.7655,3.9543,0.9460999999999999,0.606675,1.20065,1.1894608321420255,70.74085355999999,10.653699999999999,1.8915,30,2,0.9823,0.6808,42.3388,130.40047496846014,-62.79,629.23,692.02,3.325,-8.645,16.345,135.85570352399637,922838.609,1923.6000000000001,368.40999999999997,30,12,2.87,16.87,35.541799999999995,270.63885412482813,-262.29,868.14,1130.43,-2.065,-80.2375,23.87,270.26598217681783,3652185.0560999997,2367.12,358.54,28,4,-2.03,-2.59,-31.367000000000004,147.8283486006659,-409.57,349.23,758.8,0.84,-31.78,11.4625,149.66644555811433,1120002.2463,1559.25,172.97,24,6,6.93,3.08,1.772207512003839,1.5802421340547799,0.3213210699596278,7.740415007607797,7.419093937648169,1.104160970138608,0.9679539785192438,1.8544856020915073,2.3638826882482977,279.39706818999997,17.529580519138126,2.35250031858928,29,0,0.98397067537605,0.9977464607804932,208.46403050852015,268.1061056558421,4.8824686378921065,936.689290213142,931.80682157525,51.8753118606074,12.512190665340245,308.9514168471759,337.4915083790998,5695025.9114,1932.9435557324814,421.49903661645453,29,0,7.770630605041009,17.343338778908752,0.8958131497287475,1.512210552693957,0.0011556372512717,6.740415007607797,6.739259370356525,0.27214333240649885,0.04783526048896765,0.8544856020915071,1.7445705316186915,152.17631698961617,17.203063998228497,2.35250031858928,29,0,0.01602932462395,0.0022535392195068,0.17132543675955625,-0.2340718057721803,-0.6206735428612272,0.8088767456656851,0.3279684454341472,0.164450749054053
Cut_21,21,Cut,50,0.645144,1.7546863275892277,-0.7532,7.2622,8.0154,-0.11235,-0.24945,0.813025,1.8529858085803033,171.67782034,17.1348,2.7347,28,3,0.0168,-0.1164,0.36404,0.507673370808999,-1.6214,1.5972,3.2186,0.38615,0.067,0.747725,0.6205664573597255,19.2551364,9.87,2.0876,30,6,0.0659,0.8535,0.7368340000000001,0.9004409519807957,-0.9692,2.33,3.2992,0.82935,0.42805000000000004,1.228275,1.1565043767318826,66.87511867,9.9144,2.0957,29,2,0.978,0.4582,28.837200000000003,138.19896740569374,-141.82,642.04,783.8599999999999,0.525,-22.259999999999998,11.935,139.81616360063666,977427.9801999999,2128.28,438.8299999999999,29,12,15.54,17.5,27.083000000000006,267.2659264665064,-275.8,874.09,1149.89,0.034999999999999976,-88.305,20.5975,265.96229588045,3536797.1415000004,2429.0,360.01000000000005,27,4,4.06,3.92,-35.1442,130.55058131620862,-401.45,291.41,692.86,-1.855,-27.7025,7.1225000000000005,133.93169897376796,896884.9995,1477.56,173.18,23,6,8.33,4.55,1.764860423135658,1.4432917291235885,0.6097460946984409,7.662736986221046,7.052990891522605,1.0823592140983778,0.9887747404685517,2.003460794682864,2.2707182802364545,257.8080754100001,17.292001821527958,2.153499368206118,28,0,0.9803616934580828,0.975683580880605,203.23342285908114,261.3121877102174,6.341088234680227,914.368418636602,908.0273304019217,44.32902697799295,16.804935631094892,298.56962948549875,328.97143101491355,5411110.121200001,2081.194125138717,532.7788714275675,28,0,18.093205907190686,18.50186206845138,0.8220254441249066,1.410859786760503,0.0011137897362116,6.662736986221046,6.661623196484834,0.20002678127016388,0.024748505615872374,1.0034607946828638,1.6206297115407593,131.3220330964342,17.117172166894143,2.1534993682061176,28,0,0.0196383065419171,0.0243164191193949,0.22280568747517832,-0.2423015574429937,-0.5200592644730105,0.8695124598370509,0.1303512462279391,0.03919357627017376
Cut_22,22,Cut,50,0.509386,1.7560476041859876,-0.7115,6.9115,7.623,-0.1526,-0.45237499999999997,0.42367499999999997,1.8114919876720406,164.07516107,16.6317,3.6541,31,3,0.0315,-0.366,0.155374,0.5402151037223931,-1.6543,1.8893,3.5436,0.15885,-0.0359,0.443975,0.5568992646789902,15.50683955,11.430900000000001,2.3907,31,7,-0.0615,0.5724,0.7766219999999998,0.7963446460047359,-0.7437,2.9265,3.6702,0.79605,0.44325,1.140825,1.1066269607234407,61.23116150999999,9.213700000000001,1.4296,33,2,1.0211,0.7086,35.6762,163.39691527688032,-143.29,767.76,911.05,-1.225,-43.19,16.3975,165.64230175290368,1371868.6065,2448.39,518.0,32,14,-1.68,-0.35,24.207400000000003,254.7623255860254,-251.65,864.22,1115.8700000000001,-3.5700000000000003,-107.4325,6.615,253.36093602211054,3209588.1950999997,2332.6099999999997,358.61000000000007,31,5,-0.14,6.65,-21.950600000000005,147.44933915755604,-399.63,384.65,784.28,-11.024999999999999,-35.56,0.5075,147.60863899514825,1089415.5153,1697.22,206.29,27,5,0.7,-11.76,1.6719787593043578,1.435963116686761,0.2255788553920779,7.175970236142288,6.950391380750211,1.080411362068466,0.9680255665200717,1.6942624606061465,2.1945986518267984,240.81316213000002,15.777924898433001,2.5974198716710184,31,0,1.0234352495395105,0.9816881989715472,208.0978966002869,267.4763231339962,1.8253766734567412,1057.22747320527,1055.4020965318132,90.58700711057165,14.066687945995568,258.01622569015916,336.77506786874824,5670872.316899999,2212.2239789475398,457.87025142513653,32,0,1.8253766734567412,13.51453291830687,0.8025919523577258,1.3658188401408038,0.0084969261232281,6.175970236142288,6.16747331001906,0.3361462398621989,0.0423890910718927,0.7616916649535912,1.5723567419613416,123.61528619956427,15.379149197365937,2.5974198716710184,31,0,0.0234352495395102,0.0183118010284528,0.2121436272472725,-0.2556085668433555,-0.6949002999579248,0.853069933530517,0.3415793691614089,0.25435825530037137
Cut_23,23,Cut,50,0.579612,1.7232548746828973,-0.997,6.8632,7.8602,-0.07395,-0.39255,0.527,1.8017117656273436,162.30826432,16.636799999999997,2.9111,31,3,0.1486,-0.3418,0.269638,0.4091911189063574,-0.8945,1.1024,1.9969000000000001,0.2284,0.019225000000000003,0.6229,0.48661409289086566,11.839663770000001,7.609500000000001,1.9969000000000001,31,6,0.1325,0.7496,0.74513,0.9309206507867491,-0.8586,3.242,4.1006,0.74005,0.07864999999999998,1.307875,1.1851159056396128,70.22498549,10.965999999999998,2.3299,32,2,0.9538,0.53,49.9926,146.95360267104715,-81.2,649.67,730.87,10.71,-15.032499999999999,21.105,153.82689675736165,1183135.7082999998,1951.3200000000002,476.97999999999996,31,6,2.94,10.78,2.0523999999999973,270.49120149831117,-340.13,887.25,1227.38,-3.115,-143.325,7.577500000000001,267.7804933747042,3585319.6316,2567.04,348.53000000000003,30,5,-3.43,1.05,-37.9554,128.5982972593339,-381.22,335.09,716.31,-5.145,-62.8425,4.34,132.84345676773094,882369.2003,1517.32,231.63,26,6,3.29,1.89,1.7024854596184693,1.424637988885315,0.2450858013023194,7.285836660260783,7.0407508589584635,1.1193976837074473,0.9922289228754142,1.874555048595973,2.2107596593931236,244.37291358,16.571069391797796,2.1408439919191764,31,0,0.974357557573194,0.9796057370187252,215.29949703786417,260.8123443367107,4.661705696416281,1008.9943383884768,1004.3326326920604,96.30927096445654,20.27607979048895,328.35831820024225,336.1792539762084,5650824.540200001,2242.579672247955,530.0707182510228,31,0,5.58861342373938,10.994680531966356,0.8365755308978043,1.348706384540431,6.736773079452085e-05,6.285836660260783,6.285769292529988,0.29538050260252,0.027425129080122426,0.8799569749249077,1.5755911120474948,124.12436761815307,15.87431067970095,2.1408439919191764,31,0,0.025642442426806,0.0203942629812746,0.16986279938910373,-0.16814433430383086,-0.5800180215077908,0.8217017540792001,0.05810981486083541,-0.00566278286310868
Cut_24,24,Cut,50,0.546806,1.8975973553482017,-0.6969,8.5615,9.2584,-0.11895,-0.4458,0.31767500000000004,1.956490483033332,191.39275051000004,19.3162,4.0246,31,5,0.041,-0.4436,0.059078,0.6293951376536371,-2.573,2.5459,5.1189,0.14275,-0.07189999999999999,0.242475,0.6258639505515556,19.585284230000003,14.6128,5.1189,32,4,0.1296,0.2474,0.76819,0.8537925801375643,-0.9428,2.756,3.6988,0.9113,0.2022,1.2122000000000002,1.142146405063729,65.22492052999999,10.2935,1.579,32,2,1.0138,0.8425,53.961600000000004,177.77983104953162,-118.86,755.86,874.72,4.515000000000001,-7.577500000000001,30.939999999999998,184.07989905473113,1694270.4618,2155.37,763.77,32,13,26.11,-1.68,13.083,268.64549549545774,-284.9,961.8,1246.6999999999998,-3.395,-121.7125,3.8675,266.26708225764594,3544907.9547,2565.85,501.12999999999994,30,6,-1.47,-2.8,0.0923999999999991,170.4869317220531,-380.73,599.27,980.0,6.195,-30.1,23.1,168.773477027642,1424224.3274,2050.93,272.72,32,3,6.58,-34.09,1.7105433487440314,1.6282269552565563,0.2491249887104864,9.080749049500268,8.831624060789782,1.0790667750670897,0.9784553052688171,1.8227355030078234,2.350331701143479,276.20295527,19.87830616256303,3.782410675016514,31,0,1.022872230535173,0.9837652006449508,229.7797250675633,286.55115443500785,2.705660732612276,1115.7063458186478,1113.0006850860354,107.16382631267045,29.304615239139437,293.12111596779357,365.05897452055603,6663402.7439,2368.4948427690224,627.3726108938058,31,0,26.96644952528975,34.24602896687439,0.8330091856526898,1.5678752372955806,0.0022068250383751,8.080749049500268,8.078542224461893,0.2482324987628703,0.042910159388162256,0.8309777510886736,1.7615255910465615,155.14862039559688,19.70427179639647,3.782410675016514,31,0,0.0228722305351729,0.0162347993550493,0.35473490752897624,-0.19502106661438606,-0.41557018665560297,0.8203779601557577,0.2907550625797819,0.15918608744372675
Cut_25,25,Cut,50,0.59388,1.7163804205837543,-0.6998,7.4093,8.1091,-0.11019999999999999,-0.270275,0.43679999999999997,1.7999266561724119,161.98679837999998,17.169900000000002,3.294,27,3,0.0615,-0.0878,0.448456,0.44771969554576424,-0.9531,1.15,2.1031,0.32065,0.1166,0.9119,0.6305209363692851,19.87783256,9.3234,1.3483999999999998,27,6,0.2291,0.8989,0.6180399999999999,0.8076015584078928,-0.7935,2.3775,3.171,0.37185,0.246125,1.1807,1.0105193284643297,51.057465660000005,8.431099999999999,1.248,29,2,1.1741,0.2694,29.9348,172.1540018471833,-154.0,661.22,815.22,-5.25,-63.1225,11.8125,173.03280786024368,1497017.6298000002,2291.0299999999997,476.63,28,6,20.3,6.51,15.727599999999997,273.81263536951684,-271.81,905.45,1177.26,-2.52,-144.04250000000002,3.15,271.5165731663539,3686062.4752,2368.4500000000003,333.97,26,4,-4.69,-3.08,-39.2028,133.79324494158888,-465.43,251.93,717.36,-1.785,-30.8525,5.67,138.12848827088496,953973.9636000001,1559.4600000000003,254.87,23,5,4.62,-2.24,1.6608278423566236,1.3924331992378807,0.1422894233595737,7.590749561143484,7.44846013778391,1.1889025268142777,0.9736812745784096,1.6701806604800566,2.1583424037904644,232.9220966,16.456894357688544,2.549451448319364,27,0,1.1978229710604151,0.9425000848806327,216.59751826429434,278.16196363634856,1.8533483212823216,1030.7023822617275,1028.8490339404452,68.68590467248293,15.217982126164525,299.28799726736105,350.3442326798031,6137054.068600001,2235.596233038484,516.3496366658401,27,0,21.34081769754852,7.542154864493304,0.7910636257957637,1.3213338140657276,0.0031655052116223,6.590749561143484,6.587584055931862,0.3143936031407749,0.07363739472195897,0.7814967735010667,1.528655045223334,116.83931236433767,15.950997108088536,2.549451448319364,27,0,0.1978229710604151,0.0574999151193671,-0.07234979891666567,-0.14708180463997633,-0.3259793523374777,0.8705947483032143,-0.2417670945164695,-0.1255784237990805
Cut_26,26,Cut,50,0.6757779999999998,1.447639515998936,-0.5805,6.1737,6.7542,0.20535,-0.030375,0.578475,1.5844314028066977,125.52114351000002,15.0809,2.3278,28,4,0.0673,0.2006,0.47108799999999995,0.49696991845891564,-0.5951,1.5548,2.1498999999999997,0.3294,0.0761,0.920875,0.6811486046377839,23.19817108,8.955699999999998,2.1498999999999997,28,4,0.0688,0.9121,0.581282,0.8623485323823777,-0.885,2.316,3.2009999999999996,0.36015,0.18005,1.1994,1.0327927454237853,53.33304275,9.947099999999999,1.3586,29,2,0.9655,0.1742,36.660399999999996,134.18929319435287,-114.45,579.25,693.7,5.5649999999999995,-16.52,14.4025,137.80644400027163,949530.8003999998,1735.44,326.9,29,7,6.86,-1.4,15.870399999999997,244.82537533515597,-292.74,779.1,1071.8400000000001,-3.01,-101.325,23.3275,242.8838090857437,2949627.2358,2398.8999999999996,294.28,27,7,6.86,-6.3,-57.2068,129.86280110947862,-420.7,195.3,616.0,-0.63,-71.7325,5.425000000000001,140.71132909613212,989983.9068,1500.94,176.47000000000003,24,9,0.77,-0.77,1.6112926931254703,1.2141945360223796,0.2333119156837044,6.515063083347697,6.281751167663993,1.2049123408660996,0.9698063897728683,1.8461281817560522,2.010235594849519,202.05235734000001,15.849634286153165,1.8009652088864554,28,0,0.970284999368742,0.950006531556494,204.03192648287668,239.3737830164322,6.499453823206993,842.9713924564701,836.4719386332631,84.48556975303785,18.06225855904786,300.9660026790199,312.70247658117455,4889141.943,1892.5036324986438,409.81438552022564,27,0,9.73201418001433,6.499453823206993,0.7360098038880472,1.1414059219680852,0.0099954900889411,5.515063083347697,5.505067593258756,0.2561724317421568,0.07028935377725248,0.8617761468828826,1.3485035263391267,90.92308802745299,15.353231652789171,1.8009652088864554,28,0,0.0297150006312578,0.0499934684435059,0.014316704444419168,-0.21220098476454446,-0.435368689750268,0.8674628595023719,-0.11678854419063794,-0.20983837183092544
Cut_27,27,Cut,50,0.598608,1.41140363176925,-0.459,6.0705,6.5295,0.012799999999999999,-0.153675,0.5689,1.5200495206406928,115.52752726,14.1595,2.1177,27,4,0.0988,0.0205,0.367458,0.4525754942503166,-0.8089,1.2056,2.0145,0.3323,-0.0033250000000000003,0.76625,0.5794423769452836,16.78767341,9.1805,1.3535,27,9,-0.019,0.8601,0.6870820000000001,0.889222521378384,-1.0438,2.2333,3.2771,0.7078500000000001,0.46315,1.106625,1.116684392923981,62.34920167,9.607400000000002,1.658,8,2,1.0036,0.527,44.568999999999996,131.2134484342211,-79.66,433.93,513.59,1.085,-25.1475,21.7,137.3281669214295,942951.2715,1426.8100000000002,255.5,28,10,1.54,0.63,13.398000000000003,257.2272893765356,-307.09,775.95,1083.04,1.9249999999999998,-128.0475,29.1375,254.99424941751138,3251103.3618000005,2264.99,240.38000000000005,26,4,2.94,0.91,-41.9454,121.97899843005762,-373.45,199.15,572.6,-1.96,-36.9075,8.2075,127.83080660779702,817035.7559000001,1274.49,135.1,23,9,4.55,-1.96,1.6051636242549947,1.1591419179230371,0.3419069464050124,6.206322612465454,5.864415666060442,1.1001437595057815,0.9777437003984756,1.9970306280778973,1.9731416692168864,194.66440234000004,14.95015395287369,2.1735223483809554,27,0,1.0086304576008005,1.008920839312976,206.85933883579943,242.08073733401324,1.9411594473406868,858.7260035657473,856.7848441184066,51.45582040028851,14.756926759867252,316.67406454760885,316.57828065740705,5011090.389199999,1800.961320670009,277.5019218178789,27,0,5.63184694394299,2.250910926713894,0.7239114182680858,1.0874577433925363,0.006800933650739,5.206322612465454,5.1995216788147145,0.3092249872625651,0.03794970221192585,0.9970306280778973,1.2972897896345332,84.14803991450056,14.546374524525008,2.1735223483809554,27,0,0.0086304576008005,0.008920839312976,0.10169775426466199,-0.2992997845411072,-0.5609534951091972,0.8537739626985514,0.006347651408237358,0.0659551492952576
Cut_28,28,Cut,50,0.7886679999999999,1.9860247025037485,-0.6032,8.4897,9.092899999999998,-0.13285000000000002,-0.210975,0.71955,2.118349699837116,224.37027254,18.152299999999997,3.1059000000000005,23,2,-0.6032,-0.1449,0.20790199999999998,0.32024691652994686,-0.8542,0.7452,1.5994,0.2397,0.045775,0.44834999999999997,0.379117616842056,7.186508369999999,6.116500000000001,1.016,25,4,0.4099,0.4846,0.7076240000000001,0.8276671327759434,-0.795,2.3556,3.1506,0.8396,-0.084175,1.223,1.0826190236643727,58.60319751999999,7.82,1.1083,25,2,1.7473,0.8067,55.7284,143.73688993435192,-130.48,618.17,748.65,8.68,-7.3325,61.057500000000005,152.81604046696145,1167637.1112,1853.5299999999997,366.5899999999999,24,3,-111.16,7.63,39.5654,289.19756440537327,-260.68,946.75,1207.43,-6.125,-148.82,32.025000000000006,289.01201966354273,4176397.3755,2286.5499999999997,276.99000000000007,22,2,-149.87,-4.48,-24.255,124.08181111669833,-315.77,273.21,588.98,-18.83,-26.81,18.2525,125.20652921473385,783833.7479,1227.66,149.58999999999997,18,4,-3.43,-18.83,1.7333031363603424,1.6899643173637284,0.0651224231735889,8.61166334339656,8.54654092022297,1.056279201279788,0.9576935090818883,1.7817607117633671,2.4089830984463134,290.15997843,18.118704003876484,2.808202220066792,23,0,1.8933899598339483,0.9521544307516506,235.19769839158124,261.9382373129885,11.022055162264431,984.7858814483482,973.7638262860837,189.21984854291736,25.170526673875226,273.12041458137463,350.0819399683451,6127868.234600001,1909.5453627107645,420.44012814687943,22,0,186.6261701905711,20.80519646626775,0.9328737203673121,1.5864026555184805,0.0028333610326294,7.611663343396559,7.60882998236393,0.3107022563149576,0.04354296190243748,0.8697807785061582,1.826634417687161,166.8296647939657,17.718080641418272,2.808202220066792,23,0,0.8933899598339483,0.0478455692483493,0.17829386790956567,-0.15163117020583444,-0.575214904799496,0.8781108395670357,0.05722127578768483,0.14802435422453195
Cut_29,29,Cut,50,0.5246980000000001,1.821339183407727,-0.8484,6.9035,7.7519,0.0066,-0.6859,0.462825,1.8778282359683487,176.31194419000002,16.6199,3.2691000000000003,33,3,0.0351,-0.6698,0.087442,0.4597552024275349,-1.4413,1.2847,2.726,0.14675,-0.0229,0.31089999999999995,0.4634581454673119,10.739672630000001,10.686599999999999,1.8732,35,8,0.0571,0.4311,0.738664,0.9284474250739944,-1.0512,2.6096,3.6608,0.9388,0.213725,1.1756,1.179151743245966,69.51994168000002,10.5558,1.7956,35,2,1.0336,0.4948,53.89160000000001,167.1284916703313,-134.89,648.55,783.4399999999999,-4.165,-19.424999999999997,17.57,174.00459368648862,1513879.9311999998,1909.46,348.04,34,6,-18.2,-2.1,-6.179599999999998,273.2778651995072,-329.63,864.92,1194.55,-13.965,-164.15,1.2774999999999999,270.60185371131513,3661268.1615999998,2487.94,379.47,33,5,3.85,-0.77,-9.133600000000005,153.43928521731323,-365.68,462.98,828.6600000000001,1.3650000000000002,-19.950000000000003,24.657500000000002,152.17149737056545,1157808.2306000001,1767.22,257.25,34,4,-0.21,-12.67,1.7350924502612832,1.47111139405577,0.2214844689814615,7.110196342577327,6.888711873595865,1.1140705004624194,0.9683508577598622,1.9938943590070264,2.2652662470447047,256.57155850000004,16.653413985269214,2.524239985900647,33,0,1.035770910964389,0.9377133303947428,228.91275558949704,275.2699543202132,3.896806384720698,1054.7793720015577,1050.882565616837,120.45972663317889,19.82300184664488,323.76767396536013,355.89201517876177,6332956.3234,2292.461596765715,392.88409598536725,33,0,18.60394044282017,12.865916213002476,0.8968186671017729,1.3765390450941104,0.0029024728257478,6.110196342577327,6.107293869751579,0.4266599623447803,0.05330037333532353,0.9938943590070263,1.6313326667106967,133.06231347387165,15.915066406630835,2.524239985900647,33,0,0.0357709109643888,0.0622866696052573,0.17334046206158873,-0.2396132755679234,-0.5755037616470068,0.8567615350418795,0.13094002577991484,0.17298995495922156
Cut_3,3,Cut,50,0.37163599999999997,1.5916766779873919,-0.904,5.5866,6.4906,-0.27085000000000004,-0.597325,0.3499,1.6189129904970185,131.04396354,13.8935,1.8893,30,3,0.0659,-0.5592,0.302954,0.3536560153999525,-1.1009,0.9282,2.0291,0.22435,0.042625,0.59765,0.46298191303764774,10.717612590000002,8.0109,1.3373,33,8,0.0007,0.7078,0.7153320000000002,0.9861759402244363,-1.3564,3.2552,4.6116,0.8206,0.405875,1.2345,1.210285914815173,73.23959978,12.1587,2.5789,32,2,0.997,0.4055,29.818599999999996,134.98401571297245,-95.62,488.6,584.22,-2.6950000000000003,-28.1575,4.2875,136.91391351502594,937270.9857000001,1521.38,357.91,32,12,4.34,11.48,0.1875999999999999,252.31490817627088,-311.08,823.34,1134.42,-4.2,-130.655,-0.28,249.77908604204634,3119479.5911999997,2306.15,308.97999999999996,30,6,-2.38,-2.45,-26.964000000000002,149.8169569841812,-456.12,269.43,725.55,3.5700000000000003,-8.9075,30.555,150.74241434977748,1136163.7742,1571.3600000000001,220.99,27,5,10.43,-3.29,1.6616671408448258,1.253112790026151,0.2091038258856111,5.988053010787397,5.778949184901785,1.1631281490865994,0.9905233053799136,1.702191834601153,2.0736498060665887,215.00117591000003,13.718279628340465,1.5704336103633514,31,0,0.9991758103557152,0.98899733568903,207.56417592445538,249.0295447901094,3.656788208250513,908.0431001334684,904.3863119252179,104.50716593371743,11.6043798664262,307.5305022124262,322.270518387891,5192914.3511,1837.7828476511042,290.2913497083422,30,0,11.544907968450852,12.190857229907992,0.7662008192564796,1.190791856707573,0.0005001600800528,4.988053010787397,4.987552850707344,0.27601003569571075,0.0360007173517558,0.7757849092343193,1.4059478071786125,98.83446182551745,13.255434187098121,1.570433610363351,31,0,0.0008241896442848,0.0110026643109699,0.19128303059139481,-0.1805879205093083,-0.5777703786972375,0.8453762988079861,-0.06390486888797471,-0.12605905920770047
Cut_30,30,Cut,50,0.525632,1.5981716242593458,-0.8938,6.6224,7.5161999999999995,-0.04505,-0.251825,0.561075,1.6671408126490097,138.96792446,16.321400000000004,3.4483999999999995,29,3,0.0051,-0.1947,0.372546,0.3973720110774727,-0.5644,1.3989,1.9633,0.31295,0.082725,0.7812,0.5417905010241505,14.67684735,9.4836,1.5658,29,10,0.0732,0.7854,0.6726340000000001,0.8917746785998338,-1.0211,2.3958,3.4169,0.66465,0.308525,1.1188500000000001,1.1098618534754674,61.589666689999994,10.185599999999999,1.8014999999999999,31,2,0.9853,0.4795,45.83599999999999,167.40567553102852,-145.11,738.01,883.12,11.34,-24.2375,23.1175,171.94506649508733,1478255.2946,2481.92,544.74,30,8,0.77,24.99,2.7747999999999986,257.1148971802295,-307.3,836.85,1144.15,1.96,-152.32,27.405,254.54588674736036,3239680.4230000004,2353.7499999999995,328.02000000000004,29,5,-0.14,0.91,-31.4678,143.30071682305012,-434.28,312.55,746.8299999999999,3.185,-7.2275,14.035,145.3086919974163,1055730.7984999998,1686.0900000000004,265.51,25,8,1.33,8.82,1.625497527204254,1.3024492465542956,0.2532114728838328,6.828838350700652,6.575626877816819,1.1261632409691118,0.9733515447388613,1.8715022654416675,2.0747743901446247,215.2344385,16.481462132999866,2.8299204025177396,29,0,0.9880285117343528,0.9405750900380044,212.93636640650593,267.5120332666236,1.5431785379534022,1018.2673689655384,1016.724190427585,56.20866913962364,17.48094962421363,315.4107034357853,339.81367000460705,5773666.516099999,2281.6271218260617,565.1254413093127,30,0,1.5431785379534022,26.516421327170075,0.7592103584836417,1.2277793739032585,0.0033190220463279,5.828838350700652,5.825519328654324,0.22910784440330076,0.0464760873330011,0.8715022654416678,1.4330714272469087,102.6846857795746,15.926482198327854,2.8299204025177396,29,0,0.0119714882656473,0.0594249099619956,-0.0002585815036817522,-0.2322427325369683,-0.23541743287132247,0.8652373666041923,-0.13241852749282196,0.02841170463556985
Cut_31,31,Cut,50,0.47315199999999996,1.8869107921809603,-0.8747,8.2599,9.1346,-0.22144999999999998,-0.542375,0.416875,1.9269396736794848,185.6548253,19.258200000000002,4.1761,31,2,-0.0432,-0.5226,0.08114800000000001,0.5488719780251352,-1.4955,1.5694,3.0648999999999997,0.18664999999999998,-0.086175,0.37370000000000003,0.5493816862619285,15.091011860000002,12.023900000000001,3.0648999999999997,31,13,-0.0915,0.4282,0.6739999999999999,0.8801743760442575,-1.2825,2.084,3.3665000000000003,0.8279000000000001,0.006374999999999999,1.198475,1.101584673822217,60.67443968,8.726899999999999,1.2583,33,2,1.0599,0.6778,41.749399999999994,175.57904834575223,-120.96,754.39,875.35,-6.79,-41.3,19.25,178.75808953443197,1597722.7287,2324.21,627.62,32,10,5.04,4.69,8.314599999999995,266.2506421738734,-266.28,898.8,1165.08,-13.755,-153.195,-2.555,263.7057999779299,3477037.4470999995,2419.76,404.18,30,2,-2.31,-1.61,-11.663400000000006,162.8660227856013,-344.26,578.55,922.81,-0.6299999999999999,-14.7,20.0725,161.65045453075598,1306543.4725000001,1959.7199999999996,262.36,32,5,4.97,-10.71,1.7076890639986937,1.5360310628433458,0.2270722572222331,8.491806764758604,8.264734507536371,1.1273690636734863,0.9615246144011054,1.9049645440255518,2.2865706935933554,261.42027683999993,18.492141414013975,3.333972215320144,31,0,1.0647189770075485,0.9570155902596362,227.5253342378867,278.22009941832897,7.445710174321856,1092.0515317969202,1084.6058216225983,153.14237789646177,17.536338523057687,284.46879279525376,357.247915271734,6381303.6483000005,2255.198103974523,626.7858615064729,31,0,7.445710174321856,11.802215893636246,0.8706157483654505,1.4481006657915738,0.0028435378537629,7.4918067647586035,7.488963226904841,0.4065798443347741,0.04946506215877807,0.9049645440255518,1.6772082186784716,140.6513704401306,18.050067894243885,3.333972215320144,31,0,0.0647189770075484,0.0429844097403637,0.195082846513796,-0.28788142797769173,-0.5438751032619686,0.8300016349629179,0.30360606083493763,0.20644748532428114
Cut_32,32,Cut,50,0.601572,2.010418897362803,-1.1295,7.9993,9.1288,-0.16175,-0.38830000000000003,0.596375,2.0791434128505903,216.14186655999998,19.712,3.6366000000000005,32,2,-0.1786,-0.3726,0.23592000000000002,0.5761540808654914,-0.8821,1.6236,2.5057,0.13505,-0.13105,0.773725,0.6172298605867995,19.04863504,11.140400000000001,1.9851999999999999,32,5,-0.1859,0.8015,0.8373619999999999,0.9701014171451039,-0.8865,3.2977,4.1842,0.68695,0.372775,1.37325,1.2741467511240612,81.17249717,13.7575,2.0328,34,2,1.2407,0.3448,46.515,147.1063351796924,-147.07,592.76,739.8299999999999,7.14,-13.282499999999999,28.91,152.87613809224771,1168555.6798999999,2535.4700000000003,301.77,33,12,30.73,5.46,23.108399999999996,283.2194402367182,-296.94,988.61,1285.55,-11.515,-122.15,33.915,281.32362938793466,3957149.2226000004,2902.83,358.25999999999993,32,7,35.98,-14.63,-43.593199999999996,159.62586354347468,-456.96,324.45,781.41,-0.875,-36.3825,9.6425,163.92429677140603,1343558.7536000002,1853.39,225.61,28,8,12.88,9.17,1.8893487364027914,1.6774681260553994,0.3026677386177787,8.189005904259686,7.886338165641907,1.3825840562425964,0.953646855003119,2.3357641912091136,2.5154045351394276,316.36299877000005,20.650946169441564,2.924102817782215,32,0,1.2671989820071667,0.9487465678462292,228.2256164113125,280.84846145512466,10.712058625679754,1049.3439487127184,1038.6318900870388,71.9557469155994,35.5536048077185,304.1754139993376,359.7016445917366,6469263.656100001,2383.54736609339,435.4192960151372,32,0,49.0386347689248,18.109041940423023,1.0509459850406073,1.5792257981531628,0.0035075815642148,7.189005904259686,7.185498322695471,0.4531548294779284,0.14434869233260356,1.3357641912091136,1.8837628573136316,177.42812512972088,19.78753091028555,2.924102817782215,32,0,0.2671989820071667,0.0512534321537706,0.16566367430550424,-0.13091029446067412,-0.6209527278948208,0.8343954471708916,0.07873320443163219,0.2988577320602141
Cut_33,33,Cut,50,0.527778,2.0482283358133127,-1.0592,8.0015,9.0607,-0.3891,-0.55525,0.52995,2.095205036887798,219.49420733,19.3635,4.5823,27,3,0.049,-0.4319,0.093258,0.584538209183898,-2.45,1.0058,3.4558,0.1508,-0.22762500000000002,0.51145,0.5861299123914424,17.17741371,12.320500000000001,2.8599,28,4,0.0066,0.5131,0.8018139999999999,0.8876084200541479,-0.7196,3.0114,3.731,0.71955,0.623675,1.1485,1.1895366424789107,70.74987119,11.787999999999998,1.9354000000000002,28,2,0.8769,0.6193,54.047000000000004,165.1542105124783,-98.49,778.12,876.61,9.555,-22.82,30.939999999999998,172.1960312957299,1482573.6596999997,2599.1699999999996,421.53999999999996,27,8,23.94,20.09,14.866599999999996,275.4402776973622,-294.98,932.68,1227.6599999999999,-0.84,-94.815,3.5175,273.07694051677083,3728550.7721,2602.74,456.53999999999996,26,9,-16.38,1.4,-27.315400000000004,182.55924314588947,-439.67,516.39,956.06,-9.065,-21.927500000000002,14.7525,182.77705214276762,1670372.5394999997,2025.5900000000001,255.28999999999996,27,3,13.02,-12.95,1.818746522165942,1.70251642465909,0.3778534107296108,8.535792000160265,8.157938589430655,1.0771275923906884,0.9695405704059029,2.0087703853835497,2.4796027594354704,307.42149222999996,20.24702221535923,3.3625958314459954,27,0,0.8782927587086211,0.9128755172530372,231.68343040039247,292.68762951886777,9.666338500176783,1165.0071315232367,1155.3407930230599,73.40598107736395,21.68683049261106,333.2078679069132,370.9850932665624,6881496.9713,2426.056928466228,501.360802444261,27,0,31.795414763767432,23.943069978597148,0.9526683880628244,1.6298740851121907,0.00205111854364,7.535792000160265,7.533740881616626,0.35774058886249466,0.03438271611386585,1.00877038538355,1.8737493963356242,175.5468400134058,19.83719825972021,3.3625958314459954,27,0,0.1217072412913788,0.0871244827469629,0.14660379297998893,-0.09432813329742457,-0.6441671967667941,0.856861306004444,0.3248674219836731,0.31956019272731395
Cut_34,34,Cut,50,0.505908,1.5959786776541003,-1.0277,6.1159,7.1436,-0.0695,-0.418175,0.436625,1.658959880527555,137.60739425999998,15.6124,2.33,33,4,-0.0673,-0.3689,0.29793800000000004,0.39448328636383084,-0.4011,1.6931,2.0942,0.20865,0.0564,0.6127,0.4911942322544108,12.063588690000001,10.3067,1.4925000000000002,34,8,0.063,0.7393,0.7719999999999999,0.9953502808723436,-0.9926,2.8812,3.8738,0.7576,0.44984999999999997,1.3428499999999999,1.2517554625405074,78.3445869,13.436100000000001,1.9866000000000001,35,2,0.7986,0.4451,39.3092,127.93706434024504,-127.33,462.07,589.4,0.77,-19.985,39.2525,132.6112656903628,879287.3894000001,1621.4099999999999,306.88,35,12,8.54,2.59,12.6308,267.2241516629812,-317.03,817.53,1134.56,2.59,-154.1225,43.504999999999995,264.8397806146199,3507005.4698,2552.13,276.29,33,5,51.52,-7.07,-36.722,119.41408375899387,-332.22,197.33,529.5500000000001,-2.17,-59.115,8.4875,123.78624404997512,766151.7108000001,1184.89,161.63,29,5,-2.94,0.07,1.6932715152694384,1.3144188490709494,0.3725063355165923,6.403842457462551,6.031336121945959,1.2366552495760321,0.9475575885632613,1.9976959874327838,2.13548856166452,228.01556985,17.050795278487755,1.9310317913388575,34,0,0.8039031347121368,0.9384911880246932,214.4737731613911,241.27613959247844,4.03700383948294,879.6545843113647,875.6175804718818,82.87234244030881,33.07851649237473,319.3868737855705,321.0122916649766,5152444.57,1993.0448486398614,375.2569347865698,33,0,52.3056937627253,7.529800794177759,0.8430194337126271,1.2218614942231667,0.0093499356483138,5.403842457462551,5.394492521814238,0.3954513812666729,0.1173439851234467,0.9976959874327839,1.4743704983690913,108.68841832305614,15.92419428700852,1.9310317913388575,34,0,0.1960968652878632,0.0615088119753068,0.28837459768685414,-0.1555713599621164,-0.14588781835220782,0.8772480154851462,-0.21167987594401158,-0.06984386477763516
Cut_35,35,Cut,50,0.6442239999999999,1.8112631942939936,-0.7422,6.8193,7.5615000000000006,-0.14529999999999998,-0.226575,0.417425,1.9052783088042544,181.5042717,16.1691,2.6001,27,5,0.0044,-0.2145,0.348592,0.48017693968378117,-1.2598,0.893,2.1528,0.45645,-0.022699999999999998,0.810725,0.5894699975401633,17.3737439,10.656099999999999,1.4867,30,12,0.101,0.8279,0.700102,0.979340900287285,-0.852,3.2252,4.0772,0.5461,0.152225,1.289075,1.1958550235710013,71.50346187,11.5012,2.1418999999999997,29,2,1.2224,0.4978,44.19379999999999,137.5846391207972,-100.52,523.6,624.12,3.045,-27.107499999999998,36.644999999999996,143.19229805405038,1025201.7111000001,2061.0099999999998,437.29,29,10,32.41,36.68,21.1694,277.3683460995504,-294.0,848.61,1142.6100000000001,-2.31,-159.495,42.9275,275.3954954715128,3792133.9463000004,2524.9,304.64,27,9,50.75,-1.89,-46.2224,113.72964120228288,-310.31,226.17,536.48,-2.1,-59.237500000000004,7.8225,121.70559939460468,740612.6462,1204.5600000000002,154.28,23,7,-1.12,15.26,1.7444982563884477,1.5532570725827166,0.1366436972567707,6.961361514818779,6.824717817562008,1.195013419337104,0.9689490958091711,1.9344599414073718,2.3254310459353555,270.38147747000005,15.769942250778264,2.0559820911655997,28,0,1.2265733243471422,0.9895622769689636,222.23244124523768,251.06245285760983,3.704713214271788,925.4970921078034,921.7923788935316,120.56293995879773,32.64908681005301,295.6569451600243,333.4051080472523,5557948.3036,2095.237453872678,523.2507901782508,27,0,60.22644767873994,39.77263003624478,0.9156081840264776,1.456965917116675,0.0033754969899646,5.961361514818779,5.957986017828814,0.4346942856957827,0.06885629210765577,0.9344599414073719,1.7084007248368587,145.93165183115522,15.554395777782874,2.0559820911655997,28,0,0.2265733243471421,0.0104377230310362,-0.17737502513337938,-0.06600151940883064,-0.4353704829356669,0.8639578639885851,-0.030609243406108582,0.023025855597782183
Cut_36,36,Cut,50,0.492188,2.0623015712726085,-0.926,7.451,8.376999999999999,-0.39054999999999995,-0.5334000000000001,0.208475,2.1000654853599205,220.51375213999998,18.816599999999998,4.150499999999999,29,3,0.164,-0.489,0.128964,0.5229044922978824,-1.3571,1.5079,2.865,0.16904999999999998,-0.155725,0.46740000000000004,0.5334718729230249,14.229611959999998,12.7107,2.4815,29,6,0.1076,0.5205,0.7196719999999999,0.9290053852000064,-0.7642,3.2545,4.0187,0.71555,0.096275,1.1808750000000001,1.1677832732146836,68.18588866000002,12.0621,1.972,30,2,0.3924,0.6339,50.71920000000001,149.5784303701573,-90.86,678.86,769.72,5.67,-25.76,49.5075,156.52050965927756,1224933.4972,2452.7999999999997,346.64,30,13,-48.16,1.26,29.371999999999993,275.0830347367864,-235.13,931.21,1166.3400000000001,-6.44,-150.70999999999998,20.405,273.89774892101616,3750998.8432,2645.37,413.48999999999995,29,6,-22.89,-1.96,-39.013799999999996,145.89090486387423,-368.34,399.07,767.41,-11.515,-86.905,10.395,149.6013020999483,1119027.4795,1666.0,314.58,30,6,-3.01,-12.95,1.7520698322290498,1.7463771123569367,0.1568919692017408,8.166915624640675,8.010023655438934,1.0784056105875695,0.906446036156529,1.9876511180802696,2.4614193172232968,302.92925276,20.280517268616833,3.5834047639575672,30,0,0.4386929678032234,0.9549190855774116,221.5084377034036,272.6162145450165,13.157951968296585,1039.3260578374816,1026.168105869185,100.83350956858035,37.22180535951734,273.17541575979016,349.1406541753624,6094959.8199,2363.4324765882084,430.63340320790576,30,0,53.40784399318137,13.157951968296585,1.0120577657104173,1.6068045579205403,0.0099107881392297,7.166915624640675,7.157004836501445,0.48725093457733676,0.089530112269558,0.9876511180802696,1.8853236832814415,177.72226953709506,19.79917353487095,3.5834047639575672,30,0,0.5613070321967766,0.0450809144225883,0.03548002943171719,-0.05058888928186309,-0.6388017984213734,0.8730766458939969,0.24712867720202625,0.1216979738445343
Cut_37,37,Cut,50,0.5388059999999999,1.9283353888792483,-0.5453,8.0388,8.5841,-0.30745,-0.46245,0.36124999999999996,1.98353717640986,196.72098651000002,18.3197,3.8598000000000003,29,2,-0.3023,-0.2606,0.152444,0.45903377189350186,-1.2093,0.8008,2.0101,0.254,-0.14002499999999998,0.515325,0.47930881151925425,11.48684684,8.325200000000002,1.7517,31,7,-0.4246,0.5834,0.7597619999999999,0.8411283039040902,-0.7562,2.5247,3.2809,0.8041,0.023099999999999996,1.359175,1.1272023703843068,63.529259190000005,9.431199999999999,1.6236,31,2,1.2312,0.8052,48.388200000000005,153.5080224678828,-106.96,515.76,622.72,8.68,-40.075,39.515,159.48302919746664,1271741.8300999997,1720.67,515.6899999999999,30,5,-9.17,10.08,24.347399999999997,271.05290616040253,-268.17,896.14,1164.31,5.984999999999999,-138.0575,24.8325,269.43103062936166,3629654.0133000007,2413.95,376.39,28,3,27.51,-3.92,-20.5002,148.5878918418321,-336.84,468.72,805.56,-6.6850000000000005,-61.32,5.495,148.5161693890601,1102852.6284999999,1714.51,215.32,30,6,17.85,3.22,1.7160314193165649,1.5939867931232692,0.2350494841517419,8.442563053954647,8.207513569802904,1.1806028010064717,0.9976159136714587,1.6891737171456986,2.331253278989651,271.73709254000005,17.91698862213535,3.0475873116551506,29,0,1.3369831300356785,1.0279177788130722,223.01712799127384,267.92538189921567,11.284555817576518,1012.428539206595,1001.1439833890186,142.15809715014979,34.05582654147425,275.3317508115584,346.53278263102317,6004248.471899998,2214.7462573875196,474.5086499065809,28,0,34.0516005497539,11.284555817576518,0.90017203545914,1.495697679926996,0.0083159575751962,7.442563053954647,7.43424709637945,0.414715704258385,0.08435031805834985,0.7437920555630988,1.732823999189436,150.13395060834353,17.236328698006968,3.0475873116551506,29,0,0.3369831300356785,0.0279177788130722,0.13076350581983012,-0.05730142194814198,-0.5848431363872775,0.8990147488440717,0.2772679178913861,0.3579463495972303
Cut_38,38,Cut,50,0.7510899999999999,2.121617336887987,-0.7993,8.317,9.1163,-0.1036,-0.2469,0.4337,2.230553991680094,248.76855549,18.811700000000002,3.2493999999999996,32,2,-0.0878,-0.1779,0.340778,0.4078310596062932,-0.997,1.1727,2.1697,0.18885000000000002,0.1063,0.7343500000000001,0.5283268827156157,13.956464749999999,11.456600000000002,2.1697,33,6,0.1135,0.8821,0.7957259999999999,0.9738912112505279,-1.15,3.4448,4.594799999999999,0.7353000000000001,0.352625,1.2843,1.2500698686873466,78.13373382999998,13.5099,2.4009,34,2,0.9919,0.3462,44.186800000000005,144.95774181464057,-114.17,610.61,724.78,4.9,-8.015,26.092499999999998,150.14980941712847,1127248.2633999998,2044.9799999999998,543.76,33,12,-7.91,-9.73,25.9336,296.3535905772022,-290.99,986.65,1277.6399999999999,-14.175,-129.5525,31.255000000000003,294.5190880808916,4337074.6622,2695.07,306.31999999999994,32,4,-27.37,-12.18,-49.4102,136.6670267548102,-449.68,233.59,683.27,0.98,-34.58,10.0975,144.03362989940928,1037284.3271000001,1468.5300000000002,208.74,29,4,-2.17,-15.26,1.86738259929899,1.8433712763534778,0.2565757003303314,8.763150806074263,8.50657510574393,1.1541895795321548,0.8955638944645157,2.018073396013856,2.610972056801834,340.85875407000003,20.641809982098017,2.9751560340377257,33,0,1.0022258727452609,0.964159354048904,224.3171764231668,285.2030236686359,7.696499204183679,1067.7646750571962,1060.0681758530125,71.77742610315016,25.206221036117597,298.5023537643161,360.599701960498,6501607.2527,2293.3221042613172,446.6236429915274,33,0,28.572607511391045,21.814969630966715,1.0510296661185583,1.7431342062388455,0.0022258727452608,7.763150806074263,7.760924933329002,0.42938660531747275,0.11648183848910101,1.0180733960138562,2.020497434495283,204.12049414010102,19.785355169812025,2.9751560340377257,33,0,0.0022258727452608,0.0358406459510959,-0.02506510711000065,-0.016844774524271786,-0.2877903121526006,0.8890850421003802,-0.2887314905127845,-0.17063795345433255
Cut_39,39,Cut,50,0.76566,2.2950272521613475,-0.6368,9.3498,9.9866,-0.0395,-0.534925,0.49005,2.397507522824485,287.40211609999994,21.023999999999997,3.5288999999999997,31,5,0.0015,-0.5183,-0.07257000000000001,0.6936076722176476,-3.2391,1.4215,4.6606000000000005,-0.011,-0.35645000000000004,0.270625,0.6904608430606329,23.836808790000003,16.075100000000003,3.2794,33,7,-0.049,0.3565,0.8375559999999999,0.8133621188571771,-0.6932,3.0158,3.709,0.78725,0.25605,1.286275,1.1618204813137012,67.49134154000001,11.1319,1.8160999999999998,32,2,0.8052,0.7935,59.046400000000006,156.65097014701186,-105.14,559.86,665.0,3.815,-8.4,44.205,165.93737756153675,1376760.6636,2395.8900000000003,620.0600000000001,32,13,-0.28,2.73,31.6624,296.6649252742899,-281.12,1004.43,1285.55,-5.32,-112.8575,14.5425,295.3851450293329,4362619.195200001,2759.75,392.9100000000001,30,5,-17.22,1.89,-31.5588,168.95064270963871,-343.14,486.29,829.4300000000001,-4.9,-106.96,7.035,170.2039692134117,1448469.5568,1705.06,259.41999999999996,32,3,3.15,-18.97,1.9419744612724639,1.9700151559464454,0.3557913714524286,9.544558487431464,9.188767115979037,1.094459975842328,0.9497020012809714,2.0551643524464596,2.75220008876535,378.73026643000003,21.697732442665306,2.3879945877926905,31,0,0.806690950736402,1.0126052488507058,243.2073057957676,293.82626186714555,7.9335049001056275,1095.9910417060898,1088.0575368059842,125.58888950468584,23.107107275118448,313.99431021375517,379.15298800352343,7187849.415599999,2350.405593410568,452.78840275380475,31,0,17.50797818138919,19.258398168072024,1.1163646555665998,1.8747479726828096,0.0071608186619547,8.544558487431464,8.53739766876951,0.40282610225892673,0.0621555464432755,1.0551643524464593,2.1657923275455273,234.5328203027536,21.41271200063121,2.3879945877926905,31,0,0.193309049263598,0.0126052488507057,0.2027089271602866,-0.07333303009019453,-0.6648982480315686,0.8223589283330546,0.4328222281527886,0.3397871365139802
Cut_4,4,Cut,50,0.512842,1.9693784447922256,-0.5754,9.0483,9.6237,-0.36785,-0.441925,0.14049999999999999,2.015909062085887,203.19446732999998,19.868,4.4161,20,2,-0.456,-0.3492,0.33493,0.5801076093875925,-1.6177,1.5138,3.1315,0.53325,0.04725,0.711325,0.6648100831064464,22.098622330000005,11.636899999999999,3.1315,21,4,0.0798,0.7181,0.5067079999999999,0.9367150312291418,-1.1829,2.939,4.1219,0.5380499999999999,-0.20657499999999998,0.9523,1.0567115718113436,55.8319673,9.1684,2.1492,21,2,1.2912,0.5322,37.4024,156.5557896981137,-86.24,737.73,823.97,2.485,-25.6025,13.1425,159.43167975029306,1270923.0254000002,1842.89,688.38,21,5,-40.32,13.51,23.254,254.24597027288357,-272.37,882.07,1154.44,-3.71,-40.5125,22.82,252.7626191666798,3194447.0824,2144.17,399.21000000000004,20,5,-226.31,2.38,-25.027800000000003,159.50870334248222,-339.99,575.89,915.88,-14.77,-48.16,-5.04,159.87669212865268,1278027.8342999998,1916.8100000000002,358.04999999999995,21,3,26.32,-5.81,1.681021625154301,1.68930230585739,0.1555465525172448,9.3529430437697,9.197396491252455,1.0646077336154887,0.9599904092683096,1.5780835613344864,2.3711813804936983,281.12505696000005,19.387015981881905,3.919108533039732,20,0,1.3716783442192269,0.9596067371585092,209.95566834868288,268.7586280916996,8.051521595325942,1166.262036165115,1158.210514569789,92.16196771539737,30.540705206566912,268.2076304701288,338.9217591745918,5743397.942100001,2197.5283461200283,651.8627666193617,20,0,231.37558406193165,14.897670958911664,0.8605029102923888,1.6035651066594208,0.0014979769674975,8.352943043769699,8.351445066802201,0.22105667164675336,0.0457260367461418,0.7322053443266858,1.805673804675528,163.02289444456986,19.252147201926938,3.91910853303973,20,0,0.3716783442192268,0.0403932628414909,0.03062217582739609,-0.054713442740328834,-0.5914871030975037,0.7654223456358386,0.3944446988223878,0.15185226508878955
Cut_40,40,Cut,50,0.53111,1.7685656057197012,-1.1302,6.4701,7.600300000000001,-0.1358,-0.37222500000000003,0.5219250000000001,1.8295752643168304,167.36728238999999,17.5343,3.4960000000000004,32,4,-0.0615,-0.2298,0.225836,0.49233356983215504,-1.1983,1.0438,2.2420999999999998,0.0827,-0.1246,0.713875,0.537165147789765,14.427319800000001,7.463500000000001,0.9267000000000001,34,9,-0.0212,0.8279,0.7478959999999999,0.9791530577983802,-0.9033,3.9045,4.8078,0.57865,0.38775000000000004,1.4109500000000001,1.2243015654649798,74.94571616,13.5851,2.8167,33,2,0.7093,0.385,33.262600000000006,140.9413585077141,-112.63,461.72,574.35,-0.7349999999999999,-34.7375,23.1875,143.43492519606235,1028678.8883,1695.89,439.74,33,9,5.88,-4.27,18.801999999999996,270.3899927881947,-278.04,872.48,1150.52,-7.455,-124.9325,32.3925,268.33197431539907,3600102.422,2769.48,354.76,31,6,-40.46,-0.98,-31.043600000000005,140.29822467871787,-334.67,409.5,744.1700000000001,-15.260000000000002,-63.6475,8.190000000000001,142.31523148278964,1012681.2556000001,1746.2200000000003,262.15000000000003,33,5,0.49,-14.49,1.7007809544115244,1.5125834475583737,0.3044314044247078,7.276343742567416,6.971912338142708,1.1956637711452192,0.9285248110700781,1.690875113800457,2.2660111136091103,256.74031835,17.29016934429117,3.0282584127103185,32,0,0.7122767580091324,0.9415155070417056,217.7482875867994,258.3600844475228,6.481334739079598,997.671748021362,991.1904132822824,109.83044204623073,38.81492966773091,279.48399346487696,335.9006569180834,5641462.5659,2415.0198296474305,539.0954005312839,31,0,40.887970113469805,15.137813580567045,0.8986725773817767,1.4017598475644186,0.0035096789230715,6.276343742567416,6.2728340636443445,0.44958010985431174,0.10398159099078673,0.6994584694452086,1.6532526903582982,136.66222290884755,17.00155801843241,3.0282584127103185,32,0,0.2877232419908676,0.0584844929582943,-0.09108208412834828,0.08688332639801015,-0.7137750258252322,0.9354882632403203,0.27455942139045103,0.3345038463366763
Cut_41,41,Cut,50,0.7827659999999999,1.9697838774653549,-0.7745,7.5813,8.3558,0.0827,-0.28400000000000003,0.64945,2.101230630892287,220.75850820999997,18.9677,3.1967,30,5,0.1252,-0.7005,0.30954000000000004,0.4230071292881143,-1.382,0.8762,2.2582,0.28805000000000003,0.09335,0.614525,0.5207411472123169,13.55856712,11.5146,1.9236999999999997,32,9,-0.0037,0.7459,0.8463400000000001,0.9727788913358326,-0.8352,3.7486,4.5838,0.79535,0.35957500000000003,1.26015,1.2820546757451494,82.18320958000001,13.9852,2.2077,31,4,1.0431,0.8989,44.73700000000001,146.40683539370693,-124.67,497.84,622.51,5.845,-47.652499999999996,60.322500000000005,151.68276563275077,1150383.0695,1985.34,470.75,31,8,10.85,89.25,16.4416,297.63681715809287,-308.7,1007.79,1316.49,-23.835,-117.67,4.445,295.1037913006202,4354312.381999999,2870.28,296.87,29,7,2.1,-32.34,-30.987599999999997,123.39175048600292,-337.89,330.82,668.71,-7.175,-30.4325,14.105,126.02081161459007,794062.248,1572.41,192.99,26,7,4.48,-27.37,1.860656377297888,1.7106996849423741,0.4617958964737561,7.888312546419544,7.426516649945788,1.197467374589884,0.9767571278289114,2.0156929348913923,2.515950257497155,316.50028491,19.217805894541844,2.6674826175644606,30,0,1.0505933276011226,1.362016251738576,233.48962162051032,270.0297613709118,3.632588608692154,1105.2344068567536,1101.6018182480614,101.12309527844315,50.37965160326826,305.053968641662,354.92978740872115,6298757.6995,2537.219795618487,448.9880222091001,29,0,11.924885743687442,98.79552115354218,1.0101372911867508,1.625157950426608,0.0008688424435958,6.888312546419544,6.887443703975949,0.3590246171878989,0.1424023125935605,1.0156929348913923,1.8996560066507366,180.4346471802112,18.646665483421952,2.6674826175644606,30,0,0.0505933276011225,0.3620162517385759,-0.22820207219757985,0.06058147002036538,-0.5153053448927786,0.9037777416296421,-0.020271626818141167,0.13025491984470786
Cut_42,42,Cut,50,0.535734,1.7221880414301158,-1.016,6.8932,7.9092,-0.0494,-0.2866,0.27265,1.7870713292423444,159.68119679,17.789,2.4266,32,5,0.0007,-0.0637,0.30026600000000003,0.44449937196530553,-0.9838,1.2195,2.2033,0.16945,-0.00095,0.733125,0.5327173440014883,14.189388430000001,8.8514,2.2033,33,12,0.0095,0.8967,0.7662279999999998,0.9354100242597971,-0.9296,3.3518,4.2814,0.75725,0.43335,1.132575,1.2019140664789643,72.22987116,11.5862,1.9017,34,2,0.9941,0.4319,31.388,148.57149524723778,-139.51,612.43,751.9399999999999,6.055,-20.37,14.0875,150.39024556133953,1130861.2980000002,1916.8099999999997,430.64,33,6,13.09,6.16,22.3384,249.58927246177868,-281.54,831.04,1112.58,3.5700000000000003,-111.2125,40.285,248.08851836390977,3077395.6471999995,2360.75,354.27,32,3,-4.13,9.66,-46.8104,132.9902778702263,-417.76,249.27,667.03,2.0300000000000002,-62.16,8.469999999999999,139.7279473691645,976194.9638000001,1515.2199999999998,242.33999999999997,29,4,12.88,2.52,1.6975740348083321,1.4428753619587205,0.2665997936983448,7.053134699550265,6.78653490585192,1.0822124476381023,0.9880665686773413,1.8156506666286116,2.2185601473928984,246.10045638,16.408923303833284,2.2330811749511854,32,0,0.9941456382240984,0.9973295292931018,204.83511798819814,250.98095833691298,9.708321173096818,919.4467837781586,909.7384626050618,75.23617028123576,16.434773007128285,290.6624566703325,322.00782316583553,5184451.909,2097.6199957646554,473.0191263223476,33,0,18.82284250584911,11.730797074367963,0.8237808272358806,1.3733045973133355,0.001596449325224,6.053134699550265,6.0515382502250405,0.2668065103009438,0.0362286297596687,0.8289013720667098,1.589610347847338,126.34305289916676,16.107252594186207,2.233081174951185,32,0,0.0058543617759015,0.0026704707068981,-0.04143865009640035,-0.027474430693610517,-0.38872070790218843,0.8858846797902401,-0.04892260078435118,-0.17556634308487426
Cut_43,43,Cut,50,0.6063860000000001,1.744032991053103,-0.8901,6.3713,7.2614,0.0626,-0.322625,0.341325,1.8298967275231681,167.42610167,15.893799999999999,2.9894,34,3,0.0827,-0.3221,0.31913400000000003,0.4187428048044649,-0.6398,1.1558,1.7955999999999999,0.1643,0.03585,0.7308749999999999,0.5231492481118557,13.684256789999997,8.9158,1.169,29,4,0.0329,0.7781,0.804332,0.9875368817581717,-0.9084,3.2142,4.1226,0.7785,0.20077499999999998,1.11975,1.2659678025921512,80.13372386,11.7516,2.1682,35,2,0.9911,0.4729,35.876400000000004,122.77847306429575,-137.76,495.25,633.01,9.205,-17.22,33.075,126.72875938791478,803008.9228,1872.43,254.8,35,6,11.69,12.46,19.9164,277.2015617704922,-299.67,887.25,1186.92,2.17,-146.29999999999998,32.0775,275.13733792417196,3785027.7359999996,2547.23,329.07,33,5,8.47,-8.54,-52.25500000000001,117.6822699050286,-391.3,141.89,533.19,-7.175,-58.2225,8.1375,127.68210266908986,815135.9671000001,1225.21,192.07999999999998,30,6,3.71,18.48,1.7566948243401472,1.477347644182634,0.2933064097492586,6.810084788018428,6.516778378269169,1.1590046738897224,0.9818245681168043,1.9163925810218823,2.2858000013999473,261.24408231999996,15.951044848249275,2.32212751966158,34,0,0.9950883930586268,0.9658273292882118,215.09828890600429,251.11217638799485,6.156021442457782,929.7198277438208,923.563806301363,105.55993176311762,30.4826756079175,305.8578024729226,328.73006025917374,5403172.6259,2056.0381022809,400.81011681384797,33,0,14.90506960735172,23.86825506818628,0.9035506002017257,1.3905982821216192,0.0028460650431147,5.810084788018428,5.807238722975313,0.30947995359265557,0.0542522283808338,0.9163925810218824,1.6466608629950812,135.57459988598526,15.365805020704233,2.32212751966158,34,0,0.0049116069413732,0.0341726707117882,0.07007157488521724,-0.06328727420457567,-0.4054837502870061,0.8862636479028955,-0.17815224781761116,-0.17255935604754702
Cut_44,44,Cut,50,0.533984,1.7573005634640366,-0.8184,6.82,7.638400000000001,-0.0344,-0.4537,0.2884,1.8197478059335586,165.57410386,16.6733,3.0172999999999996,35,5,0.0725,-0.3784,0.191812,0.281247489704897,-0.866,0.661,1.5270000000000001,0.16285,0.0251,0.414825,0.3380976054336972,5.71549954,7.403000000000001,0.9202,37,9,-0.0725,0.5519,0.7860119999999999,1.003296925069075,-1.0804,3.4887,4.569100000000001,0.87365,0.1153,1.29105,1.2666047092917347,80.21437448,13.0345,2.4047,36,2,1.3322,0.7371,38.486,144.77855158827913,-149.17,627.48,776.65,12.81,-41.9825,25.9175,148.40075679052316,1101139.2308000003,2080.75,331.72999999999996,36,8,10.36,14.77,15.675799999999997,268.5011156066209,-259.42,874.23,1133.65,-5.74,-164.48250000000002,22.9775,266.2643851625673,3544836.1402999996,2463.51,346.08,34,7,4.76,-6.51,-29.8578,131.6565693081815,-373.03,296.59,669.6199999999999,-0.24500000000000002,-29.295,16.52,133.70965342113485,893913.5708999999,1428.9799999999998,213.70999999999998,31,6,1.61,0.35,1.697769807243088,1.4803671770170939,0.0733738372991354,7.0903948641806975,7.0170210268815625,1.1753435864787176,0.9689062948053377,1.831717908816163,2.242783885620726,251.50397788000004,17.08095532799702,2.5325456380472158,35,0,1.3361397157483197,0.9955383367806586,216.4324106922187,255.4603496570312,7.582328138507328,948.9980780802456,941.4157499417382,136.52742991345124,29.42564301822393,273.7837242049509,332.86300311088945,5539888.942000001,2101.235171002574,417.47260028168796,35,0,11.514308489874672,16.144828893487848,0.8978102449805173,1.3659401737585726,0.0044616632193413,6.0903948641806975,6.085933200961356,0.35263093805619866,0.11780057866067385,0.8801253774647841,1.623126594912986,131.72699715569124,16.58209210299716,2.532545638047216,35,0,0.3361397157483194,0.0044616632193413,0.08580930125408777,-0.09548561213845068,-0.512797653065219,0.8951912062027068,-0.01801214973068548,-0.038898522256502276
Cut_45,45,Cut,50,0.5434499999999999,2.046019332329317,-1.2832,8.0696,9.352799999999998,-0.22145,-0.482725,0.420725,2.0970953980684808,219.89045543,20.972399999999997,4.7295,35,4,-0.3045,-0.3697,0.06532,0.5448505048662993,-1.4384,1.8395,3.2779,0.0006999999999999992,-0.15405,0.43665,0.5433153169201104,14.759576679999999,12.8305,2.2977,34,10,0.0425,0.5856,0.8683679999999999,0.9236459456050533,-0.6881,2.9478,3.6359,0.83665,0.383975,1.332575,1.261000547026051,79.50611898000001,13.714,1.8723999999999998,36,2,0.7027,0.6317,42.9772,170.02076400251826,-121.73,883.82,1005.5500000000001,-0.105,-35.175,28.5425,173.71228715321206,1508797.9354,2835.7,553.28,35,12,3.29,3.29,20.251000000000005,278.7308961166666,-281.33,967.05,1248.3799999999999,-7.035,-124.32,32.620000000000005,276.6716414849921,3827359.8601000006,2967.9999999999995,468.79,34,7,28.42,-6.16,-28.022399999999998,165.00186934698647,-397.81,478.73,876.54,-1.2950000000000002,-26.46,12.145,165.72977841051983,1373317.9726000002,1969.1000000000001,338.17,35,7,2.17,-8.61,1.8501309907544314,1.7083642787855988,0.3345019282455633,8.521515801780808,8.187013873535244,1.2542774053749604,0.9365218184082589,2.211317748839771,2.506615850464526,314.1561510899999,22.19448482775026,3.8401925476143104,35,0,0.7670161601948162,0.9373635047301554,232.6562458364128,285.8224556581868,2.784205452189188,1243.2697733798568,1240.4855679276677,96.18509896598309,37.55958222845698,306.86466308515446,366.3188711518969,6709475.7681,2933.413831998998,623.9431722234071,35,0,28.691974487650725,11.086108424510378,1.0451875106776611,1.5941359721711226,0.0015288236508778,7.521515801780808,7.51998697812993,0.5090505467419181,0.16564010944805443,1.2113177488397706,1.892844695238132,179.14305201455684,21.439739667828686,3.8401925476143104,35,0,0.2329838398051837,0.0626364952698446,0.189504113710119,-0.12352077282482182,-0.5861106535072749,0.8312982735562728,0.25768254193822343,0.18675847391160055
Cut_46,46,Cut,50,0.439524,1.5647643001175766,-1.1514,6.1386,7.29,-0.09625,-0.324675,0.403525,1.610185987766631,129.63494576000002,16.210200000000004,3.6037000000000003,34,2,-0.3411,-0.0783,0.346146,0.5118853830613224,-1.3344,1.1617,2.4961,0.14715,0.0055000000000000005,0.87165,0.6136800190653106,18.83015829,12.1794,2.2553,36,10,0.0527,0.8857,0.736768,0.9021884384910609,-0.9128,3.0349,3.9476999999999998,0.57975,0.30962500000000004,1.20025,1.157796262215421,67.02460924,14.3941,1.9054,35,2,0.7576,0.3023,38.2032,146.87382105739604,-101.36,607.53,708.89,1.435,-30.73,29.294999999999998,150.33284875901208,1129998.2708,2152.15,633.01,35,11,15.96,-3.29,20.407799999999998,257.89396201152135,-265.65,841.54,1107.19,-9.45,-138.8625,42.087500000000006,256.11635642808915,3279779.4015,2669.0999999999995,327.17999999999995,34,7,35.84,-21.56,-51.272200000000005,140.08007724869373,-424.13,276.85,700.98,-0.31500000000000006,-65.17,9.065,147.84727922420487,1092940.8987,1652.3500000000001,210.20999999999998,30,10,-0.07,-0.84,1.6404655785602673,1.2851851892915724,0.2987843034699112,6.449079001686985,6.150294698217074,1.2996735275394253,0.9207903533284221,1.9075708310063972,2.076004399272795,215.48971328999997,18.19266128151233,2.695298468609109,35,0,0.832516822652852,0.9391382592568572,216.3257474939215,254.06399320658886,14.294061704078375,987.8918661979152,973.5978044938369,76.91717968257092,35.939133667103036,297.17164889964897,331.7444369088953,5502718.5709999995,2280.391979294297,555.3186818903271,34,0,39.23304856877681,21.825748555318786,0.8413686360622052,1.1609997130069996,0.0084333960847612,5.449079001686985,5.440645605602223,0.4555074993810992,0.18362319548929246,0.9075708310063972,1.4243816583624858,101.44315543397323,17.178385418756257,2.695298468609109,35,0,0.167483177347148,0.0608617407431426,0.08424107905479603,-0.10833188845247947,-0.3749096260131529,0.889636777343533,-0.07830773397651054,0.057491103037803575
Cut_47,47,Cut,50,0.696632,2.1292229074400235,-0.9684,8.7101,9.678500000000001,-0.17020000000000002,-0.304875,0.46537500000000004,2.2199582269042812,246.41072646,20.9509,4.2917000000000005,30,4,-0.0183,-0.224,0.23662,0.46540820397424304,-0.6515,1.1456,1.7971,0.15595,-0.15665,0.72355,0.5179398853148887,13.413086240000002,9.639100000000001,1.2313,25,10,0.06,0.7481,0.935028,1.038660243606628,-0.8608,3.5692,4.43,0.7242999999999999,0.543875,1.4528500000000002,1.3897899698875367,96.57580802,16.3233,2.8709,31,2,0.9494,0.5995,47.5146,137.32048520887187,-112.56,561.19,673.75,5.25,-20.2825,39.7775,144.0049115759598,1036870.7278999999,2268.7000000000003,231.00000000000006,30,8,103.11,30.59,29.561000000000003,300.5334963860102,-301.63,1046.71,1348.3400000000001,-1.4,-97.78999999999999,37.9925,298.97797163336304,4469391.376100001,3132.71,390.88,29,5,98.14,-6.79,-27.749399999999994,150.01672712734404,-442.4,347.55,789.95,5.46,-2.0825,16.0475,151.07927472026068,1141247.3625,1702.8899999999999,213.99,26,6,10.15,0.7,1.9448498122977045,1.84765477990884,0.4256137333310569,9.420615930500512,8.995002197169455,1.2204588324346552,0.9788817385210966,2.2180607366355076,2.6698300347400394,356.39962072000003,24.39374628090594,3.7122903756639625,30,0,0.9514700468222844,0.9844947231956096,229.87321398958477,285.907960821879,8.159129855566707,1102.7817906548876,1094.6226607993208,90.46205516171936,30.37325441070028,317.7195837865282,364.62335269425625,6647509.4665,2624.216900935833,401.7933005560911,29,0,142.71003538644365,31.342338776804773,1.077227528467613,1.7721984622232003,0.0027089642436366,8.420615930500512,8.417906966256876,0.47520964115435405,0.08868312041944942,1.2180607366355074,2.058711439178544,211.9146394902296,22.898081894524065,3.7122903756639625,30,0,0.0485299531777155,0.0155052768043904,0.13858865872583911,-0.026548685316041275,-0.524948704063695,0.8714335148484613,0.07111793405505493,0.18879388274027828
Cut_48,48,Cut,50,0.6967840000000001,2.094318425622532,-0.7466,8.2877,9.0343,-0.11385,-0.242675,0.24980000000000002,2.1872252323892023,239.19771086,19.122599999999995,3.2552000000000003,29,4,-0.0761,-0.0791,0.19137800000000002,0.5013350609958109,-2.1455,0.9018,3.0473000000000003,0.1903,-0.009725,0.531225,0.5319169534805223,14.146782270000003,12.5636,2.5203,32,9,-0.1047,0.7613,0.8073239999999998,0.9468085373247437,-1.0519,3.0473,4.0992,0.8096,0.5870500000000001,1.191725,1.23704871334964,76.51447596,11.2506,2.4638999999999998,30,2,0.9472,0.8184,36.477,145.0874124450498,-141.33,704.62,845.95,10.5,-36.6975,32.4975,148.18880401028952,1097996.0817,2610.79,577.71,31,9,-5.18,24.99,33.9808,286.4208306530794,-254.87,969.99,1224.8600000000001,3.36,-123.8475,23.642500000000002,285.57109299787334,4077542.4578000004,2585.73,350.35,29,4,-14.98,-15.47,-31.268999999999995,123.03671179773946,-370.72,329.07,699.79,-3.29,-45.5,9.2575,125.7498396102357,790651.1081000001,1487.9199999999998,185.08,26,5,-10.01,0.49,1.8170169358130266,1.8338174849562494,0.1787253479504236,8.350452668568334,8.17172732061791,1.091349326306117,0.9603301768290903,1.8483777313521783,2.5684974949958583,329.85896908999996,19.380801111630763,2.546832976585092,30,0,0.9560026882807392,1.1205414137817489,215.04078098410096,273.0800425862836,6.126099901242225,1013.998778944038,1007.8726790427958,80.05206889178035,32.16987046860924,270.97443373428547,345.4327618394063,5966189.6476,2252.5535680763937,651.9272073681045,29,0,18.74654368143632,29.39491622713016,1.0155051279769824,1.7296616530132385,0.015544509118138,7.350452668568334,7.334908159450196,0.34417861517669623,0.07113389282539093,0.8483777313521779,1.9907650564981159,198.15727550869732,18.3562554619009,2.546832976585092,30,0,0.0439973117192609,0.1205414137817486,-0.0108686355061094,-0.09155224275669155,-0.5523426155063267,0.8253769293686682,0.18504241716688305,0.01818434447815136
Cut_49,49,Cut,50,0.813366,2.038624938992367,-0.7086,8.2394,8.948,-0.029650000000000003,-0.211025,0.71715,2.1758759291375047,236.72180294999998,20.5132,3.8825000000000003,26,4,-0.0695,-0.3675,0.28508599999999995,0.6631816210157374,-1.3198,1.1427,2.4625000000000004,0.5197,-0.263925,0.851275,0.7157427558837043,25.61438463,10.810200000000002,1.8315000000000001,12,3,-0.0029,0.4465,0.866782,1.0115560153142125,-0.803,3.9133,4.7163,0.6643,0.457125,1.3497999999999999,1.3244212684036751,87.70458481,14.2084,2.2838,27,2,0.6464,0.2408,40.5832,109.77752279952395,-119.56,478.45,598.01,17.744999999999997,0.455,49.525,116.00464880339925,672853.9271999999,1851.1499999999999,409.91999999999996,27,5,-14.21,10.22,24.9326,296.3533636353736,-349.16,968.52,1317.68,-12.18,-123.3225,29.575,294.43241050876173,4334522.2179,2994.6,352.87,26,5,32.62,-126.98,-34.9902,138.10792012770304,-403.83,293.44,697.27,4.27,-82.6525,16.73,141.12631131720266,995831.7873000002,1573.5300000000002,201.17999999999998,22,4,6.16,83.79,1.9568054222344704,1.799015600241425,0.6258538247865871,8.518278444615436,7.89242461982885,1.2316151033961384,0.9965899694160291,2.216365189642785,2.6459054117258236,350.04077239000003,20.42883186625292,3.4449887441635383,26,0,0.6501320019811361,0.6264208968417321,220.78473431366447,269.766073535309,11.45778338074167,1024.6322779417014,1013.1744945609597,88.63361743874663,29.157058656809284,352.9762832705686,346.5027541708723,6003207.932399999,2467.917888223889,484.3156482841907,26,0,36.11002769314916,152.47666346034728,1.0455561183576265,1.747889983548091,0.0015239088509071,7.5182784446154365,7.516754535764529,0.319161383168162,0.13030854187030558,1.2163651896427852,2.021683606138967,204.3602301665529,19.757081617515652,3.4449887441635383,26,0,0.3498679980188639,0.3735791031582679,0.15372803417548983,0.05777054519149684,-0.6349760116532679,0.9019960138815645,0.17179139885329062,0.14508103854778362
Cut_5,5,Cut,50,0.406296,1.607445885458528,-0.9238,5.8106,6.7344,-0.3005,-0.41669999999999996,0.41775,1.6423401197072427,134.86405344000002,14.183300000000001,2.7538,29,2,-0.1296,-0.3697,0.39479800000000004,0.3621326329861332,-0.732,1.1514,1.8834,0.34955,0.20275,0.7179249999999999,0.533275448337911,14.219135189999998,6.7623,1.8834,29,2,0.161,0.8169,0.521896,0.9760089611415315,-1.2429,2.7186,3.9615,0.47614999999999996,-0.186325,1.194825,1.0981425486702534,60.295852860000004,10.320099999999998,1.5518,30,2,1.2363,0.4026,30.64879999999999,154.28584922798333,-98.07,649.81,747.8799999999999,-8.4,-39.515,13.4575,155.77994013351014,1213369.4874,1762.7399999999996,635.7399999999999,30,3,-7.98,12.6,-4.484199999999999,245.41481634571292,-278.53,777.7,1056.23,-14.174999999999999,-174.0025,6.5975,242.98965305131824,2952198.5745000006,2197.7900000000004,305.76000000000005,28,6,-34.79,-0.56,-34.2454,134.36676545187802,-396.06,358.12,754.1800000000001,-5.845000000000001,-25.2,5.1625,137.35387335637827,943304.3263,1639.26,280.63,26,6,2.03,4.27,1.6180966335941904,1.2654530987168948,0.3255860101417135,6.318297045881905,5.992711035740191,1.1686352691830284,0.9811733638272191,1.781688833448369,2.0463579427363143,209.37904149000002,13.790104273223967,1.897849817447757,29,0,1.2534571592200507,0.9828990080369396,209.38334587586544,243.98072488651786,8.002687048735568,923.1035678080764,915.1008807593408,141.53202333231118,19.010274659373827,265.6875143621508,319.65207298561353,5108872.3882,1993.3271566768167,602.1597148184003,29,0,35.751159421758615,13.31564868866703,0.7822065969636148,1.1691355616473171,0.0082360289138649,5.318297045881905,5.31006101696804,0.38670412117726305,0.08821639689559604,0.7816888334483689,1.3969207431388577,97.56937813058093,13.197968689493223,1.8978498174477574,29,0,0.2534571592200507,0.0171009919630603,0.08121502344700417,-0.14912928891968794,-0.3795967894454563,0.818225474374153,0.0042284350464037584,-0.2743694616518154
Cut_50,50,Cut,50,0.5155580000000001,1.8295618268875424,-0.8242,7.929,8.7532,-0.22985,-0.340175,0.382975,1.883122566430555,177.30753001000002,18.427400000000002,3.9191000000000003,29,2,-0.0878,-0.2372,0.17717400000000003,0.5395449253334343,-1.1544,1.6917,2.8461,0.0988,-0.105025,0.603,0.5627407735360928,15.83385891,9.1417,0.9567000000000001,25,5,-0.1054,0.6705,0.8791519999999998,0.9112021407582672,-0.8616,3.5026,4.3642,0.8257,0.5653,1.3337,1.259599854556994,79.32958968000001,13.277800000000001,2.1206,30,2,1.3542,0.6932,42.02660000000001,133.1211928206775,-75.11,541.87,616.98,3.955,-20.3525,25.725,138.32231217703094,956653.1023000001,1910.7199999999998,322.21,29,9,-16.1,3.92,27.647199999999994,269.60662527467684,-288.19,945.56,1233.75,-5.949999999999999,-57.645,7.1225000000000005,268.3250741395594,3599917.270600001,2638.0899999999997,350.55999999999995,28,7,5.25,-2.94,-30.368799999999997,163.1570025221106,-376.95,485.1,862.05,-4.795,-28.1575,1.4,164.34739832440306,1350503.3668,1896.3,288.82,30,6,-10.01,-2.17,1.7553952375755353,1.5544561132622228,0.208616442305011,8.133211772110696,7.924595329805685,1.1603511148924242,0.9787766839539261,2.0171794100128335,2.3343991886564734,272.4709786000001,20.098156252854302,3.964760186689559,29,0,1.36113028031853,0.9931567499644756,206.64499615929452,277.4507133218092,4.852267511174544,1116.9877758955108,1112.1355083843364,47.89740511805083,17.154297570459388,321.42818988991473,343.71714358466323,5907073.7397,2359.6890036415566,378.5925548074832,29,0,19.671619150441074,5.359001772718497,0.9227756989300103,1.4593520040580075,0.0068432500355243,7.1332117721106965,7.126368522075172,0.40120112559710963,0.10181173207757023,1.0171794100128335,1.7142430098585584,146.93145484244647,18.955952312218066,3.9647601866895594,29,0,0.3611302803185301,0.0068432500355243,0.08953950379354289,-0.057621224761803404,-0.7123898017982061,0.8238029806001109,0.47767424919866586,0.29719937175837785
Cut_6,6,Cut,50,0.33811599999999997,1.3842921389147682,-0.7598,5.2755,6.0353,-0.22549999999999998,-0.380425,0.09405,1.4114750655962718,99.61309303999998,13.256400000000001,2.6557,33,2,-0.071,-0.3506,0.442828,0.34354349042333043,-0.3755,1.6631,2.0386,0.3799,0.205725,0.690975,0.5583532258346862,15.58791624,7.3209,2.0386,33,2,0.0483,0.8198,0.551608,0.9578591426079052,-1.2466,2.5181,3.7647,0.74185,-0.191575,1.16025,1.0970030264315591,60.170782,9.436300000000001,1.3673,34,2,0.9743,0.53,25.699799999999996,116.15194876539954,-127.4,393.68,521.08,3.2199999999999998,-35.1225,23.275000000000002,117.8215999636739,694096.4709000001,1203.72,189.42000000000002,33,5,-2.1,3.36,13.410600000000004,232.14505081521767,-246.12,754.25,1000.37,-0.07,-140.735,40.1625,230.20282864899818,2649667.1159000006,2129.54,287.14000000000004,32,6,7.7,0.0,-29.192800000000002,125.53080256255834,-391.65,210.91,602.56,4.9,-2.625,23.9925,127.65203608246912,814752.1158,1325.8,176.82,29,4,16.1,1.4,1.5267300470445662,1.0956924886318153,0.3049943606036019,5.895141374046936,5.590147013443334,1.1446508896069305,1.01337707159745,1.7547481316349158,1.8728149469715367,175.37179127999997,13.149914925098779,2.2420358595565593,33,0,0.9780768783689756,1.0372523318845803,194.02424586422606,215.53186721343212,1.4733295625894431,813.44978462103,811.9764550584405,140.71755770011754,28.62091390030716,252.65584851544276,288.39263869246037,4158515.7026000004,1777.6875804741242,308.3000364274425,32,0,17.96969671419081,3.64,0.7125160514860653,0.9826539490363374,0.0124327780154096,4.895141374046936,4.882708596031526,0.43344188331856726,0.09391904074000393,0.756138893607109,1.2058091604855503,72.6987865755434,12.688330705465196,2.2420358595565593,33,0,0.0219231216310242,0.0372523318845805,0.36863523790398206,-0.2256371249453334,-0.2609539379078892,0.894910838880558,-0.19038933634404023,-0.2004193482506551
Cut_7,7,Cut,50,0.48475,1.7273980936598232,-0.7679,7.6011,8.369,-0.22544999999999998,-0.389775,0.308325,1.777416285792386,157.96043265000003,17.3611,3.2815999999999996,28,2,-0.071,-0.4085,0.343808,0.485306560736487,-1.2385,2.4581,3.6966,0.3012,0.1786,0.574275,0.5907757185260747,17.450797479999995,15.772899999999996,3.6966,28,2,0.1932,0.6969,0.7112840000000001,0.8169246722598962,-0.7884,2.5188,3.3072,0.79715,0.21810000000000002,1.190825,1.0770067457541759,57.997176520000004,8.4017,1.1631000000000002,29,2,1.0021,0.6244,28.811999999999998,157.22876009178472,-142.52,644.91,787.43,1.6099999999999999,-15.75,15.33,158.29275625877514,1252829.8342,2000.32,553.49,28,13,11.34,-5.46,27.125,257.91483720406626,-231.77,887.81,1119.58,-15.05,-106.785,20.4575,256.75947423610296,3296271.3805000004,2266.46,330.4,27,2,-7.14,-7.28,-4.4548000000000005,150.31657045049957,-401.45,481.04,882.49,4.305,-21.419999999999998,46.095,148.87247955213212,1108150.7584,2010.8899999999999,269.64,29,5,7.63,-0.84,1.6333382717536709,1.428705073400361,0.2950821072176353,8.102894501966565,7.80781239474893,1.0931308055625728,0.9988490756608573,1.6379196261661844,2.1605943934482474,233.40840665000002,17.559811175323297,2.892024099476623,28,0,1.023020845339918,1.020988354487944,210.0080362972734,265.425465445004,7.842499601530114,1079.035922710639,1071.1934231091088,103.51906017556492,27.123797524499278,257.71858581831464,336.3703902872546,5657251.9731,2277.1295088782513,520.2338473530936,28,0,15.420509070714884,9.13868699540585,0.7626060858974487,1.3627416644864792,0.0036151044902377,7.102894501966565,7.0992793974763275,0.27935204923458223,0.0373259330707558,0.690725968118353,1.5496746721465957,120.07457947463293,17.413515543158546,2.892024099476623,28,0,0.0230208453399178,0.0209883544879441,0.19868486570172847,-0.12102871717272436,-0.3227583348161312,0.8675602841478046,0.15472079654839957,0.06535315968368945
Cut_8,8,Cut,50,0.63151,1.844934538327657,-0.8433,7.0045,7.8478,-0.1874,-0.2796,0.6963,1.9324887222956824,186.72563308999997,16.5404,2.5408,28,2,-0.0739,-0.2159,0.41724200000000006,0.33670968000365425,-0.6903,1.3718,2.0621,0.351,0.178575,0.686775,0.5340382261598883,14.25984135,7.364299999999999,1.1573,29,4,0.1127,0.9018,0.653654,0.9117856311812396,-1.3308,2.2363,3.5671,0.7865500000000001,0.34204999999999997,1.25865,1.1144458390608312,62.099476409999994,9.639,1.557,31,2,0.9801,0.3623,28.084,139.79419158176782,-115.36,549.22,664.58,-3.045,-25.9,8.5925,141.21005182351576,997013.9368000001,1903.3700000000001,488.32,29,9,-7.14,10.57,28.651,252.0777293812367,-284.55,810.53,1095.08,-8.225000000000001,-66.43,63.752500000000005,251.1835938472097,3154659.8909,2222.5,262.99,28,2,-7.07,-10.85,-46.431,143.45574805493158,-424.41,172.83,597.24,-1.085,-13.265,12.705,149.41150684602576,1116189.9189000002,1262.8700000000001,235.54999999999998,26,4,-2.17,-9.66,1.7578480212270728,1.488619875571667,0.1563652454991198,7.08902105300866,6.932655807509541,1.1363737763950401,0.9847157146815317,1.7835154830859197,2.293839361638038,263.08495085000004,16.063124940504235,2.4692435262633206,29,0,0.9893222478040206,0.9955487632456784,207.60192366151898,252.0501979158623,6.29143862721397,940.9440098114234,934.6525711842094,92.83693171757031,17.21534406286219,290.22129917741023,324.5878539502056,5267863.7466,1994.9896966207543,312.14934277881474,29,0,10.279756806461911,17.96560602929943,0.8664450057682425,1.4268832977625752,0.0044512367543214,6.08902105300866,6.084569816254339,0.26732462434324544,0.04200129204018375,0.8298091747603507,1.6571068084302396,137.30014872729274,15.461004905590439,2.4692435262633206,29,0,0.0106777521959794,0.0044512367543214,0.07074362167738564,-0.2346239832435671,-0.15572769605215042,0.8118477696851504,-0.14118373503407924,-0.38753747154288265
Cut_9,9,Cut,50,0.42888,1.5955817999739668,-0.5958,6.6173,7.2131,-0.2606,-0.369325,0.4396,1.6367350760584316,133.94508546,15.4428,3.1718,28,2,-0.1296,-0.202,0.45059599999999994,0.37664847085302017,-1.1419,1.0768,2.2187,0.45130000000000003,0.25895,0.7236,0.5848619874808073,17.10317722,7.584099999999999,1.2048999999999999,30,4,0.2569,0.896,0.5613279999999999,0.8513860945876099,-1.1061,2.5518,3.6579,0.59145,0.126275,1.1617,1.0126451698398606,51.272512,8.8871,1.8688000000000002,29,2,1.1317,0.4268,33.1156,136.76777313387828,-122.43,492.8,615.23,-8.084999999999999,-22.872500000000002,34.019999999999996,139.384210927924,971397.9128,1608.7400000000002,352.59000000000003,28,7,-11.41,4.69,16.308600000000002,248.60724224768677,-244.44,847.28,1091.72,-3.71,-111.9125,11.97,246.64837342662528,3041771.0057,2286.3399999999997,340.40999999999997,27,5,-16.87,6.09,-23.417800000000003,119.301402514807,-326.13,334.81,660.94,-9.835,-17.8675,1.19,120.40166737217554,724828.0753,1443.96,178.36,29,5,1.54,-1.96,1.5594736398703737,1.2835129806827317,0.3600985004134285,7.048112023797579,6.68801352338415,1.0774684817162021,1.0036075250465077,1.562344667418758,2.011570404833,202.32077467999997,14.757482925482682,2.7867340877582767,28,0,1.167706581295147,1.01280710897979,194.99825798519555,240.6106586158014,7.932578395452515,938.8870682355786,930.954489840126,93.731915622878,23.54690953782588,247.321778554041,307.8310248756613,4737996.9938,2014.0993443494124,430.40316558335786,27,0,20.424411864237367,7.932578395452515,0.6876363173452604,1.2183229142534424,0.0004071328785905,6.048112023797579,6.047704890918988,0.23449953536464105,0.018095197787385726,0.6244566644858951,1.3883328901453185,96.37341069296264,14.48276283088054,2.7867340877582767,28,0,0.167706581295147,0.0128071089797898,0.048397188698686276,-0.11209707539711078,-0.45721972807730704,0.8525633734464987,0.18351696882403742,0.05006034932390822
Drive_1,1,Drive,50,0.44546199999999997,0.5482099753725383,-0.3667,1.8439,2.2106000000000003,0.6123,-0.104825,0.820925,0.7021110218476847,24.64799435,6.439900000000001,1.0760999999999998,23,3,-0.0227,0.844,0.027362,0.1722480933693832,-0.2686,0.612,0.8806,-0.0088,-0.05585,0.0767,0.17269828198334805,1.4912348299999998,4.4791,0.7612,26,10,-0.1069,-0.0432,1.070624,0.9236833675529064,0.06,4.2222,4.1622,0.6287499999999999,0.511825,1.28135,1.407964095280842,99.11814468000001,11.018199999999998,1.3110000000000002,25,0,1.0263,0.4641,14.247800000000002,18.5066107648051,-32.76,69.93,102.69,10.675,6.1075,22.4,23.208717198501084,26932.227700000003,665.14,49.14,22,8,7.07,8.33,26.209399999999995,184.7873259127909,-264.39,499.59,763.98,-2.52,-21.4375,27.3875,184.79816381663537,1707518.0675,1556.3799999999999,125.37,23,6,-8.96,-2.38,-16.0958,24.574321597960743,-88.41,13.51,101.92,-8.82,-29.189999999999998,1.925,29.17008937250622,42544.705700000006,382.48,37.660000000000004,20,4,1.96,2.94,1.3434834904734962,0.8452747337616743,0.5567429299057151,4.272460524100837,3.715717594195122,0.9933603016196384,0.9487386921847603,1.4744540659462109,1.5827657682676866,125.25737386,10.20722759896059,1.1393161983154534,25,0,1.0321020249955912,0.9641530220872618,123.40055046387037,143.9678399575922,4.73212425872356,501.809479982194,497.0773557234704,50.37339254559723,13.899423459402037,216.3030007857994,188.52029073285453,1776995.0009,1454.4134402444124,113.13974958376681,23,0,11.58050517032828,9.148600985943151,0.476926403921169,0.7763873043940867,0.005331582888046,3.272460524100837,3.2671289412127913,0.14276438863303342,0.04213766254902645,0.5109649560205177,0.904533303009352,40.90902481265041,9.570700260983745,1.1393161983154534,25,0,0.0321020249955912,0.0358469779127381,0.13555487490552806,-0.23121379880635726,0.3371515653090231,0.2718002421671407,0.18903698107325997,-0.2196561408594758
Drive_10,10,Drive,50,0.43633199999999994,0.5337897122596929,-0.7166,0.9267,1.6433,0.66465,0.14255,0.8442000000000001,0.6852871237663817,23.480922100000004,4.7758,0.5241,19,1,-0.3784,0.803,0.056392,0.11086544490268095,-0.1881,0.4158,0.6039,0.02345,-0.00695,0.11272499999999999,0.12339117310407581,0.76126908,4.6503,0.3792,21,15,0.1069,-0.0432,0.881374,0.5215840530655101,0.3338,2.3307,1.9969000000000001,0.72285,0.47785,1.1606,1.0214837511189299,52.17145269,5.9342999999999995,0.3901999999999999,22,0,0.8279,0.4494,8.365000000000002,29.406316498330767,-104.51,74.34,178.85000000000002,7.525,1.365,17.692500000000003,30.28877755869325,45870.5023,697.9,83.44,14,9,1.26,-6.44,40.98080000000001,117.90832214903237,-147.91,317.59,465.5,-1.68,-7.14,57.17250000000001,123.70833016414052,765187.5476,1033.69,88.62,20,6,-17.64,-1.89,-7.994,20.8797078523623,-54.6,22.47,77.07,4.76,-29.0325,6.702500000000001,22.161836386003756,24557.3496,252.0,17.849999999999998,14,2,10.01,6.23,1.1742540336439706,0.39044760012024393,0.7520685407594178,2.368682937836975,1.6166143970775573,1.0053936816948714,0.934590876598492,1.3182566556318345,1.2362333426178087,76.41364387000002,5.391591193940576,0.3611456425009474,22,0,0.916532912665988,0.9212141987616128,85.4134048223204,98.02570605514978,6.161193066281887,319.7340554273192,313.5728623610373,34.87904764124258,12.563470538475457,131.2942629744236,129.27609210523036,835615.3995,814.2454054853484,72.83224311350097,20,0,20.321350840925906,9.157434138447298,0.25348076680706444,0.3433215767650055,0.0011635530721241,1.368682937836975,1.3675193847648508,0.0793097858453519,0.035683718265884325,0.31825665563183436,0.42398680417208595,8.988240505602938,4.992432758400993,0.36114564250094744,22,0,0.0834670873340118,0.0787858012383873,-0.004496783984442792,-0.4279148652595629,0.11991567501029708,-0.33073198805197,0.5833111449855016,-0.5683984702031222
Drive_11,11,Drive,50,0.735836,0.32190122249674347,-0.2891,1.2093,1.4984000000000002,0.88825,0.59345,0.9133249999999999,0.8018744340605952,32.150130399999995,3.0999,0.3257000000000001,13,1,-0.2891,0.9194,0.19081,0.16695973393337102,0.0117,0.7218,0.7101,0.14679999999999999,0.08147499999999999,0.21905,0.25244107787759107,3.1863248900000003,3.7858,0.4421,14,0,0.0205,0.0747,0.6840980000000001,0.5617234269311414,0.2686,2.248,1.9794000000000003,0.36455,0.3362,0.8237000000000001,0.8815966298710539,38.86063089,5.581800000000001,0.623,15,0,1.546,0.314,0.6621999999999997,21.03816156416715,-63.63,42.21,105.84,0.49,-5.2675,11.55,20.837242283949188,21709.5333,587.09,52.64,6,17,42.21,-10.22,34.144600000000004,117.4247736127262,-158.83,337.68,496.51,-1.75,-8.645,45.587500000000006,121.15551831427243,733932.9809000001,959.1400000000001,71.25999999999999,13,4,-99.26,-5.46,-19.8604,38.60201559504373,-125.44,9.45,134.89,-1.9249999999999998,-16.52,2.0825,43.066794447694846,92737.4392,350.21,25.970000000000006,11,7,9.45,-5.32,1.136388023312636,0.44327628100040606,0.6172428209384051,2.502952460595287,1.8857096396568818,0.9795522136393073,0.9490671805876025,1.0641650920787769,1.2181714672409627,74.19708617999999,4.996682008721701,0.645658229543471,14,0,1.572931994715601,0.9744087694597172,80.7856903556316,103.21995190459917,1.517563837207516,356.3973540866991,354.87979024949163,20.93866664063983,8.473525327937077,130.78039211844805,130.259736941236,848379.9534000001,960.6160570687719,70.47747759540974,13,0,108.27527049146542,12.749996078430769,0.24822002112192634,0.3906463744701753,0.0055520425884519,1.5029524605952869,1.497400418006835,0.0541950997307169,0.026490578784291275,0.30250762641506435,0.459527667257074,10.558283848736405,4.611524525345687,0.645658229543471,14,0,0.5729319947156011,0.0255912305402828,0.07376618453157714,-0.3046787932677151,0.7738757031457023,0.3173437802628911,0.04273290994959655,-0.8552086832659271
Drive_12,12,Drive,50,0.357288,0.4062296257446681,-0.2621,1.3242,1.5863,0.24705000000000002,0.0048000000000000004,0.7623500000000001,0.5379375183048678,14.468838680000001,5.333699999999999,0.8250000000000001,26,5,-0.0468,0.7569,0.116302,0.2754633280456025,-0.2935,1.1566,1.4501,0.0344,0.0037,0.192125,0.2964601143493,4.39442997,7.632000000000001,1.3864,26,16,0.0234,0.0088,0.9473,0.6736818567258827,0.0622,3.1242,3.0620000000000003,0.6332,0.55545,1.2837749999999999,1.158510936158999,67.10737945999999,7.8767,1.4728,25,0,1.1002,0.5629,10.3222,53.62157627298921,-112.35,205.38,317.73,10.395,0.665,35.8925,54.0769432013312,146215.7893,1489.6699999999998,260.89,24,8,23.03,4.76,21.571199999999997,163.20594373980379,-196.0,511.21,707.21,-2.765,-51.9925,17.1675,162.99930410894396,1328438.657,1436.5399999999997,140.35000000000002,24,3,-5.11,2.59,-33.341,50.27304297533619,-169.12,18.13,187.25,-7.91,-53.0775,1.6625,59.90370233967179,179422.67769999997,555.52,53.620000000000005,26,3,4.48,-0.98,1.1415963811627166,0.6516624460469918,0.1832867425647583,3.452427934077698,3.2691411915129396,0.977542213800976,0.93243392119989,1.3036758272554227,1.3112638796977518,85.97064811,8.631596014827913,1.4880374916904235,26,0,1.1014435255608888,0.9433087829549772,119.84687445788815,138.20374327705824,1.1090085662428402,566.6352518154866,565.5262432492437,73.58705865112152,16.683939361165166,183.77306912359344,181.88332106050848,1654077.124,1435.661443136751,128.64706570169773,24,0,24.01173463121729,5.5069138362607415,0.39043357887993424,0.5381201409343048,0.0042516683418445,2.452427934077698,2.4481762657358535,0.2095840942992179,0.04589053785131522,0.49457396040107654,0.6604696812682371,21.811009993728334,8.08124615021735,1.4880374916904235,26,0,0.1014435255608887,0.0566912170450228,0.19999209536152562,0.008727541782742645,0.36203065755399866,0.025219409668605853,0.18009174710640383,-0.6838445572822381
Drive_13,13,Drive,50,0.5299579999999999,0.6041938951147037,-0.3704,2.297,2.6674,0.7964,0.004575,0.858425,0.7991274863249292,31.93023697,7.199800000000001,1.3938,22,4,0.0044,0.9048,0.10336199999999998,0.09683412893464066,-0.1369,0.4114,0.5483,0.0834,0.05635,0.1523,0.1409716801346994,0.99365073,4.2623,0.4019,20,4,0.1274,0.0359,0.982676,0.9450793217027892,0.0571,4.3649,4.307799999999999,0.5497,0.4282,1.2352249999999998,1.356821118202396,92.04817734000001,11.115,2.3014,23,0,1.0372,0.508,8.656199999999998,48.80111804047116,-89.04,265.09,354.13,3.325,-3.3775,19.4775,49.08001566829416,120442.39689999999,1402.7299999999998,260.11999999999995,21,20,13.16,3.29,26.378800000000002,179.2681808687755,-246.61,576.45,823.0600000000001,-2.31,-27.02,19.565,179.41622041498925,1609509.0074000002,1690.9900000000002,169.67999999999998,22,5,-0.77,3.08,-17.2928,36.244478089772514,-155.4,11.62,167.02,-5.949999999999999,-16.134999999999998,2.7125,39.83001230228281,79321.494,597.8000000000001,89.18,20,9,1.82,-0.14,1.313505388120769,0.8887878102280129,0.3979679760985801,4.839372290907158,4.441404314808578,0.9977886346864674,0.9426899526332854,1.3685054603319935,1.5809621440123098,124.97206503999999,10.681135127559521,2.1392061092516785,23,0,1.0450042870725458,1.038275421070922,117.4182427311023,151.18043767178543,4.508891216252616,629.5516460148444,625.0427547985918,53.62756463893025,10.31282541494164,171.09991121795784,190.22475644878614,1809272.8983,1590.691871085081,199.43663604658025,21,0,13.307550488350588,4.508891216252616,0.4500741818658102,0.8267614191902727,0.0008309702557829,3.839372290907158,3.838541320651375,0.07683001970847805,0.03995763757132785,0.49404857993523427,0.9340398945218892,43.6215262279231,10.307533273070293,2.139206109251679,23,0,0.0450042870725457,0.0382754210709219,0.37302781935305274,-0.0026271669538338953,0.2249835211641356,0.48233294646737607,0.06678118785430524,-0.41319980187625244
Drive_14,14,Drive,50,0.29727000000000003,0.5044755794943125,-0.4817,1.3593,1.841,0.2767,-0.11915,0.800775,0.5811842659604612,16.888757550000005,4.7273,0.5014,28,1,-0.0315,0.8762,0.025341999999999996,0.15212108374044458,-0.161,0.489,0.65,-0.0044,-0.08745,0.09355,0.15270960873501052,1.16601123,4.4503,0.4648,32,12,-0.022,-0.0849,0.9983100000000001,0.7394427825555331,0.0205,3.0773,3.0568,0.9794499999999999,0.461675,1.38255,1.2379268848360958,76.62314861000002,7.7767,0.7377999999999998,30,0,1.0124,0.4941,14.2716,38.07427646062365,-70.63,131.32,201.95,12.6,3.4825,22.995,40.303053035719266,81216.8042,906.1500000000001,96.53,26,4,5.11,0.7,26.835200000000004,169.40765789066327,-220.92,433.79,654.71,-4.9,-51.31,83.055,169.8384627226707,1442255.171,1335.6,94.01000000000002,28,2,-4.34,-2.52,-26.11,28.749427820393226,-78.12,30.45,108.57000000000001,-26.6,-47.3375,-10.01,38.62293499981585,74586.55540000001,405.79,25.900000000000006,34,1,-7.63,12.46,1.194874526376389,0.6894490657785081,0.1792737850328374,3.218387560565073,3.0391137755322357,1.024704974528297,0.9112680369999709,1.4460157887337632,1.3760662585064718,94.67791738999999,7.705671372543637,0.7696945615966497,30,0,1.0131288220162329,1.0094896037107068,129.8902727375866,124.08722927661125,10.156997587870148,442.3091346558423,432.15213706797215,80.28001468848413,26.715483108164946,204.21676761101463,178.77687381761658,1598058.5306,1270.4828742047048,103.4989356462039,28,0,10.156997587870148,12.731535649716417,0.45224129672855773,0.5526255555744544,0.003670631768791,2.218387560565073,2.214716928796282,0.29875168828920573,0.04939988498599008,0.5980771632418482,0.7097952486789569,25.190464752361112,7.325371592127513,0.7696945615966497,30,0,0.0131288220162328,0.0094896037107068,0.03356806616949578,-0.054377711783139215,0.20587253607524933,0.598893922047355,0.09766550850002484,0.016249822388934486
Drive_15,15,Drive,50,0.568822,0.48892948504140876,-0.3733,1.6309,2.0042,0.6782,0.18755,0.9329000000000001,0.7468798217919668,27.891473410000003,5.0252,0.6361000000000001,22,1,-0.224,0.8396,0.11241799999999999,0.30906028649730444,-1.0526,1.0724,2.125,0.051949999999999996,-0.0143,0.241375,0.32595352766920627,5.31228511,6.9001,1.2685,24,10,0.2006,0.0139,0.9231079999999998,0.7697933257858824,0.3052,3.3818,3.0766,0.47104999999999997,0.37405,1.37525,1.1970206801889431,71.64292544,8.2873,1.0643000000000002,23,0,1.2773,0.3792,-3.8289999999999997,30.00322066045577,-99.61,61.39,161.0,3.115,-22.1725,9.3625,29.947464433571,44842.531299999995,781.83,93.1,21,7,4.55,-0.28,31.6708,177.59216602091433,-203.0,503.02,706.02,-7.385,-47.04,32.9175,178.63716706217662,1595561.8728,1420.5800000000002,111.01999999999998,21,3,-54.04,0.0,-1.6604000000000005,47.9495881942692,-138.25,44.66,182.91,9.309999999999999,-22.33,32.8825,47.49670173812073,112796.83380000001,455.21,41.22999999999999,25,4,26.88,7.91,1.264479667620756,0.7128734963581551,0.4621497268202157,3.7251092990676127,3.262959572247397,1.000410324469283,0.9066231798596138,1.4324618644900078,1.448079306944202,104.84668396000001,8.649852731505838,0.8830583019882146,23,0,1.3122163121985644,0.921365296720036,126.24824445964188,139.6986754676172,5.984897659943735,515.4185799910592,509.4336823311155,69.07931537345301,21.059039734463532,187.53698996063127,187.2539045200393,1753201.2379,1394.729041108482,107.02620590238723,21,0,60.52733679916869,7.91495420075189,0.4312922996700216,0.6243047530635885,0.0021776661148539,2.7251092990676127,2.7229316329527586,0.19129329462895533,0.03543270260278478,0.5156475808798693,0.75364072604822,28.398717197924405,8.354764149849004,0.8830583019882148,23,0,0.3122163121985644,0.0786347032799639,-0.19988875690603142,-0.04369455391815902,0.5063052649715287,0.061346071652903816,-0.35411616884593944,-0.7713333696666983
Drive_16,16,Drive,50,0.6528879999999999,0.4682885220172081,-0.4619,1.5489,2.0107999999999997,0.84215,0.44655,0.9324,0.8007315390316533,32.05854988,5.1761,0.6164000000000001,17,1,-0.4619,0.8872,0.07649,0.21001946192616314,-0.407,0.844,1.251,0.030350000000000002,-0.011125,0.102125,0.22153268607589266,2.45383655,5.0261000000000005,0.609,18,15,0.0139,-0.0124,0.859232,0.8411327839167795,0.2218,3.4938,3.272,0.42674999999999996,0.334725,1.074225,1.1965090483569274,71.58169514,8.540199999999999,1.1998000000000002,18,0,1.415,0.344,-9.286200000000001,46.95586142325577,-163.1,87.71,250.81,2.3449999999999998,-10.64,10.4475,47.402419495211426,112349.46870000001,921.76,150.35999999999999,10,14,43.33,3.57,34.881,172.52296441343685,-196.14,525.14,721.28,-5.39,-14.7875,29.697499999999998,174.31458328550713,1519278.6973,1372.56,128.24,17,3,-136.36,1.12,-9.5802,37.670449984039216,-100.52,64.4,164.92000000000002,-2.3449999999999998,-20.807499999999997,6.475,38.502750265403115,74123.08889999999,453.59999999999997,39.34,15,5,56.0,-0.56,1.2548519880147604,0.7472590182681405,0.5351850240804576,3.9057625375846894,3.370577513504232,0.9794837873818196,0.8966512475423618,1.252675167929385,1.4566679894196892,106.09408157,8.372990358036311,1.176291028507272,18,0,1.4885462102333271,0.9516373258757772,116.29171363730092,144.95341418179564,2.6060314656580803,533.2236342286415,530.6176027629833,29.272829215466107,13.881714334390171,179.29223002452457,184.70253137951303,1705751.2549,1163.395608760931,125.96692863384874,16,0,153.64744872597137,3.7832393527240646,0.3964237686451556,0.6814045001915361,0.0039324479266522,2.9057625375846903,2.9018300896580382,0.125297917834612,0.04550951125272815,0.42186508967817876,0.782417826592978,30.60888276852397,7.516826350075244,1.176291028507272,18,0,0.4885462102333271,0.0483626741242229,0.19988711470716466,-0.06060121584616334,0.7968763383726484,-0.10832215346974244,0.20341672924586243,-0.8909512907138742
Drive_17,17,Drive,50,0.555678,0.4472390422745915,-0.5636,1.5291,2.0927,0.7353000000000001,0.369475,0.814175,0.7104930298039523,25.24001727,5.526199999999999,0.47140000000000004,16,3,-0.3777,0.7379,0.004922000000000001,0.10651122637007397,-0.3814,0.2115,0.5929,-0.004750000000000001,-0.029625,0.031875,0.10555555219883035,0.5570987299999999,3.6303999999999994,0.3821,16,16,0.1647,0.0117,0.9410440000000001,0.7579252448625787,0.1274,3.3123,3.1849,0.58265,0.5345500000000001,1.1717499999999998,1.203547038216621,72.42627366,8.532199999999998,0.9844999999999997,19,0,1.412,0.5732,0.29119999999999996,30.563315788703292,-69.3,96.88,166.18,-0.9450000000000001,-8.522499999999999,9.73,30.25754028337399,45775.93719999999,672.77,74.2,17,10,-4.9,-9.73,31.673600000000008,158.0867206567332,-217.98,444.99,662.97,-5.32,-16.555,41.8775,159.6709114397485,1274739.9980000001,1273.4399999999998,102.9,16,5,-122.78,1.96,-0.012599999999999912,21.351523083845798,-51.94,32.62,84.56,6.125,-15.015,15.942499999999999,21.13693322125989,22338.497300000003,370.51,23.52,25,6,4.34,0.91,1.2320943609504404,0.6749234869062414,0.4263330740160796,3.377760647233608,2.9514275732175284,0.9688195598213918,0.9332156838349552,1.3570960735871045,1.4015947321533424,98.22338966,7.832818089779883,0.8299610427295523,19,0,1.4708933951853886,0.9344471841682654,107.79131298698785,124.69604470815577,4.175428121761887,453.6415821989866,449.4661540772247,51.12212533250447,15.928415762728608,169.07671258943924,163.88132489701198,1342854.4325,1177.2463546953666,94.45176621398932,16,0,122.95435738516956,9.967075799852232,0.3889671393680554,0.5967459684045571,0.0003612552526788,2.377760647233608,2.377399391980929,0.10567332081518355,0.042640237409303776,0.4611926802351365,0.7073040868672533,25.013953564955955,7.180995841626885,0.8299610427295523,19,0,0.4708933951853886,0.0655528158317345,-0.656471659826263,-0.19386427479162321,-0.061079991772178883,0.7550063684395273,-0.05462934765153237,-0.312492618658676
Drive_18,18,Drive,50,0.554536,0.5452995382655784,-0.2159,2.0591,2.275,0.55375,0.10137499999999999,0.8619249999999999,0.7738958134012613,29.9457365,6.100099999999999,0.8,25,2,0.0059,0.896,-0.003660000000000003,0.14170501697799798,-0.4202,0.2847,0.7049000000000001,0.0132,-0.030525,0.0626,0.14032854734515,0.9846050599999999,5.5155,0.579,26,18,0.0381,0.1552,0.991332,0.8749438002803264,0.1098,3.9887,3.8789000000000002,0.5673,0.40385000000000004,1.2786250000000001,1.3164175837476495,86.64776274,9.577399999999999,1.4186999999999999,26,0,1.0878,0.448,-2.7762000000000007,50.14449642782346,-175.91,184.66,360.57,-1.925,-20.615,19.669999999999998,49.7180892432523,123594.4199,1182.51,115.78,24,12,34.58,39.69,28.7084,178.60084078189556,-170.59,564.62,735.21,-11.375,-45.535,-0.77,179.12137603312453,1604223.3676000002,1543.0100000000002,144.27000000000004,24,2,-13.51,-5.88,1.7710000000000001,21.10754012195642,-45.85,32.27,78.12,7.35,-7.7700000000000005,15.4175,20.97031535289825,21987.7063,384.15999999999997,49.28,27,6,21.56,7.28,1.284168677223432,0.8466457795072081,0.5582159528354596,4.425079206070779,3.8668632532353198,1.0168955817412026,0.857014953916212,1.3474015889893496,1.5334803833111137,117.57810430000002,9.817179646605778,1.3485875102711438,26,0,1.0884830085949897,1.0137095441989288,120.5847184324591,144.4745424809017,8.07400767896588,594.0960498101297,586.0220421311637,51.27037911012812,19.661757165500937,160.4415493493055,187.07247225607512,1749805.4937999998,1494.1962899160478,140.19098321764,24,0,42.93169109177974,40.77828956687614,0.46723635115657414,0.7592389608714302,0.0018625244987542,3.4250792060707798,3.4232166815720255,0.21074873790307802,0.09320831100011047,0.4219442627946202,0.8849998483350922,39.16123657765681,9.00814427369428,1.3485875102711438,26,0,0.0884830085949897,0.0137095441989287,-0.3548271253801116,0.2394220284770834,-0.257624755600345,0.42650399767378355,-0.02219568346274199,-0.5050755875065286
Drive_19,19,Drive,50,0.47049799999999997,0.5582025199344988,-0.2379,2.4939,2.7318,0.40775,0.025775,0.765525,0.7257593404152646,26.33633101,7.5499,1.1917,28,6,0.0461,0.822,0.125282,0.21183618400325577,-0.2701,0.8872,1.1573,0.06295,0.027275,0.1345,0.24427987432451326,2.98363285,6.0583,0.8791,28,10,0.0695,0.0476,1.014744,0.8446693946081834,-0.1925,3.7713,3.9638,0.8465499999999999,0.5010249999999999,1.302375,1.3148773494132446,86.4451222,10.3005,2.0115,28,2,0.9758,0.5629,-6.1362,59.12090765541408,-258.58,88.62,347.2,6.475,-0.8049999999999999,16.87,58.84750664216794,173151.45190000001,1296.8899999999999,181.09,22,10,1.75,8.26,22.614199999999997,177.76704273289806,-221.41,563.92,785.3299999999999,-4.2,-16.1525,8.1725,177.42745304489944,1574025.0546999997,1603.6299999999999,160.92999999999998,26,3,6.02,-3.99,-16.891,48.290107164925615,-135.94,34.65,170.59,2.835,-16.3625,10.045,50.70110099396264,128530.08209999999,542.99,46.83,25,5,3.36,-1.61,1.277217328735645,0.8354502735464021,0.5166071912004323,4.607533476818156,4.090926285617724,0.99508773355722,0.8818719994378643,1.3719204146015467,1.5216115539782156,115.76508606,10.853814942882405,1.9843277479304957,28,0,0.9793574934619126,0.9973997042309568,124.56695472924763,149.82031946969542,4.940829889805962,583.2649724610591,578.3241425712531,45.40133814262501,14.014845502447693,196.98254373341672,193.68565195697897,1875706.5886999997,1471.9787402418813,160.67584365392628,26,0,7.112840501515551,9.313420424312437,0.44638116149542284,0.7570154356328778,0.001284099455706,3.607533476818156,3.60624937736245,0.1573133469694752,0.04239552307877542,0.45366924492890925,0.8722769421053785,38.043353186435496,10.457720594816543,1.9843277479304957,28,0,0.0206425065380874,0.0026002957690433,0.34783813598475044,0.20050556799219132,0.5415065397906095,0.06749536107498351,0.07924139352987239,-0.8257607572089568
Drive_2,2,Drive,50,0.6035820000000001,0.921024757957911,-1.3081,3.7639,5.072,0.82935,0.007675,0.891575,1.093449634596857,59.781605170000006,14.682400000000001,2.7106000000000003,24,4,0.0908,0.8696,0.09345999999999999,0.3078677724383025,-1.4721,0.7013,2.1734,0.0853,-0.022875,0.200725,0.31878156408424874,5.08108428,9.166800000000002,2.1734,23,9,0.1435,-0.0037,1.181858,1.3055085435107623,0.1728,6.1927,6.019900000000001,0.6716,0.454175,1.319575,1.7513006133157152,153.35269191,14.802000000000001,3.0752,25,0,0.9728,0.456,8.701,55.91291666511416,-74.13,283.5,357.63,2.73,-9.87,14.2275,56.03067522348807,156971.8283,1239.56,295.26,23,18,6.93,3.01,25.855200000000004,218.24759918954436,-286.79,781.13,1067.92,-2.45,-20.8775,0.5599999999999999,217.59564707962338,2367393.2814,2191.0,240.73000000000002,23,3,1.19,-1.33,-7.735,53.208225397958905,-201.39,72.03,273.41999999999996,2.135,-3.5525,15.4175,53.238361826788015,141716.1585,951.02,201.04,21,9,-3.29,3.29,1.6022469693110144,1.3541743009226153,0.7696085043708911,7.0494287612543465,6.279820256883456,1.052599547903678,0.9709072740420202,1.658538259723305,2.089092536772845,218.21538136,16.874114872218136,3.256157373428944,24,0,0.9875103695658088,0.9819133617585616,133.37531662518748,190.41482717287676,2.630361191927831,832.4826334524943,829.8522722605665,49.679145048221955,8.449266177189758,205.18758297302418,230.91475778737058,2666081.2682000007,2162.712068746358,243.96350332333395,23,0,7.763059963699881,4.653289159293671,0.6494853523075563,1.331709989310161,0.0017940493064569,6.0494287612543465,6.0476347119478895,0.11031626100160155,0.036160544871416525,0.6585382597233049,1.4696304598700893,107.99068442889852,16.387297795753895,3.256157373428944,24,0,0.0124896304341912,0.0180866382414383,-0.3448956704471031,0.14558561871734055,0.2486711178614912,0.687182544065525,-0.09229299206422834,-0.5132713351754499
Drive_20,20,Drive,50,0.390256,0.40618629040661347,-0.2606,1.3644,1.625,0.3367,-0.0011,0.753775,0.5603456986539649,15.699365100000001,5.7103,0.7093,26,5,-0.0051,0.7788,0.06155600000000001,0.14595163884531293,-0.3748,0.2979,0.6727000000000001,0.0677,-0.0104,0.1832,0.15705089748231302,1.2332492199999998,4.208099999999999,0.4773,26,12,0.1976,0.0007,1.007526,0.7450415174871746,-0.1559,3.0905,3.2464,0.81395,0.54865,1.434675,1.2486367631140771,77.95468831000001,8.6741,0.844,28,2,0.9794,0.5695,3.1738,37.132871179051044,-138.32,104.65,242.97,-0.875,-7.315,16.6775,36.896424298297525,68067.3063,1018.71,133.91,14,17,-3.78,5.67,25.880399999999998,166.11059631462408,-207.76,475.02,682.78,-1.68,-24.482499999999998,16.1175,166.4652237195505,1385533.5353999997,1429.3300000000002,120.32999999999998,25,4,4.27,4.06,3.176600000000001,23.846311622554964,-67.34,47.32,114.66,4.6899999999999995,-0.595,15.26,23.819412965058564,28368.221700000002,444.78000000000003,35.56,28,8,3.01,0.21,1.2082073251435,0.6685203827197985,0.2679106940754698,3.2587344982370072,2.9908238041615376,0.9988282875322112,0.9352546257954735,1.4470345160997304,1.377587039936134,94.88730263,8.677590103868756,1.0605477951152644,27,0,0.999147701793884,0.9648109555762724,110.62930388879069,133.25033364847613,4.068439504281709,475.5571263265855,471.4886868223038,42.7866821060136,9.76549486914792,184.8992276320232,172.160916784269,1481969.0634,1402.135449583023,122.63246495695884,25,0,6.448364133638856,6.9768617586992505,0.42212356827014896,0.5561741536677502,0.000852298206116,2.2587344982370072,2.2578822000308914,0.2790484085518131,0.0384654612752898,0.5250551391274858,0.6937805145094524,24.066570115650023,8.506131715128678,1.0524449109322438,27,0,0.000852298206116,0.0351890444237275,-0.6869660961381415,-0.02987982640694578,0.08066507015519812,0.45445305285233734,-0.14521779488196832,-0.6082754120416856
Drive_21,21,Drive,50,0.557496,0.4158352170497053,-0.3521,1.2356,1.5877000000000001,0.7799499999999999,0.15265,0.8127500000000001,0.6930096241755955,24.013116960000005,5.7264,0.6508,18,3,-0.3521,0.8111,-0.03887399999999999,0.15553380078862314,-0.4582,0.3506,0.8088,-0.06295,-0.1069,0.056350000000000004,0.15880219079093336,1.2609067899999997,4.705400000000001,0.5431,17,12,-0.0959,-0.0651,1.00183,0.9381990401175814,0.2474,4.2939,4.0465,0.55445,0.4809,1.1794250000000002,1.3661172859604698,93.31382195,10.1524,1.1864999999999997,20,0,1.8132,0.5388,2.4864,39.99583788345982,-107.87,91.0,198.87,4.970000000000001,-2.135,17.815,39.67185264138795,78692.79460000001,970.2000000000002,136.01,12,17,41.51,-2.45,26.790399999999998,188.2070455854403,-251.86,532.35,784.21,-5.005,-27.685,18.9875,188.23171810298072,1771558.985,1543.5700000000002,127.47000000000003,17,5,-127.19,0.98,-6.3308,32.016652417140676,-107.24,31.15,138.39,3.01,-8.68,10.57,32.320948934089174,52232.187,566.6499999999999,62.160000000000004,21,6,9.73,0.98,1.2931459130875294,0.8448708157892955,0.3413516222313876,4.313212471001168,3.97186084876978,0.9813392345364211,0.9313740546399402,1.2457254320635198,1.5400509452612277,118.58784570000002,9.659873863985714,1.1668090644965887,20,0,1.8495581796742704,0.9759234908536631,127.4257657528789,149.18948899580363,2.5824213443975403,537.5725963067686,534.990174962371,42.37070634727323,11.673924188192213,208.5765895404151,195.06327007409672,1902483.9666,1316.4980953643906,126.73339872608045,17,0,134.14562646616548,2.8148356968036343,0.43425378841011686,0.7804294573073626,0.0047738252960216,3.313212471001168,3.3084386457051465,0.07292253156632239,0.03076899155486715,0.5172022675742735,0.8862646827133198,39.27325439124707,9.24105396310371,1.1668090644965887,20,0,0.8495581796742702,0.0240765091463368,-0.5164814714543321,-0.23341053384702257,-0.05565893592737264,0.05835035755206035,0.255034415275142,-0.514358461309587
Drive_22,22,Drive,50,0.672466,0.3705558404090057,-0.2394,1.2686,1.508,0.8586499999999999,0.39435,0.91245,0.766013002108972,29.338795970000003,3.9133,0.39459999999999995,18,1,-0.2394,0.8601,-0.060286,0.14283961179574517,-0.3865,0.3243,0.7108,-0.0827,-0.12935,0.0448,0.15371887782572444,1.18147467,4.384,0.3975,16,8,-0.0344,-0.0996,0.7925760000000001,0.7698562387821747,0.1266,3.1249,2.9983,0.3982,0.347,1.0502,1.0995461661976726,60.45008858,7.6242,0.9590000000000003,19,0,1.4369,0.3989,1.2796000000000003,28.41648831224576,-79.8,55.37,135.17,4.76,-4.4975,12.9675,28.15997599430795,39649.2124,915.74,61.46000000000001,19,15,-7.56,3.92,35.4816,169.95237900070714,-183.05,474.74,657.79,-11.06,-30.450000000000003,54.285000000000004,171.94498784204208,1478253.9422,1272.39,98.34999999999997,17,2,-167.65,-6.02,-4.8902,37.35007097717486,-110.46,82.25,192.70999999999998,1.96,-23.134999999999998,11.147499999999999,37.29666609765543,69552.0651,548.59,78.68,21,5,-20.79,10.78,1.1695236308259245,0.6788508156719831,0.2166918087976562,3.3538598629042324,3.137168054106576,0.9853306170867867,0.9419865717928917,1.2353472636936194,1.3488540263497752,90.97035922,7.448194729042948,0.8567199949575397,19,0,1.4571126689449927,0.953317040653318,120.14724987207947,132.91758510743392,6.873558030598127,481.8131984493576,474.9396404187595,58.74216308216948,19.90169108891991,181.6853019118837,178.18278366329338,1587455.2197000005,1223.4687481262067,89.32778679298497,17,0,169.10322350564462,12.954350620544435,0.38552551419463943,0.5818075288842854,0.00059350612476,2.3538598629042324,2.3532663567794723,0.1014838231442185,0.03007805104498405,0.4477741039652411,0.6930800262221894,24.017996137407543,7.091624928008699,0.8567199949575395,19,0,0.4571126689449927,0.0466829593466819,-0.15311027391937163,0.05453564302128091,0.12338668512976335,-0.2834015242078974,0.07512320523704961,0.2846867164832681
Drive_23,23,Drive,50,0.35816400000000004,0.38808149983513224,-0.5058,0.7752,1.2810000000000001,0.45565,0.02745,0.71625,0.5252395228845598,13.79382782,4.629900000000001,0.46040000000000003,33,5,-0.1523,0.6888,-0.16605799999999998,0.19489877968435046,-1.0087,0.0168,1.0254999999999999,-0.09920000000000001,-0.17875,-0.066275,0.2545605684311692,3.2400541499999993,4.878699999999999,0.5372999999999999,20,2,-0.0468,-0.1061,0.966414,0.6434551643863854,0.3594,3.264,2.9046,0.6841,0.6410750000000001,1.0679500000000002,1.1574583694457439,66.98549385,7.2623999999999995,1.0218,20,0,1.4186,0.6156,1.8424,36.29141341970577,-113.82,93.45,207.26999999999998,1.995,-3.9899999999999998,10.9375,35.97387652172059,64705.9896,901.95,70.35,12,17,43.89,-2.66,23.498999999999995,155.7031099560956,-245.0,409.78,654.78,1.26,-3.2725,44.905,155.91918509920453,1215539.6141,1251.3899999999999,90.37,18,5,-89.11,6.72,4.298000000000001,41.06538201453872,-46.48,146.58,193.06,-3.2199999999999998,-15.68,3.8850000000000002,40.87922567759815,83555.5546,526.3300000000002,67.76,18,6,9.24,0.21,1.1494832978636966,0.6053129266046563,0.4731076515973927,3.4487751593863,2.9756675077889074,0.9870912275084396,0.9253405406515345,1.187396555134895,1.2962976187589021,84.01937582,7.461113191567938,0.9186661296124781,20,0,1.4275193483802593,0.929874190415026,109.62766743296962,124.77652553954462,3.068843430349616,435.32558769270616,432.25674426235656,42.72078702720866,5.9000731379380555,184.06900910741146,165.15454327992313,1363801.1583000002,1090.4660579302517,105.43166343881757,18,0,99.76122392994183,7.23035960378182,0.33930231219175305,0.5212767505140299,0.0012133638740545,2.4487751593863,2.4475617955122457,0.08653692971051716,0.024140204584607475,0.44224997295379237,0.6175928437673212,19.071046033630335,6.783280601144522,0.9186661296124778,20,0,0.4275193483802593,0.070125809584974,0.2027751166271868,-0.30775657574070897,-0.7374027466150685,-0.0022319980524445914,0.28431158749864094,0.7145616834788932
Drive_24,24,Drive,50,0.516972,0.3889874579794394,-0.3967,0.9004,1.2971,0.6957500000000001,0.226775,0.818925,0.6446278510892932,20.77725332,4.3172999999999995,0.7071,17,3,-0.2752,0.7803,0.018921999999999998,0.12813192705415868,-0.2774,0.3082,0.5855999999999999,0.0044,-0.0198,0.059824999999999996,0.12824771732861368,0.82237385,4.6141,0.4575,24,22,-0.1742,-0.0037,0.936212,0.7555453796228178,0.0578,3.2633,3.2055000000000002,0.57975,0.5133,1.39685,1.1983007774344472,71.79623766000002,7.9295,1.341,19,0,1.5716,0.4941,5.9024,37.887363170323695,-77.63,121.73,199.36,6.055,-1.1549999999999998,14.42,37.96816519138105,72079.07839999998,872.27,82.46000000000001,17,6,55.51,3.08,26.726,139.42842966913167,-198.17,353.22,551.39,-5.285,-17.0625,64.13749999999999,140.5907548027252,988288.0168,1076.6,77.42000000000002,17,3,-73.99,4.41,-7.481599999999999,36.66939497728317,-69.3,96.67,165.97,1.19,-32.445,8.2075,37.06380951818094,68686.29879999999,548.52,53.9,17,7,8.05,-0.21,1.2254846172387233,0.611208863655862,0.5071680687898243,3.270905278359494,2.76373720956967,0.9904876389824957,0.9311392039166838,1.4280153864207894,1.3667177091850387,93.39586483,7.103661971106842,1.3240556915147281,19,0,1.6049944672801837,0.923588972433084,104.33714935459732,109.2405468966633,3.0616498820080653,385.9114538336482,382.8498039516401,62.37602637485127,11.939471800237122,180.65358190064507,150.26998329673162,1129053.394,998.6113077387712,87.50685738961963,17,0,92.84763163376866,5.383177500324506,0.3619378153818263,0.5401710612646143,0.0028014658944213,2.270905278359494,2.268103812465073,0.12787480734658266,0.02561859943194545,0.479864220656585,0.6457151555620743,20.84740310612769,6.559938555423335,0.956053265042336,19,0,0.6049944672801835,0.0764110275669159,0.009180483834721146,-0.5506654661370485,-0.14213644583734875,0.29362329132511633,0.6626987533512486,0.3044891584319884
Drive_25,25,Drive,50,0.4022300000000001,0.4892293828886739,-0.3975,1.8527,2.2502,0.30925,-0.017025000000000002,0.812325,0.6295613188562335,19.81737271,6.570999999999999,0.7503,27,5,-0.0015,0.9201,-0.00046800000000000357,0.16536728131831957,-0.4092,0.4882,0.8974,0.01755,-0.0816,0.07592499999999999,0.16370592536618825,1.3399815,6.493199999999999,0.5775,30,19,0.0425,-0.0651,0.9290080000000001,0.7260143743559273,-0.1325,2.8943,3.0267999999999997,0.6899,0.358175,1.4444249999999998,1.174568345563595,68.98053992000001,8.591600000000001,1.1462999999999999,28,2,1.0387,0.4319,23.618,61.559761208113855,-86.87,244.3,331.17,15.505,-8.645,44.66,65.35764714247293,213581.102,1413.9299999999998,151.13,25,8,11.41,3.36,27.406399999999994,168.5623814734474,-268.38,440.65,709.03,0.7000000000000001,-30.6075,99.10249999999999,169.10387837066304,1429806.0839999998,1467.83,84.83999999999997,25,4,-6.09,-0.42,-16.9554,47.47639895779797,-142.73,74.34,217.07,-1.015,-33.3375,11.899999999999999,49.964125910497025,124820.69390000001,583.52,96.32,22,6,0.63,12.11,1.1698789550202593,0.665583305018303,0.2375551304434404,3.2187432982454505,2.98118816780201,1.021764192792828,0.8708640085989962,1.4645740959735412,1.3426681952738733,90.13789412999999,7.876342052806016,1.2745475207168155,27,0,1.039570194840156,1.0185085321193927,137.921419833532,129.13305726527244,8.094918158943917,504.8995430776304,496.8046249186865,103.9145312022925,26.99222643359787,215.98570843127396,188.05360299127483,1768207.8799000003,1481.2190929051847,101.0650062565727,25,0,12.94886481511024,12.574501978209714,0.45816242967284654,0.5081852070746903,0.008120954954688,2.2187432982454505,2.2106223432907623,0.4069715539525298,0.07509968296200614,0.6246706105140097,0.6804410132843853,23.149998627974053,6.861137641331742,1.2745475207168155,27,0,0.0395701948401561,0.0185085321193927,-0.16745317835103476,0.012006792626770183,-0.20084821963158056,0.5075188147507355,0.2098051161884045,0.06180962882125148
Drive_26,26,Drive,50,0.3830800000000001,0.4735301473065503,-0.295,1.4896,1.7846,0.5168,-0.058025,0.761275,0.6053895198960749,18.32482354,5.147,0.9699,24,5,-0.2284,0.7906,-0.047591999999999995,0.14122723018929026,-0.5651,0.3316,0.8967,-0.05235,-0.0999,-0.006075,0.14768624309664055,1.0905613200000002,4.3846,0.4019,22,6,-0.1552,-0.0366,0.91522,0.6834890590766988,0.1427,3.1161,2.9734,0.58195,0.5519499999999999,1.1969750000000001,1.1381747653150636,64.77208982,7.348599999999999,1.278,23,0,1.5782,0.5834,7.965999999999999,42.8875296560667,-127.05,150.71,277.76,9.1,-0.735,26.5475,43.19734427022106,93300.52760000002,1089.76,103.88,11,15,36.33,-2.73,24.682000000000002,174.2234507751468,-182.42,528.57,710.99,-7.699999999999999,-63.5075,18.095,174.22954889455463,1517796.7854,1419.6700000000003,136.43,22,4,-66.08,-0.35,-9.3044,40.51922713971726,-126.14,100.1,226.24,1.82,-27.6675,11.3925,41.17697745099803,84777.17360000001,632.9399999999999,93.1,25,3,-4.41,2.59,1.1093306863699106,0.6799871861623296,0.1875678010747047,3.417391148229889,3.2298233471551843,0.9619361731315232,0.809446302676202,1.2127593271049175,1.2975937321057003,84.18747468,7.879513620601264,1.5246978075704751,23,0,1.6021762824358623,0.983231142712638,121.99802364690157,139.3643439533989,3.7793517962740646,536.4980614130866,532.7187096168125,81.40736149403145,18.929105929300672,181.46332056689243,184.16701586331902,1695874.4866,1325.610168471719,130.66218675381936,22,0,75.53729807187969,3.7793517962740646,0.40516022351764447,0.5541433121009729,0.0020812608233072,2.417391148229889,2.4153098874065817,0.20560319609450325,0.04200132380251333,0.5844525014826204,0.6819736951380011,23.25440604300896,7.554799654707246,1.449954091809018,23,0,0.6021762824358623,0.0167688572873618,-0.2150064231594237,0.16347076266283414,-0.04221443305055036,-0.43079822298938913,0.07112547207540586,0.3958069989246485
Drive_27,27,Drive,50,0.44376000000000004,0.5736923914433587,-0.4699,2.1309,2.6008,0.6335500000000001,-0.14789999999999998,0.8131,0.7207381205403249,25.97317192,7.3384,1.101,24,3,-0.1947,0.8133,0.059084,0.2811758773872499,-1.0504,0.9487,1.9990999999999999,0.0721,-0.067925,0.152625,0.28455156931565145,4.04847978,8.6047,1.0057,24,9,-0.0937,0.0666,0.997128,0.9393754981619111,0.0285,4.7002,4.6716999999999995,0.5640000000000001,0.494475,1.2737,1.3634669223710563,92.95210241999999,12.399299999999998,2.2157999999999998,25,0,1.2261,0.508,0.4102000000000004,85.11152214594685,-337.26,301.7,638.96,4.69,-2.8175,11.83,84.25710677444367,354963.00210000004,2005.4299999999998,391.58,26,14,33.53,3.08,24.3656,193.8893518685335,-216.65,618.1,834.75,-4.515000000000001,-71.26,2.1350000000000002,193.48101099591142,1871745.0807999999,1688.96,146.78999999999996,23,4,-41.72,-0.7,-12.299000000000001,39.68439554787246,-130.06,96.11,226.17000000000002,-6.23,-14.4025,-1.2425,41.16575793059081,84730.9813,796.88,115.57,20,7,1.12,-5.88,1.2903101649025772,0.9004390996580185,0.4074164576940897,4.869069448056784,4.461652990362695,0.9778297846521674,0.9072545039931084,1.2948528760523859,1.5682713675891682,122.97375412000001,10.85267041637225,2.1662473184139355,25,0,1.2449935702645214,0.9612265341739168,136.61983987610773,167.70905515154257,5.305704477258416,676.6846306810877,671.3789262038292,75.519548881865,19.093271496793818,182.76233703424666,215.00879350389368,2311439.0642,1644.5873155944032,264.42358188508274,23,0,53.53572358715253,6.674638566993721,0.4521588118352792,0.8295604697267215,0.0126242761744647,3.869069448056784,3.8564451718823194,0.18379933951071964,0.043172956778112,0.42736314666390535,0.9374725343149237,43.94273762974229,10.212840166338895,2.166247318413935,25,0,0.2449935702645214,0.0387734658260831,-0.20825539890841546,0.056165175306483864,-0.2837399690307629,0.26225978782333403,0.33484549409901965,-0.10989252280993302
Drive_28,28,Drive,50,0.539058,0.38236366922988224,-0.2167,0.8843,1.101,0.7843500000000001,0.241525,0.8366750000000001,0.6586816100362906,21.693073169999998,3.7687000000000004,0.3865,27,3,-0.2167,0.8506,0.074252,0.13072750321932713,-0.1596,0.4311,0.5907,0.0161,-0.0003749999999999999,0.11765,0.14920203081727806,1.1130622999999997,3.6935000000000002,0.2811,19,16,-0.0227,-0.0022,0.764794,0.35707170400355165,0.4121,1.4567,1.0446,0.5226500000000001,0.49175,1.166425,0.8425319342315756,35.493003009999995,4.0625,0.4546,15,0,1.2429,0.5212,7.252000000000001,32.610148727045086,-101.43,68.18,169.61,8.855,3.1849999999999996,21.174999999999997,33.08692895993825,54737.24340000001,856.3100000000002,97.16000000000001,13,4,47.18,3.71,29.558200000000003,124.41652849199741,-171.99,350.42,522.4100000000001,-2.59,-8.6275,12.74,126.66321604159592,802178.5149000001,1033.9,133.91,13,6,-57.61,-0.07,-21.511,45.976407536909626,-143.01,17.92,160.93,-1.54,-26.6,2.9924999999999997,50.341598802580755,126713.8285,368.40999999999997,47.95,14,8,10.99,4.06,1.0519843190388392,0.24601261394653343,0.4745612183902093,1.6172382168375814,1.1426769984473721,0.9837256404324213,0.9552014557201443,1.2185395774129237,1.0798068205007783,58.29913848,4.4942851506536545,0.40253006670438984,21,0,1.2618536325580711,0.9975844024442244,89.56981640748693,109.03023230208221,1.60542829176516,390.7959069642362,389.19047867247104,23.9839942335296,11.307651937219077,134.0812241470431,140.25901659429957,983629.5868,952.0872759075244,100.61730529389192,13,0,75.27047628386578,5.500236358557693,0.1675211192491762,0.18612812716585977,0.0024155975557756,0.6172382168375814,0.6148226192818058,0.05008539051721445,0.022065960732980876,0.2930147578677379,0.24902636712268394,3.1007065761160884,4.039177557820141,0.4025300667043899,21,0,0.2618536325580711,0.0024155975557756,-0.08233672311911303,-0.5964454071253183,0.3472787415101773,-0.2766212167775911,0.4241552495160107,-0.8249273752210725
Drive_29,29,Drive,50,0.6609840000000001,0.32194428175555784,-0.0688,0.9472,1.016,0.83485,0.47652500000000003,0.8725,0.7338085625011471,26.92375032,2.9451,0.3155,34,2,0.0,0.8967,0.059733999999999995,0.155544166061985,-0.1969,0.56,0.7569,0.00405,-0.0307,0.1065,0.1651613108448828,1.3639129300000001,5.0847,0.4612,10,28,0.0498,0.0073,0.68507,0.3647312828281519,0.2891,1.5255,1.2364000000000002,0.46225,0.4066,0.9981,0.7743960455735811,29.98446177,3.0786000000000007,0.3419000000000001,15,0,1.1492,0.4158,1.9082,34.34296961533757,-112.07,57.89,169.95999999999998,3.675,-3.815,14.0175,34.051314189029476,57974.5999,978.5300000000001,73.22,13,19,42.35,-3.92,29.778000000000002,112.39840390325833,-126.84,310.94,437.78,-1.225,-39.2175,41.055,115.18447143604037,663373.123,958.79,105.97999999999999,13,5,-45.92,0.91,-21.669199999999996,52.32381324024464,-165.41,19.81,185.22,1.3650000000000002,-27.09,9.485,56.147840848958744,157629.0016,401.09999999999997,38.56999999999999,14,5,5.46,-4.2,1.0607312996786962,0.2027655987656675,0.7216715735014093,1.6934578618908709,0.9717862883894616,0.9861754381254098,0.9449672524977446,1.1493947186108433,1.0795566221370698,58.272125020000004,2.877017764029677,0.2991191705638747,15,0,1.1502785227935015,0.9884400942899878,87.28724820568162,100.81540410460713,2.281183903152045,365.6774138499669,363.39622994681486,53.77423438146708,10.448537409584056,122.25461380868902,132.58783688559066,878976.7244999999,879.9106969823483,86.81471211226983,13,0,62.70550613781855,5.816743074951824,0.1328399764168066,0.16392333234139586,0.0027106889172028,0.6934578618908709,0.690747172973668,0.0801158449272969,0.026027859791418126,0.15107173333044177,0.20971385515174548,2.198995052130364,2.68528615493043,0.2991191705638747,15,0,0.1502785227935015,0.0115599057100121,-0.18810459893483902,-0.6661841183451707,0.4902564825409205,-0.4785336978303181,0.5572455384375515,-0.9075922354121875
Drive_3,3,Drive,50,0.5714380000000001,0.567892491582622,-0.6376,2.2802,2.9177999999999997,0.73935,0.37095,0.8246249999999999,0.8016191316329719,32.12966161,9.1045,1.1119,18,3,-0.3462,0.8001,-0.0024619999999999985,0.17419385271142312,-0.7708,0.3052,1.076,0.02015,-0.020475,0.083625,0.17246069059353789,1.4871344900000003,5.2758,0.7496,20,14,0.0886,0.0088,0.9918179999999999,0.9363529697475744,0.0395,4.5699,4.530399999999999,0.5790500000000001,0.512775,1.15855,1.3575436241241015,92.14623456999999,11.335699999999997,1.8021999999999998,19,0,1.6719,0.5124,11.2994,63.896721496489945,-78.54,284.9,363.44,1.33,-10.4825,10.2725,64.25582960323521,206440.58189999993,1430.0299999999997,146.08999999999997,17,16,38.15,0.84,25.465999999999998,184.0229626975938,-282.73,527.87,810.6,-0.42,-32.025,57.645,183.94477143969056,1691783.947,1607.27,120.82,17,7,-126.63,4.34,-6.7788,46.959134063566374,-135.52,125.86,261.38,-5.46,-13.16,10.115,46.97881646018767,110350.45980000001,735.35,116.69,15,6,-7.98,-13.23,1.3186126859599727,0.8901508687911381,0.4959059285792014,4.843832733486985,4.347926804907783,1.0052409796636022,0.9031973995582366,1.3204064351235036,1.5859573176476092,125.76303066999998,11.500753774745018,1.6911232356598118,19,0,1.7096648823673015,0.9501532560592528,129.1569995005031,154.82040040530913,3.168611683371757,600.3688453775729,597.2002336942012,47.86919280125514,12.151829702406832,206.9755302001541,200.42829085236446,2008574.9886999999,1559.584055560978,146.5582384164993,17,0,132.49248959846742,13.948982041711862,0.4556880869643758,0.8270821646119478,0.0034826206766114,3.843832733486985,3.8403501128103734,0.15503069218110804,0.044424102532899745,0.3918809326686408,0.9370353469747307,43.9017620740027,10.699512500752654,1.6911232356598114,19,0,0.7096648823673017,0.0498467439407472,-0.12795261357376292,0.0026470962622190844,-0.7211447289398225,0.7097263743395044,0.14241967021304455,-0.021915286411164085
Drive_30,30,Drive,50,0.6749339999999998,0.2294911421615489,-0.1164,1.0116,1.1280000000000001,0.75835,0.615625,0.796925,0.7121437811285022,25.357438249999998,3.9367,0.4275,20,2,0.2847,0.6844,0.004287999999999995,0.2070130476416343,-1.2978,0.3206,1.6184,0.0161,-0.0247,0.056375,0.20497731776955228,2.1007850400000003,5.4219,1.5211000000000001,17,14,0.0417,0.0468,0.725124,0.23480576650430343,0.4377,1.2195,0.7818,0.61415,0.5608500000000001,0.93145,0.7614695584197703,28.99179442,3.2236999999999996,0.42900000000000005,11,0,1.0775,0.5592,-0.3639999999999998,24.678156333081287,-112.98,40.18,153.16,4.305,-0.017500000000000016,10.01,24.432839949543318,29848.1834,577.2900000000001,66.22,3,11,-29.12,8.61,38.7702,92.66881029774798,-41.44,288.82,330.26,-0.245,-7.0175,14.49,99.59360743541727,495944.33210000006,798.77,76.99999999999999,7,8,-38.15,-2.8,-9.401,35.80381334439112,-87.71,40.95,128.66,5.285,-31.1325,11.584999999999999,36.66951854060808,67232.6795,322.7,33.46,8,3,-7.21,10.43,1.0528647593061031,0.1445476858373024,0.826852399162027,1.545762494693153,0.718910095531126,1.012412314668326,0.9702605460543691,1.1090548365922674,1.0625442834065788,56.45001771,3.936293055629341,0.5517627713531512,17,0,1.115257472514755,0.8850413775637838,66.83344908508091,86.86016197403156,0.7571657678474377,299.2938388941543,298.5366731263069,20.933045600296936,12.102261299136462,76.32937570389646,108.90594060931663,593025.1950000001,693.2878848914933,63.15428630254968,7,0,48.532267616504384,13.81148073162324,0.09949788439630769,0.11680703863180045,9.383440244759012e-05,0.545762494693153,0.5456686602907054,0.0713525780651703,0.01806440270962445,0.12202788196007418,0.15254781410362234,1.1635417793896656,3.652165140066168,0.5397622180331547,17,0,0.115257472514755,0.1149586224362162,-0.15925104639911183,-0.7059584834112251,0.33908148356201356,-0.09610091531921593,0.27232276706558606,-0.9301530783980335
Drive_31,31,Drive,50,0.566526,0.40814101645167217,-0.784,0.9582,1.7422,0.7689999999999999,0.494975,0.816525,0.6958442470840728,24.209960810000002,5.3697,0.9011,8,3,-0.0644,0.8111,0.102592,0.09292766078394264,-0.1457,0.3667,0.5124,0.09040000000000001,0.03785,0.16485,0.13779679822114882,0.9493978800000002,3.5725,0.3411,22,4,0.1779,0.03,0.818288,0.36800771045604747,0.486,1.6668,1.1808,0.6214500000000001,0.534025,1.164775,0.8957211242345465,40.11581662,3.997,0.5029,15,0,1.1954,0.5512,0.301,33.91841461507303,-123.9,65.8,189.7,7.07,-4.305,15.225,33.578866478783944,56377.013699999996,1025.64,189.7,14,10,21.49,17.71,26.0652,88.01261473220757,-102.76,232.26,335.02,-1.9249999999999998,-8.4,13.125,90.9433372820681,413534.52979999996,716.3799999999999,58.940000000000005,13,6,-33.04,-9.66,-6.430200000000001,26.919357384603373,-78.68,35.21,113.89000000000001,-2.975,-12.53,9.24,27.41361409956739,37575.3119,395.36,41.089999999999996,14,6,24.43,10.85,1.119219471095206,0.23222807605351733,0.8933178045914008,1.7567727969205351,0.8634549923291344,1.0148824059986454,0.9607226769124049,1.2214971413261728,1.1425863233034081,65.27517531000001,3.0551565856761296,0.5086203249281582,14,0,1.210279690815309,0.9811241766463612,67.9629586271979,75.1242057422633,5.121972276379481,269.14981794532207,264.0278456689426,21.148918837328388,14.710127317757609,108.4853757833329,100.74590367851191,507486.85539999994,684.1306703767485,53.80533378180792,14,0,46.37118286177311,22.905942460418437,0.16183401172186251,0.2042265565183515,0.0010913305011313,0.7567727969205351,0.7556814664194038,0.07740311500410674,0.0318104783694191,0.2214971413261728,0.2589682683449624,3.3532282004794234,2.4457926953527873,0.5086203249281582,14,0,0.210279690815309,0.0188758233536389,-0.15729341640510844,-0.7965526515543415,0.0924115934281171,-0.05441870173821757,0.33889518503309884,-0.7409519536523466
Drive_32,32,Drive,50,0.5469539999999999,0.7153079037928851,-0.5043,3.092,3.5963000000000003,0.79715,-0.066625,0.85005,0.8947573790698795,40.029538370000004,10.744600000000002,1.8857000000000002,22,3,-0.0556,0.8272,0.157526,0.3697248280733626,-0.3118,1.5855,1.8973,0.04465,-0.0035,0.15025,0.39846826749441416,7.93884801,7.868499999999999,0.7877000000000001,25,18,-0.0066,-0.0007,0.9434699999999999,0.8822019950680461,0.1918,4.3349,4.1431000000000004,0.5007,0.454175,1.18305,1.2856322933871875,82.64251968999999,10.881799999999998,1.7641,23,0,1.0307,0.4831,-1.6715999999999993,64.94451576538238,-191.73,228.9,420.63,5.11,-10.4825,12.145,64.31351780147001,206811.42859999998,2061.9900000000002,385.63,21,12,6.93,14.14,25.522,193.3311692407616,-198.73,648.9,847.63,-8.33,-51.3625,2.6775,193.08230023489983,1864038.7332,1838.76,202.01999999999998,21,4,-5.11,-5.39,-22.4644,55.38309099355144,-213.5,22.12,235.62,0.385,-14.77,5.1975,59.25023459869168,175529.515,735.9100000000001,95.41,24,6,1.89,2.94,1.3125865030920911,0.9526197997940571,0.4398978290467003,5.215558978671414,4.775661149624714,0.9916286879206796,0.9398388070226498,1.2836825059945638,1.6162357876869327,130.61090607,13.45871146761851,2.580464430913114,23,0,1.0322196520121092,0.9579383800641876,127.25186579138892,171.23368740602302,4.13533553656774,691.2279363567419,687.0926008201742,45.39818440494472,13.954124218948943,183.15410551077167,211.96130197750722,2246379.6768,1633.7460137255562,192.50500737693642,21,0,8.815276512963164,15.415424094068902,0.46149697257163963,0.8887423236690385,0.001066481308809,4.215558978671414,4.214492497362605,0.12947603457293785,0.042413712455857976,0.424445151438055,0.9935014419797374,49.35225576079088,11.603941718166364,2.580464430913114,23,0,0.0322196520121091,0.0420616199358122,0.27520559469155803,0.20990985571859,0.7699869724205614,0.07324122723248959,0.2723313833394571,-0.7644809857679647
Drive_33,33,Drive,50,0.59968,0.5403858092669929,-0.4165,2.3505,2.767,0.7071000000000001,0.216625,0.8807499999999999,0.8036122129485092,32.28962944,6.3626999999999985,0.8660000000000001,22,1,-0.0637,0.8206,0.012412000000000005,0.25734052136166563,-0.7152,0.6332,1.3483999999999998,-0.05785,-0.11912500000000001,0.066425,0.2550563051563321,3.2526859400000006,6.866199999999999,1.15,21,10,-0.0403,-0.2379,0.8141879999999999,0.70175240433925,0.1171,2.9529,2.8358,0.44835,0.339325,1.20395,1.0702847320222784,57.27547038000001,8.0329,1.6638000000000002,22,0,1.0687,0.3806,-2.496199999999999,51.194582936088075,-189.21,79.87,269.08000000000004,8.295,-0.805,23.4675,50.741488251725535,128734.93150000002,1557.22,131.67000000000002,22,10,28.28,37.38,29.2992,163.17621405094556,-189.28,502.88,692.16,-12.425,-33.18,24.605,164.17183198100702,1347619.5208,1448.9299999999998,120.12,21,2,-20.23,-9.1,-17.123400000000004,50.26049719212893,-158.34,50.12,208.46,-2.065,-35.0525,6.4750000000000005,52.61944558810934,138440.3027,610.96,110.67,23,7,-1.68,0.14,1.1758343125783552,0.6952971648968952,0.3436655787244338,3.799147233261696,3.455481654537262,0.9644685848957717,0.8381764122595734,1.2780756983884742,1.3624814549930577,92.81778575999999,8.946309476624585,1.7279731806442622,22,0,1.071354969186217,0.935327284965001,125.06950185937343,130.35866850241544,11.94233645481486,506.4207945967464,494.4784581419316,62.4319358959689,35.13395478517107,182.87291177425487,179.7105870559662,1614794.755,1455.7174156986634,129.7601280411016,21,0,34.8114018677789,38.471989810770125,0.4017865220632715,0.5918275748032875,0.0134877192857658,2.799147233261696,2.78565951397593,0.17026989488913352,0.07602753761039321,0.45890956350163314,0.7104133233852598,25.234354502164486,8.16637384861886,1.7279731806442624,22,0,0.0713549691862169,0.064672715034999,0.08485200324824098,0.19807431999152372,0.3855141063921201,-0.3543773664941581,0.40208361500216433,-0.42950956360082915
Drive_34,34,Drive,50,0.625608,0.3054826284115424,0.0066,0.9721,0.9654999999999999,0.78035,0.455875,0.8672249999999999,0.6948658958389021,24.14193066,3.4566999999999997,0.46119999999999994,18,0,0.0066,0.8469,0.14909199999999997,0.2508757443802954,-0.1786,0.9582,1.1368,0.06845,0.033275,0.188125,0.2896692783158062,4.19541454,5.7137,0.6149,22,7,-0.0029,0.0344,0.7911619999999999,0.6373801876655497,0.0944,2.5949,2.5005,0.4542,0.4105,1.04385,1.0119613351309424,51.20328718999999,7.240700000000001,1.1426,18,0,1.5467,0.456,-3.0379999999999994,45.21561455957444,-136.36,114.17,250.53000000000003,5.215,-2.975,14.1225,44.86415281714345,100639.61040000002,1262.1000000000001,162.32999999999998,11,16,4.55,5.25,25.284000000000006,167.4138303725233,-243.67,450.24,693.91,-6.755000000000001,-25.6025,16.87,167.6488098496378,1405306.1722000001,1397.55,112.84,17,3,-65.66,0.77,-18.823,35.973413099120854,-135.59,15.05,150.64000000000001,-0.9450000000000001,-28.6475,3.64,40.280392872959915,81125.50249999999,439.46,62.99999999999999,19,5,-15.54,0.56,1.136609182411181,0.5522978106895186,0.3716800909384306,2.8143294103569327,2.442649319418502,0.967455004737171,0.9102292670924117,1.264002127466621,1.2612742159419577,79.54063239,6.4226287962273725,1.1203897611526394,18,0,1.546716800193235,0.9624754386476572,117.20971104439762,135.53864325421245,2.205833175922422,460.8212819521252,458.6154487762028,55.55775429210061,10.31973207465018,180.95302672718933,178.16123512706125,1587071.2851000002,1246.7504122900762,101.49406206874357,16,0,67.62713730448746,5.3356349200446616,0.34763717378349795,0.44806007976957996,0.0001486860537713,1.8143294103569327,1.8141807243031614,0.09830429581972006,0.0445025726123168,0.5450826007973555,0.563555039883096,15.879714148881897,6.127107285791685,1.1203897611526394,18,0,0.546716800193235,0.0375245613523428,0.10716914785874498,-0.2086902558735924,0.5636686959503268,-0.20427416840975976,0.5346409662811293,-0.6518140515304512
Drive_35,35,Drive,50,0.35760000000000003,0.4088962884325041,-0.5139,0.9823,1.4962,0.6431,-0.032225000000000004,0.674,0.5401203673256545,14.58650056,5.9509,0.7108000000000001,19,3,-0.0695,0.6764,0.031952,0.11453237175397983,-0.3719,0.2884,0.6603,0.036250000000000004,-0.010825,0.07155,0.11779745837665599,0.6938120600000001,4.284,0.6603,11,9,-0.06,0.052,0.9956519999999999,0.6371042077451151,0.3162,3.2838,2.9676,0.7192000000000001,0.6678000000000001,1.23835,1.1786036828382982,69.45533205999999,7.836,0.9062000000000001,20,0,1.341,0.6654,16.0286,29.908087501543793,-31.29,96.74,128.03,4.9,-0.63,30.5725,33.66778641372194,56675.992099999996,803.3900000000001,100.94,17,13,32.34,-0.35,22.8592,162.680755567461,-220.22,487.55,707.77,-0.5950000000000001,-4.375,12.407499999999999,162.6599849133154,1322913.5346000001,1393.77,135.94,18,5,-63.77,4.76,-11.067,32.44594658813332,-117.95,26.46,144.41,-1.715,-10.692499999999999,4.4624999999999995,33.97297676094928,57708.157499999994,442.7500000000001,63.14,14,9,6.16,-4.69,1.16187141361574,0.5931304979294544,0.319469278648198,3.355710584958125,3.0362413063099267,0.9663314192757646,0.942933959332298,1.2644439065301287,1.301811389410924,84.73564468000001,8.665737400738701,0.9819919847503455,20,0,1.3441395946850163,0.9502516087857994,106.02736163989083,133.6464734476128,2.5890538812469703,488.2592379054389,485.67018402419194,14.968902278925981,7.12965803515737,176.33191677896986,169.54631722334756,1437297.6842,1223.6062052444515,121.25116634023905,18,0,71.76652492631925,6.691502073525794,0.33511681530059867,0.5137564602814474,0.0005841606218159,2.355710584958125,2.355126424336309,0.060760460485876105,0.039426991762112173,0.42932317191198965,0.6090731207076204,18.54850331842598,7.785215674001805,0.9566675451799342,20,0,0.3441395946850163,0.0497483912142006,0.4387573005165526,-0.2910616033777452,0.03063960646797757,-0.12891305647619902,0.046162062006773606,0.009334196550012549
Drive_36,36,Drive,50,0.40403,0.4756246557562647,-0.4473,1.0175,1.4648,0.5267,-0.109825,0.831925,0.6204310419377805,19.24673389,4.4523,0.5124,24,1,-0.1559,0.8162,0.06775199999999999,0.19276800716860434,-0.4597,0.814,1.2736999999999998,0.071,-0.040075,0.14605,0.20250098271366487,2.0503324,4.611400000000001,0.45679999999999993,29,8,0.0578,0.0864,1.002078,0.6704788241158367,0.0915,3.1461,3.0546,0.7616499999999999,0.5049,1.296,1.2019614530424843,72.23556673000002,8.1476,0.7223999999999999,27,0,1.0446,0.4802,0.0252000000000006,46.553504186043824,-141.54,92.68,234.22,-0.035,-12.565,23.064999999999998,46.085624786911595,106194.2406,1219.05,123.13000000000001,17,11,53.9,-4.27,28.928200000000007,175.91707353750516,-228.27,459.41,687.6800000000001,-7.84,-28.07,29.5575,176.53532559235842,1558236.0591,1430.03,133.28000000000003,25,3,-9.38,1.33,-4.6368,28.068518165375245,-68.18,49.84,118.02000000000001,-3.08,-14.91,13.7375,28.17063705349952,39679.2396,522.34,44.59,22,5,21.28,-0.7,1.2368616858738604,0.5897299887316749,0.4450864747439536,3.21524922051153,2.7701627457675766,1.0300748673681648,0.9605309731578777,1.4426762013129681,1.367718048575802,93.53263302,7.4046042036668736,0.6442291544677037,27,0,1.0577498806428671,0.9509150540400546,126.75808730481305,135.58105523862008,1.401748907615055,467.3442938562533,465.9425449486382,63.32220101661864,27.650526073644834,206.85623036632225,184.6136256780631,1704109.5392999998,1301.906727819263,137.55162486498887,25,0,58.702919859236985,4.526786939982928,0.37066134687257923,0.514622364603291,0.0012972036313694,2.21524922051153,2.2139520168801607,0.15526492370465256,0.04440250337639995,0.4848915586155297,0.6300232445333104,19.84646443261397,7.21657066333805,0.6442291544677035,27,0,0.0577498806428671,0.0490849459599453,0.17315891709384235,-0.20743523543789652,0.163468562620631,0.3608630373678106,-0.10085596585697762,-0.5895551720992938
Drive_37,37,Drive,50,0.20820800000000003,0.40684942751512837,-0.5797,0.743,1.3227,0.13319999999999999,-0.071575,0.6778500000000001,0.4533944185805555,10.27832494,4.5331,0.4546,39,5,-0.0725,0.6866,-0.009042,0.08633143559230652,-0.2255,0.2123,0.43779999999999997,-0.00805,-0.038425,0.037000000000000005,0.08594074819315922,0.36929060999999996,3.3333999999999997,0.2943,32,22,0.0505,0.0161,1.029254,0.5501872260959751,0.1413,2.4434,2.3021,0.9285,0.6496500000000001,1.454825,1.164480854544204,67.80078302999999,6.7946,0.48750000000000004,29,0,0.934,0.612,9.0244,32.387762627264024,-66.57,130.9,197.47,5.845,-1.4175,18.9,33.30807139418312,55471.381,1024.1699999999998,104.51,28,15,-0.14,1.89,23.8504,146.35121252657936,-222.95,350.7,573.65,-0.8049999999999999,-12.215,36.89,146.83032874716315,1077957.272,1186.8500000000001,102.97,27,5,-4.97,0.7,-4.3778,19.276421919018063,-65.59,21.28,86.87,-0.9099999999999999,-10.6225,7.42,19.578405604134367,19165.6983,368.34000000000003,35.7,25,7,-1.61,3.43,1.14975133387719,0.5020771566931559,0.205263976381634,2.4434367865774638,2.2381728101958296,1.0529135102621876,0.9384327586440785,1.5053502600154318,1.252584516749269,78.44839857999999,6.5905417618495195,0.5006256620045209,29,0,0.9381697607576148,0.9199036743050872,102.88161534366596,112.79048777683644,3.9783162267471903,374.268765060618,370.2904488338708,46.87698357574981,14.325883861162044,175.92187609975616,151.828478968868,1152594.3513,1211.8391623448822,103.85108360787646,28,0,5.2261458073804254,3.9783162267471903,0.3587692406145599,0.3789754391838119,0.0146572271539208,1.443436786577463,1.4287795594235424,0.1685123694139033,0.05699567686714653,0.5950967456151895,0.5191004756746229,13.473265192280989,6.105795928350989,0.5006256620045211,29,0,0.0618302392423851,0.0800963256949127,0.39164946754815666,-0.5504763046963416,-0.6357255442391102,0.10837374526509301,0.33856375565947466,-0.44792351887638787
Drive_38,38,Drive,50,0.38633199999999995,0.39430392527302377,-0.5388,0.7481,1.2869,0.61965,0.149525,0.687875,0.5491980407831041,15.0809244,4.0312,0.3448,28,5,-0.5388,0.7108,0.017094000000000005,0.10150372348654335,-0.2123,0.2935,0.5058,-0.00185,-0.038625,0.0648,0.10192718283166666,0.5194575300000001,3.4591999999999996,0.36529999999999996,19,12,-0.0351,-0.0425,0.8945500000000002,0.42952970496693194,0.2159,2.2253,2.0094,0.7126,0.6771,1.090875,0.9904673415110667,49.05127773000001,4.8345,0.5783,17,0,1.2151,0.6808,4.846799999999999,31.658292941976516,-91.98,86.94,178.92000000000002,4.48,-1.6975,20.4575,31.712679357001672,50284.7016,657.0899999999999,115.64,9,14,42.91,3.92,31.229799999999997,118.81166273560858,-150.92,298.69,449.61,-1.085,-9.17,50.9075,121.69300467159152,740459.3692999999,841.8199999999998,74.41,14,3,-118.16,2.94,-12.0064,27.157570730829367,-91.91,22.05,113.96,-1.82,-18.0425,3.1325,29.443787392249657,43346.830799999996,304.91999999999996,35.91,14,4,22.05,3.15,1.078273912377662,0.36471761943215125,0.2767868855274758,2.226793611900304,1.9500067263728282,0.9953713249775786,0.958413760038671,1.194465790797543,1.1371161740121367,64.65165965999999,5.0854387403050705,0.5687282325831717,17,0,1.3296636642399462,0.9851555866968424,84.08298605480292,99.0354991502883,3.621104803785717,313.8261528298749,310.2050480260892,21.636275071798423,7.5528828506610335,137.82590479286785,129.15811253653408,834090.9016999999,689.5280433631676,68.78757368363554,14,0,127.62937044426724,5.825160941982633,0.22554428180659428,0.29557129978079055,0.0036193800440482,1.2267936119003036,1.2231742318562553,0.07509702382553865,0.02932941174315005,0.3166945453935176,0.3694392621861897,6.824268422233812,4.707054570993119,0.5687282325831717,17,0,0.3296636642399462,0.0148444133031575,0.02284766114303342,-0.47494319687964276,0.22939531901326324,-0.011874693387953305,0.36321087023738513,-0.8205328477488036
Drive_39,39,Drive,50,0.496386,0.3303795529140287,-0.1281,0.8411,0.9692,0.69835,0.17057499999999998,0.77555,0.5944465467979438,17.66833485,3.7653999999999996,0.2657,50,7,-0.1281,0.8411,0.028264000000000004,0.14543724891316037,-0.3719,0.4187,0.7906,-0.0033,-0.025050000000000003,0.03585,0.14672357411131995,1.0763903599999998,4.2209,0.6954,20,18,-0.0395,-0.0044,0.8485600000000001,0.541894609830422,0.2445,2.3556,2.1111,0.6061000000000001,0.5658,0.9128000000000001,1.0039077877972657,50.39154232,5.5217,0.7349999999999999,16,0,1.2751,0.598,-4.9168,38.99629100311977,-87.5,94.29,181.79000000000002,2.8,-13.440000000000001,8.82,38.91621024714508,75723.571,765.7299999999999,63.769999999999996,3,11,71.82,-9.87,34.708800000000004,136.98202171088002,-195.65,400.68,596.33,2.3449999999999998,-5.5649999999999995,30.660000000000004,139.97676087122463,979674.6792,1072.1200000000001,83.36999999999998,15,3,-180.67,25.83,-11.860800000000001,43.189177255418976,-140.42,40.74,181.16,1.575,-14.21,5.4775,44.36978147343076,98433.87539999999,531.65,51.239999999999995,16,6,-3.85,-1.82,1.0854878902814014,0.45674244813795617,0.3861093497961426,2.358804451411774,1.9726951016156313,0.9836488939607881,0.9366415981284335,1.0323424267664196,1.1758934265485117,69.13626753,4.944240927678953,0.7493746413828055,16,0,1.2821270880844846,1.0320235317084585,95.74236097354922,119.13824428895916,3.87853064961462,423.5547005995802,419.6761699499656,33.05143945585913,9.590668878456524,172.49211164120382,151.90998160752966,1153832.1256,1085.5869714246464,85.51877757653824,15,0,194.4597228219767,27.711337030175933,0.2565572360270458,0.3858835008178358,0.002411138206275,1.358804451411774,1.356393313205499,0.0590647377248628,0.020390074051306877,0.34526228728114755,0.46016254740819296,10.587478501859872,4.568549996062907,0.7493746413828057,16,0,0.2821270880844846,0.0320235317084585,-0.2695199037048628,-0.6692310900178994,0.3792918859568597,-0.621852264210525,0.25714583436331473,-0.5935544911676365
Drive_4,4,Drive,50,0.624762,0.7101426938787639,-0.4085,2.9068,3.3153,0.86155,0.02615,0.9053249999999999,0.9405020730439673,44.22720747,7.969500000000001,1.3132000000000001,21,1,-0.1098,0.8279,0.019984,0.13602117236155642,-0.6786,0.2752,0.9538,0.00075,-0.032,0.09575,0.13612892565505685,0.9265542199999999,5.081300000000001,0.836,20,23,0.0022,-0.0007,1.0036640000000001,0.9966100585894329,0.041,4.0707,4.0297,0.47835,0.392175,1.3068,1.4073764249837357,99.03542008000002,10.0335,1.6910000000000003,23,0,1.2942,0.4311,10.2914,55.71377475992807,-93.94,284.34,378.28,5.109999999999999,-5.88,21.5425,56.10576724366221,157392.85589999997,1158.22,237.64999999999998,20,12,34.16,8.68,27.616399999999995,190.965021006466,-240.94,567.0,807.94,-7.455,-71.71499999999999,20.6675,191.05222325845884,1825047.6006000002,1629.25,147.07000000000005,20,2,-60.48,-3.15,-9.8616,36.84426587679554,-145.81,35.49,181.3,0.98,-14.7525,10.22,37.78360866831013,71380.05420000001,571.8300000000002,103.18,18,5,16.52,-9.73,1.4048570830088993,0.9637089342317466,0.464672024120239,4.718546952187719,4.2538749280674795,1.0115090469570096,0.9690607864784345,1.3845490775030829,1.698170673224573,144.18918176999998,10.498824706684099,1.6105278847969657,22,0,1.298851230895979,0.93341636475905,133.4415564066575,154.0930054358533,3.580279318712438,634.3506945688639,630.7704152501515,80.82652241652292,15.03835251591249,205.1276082278695,202.67316105986998,2053820.5107,1619.8613966975602,156.9603872522536,20,0,71.39780388779475,13.414089607573075,0.5075864719760791,0.9127360990892672,0.0008498538741961,3.718546952187719,3.717697098313523,0.1308913417667,0.02354642369330075,0.4639978000078212,1.0363732288042766,53.70347346911009,9.973681610895708,1.6105278847969657,22,0,0.298851230895979,0.06658363524095,-0.318552319524644,0.1354310186527051,0.21380913233030366,0.587893408620809,-0.1622325898538408,-0.5471179235515076
Drive_40,40,Drive,50,0.6936160000000001,0.5827474495378397,-0.2474,2.5708,2.8182,0.8689,0.21334999999999998,0.940625,0.902167309095159,40.69529268,6.7483,1.0102000000000002,18,1,-0.2474,0.9567,0.08809599999999998,0.286842578571649,-0.131,1.3476,1.4786,-0.0033,-0.08075,0.1266,0.29731127930167733,4.419699839999999,5.3945,0.6778,20,9,0.1266,-0.0681,0.722442,0.969030357791978,-0.0373,3.8137,3.851,0.17604999999999998,0.1109,1.1483500000000002,1.2009004459154806,72.10809405,9.6096,1.2999999999999998,19,2,1.3688,0.1698,3.9956,35.78312965630592,-99.89,115.15,215.04000000000002,7.84,0.6825,19.2325,35.64812112860929,63539.427,1037.12,215.04000000000002,17,4,21.63,13.79,40.522999999999996,182.35508561594875,-163.8,572.88,736.6800000000001,-6.300000000000001,-22.575000000000003,14.280000000000001,185.01465680858908,1711521.1616999998,1435.8400000000001,131.32,18,4,-128.45,-6.79,-14.235200000000003,50.930583660507956,-182.35,32.2,214.55,4.13,-11.4625,11.6025,52.3897583884484,137234.3392,550.9,73.43,20,4,12.46,1.26,1.2150035524136036,0.9412475975101863,0.2524222454539219,4.6196125357003694,4.367190290246447,0.9439528289871477,0.8077764587609881,1.17351785984421,1.53116352209684,117.22308656999999,10.251782015245618,1.657026848367841,19,0,1.396727518165229,0.9740351841694426,119.72160180960078,156.2070728563544,6.837462979790092,595.2853215895718,588.4478586097817,37.656460145079095,13.716703371667817,157.05473806855946,195.56558633358782,1912294.9278999998,1401.50530425384,133.5938099431002,18,0,130.8530129572873,15.422574363574974,0.4968096671091729,0.8253847471675264,0.0031070518857102,3.6196125357003694,3.616505483814659,0.19095672749054265,0.058501442836414674,0.5036826541172464,0.9562712097374849,45.72273132863965,9.389285218128782,1.65702684836784,19,0,0.396727518165229,0.0259648158305574,0.12863706686244267,0.32999448394573794,0.835019049875078,-0.19530680944636603,0.3428232309504318,-0.8851990745012225
Drive_41,41,Drive,50,0.30976000000000004,0.45090153004388706,-0.4443,0.9838,1.4281,0.2606,-0.077225,0.771925,0.543320534859488,14.759860180000002,5.0463000000000005,0.6031,21,1,-0.1398,0.8191,0.060587999999999996,0.18442712696125718,-0.4846,0.4209,0.9055,0.06515,0.0031,0.13524999999999998,0.19236424719786158,1.8502001799999999,5.429,0.5256,13,12,0.1017,0.0747,0.904486,0.7285976717990665,-0.3323,2.9009,3.2332,0.6943,0.5393249999999999,1.1739249999999999,1.1568631726353813,66.91662001,8.4265,1.0430999999999997,23,2,1.4193,0.5146,12.098799999999999,29.670063565823384,-66.92,78.89,145.81,7.35,-7.28,35.14,31.766135742327865,50454.369,676.4799999999999,77.56,3,8,43.89,14.91,28.189000000000007,169.51374944233874,-175.21,453.11,628.32,-0.9450000000000001,-102.7775,50.82,170.16119635804162,1447741.6373,1343.16,153.23000000000002,21,6,-72.52,-10.78,-11.537400000000002,27.5652487382211,-72.59,29.12,101.71000000000001,1.05,-35.8925,6.2125,29.62697551219159,43887.8839,341.74000000000007,31.92,26,2,13.65,2.17,1.1462258047903828,0.6033072218288593,0.071497762202743,2.901092557985698,2.829594795782955,0.9865508382325636,0.9249985268317636,1.2076501148686976,1.2924912407440137,83.52668037,8.283633156579608,1.0309098076188725,23,0,1.429789991572189,0.9702154709135492,121.96001767821204,127.64520299998891,4.180119615513412,454.7274245083532,450.54730489283975,107.61418522577276,13.631160644071093,164.39805922934693,175.61798826999473,1542083.8902000003,1190.9501598887946,139.09249053864184,21,0,85.85921616227346,18.52634340607989,0.3625748410774363,0.5016518453222418,0.0057111016589206,1.9010925579856977,1.895381456326777,0.151902669900813,0.04459936872809692,0.4219150423113811,0.6148837270730414,18.90409989096172,7.904329245007807,0.9326179484459073,23,0,0.429789991572189,0.0297845290864507,0.29822275703509266,-0.2178445330079779,0.08008823346669741,-0.6673117214455774,0.36882945088346547,-0.2969562127099134
Drive_42,42,Drive,50,0.38087,0.3958416939038295,-0.4026,0.926,1.3286,0.52045,0.086025,0.731625,0.5464602369797825,14.93093953,5.0533,0.5476000000000001,21,4,0.0981,0.7532,0.096792,0.15487973061411892,-0.131,0.5519,0.6829,0.051250000000000004,-0.00014999999999999996,0.162475,0.18131924222210943,1.6438333799999998,4.291799999999999,0.489,23,18,0.0776,0.0168,0.9431080000000001,0.6665365996779202,0.0996,3.0312,2.9316,0.65805,0.593275,1.1531,1.151016210832845,66.24191588000001,7.9590000000000005,1.4332,22,0,1.1544,0.59,6.4848,28.82525892338176,-52.01,113.47,165.48,4.234999999999999,-6.125,15.155,29.263121364611806,42816.5136,935.83,111.44,19,12,34.09,4.06,22.353800000000007,148.3571559514404,-189.28,437.78,627.06,-1.155,-59.85,12.530000000000001,148.55753492165923,1103467.0591000002,1239.84,124.95000000000002,20,6,-63.49,-1.05,-11.8118,37.13739034988861,-106.4,28.14,134.54000000000002,1.295,-24.9025,12.67,38.61503160687558,74556.03330000001,494.8299999999999,37.87,23,4,6.3,8.75,1.1419402078550311,0.5995800719993819,0.4042799648758271,3.1180511365274306,2.7137711716516035,0.9824615293524973,0.9250951586231749,1.1800033887461128,1.2869863153118606,82.81668879,7.943945131602398,1.4061000169209588,22,0,1.161156634567447,0.956918220121239,102.70162166669058,118.96307533386039,4.609913231287547,447.3357653932893,442.7258521620018,65.83985652608334,12.87803321998859,149.34451245131888,156.258734539865,1220839.606,1199.4564454085175,126.30963147677744,20,0,72.33808263978248,9.70302014838679,0.3596486856747065,0.49806378472591645,0.0010305810486489,2.1180511365274306,2.1170205554787818,0.1166646798545776,0.04029526973809345,0.5182429780623106,0.610289570687504,18.622668004496894,6.336274783650323,0.9282435890801028,22,0,0.1611566345674473,0.043081779878761,-0.07310583421276821,-0.31508570056910296,0.6534434853728406,0.4725676532689252,-0.28360754834609864,-0.7796061064106818
Drive_43,43,Drive,50,0.591514,0.36102662008811054,-0.3089,1.2254,1.5343,0.7598,0.33782500000000004,0.81085,0.6911021836168657,23.88111141,5.2033000000000005,0.6801,10,5,-0.3089,0.8272,0.116932,0.2614311619231529,-0.2606,1.0329,1.2934999999999999,0.03145,-0.0013,0.09845,0.28399369711315775,4.032620999999999,4.783699999999999,1.0277,13,16,0.0066,0.0015,0.7754939999999999,0.7005994236453845,-0.1039,3.2567,3.3606,0.5669,0.501775,0.670125,1.0403911309695024,54.12068527000001,7.284000000000001,1.0607,12,2,0.5995,0.4963,-1.9739999999999998,28.42727211675436,-130.62,46.97,177.59,3.185,-1.4,8.6625,28.210712149819965,39792.21399999999,763.14,115.43,4,14,1.75,2.17,57.19559999999999,143.18140231189244,-146.65,472.29,618.94,3.6049999999999995,-0.77,17.9375,152.84708812404637,1168111.6173999999,1148.98,128.31,10,7,-146.65,5.67,-16.788799999999995,36.23873993394363,-139.72,10.64,150.36,-0.91,-15.3125,2.8525,39.60864996437015,78442.2576,410.05999999999995,40.25,13,8,-19.6,-0.14,1.0958199253194298,0.6699581504390505,0.1312118134925358,3.444374295862748,3.313162482370212,0.9640492543149992,0.9151697898810579,1.0218459599751886,1.2808935762193516,82.03441768,7.864013142036207,1.2480147469374112,12,0,0.6744353341870516,0.9646635579309504,86.03655087764498,136.7428455505577,2.3964139876073167,476.4272714696336,474.03085748202625,12.868860122239731,6.615122061904031,132.57781392476298,160.39614016552892,1286346.089,1109.309175388276,127.88098893900656,10,0,147.9643369194077,6.07267651040297,0.344952078854215,0.5803381898050654,0.0016427456932934,2.444374295862748,2.4427315501694546,0.0624402686570998,0.03567000795423795,0.4448558723375323,0.6701108139413513,22.452425148057014,7.350371354072778,1.2480147469374112,12,0,0.3255646658129484,0.0353364420690496,-0.2433110261425664,0.021428592418707707,0.7714676200113755,-0.18671014599462787,0.2928162274148841,-0.7796586927883897
Drive_44,44,Drive,50,0.43881,0.43228549582186915,-0.2174,1.6719,1.8893,0.5226500000000001,-0.006225,0.7699,0.6129335616524845,18.78437755,5.497999999999999,0.8849999999999999,22,5,-0.0168,0.795,0.21073000000000003,0.2492713104721235,-0.3433,1.0724,1.4157,0.14200000000000002,0.1113,0.22599999999999998,0.3245005322029534,5.26502977,6.669599999999999,1.1156,23,8,0.0886,0.131,0.9835679999999999,0.7973604158927461,-0.1113,3.4858,3.5970999999999997,0.6771,0.5585,1.337525,1.2611399489350894,79.52369854,9.159,1.1273,23,2,1.1968,0.5834,5.966799999999999,38.40774807249183,-160.37,139.23,299.6,8.785,-2.38,17.2025,38.487072011261134,74062.7356,998.8299999999999,156.52,10,4,21.07,3.64,19.3928,164.42975640680126,-272.09,441.49,713.5799999999999,-4.095,-50.33,22.68,163.92828489312026,1343624.1294,1438.5,98.07,22,4,-35.28,-1.82,-11.9756,43.52465471431106,-120.47,67.62,188.09,-0.45499999999999996,-9.7125,4.375,44.72049476470492,99996.13259999998,497.42,43.74999999999999,19,9,3.43,-3.43,1.2425144834741892,0.7337490225678353,0.3130099359445319,3.73095899334206,3.417949057397528,0.9893889305505315,0.9524261147654342,1.3754757143564154,1.4392574881514428,103.57310586000001,8.898930789492356,1.1730592090705245,23,0,1.2001926678662889,0.994757035662478,113.88812185518543,133.18376001193528,1.9873097393209749,456.52386816025296,454.536558420932,50.174673095974256,8.102950082368118,192.38357549339773,174.22301785929437,1517682.9976000001,1426.293628471953,111.01016022908703,22,0,41.23576360393972,5.322302133475701,0.44765181866679654,0.6276299763720228,0.0052429643375221,2.73095899334206,2.7257160290045377,0.2049920336202887,0.0439475645872654,0.5597172869317141,0.7657892335699304,29.321657512581076,8.334961996754137,1.1730592090705245,23,0,0.2001926678662888,0.0052429643375221,-0.16564998420360783,-0.21573325536420598,0.6434598067164093,0.6633940424708175,-0.4763806537374877,-0.8630956773403204
Drive_45,45,Drive,50,0.6379920000000001,0.46000581266957474,-0.232,1.3893,1.6213,0.8707,0.291675,0.9183,0.7838412038161812,30.720351639999997,4.230300000000001,0.5167999999999999,15,3,-0.232,0.9055,-0.011801999999999997,0.11847563684796385,-0.2189,0.3411,0.56,-0.04575,-0.069325,0.006175000000000001,0.11787719966134248,0.69475171,4.1939,0.3257,22,6,-0.0351,-0.0234,0.7673099999999998,0.7908184484882658,0.1998,2.9097,2.7098999999999998,0.3704,0.29625,0.949925,1.096198238549944,60.08252890999999,6.889999999999999,0.9736,18,0,1.2561,0.3653,-0.14979999999999977,26.94754537986716,-56.07,66.15,122.22,3.535,-13.615,10.3775,26.677129493256956,35583.4619,879.7600000000001,89.18,1,14,66.15,3.57,42.80219999999999,157.6086864420867,-197.68,387.17,584.85,-4.9350000000000005,-35.2625,106.0325,161.78911090057946,1308785.8203,1087.38,66.85000000000002,18,2,-195.3,-3.36,-9.66,19.78441811123087,-56.7,16.24,72.94,-3.255,-24.0275,3.3425,21.838276855100084,23845.5168,260.40000000000003,16.1,20,5,-15.12,3.22,1.145089372823282,0.7275363610011241,0.233446567762304,3.183122840859272,2.949676273096968,0.9584859956801661,0.8594815169142395,1.094684180189041,1.352757422895916,91.49763226,6.965351867453631,0.7670449023416017,18,0,1.2778275392242882,0.9766892545738384,112.42416022919024,122.57902147961268,4.411110971172682,391.5450234647352,387.13391249356255,50.194922769963924,15.21925027063396,194.74157079477828,165.42157047978964,1368214.7990000003,1001.2874511408997,71.03976648824292,18,0,206.7523322722141,5.865398537183983,0.4361960421923314,0.5971931902310582,0.0010613982831577,2.183122840859272,2.1820614425761145,0.13763594469064125,0.045131025631944925,0.6663449956598609,0.734693064860038,26.988694977671802,6.58985737376884,0.7670449023416017,18,0,0.2778275392242881,0.0233107454261616,-0.1967464738366671,0.1771436982488648,0.4656755194355007,-0.3834689546563678,0.11157844485373153,-0.5107211102573619
Drive_46,46,Drive,50,0.559658,0.4354921396652344,-0.4319,1.188,1.6199,0.7968,0.27635,0.864125,0.7064541121686532,24.953870629999997,5.719799999999999,0.7371000000000001,19,1,-0.1259,0.8491,0.068424,0.1641463651993649,-0.2277,0.5966,0.8243,0.011349999999999999,-0.03535,0.101525,0.17631503736210363,1.55434962,4.3264000000000005,0.3469,23,14,-0.0212,-0.0578,0.8893239999999999,0.8520468034859424,0.0637,3.2384,3.1747,0.4659,0.421475,1.121975,1.2257084715379918,75.11806286000001,8.567900000000002,1.0856,21,0,1.4633,0.4948,8.638,22.0046404196933,-36.19,62.86,99.05,6.545,-0.26249999999999996,20.7025,23.433633094336866,27456.758,819.77,83.02,18,14,24.36,0.77,32.053,167.86173789759238,-176.4,460.39,636.79,-4.2,-32.76,33.5125,169.23772214846193,1432070.3299,1219.61,103.46000000000001,19,4,-143.43,-1.4,-12.2472,21.637952583366108,-79.73,21.56,101.29,-6.65,-20.055,1.4875,24.674498576465542,30441.543999999998,326.90000000000003,31.570000000000007,22,4,-3.36,-2.8,1.2110934241310882,0.7598189769820688,0.345749157627318,3.456596904471217,3.110847746843899,0.977867135064164,0.8798904899208981,1.165083003669672,1.425666743036394,101.62628311,8.075157353632788,0.8924123072322854,21,0,1.468859128711804,0.9844484191667942,112.68365635225383,132.10140751110666,1.849378273907207,461.7445089007556,459.89513062684836,51.631104714883236,9.79599030027219,161.53505310801663,172.6249479015128,1489968.6319000002,1160.6607034494218,101.22574011915773,19,0,145.5227270909943,3.223802103107447,0.4426626425036117,0.6502657218787979,0.0001247172228071,2.456596904471217,2.45647218724841,0.16013428127376406,0.03829319924564725,0.5358900529214674,0.7812418408776014,30.516940696891176,7.284854933693301,0.8924123072322847,21,0,0.468859128711804,0.0155515808332058,-0.28855438794929483,-0.014372776010698548,0.6199927247342868,0.15542575760259209,0.09387208594490234,-0.6047032813747384
Drive_47,47,Drive,50,0.49581000000000003,0.3928334295440587,-0.2599,1.3952,1.6551,0.6913499999999999,0.15610000000000002,0.79515,0.6301264138250356,19.85296487,4.8353,0.6339,17,3,-0.2599,0.7832,0.066272,0.16367001774975184,-0.4736,0.6478,1.1214,0.055249999999999994,0.016825,0.11532500000000001,0.17505454921252403,1.53220476,4.7,0.5944,20,8,0.0029,0.0329,0.864934,0.6857789001134523,0.205,2.9412,2.7361999999999997,0.5684,0.519575,0.9675,1.0995443011538915,60.449883509999985,7.213899999999999,0.9764999999999999,19,0,1.598,0.6149,5.455800000000002,33.60470327201239,-87.29,102.62,189.91000000000003,3.3600000000000003,-2.1875,19.5825,33.71136772662895,56822.8157,904.05,100.73,15,13,-2.59,3.08,33.299,163.0170385266522,-210.14,441.42,651.56,-1.47,-16.52,25.655,164.77829697505675,1357594.3577,1212.96,99.96000000000001,17,5,-160.58,4.48,-8.9866,26.719610363925597,-84.14,32.13,116.27000000000001,0.595,-13.335,2.9574999999999996,27.935959013429272,39020.89030000001,419.93,50.61,20,5,-7.98,2.59,1.1028211549210878,0.6550327636754394,0.240075217379887,3.0786987283591096,2.8386235109792226,0.9702711131081749,0.8926687755820735,1.0269065070791519,1.2793361805248846,81.83505314000001,7.331879497965692,0.9548622305758295,18,0,1.6189998208770748,0.9962864347164424,109.11022244839005,132.3404724343455,2.6452221078767657,441.4512802110784,438.8060581032017,44.917915736500376,6.06049805494855,183.8088680898052,170.49563417870854,1453438.0637000003,1097.089710452864,104.89174670669587,17,0,160.79902020845776,6.022034539920873,0.3988591955840974,0.5268021499187447,0.0010204256342375,2.0786987283591096,2.077678302724872,0.10588155769741675,0.028549844557470703,0.6192901222304574,0.6565506476714684,21.552937647891234,6.247099003769503,0.9393171615792473,18,0,0.6189998208770748,0.0037135652835575,-0.056100260596376524,0.04464877467250223,0.5845702747299614,-0.1014157670896132,0.40628937084192857,-0.488709019968198
Drive_48,48,Drive,50,0.314088,0.45358428716981253,-0.7788,1.1134,1.8921999999999999,0.55305,-0.110525,0.6456,0.5479737249175365,15.013760159999999,6.830400000000001,0.8337000000000001,22,3,-0.0212,0.6456,-0.06711400000000001,0.15745004521681,-0.5739,0.4333,1.0072,-0.067,-0.109975,-0.008575,0.16970266762782488,1.43994977,5.1233,0.631,21,9,0.0373,-0.0498,1.070824,0.6958012739867847,0.1186,3.3013,3.1827,0.8125,0.7316499999999999,1.28355,1.273232368265903,81.05603318,8.5624,0.9574000000000003,23,0,1.1009,0.7313,11.709599999999998,32.263214470972976,-77.77,111.93,189.7,4.13,-4.445,29.015,34.017810629139554,57860.572,833.2799999999999,80.91999999999999,20,15,19.81,-5.11,19.026,150.7873058317576,-244.3,406.21,650.51,5.04,-17.045,13.5625,150.47944724778864,1132203.2022000002,1347.22,104.22999999999999,21,3,-4.69,6.09,2.1266,26.663694005144897,-59.43,54.74,114.17,4.654999999999999,-9.765,11.6725,26.481237773185757,35062.7977,395.15,39.620000000000005,17,6,10.15,2.52,1.2438662589875236,0.64126118715816,0.4524889501413266,3.3829176327543062,2.9304286826129795,1.0129135202347956,0.9650117695471478,1.2979318933087076,1.3964937744938213,97.50974310999999,9.16321469474403,1.1098319646776695,23,0,1.1017356942570211,0.97676972209421,104.00950750526427,118.16865233385879,5.64922118526085,415.4294830654175,409.7802618801567,39.268215288830234,12.261454528564432,175.1492612270588,156.5328445981865,1225126.5719,1210.588484422454,95.60880147767597,21,0,22.74763064584969,8.3397002344209,0.37562505617160397,0.572648841182077,0.0032909852920963,2.3829176327543062,2.37962664746221,0.0962034076789314,0.02801672869145715,0.5306569485678464,0.6800458397968132,23.123117211247646,8.704540734131344,1.004896512391018,23,0,0.1017356942570211,0.0232302779057901,-0.059057697248372995,-0.36612819625084286,-0.5926991863049297,0.7025517054030472,0.09522737703078407,0.28649069382678405
Drive_49,49,Drive,50,0.6338100000000001,0.6729552928868974,-0.3448,2.6725,3.0172999999999996,0.62075,0.076875,0.9410000000000001,0.9195251849732012,42.276328289999995,7.1568000000000005,1.0029,22,1,-0.041,0.9026,-0.002529999999999998,0.16336972623157445,-0.8389,0.1925,1.0314,0.0249,-0.038225,0.08305,0.16174756566947152,1.30811375,5.8283000000000005,0.8513,22,13,-0.0249,0.0468,0.858224,0.9216162335056954,0.0337,3.3672,3.3335,0.33855,0.243925,1.281175,1.2525723078529238,78.44686932,9.410400000000001,1.5372000000000001,24,0,1.3344,0.3052,8.744399999999999,56.70680001551842,-82.6,309.26,391.86,1.12,-11.8825,18.4625,56.813840532039364,161390.62379999994,1324.68,340.48,21,14,16.52,0.56,31.785600000000002,176.8278218154598,-227.92,478.73,706.65,-6.195,-65.205,45.43,177.91301628604916,1582652.0681999999,1447.9499999999998,96.46000000000001,21,2,-70.56,-2.87,-3.3138,24.711303526928724,-79.87,57.4,137.27,1.1199999999999999,-7.5600000000000005,6.9825,24.686369153846826,30470.8411,409.01,65.1,17,6,-2.1,-4.69,1.2461916586250397,0.9517076902746617,0.1626827895015327,4.259987438948618,4.097304649447085,0.9697914353407555,0.7107958820693796,1.324872354751761,1.5622503727635977,122.03131135999999,10.506599773849127,1.7532208454566578,23,0,1.3352619106377597,0.9539518017174662,124.95556998567653,142.41494486883946,4.001037365484106,571.9352730860372,567.9342357205531,83.99474237445861,14.445317961122237,174.71306431442645,188.38861606264854,1774513.5331000001,1494.7674420214476,144.9636699319164,21,0,72.49851032952333,5.526897864082527,0.5590654877080207,0.8053955109034203,0.0130602746135097,3.2599874389486176,3.246927164335108,0.30724678428718555,0.05502111499134925,0.5680399068347555,0.9737776491324499,47.41214549749604,9.843766032079827,1.7532208454566574,23,0,0.3352619106377594,0.0460481982825338,-0.41715292493075345,0.365528221540992,-0.5177232448698634,0.46268539462223013,0.21894961429017956,0.13527245436506422
Drive_5,5,Drive,50,0.4583,0.524639531838144,-0.4473,1.9735,2.4208,0.5918000000000001,0.05145,0.812675,0.6926619634424861,23.98902978,6.016400000000001,0.6903000000000001,23,3,-0.0651,0.8301,0.092044,0.17520131413168508,-0.2408,1.0175,1.2583,0.1061,0.0262,0.13545,0.19635093175230925,1.9276844200000003,5.1146,1.2583,23,10,0.0322,0.1442,0.998496,0.8064259997327082,0.1479,3.6944,3.5465,0.5779000000000001,0.5102,1.379475,1.2784016181153715,81.71553486,9.0562,1.3352,24,0,1.0768,0.5658,13.805399999999999,36.671976467051785,-41.51,200.34,241.85,6.755,2.45,16.2925,38.83975090033405,75426.3125,882.3499999999999,195.93,21,12,16.03,11.34,25.436599999999995,181.14195532233828,-232.4,532.63,765.03,-4.619999999999999,-39.6025,40.18,181.1164830654571,1640159.0219,1612.66,123.34000000000003,22,4,-6.37,-4.97,-9.4822,28.447478658046307,-98.56,20.23,118.79,2.9050000000000002,-16.8175,7.91,29.71507997633525,44149.2989,385.06999999999994,70.41999999999999,19,6,0.56,4.97,1.2598979309468472,0.7594991534408722,0.4012414360456806,3.9341265663422673,3.5328851302965867,1.0130612484020152,0.9278109105528828,1.4063841710334417,1.4671894837409378,107.63224906,8.637950959961746,1.4626831445141844,24,0,1.0792465380996132,1.014883880057221,121.53276719621525,144.36518025137073,4.472884975046866,533.7175603256838,529.244675350637,46.64279717206972,15.47309732100606,193.31545246590957,187.60248576711342,1759734.6332999999,1459.882482313645,127.05473904457477,21,0,17.25837188149566,13.341566624650945,0.4364257764887693,0.6718704176284022,0.004000418326606,2.9341265663422678,2.930126148015662,0.16565856228181014,0.057826481373026324,0.5090531493678854,0.7955181451772835,31.642455965315268,7.849568608354334,1.462683144514184,24,0,0.0792465380996132,0.014883880057221,0.5875499935689763,-0.020256961724839314,0.3501677670816092,0.39590680286998237,-0.11327322835887509,-0.2331452332188019
Drive_50,50,Drive,50,0.205062,0.40984241714819797,-0.8184,0.7715,1.5899,0.13615,-0.0602,0.660425,0.45460071997303303,10.33309073,4.5838,0.6214999999999999,27,6,0.0227,0.6903,0.033262,0.1229685473142276,-0.2379,0.4546,0.6925,0.0212,-0.038625,0.081425,0.12619508310548394,0.79625995,5.912599999999999,0.6596,28,17,0.0959,-0.0761,0.987764,0.4968614691177789,0.0703,2.1521,2.0818,0.9732,0.6467499999999999,1.3207499999999999,1.10345439996404,60.88058063999999,6.4106,1.158,25,0,1.1185,0.6163,5.1701999999999995,33.17673284095346,-108.71,86.87,195.57999999999998,9.835,0.9625,19.354999999999997,33.24774666048813,55270.6329,753.4799999999999,77.49,22,8,17.36,13.02,20.5198,152.33764276107203,-218.12,412.58,630.7,3.36,-56.1575,35.192499999999995,152.19620378314303,1158184.2223,1273.02,128.1,24,5,-24.57,4.83,-6.591199999999999,30.87685981443061,-96.67,25.76,122.43,4.865,-12.7925,12.635,31.26910264142545,48887.839,353.28999999999996,39.97,23,4,3.36,1.61,1.108402527632672,0.4647167923360263,0.2641023097210624,2.195363036037548,1.9312607263164856,1.068354768759069,0.9296834486527714,1.3364343683195141,1.2000827581462872,72.00993132,5.631921658544098,1.149377756287528,26,0,1.122833179951501,0.9285100914906632,111.45232168197859,114.39831005110045,7.562916104255025,422.4933258644449,414.9304097601899,65.62828412799624,19.71322930344857,174.6731496716169,158.8925859944384,1262342.6942,1175.1630321096209,104.11408168389772,24,0,30.271176059083,13.980035765333364,0.33882939272796675,0.33287279815767384,0.002951369708422,1.195363036037548,1.192411666329126,0.1381549141169206,0.0701880365395893,0.6273364060866193,0.472645291031928,11.169678556732794,4.325849881317817,0.5838850163500087,26,0,0.122833179951501,0.0714899085093366,-0.20198744828188392,-0.5429820104214791,0.2930479099409903,0.11324014764388818,0.20285790829639838,-0.8531948526305111
Drive_6,6,Drive,50,0.5327820000000001,0.39522875251206724,-0.2445,1.4084,1.6529,0.7012499999999999,0.28600000000000003,0.7821750000000001,0.6610130944240061,21.846915550000002,4.8523000000000005,0.8374000000000001,18,3,-0.2306,0.7759,0.06527999999999999,0.18230617999756926,-0.6749,0.4743,1.1492,0.06295,0.0264,0.09185,0.19191745829913442,1.84161554,4.603400000000001,0.6024,17,10,0.0417,0.0791,0.916674,0.7400309088442847,0.172,3.253,3.081,0.601,0.50895,1.26945,1.173449638203532,68.84920267000001,7.9466,1.2686000000000002,19,0,1.3095,0.5717,2.8938000000000006,40.53756679920491,-81.13,184.31,265.44,5.494999999999999,-2.0300000000000002,18.2175,40.234344955522765,80940.1257,986.1600000000001,265.44,17,12,40.74,3.64,27.048000000000002,168.69207628101566,-226.94,490.42,717.36,-5.845,-28.4725,31.3425,169.17290141154405,1430973.5286,1390.27,120.82,17,2,-110.39,-0.7,-7.148399999999999,30.623039169879924,-71.47,34.09,105.56,-2.135,-18.4975,14.98,31.14666499001137,48505.737,480.34,73.43,22,6,21.42,2.8,1.1796048850567293,0.6845876088821653,0.2801563313580473,3.545058991046553,3.264902659688506,0.9692209345617329,0.8960360431349584,1.2903564256021016,1.3604244467077178,92.53773376,8.082026158916252,1.3878107410294889,19,0,1.3303027850831557,0.9670152584111588,115.71655455965556,134.83953739062068,4.645384806450376,525.0045779800402,520.3591931735898,47.480148695830955,12.616032756267586,175.38612411347913,176.65895908784248,1560419.3913000003,1333.6335825594506,118.58113888762267,17,0,119.60148870310938,4.645384806450376,0.38766629525634727,0.5901052730439247,0.0010074375348068,2.545058991046553,2.5440515535117463,0.12183033523535254,0.05190905571649317,0.5014133537352388,0.7011026352015385,24.577245254327078,7.461152439856898,1.3878107410294889,19,0,0.3303027850831554,0.0329847415888412,-0.14591980130864482,0.0073114492910680805,0.215372354310184,0.0622530441710196,0.31113302638713664,-0.3488736519595681
Drive_7,7,Drive,50,0.539628,0.47271736908721124,-0.243,1.8849,2.1279,0.7514000000000001,0.083075,0.816525,0.7142764557228525,25.50954276,6.9256,1.0307,19,3,-0.1486,0.8008,-0.03665,0.16317369267008652,-0.8396,0.131,0.9706,-0.0055,-0.0331,0.0271,0.16563925682035646,1.37181817,4.5558,0.6873,18,15,-0.0351,0.0161,0.924354,0.8374065699234873,0.0578,3.8686,3.8108,0.5644,0.5292,1.24055,1.241634038434836,77.08275427000001,9.4387,2.0766999999999998,20,0,1.2839,0.5022,3.6988,48.30497150397669,-110.46,239.54,350.0,-1.33,-8.82,4.305,47.96231841769119,115019.19940000001,1083.25,273.0,17,14,40.53,1.4,29.251600000000003,168.15206965125347,-208.95,529.34,738.29,-1.19,-8.82,22.4525,169.01263934984271,1428263.613,1423.1000000000001,140.28000000000003,17,5,-92.12,0.42,-2.0790000000000006,31.890827051050277,-62.72,120.12,182.84,-4.2,-13.8075,6.0024999999999995,31.638688247144508,50050.3297,492.45,71.47,18,8,4.06,4.27,1.2183808343693574,0.7790826934976672,0.3918395334827766,4.207550496429009,3.8157109629462327,0.9810251878276054,0.9012138197221528,1.2583405029676726,1.4419716723985947,103.96411520000001,10.114566139443202,2.021406271189022,19,0,1.2929474776648897,0.9453807116712292,109.43843288516356,142.46335815921069,1.104581368664165,590.5905309941907,589.4859496255265,28.52898790176394,11.070447321049624,157.50396515904336,178.51236047400192,1593333.1421,1398.8196424307876,187.38610740734555,17,0,100.72367596548489,4.513236089548164,0.39135060506533387,0.7066487012049012,0.0039734893086429,3.2075504964290094,3.2035770071203666,0.11870143548602341,0.05484202713923695,0.39601746256253567,0.8015738489130526,32.12603176306426,8.758866595402148,2.0214062711890226,19,0,0.2929474776648895,0.0546192883287707,-0.3620864091495848,0.00958538923562652,-0.19322573099604093,0.4893696519452131,0.5077625489450928,0.6986217606986692
Drive_8,8,Drive,50,0.4316919999999999,0.4178556165246849,-0.3418,1.0453,1.3870999999999998,0.58195,0.01315,0.7935,0.5978873077763066,17.873461640000002,3.4202999999999992,0.3132999999999999,25,3,-0.1142,0.7869,0.118128,0.23125157432668741,-0.1669,0.822,0.9888999999999999,0.0483,-0.00535,0.12867499999999998,0.2576081699014998,3.3180984600000003,4.444100000000001,0.7518,27,10,0.1047,0.0644,0.915978,0.6496435786660566,0.0615,2.532,2.4705,0.59985,0.4765,1.272025,1.119201385006291,62.63058701,7.071300000000001,0.7642,26,0,1.1551,0.5124,18.7068,34.79709344183792,-71.05,127.82,198.87,16.45,9.59,34.7725,39.19904748842757,76828.26619999998,1110.34,124.46,22,6,25.06,14.0,21.866600000000002,167.54837086047718,-234.64,403.41,638.05,-9.555,-49.595,51.94,167.29959845140095,1399457.7821,1312.5700000000002,97.22999999999999,24,4,-34.09,-3.36,-20.6864,44.45536916953901,-136.36,41.44,177.8,-9.24,-40.215,8.1025,48.627989841242666,118234.0698,552.72,54.04,27,3,-7.84,10.64,1.1422511792280299,0.6158660616315588,0.218567518172303,2.8025661330288,2.583998614856497,0.9909677124794813,0.9208866573772171,1.4040946335086,1.294775247755378,83.82214711000002,6.759261471101783,0.7467500578636432,26,0,1.1654440098091372,0.9412293716199044,131.6195654652426,121.9178895176147,8.672658185354708,412.5326160438711,403.8599578585164,68.52552133575415,43.33859705504254,212.5282627665841,178.5788407454814,1594520.1181,1223.189933574454,99.4293762993832,23,0,43.03019056430031,17.902491446723275,0.431312476216194,0.4583801688423647,0.0026368966118708,1.8025661330288,1.7999292364169293,0.29218598152768116,0.06846466567612108,0.6606971896131388,0.626051582334827,19.597029187197034,5.769822994031074,0.7467500578636432,26,0,0.1654440098091372,0.0587706283800956,0.17330660007070026,-0.0010936799711704327,0.7086292480306244,0.023319582499621485,0.2561564462377709,-0.4926742055507962
Drive_9,9,Drive,50,0.40162800000000004,0.38684400538992775,-0.2533,0.8777,1.131,0.4619,0.050525,0.80095,0.5549417709994445,15.39801846,4.706300000000001,0.5534,48,4,0.0527,0.8176,0.19025599999999998,0.20716044374605214,-0.2855,1.0541,1.3396,0.1508,0.124775,0.2485,0.27974003288767946,3.9127242999999994,5.7368,0.7298,27,10,0.1288,0.1464,0.953292,0.6438925115772867,0.0556,2.726,2.6704,0.6533,0.5199,1.3690250000000002,1.1467655612199033,65.75356262,7.374899999999999,0.7912000000000001,25,0,1.0043,0.5146,7.365400000000002,29.36957027264784,-52.36,83.02,135.38,8.399999999999999,-0.28,15.697500000000002,29.992821507820832,44978.467099999994,967.7500000000001,133.76999999999998,22,6,7.07,1.68,21.805,157.81203898942564,-244.09,417.41,661.5,-3.3600000000000003,-20.23,57.05,157.74030836155987,1244100.2440999998,1356.9499999999998,99.33000000000001,22,4,-5.81,-4.2,-17.1122,38.573893269930636,-105.84,20.93,126.77000000000001,0.20999999999999996,-22.82,7.21,41.84511591571948,87550.68629999999,457.03000000000003,46.620000000000005,21,7,1.4,-3.85,1.1760928941176771,0.569722105554144,0.3304220482958121,2.926965431978997,2.596543383683185,1.020761952815961,0.9613082270851319,1.4162941546618228,1.304333587545763,85.06430538000001,7.091565571226521,0.8366596570329206,25,0,1.0138960597615516,0.9770956350327228,112.56958182309421,123.1420168937761,5.9401094266015,433.5543058256947,427.6141963990932,58.31387344485072,14.240347138313819,181.87713054600692,165.92946679236934,1376629.3975,1295.5378335485684,98.43316640696773,22,0,9.2574834593425,5.9401094266015,0.3670468027987711,0.46770931570778296,0.0027695348383893,1.9269654319789973,1.924195897140608,0.15907755200538548,0.0297933052160955,0.5762367434809338,0.5908471201289262,17.45501596823229,6.0850676061001945,0.8366596570329203,25,0,0.0138960597615516,0.0229043649672771,0.042396366242868085,-0.35874364867689557,0.45810892385440244,0.052250927764896954,0.21840365140577545,-0.7622966922096165
Pull_1,1,Pull,50,0.62459,2.0985390436332274,-0.9348,7.7248,8.6596,-0.23315,-0.4668,0.496675,2.169308982925208,235.29507317,18.429,3.4813999999999994,29,2,-0.1654,-0.4216,0.434588,0.4834175140748272,-0.3887,1.6704,2.0591,0.4842,-0.03095,0.6453,0.646440540807892,20.89426864,7.676200000000001,1.0116,26,5,-0.0315,0.5871,0.93066,1.0874558871653655,-0.773,3.9374,4.7104,0.9432,0.5264500000000001,1.5202,1.4230379952763033,101.2518568,11.552200000000001,1.7803000000000002,31,2,0.9831,0.5453,-14.698599999999997,99.57441186369117,-192.64,348.95,541.5899999999999,-10.15,-77.17500000000001,4.48,99.66348915224673,496640.5535,1495.62,211.11999999999998,30,5,5.46,-3.78,77.2422,260.1347728428477,-224.77,897.96,1122.73,-2.625,-17.465,130.97,268.85508271557745,3614152.7751,2291.5200000000004,303.8,29,3,-6.79,3.29,-27.561799999999995,130.74390831698432,-368.9,282.24,651.14,8.015,-86.97500000000001,35.315,132.33194244021357,875587.1494999999,1492.8899999999999,214.13,26,2,9.24,9.17,1.9857413128011154,1.8086118847977117,0.6018358414052789,8.188675308619827,7.586839467214547,1.2469161616691165,0.9445385134188888,1.921979544395633,2.6737284776506387,357.4411986100001,17.51142299380704,2.6266077955452145,30,0,0.997414166733158,0.9054198252744412,209.0131913243376,239.13341723648708,8.076738203012402,936.7868180648146,928.7100798618022,144.88988715939962,22.44452753575243,267.41733606433934,315.796785230629,4986380.4781,2070.6543150875177,348.2127562506138,29,0,12.7001299205953,10.449947368288512,1.0810290274325522,1.7521757869033012,0.0004138743540096,7.1886753086198265,7.188261434265817,0.38445187404640035,0.10990031699009573,0.9219795443956329,2.0438545316626056,208.8670673298884,16.958293123431304,2.6266077955452145,30,0,0.0025858332668419,0.0945801747255586,0.5203340071317577,0.07497388475218775,-0.594383745397206,0.7697231359661132,0.4859560291922103,-0.028544525152880845
Pull_10,10,Pull,50,0.70988,2.138044197343899,-0.9296,8.8982,9.8278,-0.08125,-0.41015,0.7723,2.2324287098135964,249.18689722,20.548699999999993,3.9792,31,2,-0.0278,-0.4085,0.406288,0.4558283751678512,-0.8206,2.3592,3.1798,0.4553,0.1588,0.6908000000000001,0.6072016604061619,18.43469282,11.0749,3.1798,31,4,0.142,0.7437,0.8540899999999999,0.9799146108676188,-0.9318,3.3204,4.2522,0.9351499999999999,0.492825,1.2982,1.2924773575579573,83.52488599,10.730299999999998,2.1257,33,2,0.9626,0.4817,-11.638199999999998,133.5131580107369,-280.49,492.24,772.73,-1.995,-86.2575,8.8025,132.68268837342723,880234.7897000001,1979.8799999999999,469.49,32,4,9.1,9.1,71.53300000000002,257.36752291227424,-213.5,933.45,1146.95,6.615,-27.895,47.0225,264.63229414037886,3501512.5551000005,2322.53,340.27,31,2,3.78,6.79,-21.3962,139.4313491364119,-329.77,419.09,748.8599999999999,6.93,-19.8975,12.0925,139.67847534248074,975503.8237,1536.29,251.09,32,2,7.35,6.58,1.946748257458027,1.816337631194711,0.6602870360684057,9.386629386526346,8.72634235045794,1.189830392861626,1.0008473611979958,1.907419559465414,2.650081040383482,351.14647603,19.852780602078536,3.149011790506865,31,0,0.973414403016516,0.9757032489440628,201.20951973254756,260.8067400433477,6.5736671652890974,1025.778743686961,1019.2050765216719,93.35040596730323,13.324718843551507,275.174858153606,327.3301443038817,5357251.168500001,2325.153808965116,467.32243390412765,31,0,12.293124094387071,13.122899831973116,0.9912942532199562,1.7919231230141799,0.0001552429498132,8.386629386526346,8.386474143576534,0.2611171267463549,0.021998765463931924,0.907419559465414,2.0321006386702276,206.4716502841973,19.492145680666546,3.1490117905068655,31,0,0.026585596983484,0.024296751055937,0.20423609612889485,-0.08876120450352788,-0.4513719488189279,0.8769411080947507,0.29756532133349595,0.06516958594260362
Pull_11,11,Pull,50,0.9320519999999999,2.4183089453583055,-1.0131,10.7509,11.764,0.00915,-0.23552499999999998,0.9576,2.5690415961599378,329.99873614,24.333799999999997,5.0596,31,3,0.0395,-0.2335,0.252224,0.4479243711491793,-0.9963,1.027,2.0233,0.23205,-0.062625,0.6160000000000001,0.5101376908247419,13.01202318,6.116199999999999,0.8908,27,3,-0.0673,0.5995,0.9730460000000001,0.9270122582924617,-0.6969,3.0012,3.6980999999999997,0.9816,0.680025,1.560075,1.3375287700083314,89.44916052999999,9.9383,1.6902,33,2,1.005,0.6793,-3.4425999999999988,143.68637840101616,-219.94,528.57,748.51,0.665,-61.057500000000005,9.8,142.28391098785556,1012235.5663000002,1978.69,201.60000000000002,31,10,4.97,6.02,71.65899999999999,290.29513921180285,-231.98,1069.32,1301.3,0.315,-26.775,30.8875,296.1770665902409,4386042.7387,2636.41,381.57000000000005,30,5,0.63,-5.74,-28.195999999999994,147.3754436804178,-374.78,388.22,763.0,4.34,-5.355,15.732500000000002,148.5938941814232,1104007.2693999999,1662.85,282.94,32,5,11.55,-0.84,2.1148423575826425,2.0644315814934733,0.8831440199650339,10.987015782731904,10.10387176276687,1.273344820269543,1.006397091889362,2.1099283677448732,2.940951954214825,432.45991984999995,23.075397551913436,4.771696807007488,31,0,1.0080250691327075,0.9356126281747164,213.4225105861247,293.6340625974187,4.628477071348631,1158.012151663358,1153.3836745920094,63.944832162714576,12.497287863149102,302.0310269275461,360.61851240334295,6502285.5744,2558.926358346736,418.64036013380536,31,0,12.589690226530596,8.360239231026824,1.1313210726613463,2.0552636040244687,0.0058369349045398,9.987015782731904,9.981178847827364,0.273344820269543,0.04651751244095648,1.1099283677448735,2.327984897252281,270.9756840917357,22.73752748783457,4.771696807007488,31,0,0.0080250691327075,0.0643873718252836,0.03432006209718327,-0.13901870422882365,-0.7871602887288631,0.9155046304877501,0.3363937398740881,0.037634446481122574
Pull_12,12,Pull,50,0.5615619999999999,1.8442875940999606,-0.5578,7.3647,7.9225,-0.3422,-0.41815,0.736,1.9101624734561193,182.43603374999998,16.5119,2.7962000000000002,24,2,-0.2511,-0.347,0.51623,0.3325366079279767,-0.5439,1.6624,2.2063,0.59145,0.32755,0.69835,0.6122600726815363,18.74311983,8.8528,2.2063,24,4,0.0081,0.5065,0.801442,0.9137370869776312,-0.8169,3.1527,3.9696,0.62185,0.45382500000000003,1.2598,1.2085224177482188,73.02632171,9.818200000000001,2.2846,25,2,1.079,0.6376,-13.136199999999999,133.5933782865004,-272.02,382.69,654.71,-11.655000000000001,-83.79,27.23,132.90149230915355,883140.3329,1673.42,255.70999999999998,25,6,6.93,55.37,70.25479999999999,241.82411656408465,-172.76,883.05,1055.81,-0.8400000000000001,-16.1175,27.9475,249.48960340663496,3112253.1104,2144.7299999999996,251.15999999999997,23,4,-16.38,-12.11,-23.185399999999994,120.4008665168154,-344.82,287.42,632.24,4.41,-26.11,17.0625,121.42489060320376,737200.2029000001,1382.9900000000002,199.92000000000002,21,5,12.39,-26.6,1.7972793862372898,1.5165402063768911,0.8289641307077165,7.960935242796539,7.131971112088823,1.1745077272259428,0.9745954537342633,1.681018611395893,2.3418175645852517,274.20547529,16.07653009976444,2.3310429825461285,24,0,1.107861823514106,0.8851468861155192,191.70834009907864,243.06668535831383,1.9512303810672893,933.1348706912628,931.1836403101955,71.83555796296764,24.558047160045888,248.03775997570986,307.65544513952614,4732593.646199999,2165.6906177283163,328.7835154063411,23,0,21.6758252438056,62.61029468066733,0.8436611139426298,1.4907150243500469,0.0004322115965678,6.960935242796539,6.960503031199972,0.17581333103679625,0.0730123312100096,0.6810186113958929,1.699867857607002,144.47753666627096,15.759912636096832,2.3310429825461285,24,0,0.107861823514106,0.1148531138844808,0.04085566969763388,0.017775000829376126,-0.43151195065449005,0.8695029613038315,0.19662244059813716,-0.04840757560795371
Pull_13,13,Pull,50,0.527374,1.8935824623065938,-0.8425,6.7146,7.5571,-0.2207,-0.49265000000000003,0.391275,1.9473224660029986,189.60323933,16.7098,3.2756999999999996,27,5,0.0615,-0.4817,0.345156,0.4133287702425324,-1.199,1.1749,2.3739,0.51645,0.1422,0.5870500000000001,0.5353097451009089,14.32782616,8.841999999999999,1.1880000000000002,29,2,0.0725,0.5885,0.8635419999999999,0.9721791858626113,-0.8286,3.8035,4.6321,0.68295,0.43715,1.326025,1.2930330652384725,83.59672539,11.0248,2.0555,28,2,0.9875,0.6163,-12.3648,127.40488590317092,-208.74,373.24,581.98,-10.85,-73.2375,9.1525,126.72905401682758,803012.6566,1561.3500000000001,210.35,27,8,6.09,2.38,70.4732,236.03154092620755,-150.64,861.63,1012.27,4.585,-8.452499999999999,35.9975,244.05561346545585,2978157.1232,2060.59,332.50000000000006,27,4,2.38,6.23,1.5567999999999982,124.81397162176997,-224.84,400.68,625.52,2.73,-19.1275,24.1675,123.56933514428246,763469.0294,1416.3799999999999,206.15,28,7,8.68,-6.3,1.797309191088739,1.6036423748950774,0.3231685782993142,7.507156621517897,7.183988043218583,1.0936091503893763,0.9703342995946325,1.814473708863199,2.3980316548369416,287.52779088,16.500614905039296,2.4708525391575,28,0,0.9920659000288236,0.9788732451139932,185.54174279664392,240.0404682377962,7.386907336632834,961.9334543511832,954.5465470145504,107.34603423282593,17.151475598890233,245.42285065692354,301.48428845298054,4544638.809199999,2199.301576650736,318.5988383951543,27,0,10.867147739862562,9.174273813223584,0.9062277575651921,1.5434815822469654,0.0055748092490818,6.507156621517897,6.501581812268815,0.24970791150175647,0.05402839560417337,0.814473708863199,1.7764958303982934,157.7968717711261,16.09759690670295,2.4708525391575,28,0,0.0079340999711763,0.0211267548860066,0.070812901825751,0.06713085550817265,-0.6790968257910573,0.8762801104641551,0.43014206143673284,0.20202471516819928
Pull_14,14,Pull,50,0.6067659999999999,1.94284807777402,-0.6251,7.7848,8.4099,-0.1464,-0.446875,0.569475,2.01676237048394,203.36652295,17.984599999999997,4.1849,30,2,-0.019,-0.4224,0.314064,0.4904293902702165,-0.8938,1.3893,2.2831,0.3517,0.0267,0.66505,0.5782272591291421,16.71733816,7.752700000000001,0.6713,25,6,0.0366,0.6595,0.869098,1.0264673784273468,-1.3213,3.8672,5.1884999999999994,0.9029,0.565125,1.3148250000000001,1.3371215004628414,89.39469535,12.3579,2.3468,31,2,0.967,0.5497,-16.084600000000002,137.96763554544233,-263.48,513.1,776.58,-0.56,-60.0775,13.7725,137.52483937820105,945654.0723,2097.4100000000003,497.28000000000003,31,7,-7.77,10.36,69.6164,240.90752053018187,-129.57,905.73,1035.3,2.87,-20.58,18.619999999999997,248.43942506776173,3086107.3963999995,2162.0199999999995,363.16,30,4,-2.1,-5.88,-7.798000000000002,110.63674796377559,-251.58,344.68,596.26,12.81,-3.57,28.752499999999998,109.80204462577188,602824.4502,1306.8999999999999,250.32,31,5,13.3,-0.84,1.8684233258500993,1.6594089815289155,0.8817395817360135,8.210728398869373,7.328988817133359,1.0857498722625136,0.9702306620637506,1.7474408067790501,2.4878848705677683,309.47855646000005,16.62096437027387,3.3537235047739418,30,0,0.9678788973833452,0.9568344161870432,178.77623604171572,248.93810353702165,2.26717886369823,1011.8129557383618,1009.5457768746636,55.61880978340042,19.204077229185287,272.6469930353476,304.4531464412874,4634585.9189,2283.3287505885264,509.7544906319466,30,0,15.545832238899274,11.941926142796229,0.8996320034032198,1.6423560527587113,0.0036694924127165,7.210728398869373,7.207058906456656,0.10767093916031109,0.041583792927520305,0.7474408067790501,1.8581508220539587,172.63622387499012,16.212794853932618,3.3537235047739418,30,0,0.0321211026166549,0.0431655838129567,0.0910888256109406,-0.015974215493998835,-0.8881474502977641,0.7116880668767713,0.6146255947561654,0.055463759467746857
Pull_15,15,Pull,50,0.81294,2.165232959611449,-0.9121,8.4758,9.3879,-0.03075,-0.26497499999999996,0.683475,2.292452952101744,262.76702688,19.7936,4.7653,27,3,0.1017,-0.2577,0.499546,0.39743049614918546,-0.6442,1.677,2.3212,0.5929500000000001,0.358525,0.699825,0.63587591981455,20.216909270000002,10.3568,1.3132000000000001,22,9,-0.0037,0.7335,0.9241760000000001,0.9115121310912602,-0.9692,3.7164,4.6856,0.87695,0.629375,1.3446500000000001,1.2916418066941004,83.41692784000001,11.569100000000002,2.1419,27,2,0.9721,0.6332,-19.375999999999998,105.54466068920777,-250.46,316.33,566.79,6.055,-79.80000000000001,12.1625,106.26528722023953,564615.5634000001,2238.2499999999995,448.07,27,7,6.58,-0.77,90.99300000000001,272.90184215208217,-175.28,989.66,1164.94,5.8100000000000005,-9.2925,55.685,285.071277385148,4063281.6594999996,2381.12,328.5100000000001,26,3,3.85,-10.15,7.128800000000001,109.21600098886609,-256.48,340.97,597.45,12.74,-3.815,43.644999999999996,108.3530893145184,587019.5982,1611.7500000000002,168.42000000000002,27,3,15.33,-4.34,1.9612115976249498,1.8848662457665248,0.629371956795026,9.277165959494312,8.647794002699285,1.1109031550238462,0.9755266218170094,2.0138714944896816,2.707031082163631,366.40086398999995,20.2221511083837,4.508015299261402,27,0,0.9774123950513416,1.0026832899774485,193.99811360937068,260.8132265058925,4.662231225497079,1044.619747324355,1039.957516098858,101.80139962668281,17.843719813265714,260.08390551399555,322.9525296727059,5214916.8211,2517.243142652311,403.4959782778284,26,0,17.120975439501102,11.06575799482349,1.0020880938945407,1.8630164087879557,0.0026832899774484,8.277165959494312,8.274482669516864,0.15927947825426456,0.03360861022198337,1.0138714944896816,2.098950710366992,220.27970422750508,19.69580605405733,4.508015299261402,27,0,0.0225876049486584,0.0026832899774484,-0.04361109721071328,0.043706476465304726,-0.6290095999637251,0.6375604040779618,0.47813754671248604,0.22726880015508152
Pull_16,16,Pull,50,0.618762,2.076186265766919,-1.027,7.5945,8.6215,-0.1479,-0.37732499999999997,0.469725,2.14644003750396,230.36024173000007,18.311899999999998,3.3145,33,2,-0.0959,-0.336,0.404914,0.5131625895068617,-0.9348,1.9025,2.8373,0.32094999999999996,0.06335,0.65145,0.6496341076329044,21.10122369,9.7985,1.9201000000000001,33,2,0.0769,0.702,0.8708300000000001,0.9408715517203902,-1.0577,3.3753,4.433,0.97285,0.5932999999999999,1.163,1.2750997530389534,81.29396901000001,10.7698,2.1573,33,2,0.9758,0.59,-13.696199999999997,128.7760735618228,-224.7,467.04,691.74,2.17,-56.769999999999996,16.2925,128.2154338369605,821959.8736999999,1811.81,372.05,34,10,1.12,13.09,72.48219999999999,259.4113591229189,-189.56,912.03,1101.59,1.8900000000000001,-26.53,64.9425,266.83709917101106,3560101.8747000005,2294.67,335.02,32,4,1.19,1.54,-33.019,139.97588095811363,-379.82,282.73,662.55,14.21,-8.645,24.2025,142.44871591558837,1014581.8332999999,1444.03,221.34,30,4,11.06,3.43,1.8905800976812934,1.7730452251018642,0.529705134957176,8.525760176664601,7.996055041707425,1.114704568241719,1.0027912190944324,1.8085722453871285,2.5797497337144937,332.75543443000004,18.04756965326763,3.1551416461785644,33,0,0.9835121046535218,0.9766268478799872,207.07853126390347,257.64109176706074,2.690223039080589,949.54939107979,946.8591680407094,85.4145875116796,16.667449029983132,283.1956357832449,328.53138607140716,5396643.5817,2078.4745053212127,461.44104746387075,32,0,11.180076028364027,13.619273108356408,0.957493047214917,1.737096908982465,0.0022245307315122,7.525760176664601,7.523535645933089,0.1728265841879926,0.031444078463815604,0.8085722453871286,1.9682348673970322,193.69742466187066,17.72280620675585,3.1551416461785644,33,0,0.0164878953464782,0.0233731521200126,0.6220164177266597,-0.05510803531715381,-0.5144403359493623,0.7644788260421235,0.28309994931949006,-0.2756219565290233
Pull_17,17,Pull,50,0.668438,1.9761133054239246,-0.6793,8.2694,8.948699999999999,-0.14935,-0.390525,0.9229,2.067300819861493,213.68663399,19.075999999999997,5.588099999999999,27,3,0.0124,-0.3506,0.36961200000000005,0.656617475893674,-2.4061,2.1126,4.5187,0.5062,0.24925,0.67455,0.7477543781215862,27.956830500000002,15.7806,4.5187,28,4,0.1603,0.6771,0.8446899999999999,0.8755677423995314,-1.0014,2.4229,3.4242999999999997,0.90985,0.64635,1.419175,1.2102841361432448,73.23938451000001,9.093,2.1799,28,2,0.9465,0.6507,-13.686399999999999,125.85263067572328,-230.58,395.99,626.57,-10.92,-78.9075,1.9775,125.33724306845113,785471.2250000001,1931.02,320.81,27,9,5.18,-9.38,74.05860000000001,233.1142683277881,-128.1,836.99,965.09,1.225,-10.9025,22.54,242.36355561428786,2937004.6545,2003.1200000000001,383.53,25,6,1.89,4.27,18.0726,143.3536317572736,-240.66,512.75,753.41,7.279999999999999,-10.22,33.355000000000004,143.05899948622599,1023293.8667000001,1712.34,318.71,27,5,6.44,-0.98,1.906917998224134,1.6479178972170383,0.8530997245340078,8.74350265797409,7.8904029334400825,1.2448383449694296,1.003941416420161,1.8897973418659966,2.5095132954419666,314.88284899999996,18.25106372426787,4.401944031167354,27,0,0.9600583836413284,1.0023947625561498,177.45836625875046,254.39789493572815,4.654342058766201,1005.9639819595928,1001.3096399008266,49.387211025071636,13.548110505259997,227.1181655359494,308.0834220207248,4745769.746200001,2396.227189163609,446.6500937148103,26,0,8.478095304960897,10.352666323223213,0.9280021959923448,1.635896093384956,0.0023947625561497,7.743502657974091,7.741107895417941,0.24483834496942944,0.0294964193164545,0.8897973418659963,1.8664996607424635,174.1910491775866,17.942405867384423,4.401944031167354,27,0,0.0399416163586716,0.0023947625561497,0.12101279885281147,-0.16736491740822096,-0.5472063710101568,0.8826557530956536,0.5497521176508937,0.40065463439780546
Pull_18,18,Pull,50,0.794578,2.249601694839442,-1.0709,9.2803,10.3512,-0.07830000000000001,-0.25470000000000004,0.7957,2.364497373185261,279.54239139,22.038999999999998,5.3933,25,3,0.0146,-0.2328,0.417676,0.37606113460880974,-0.456,1.0973,1.5533,0.51495,0.16085,0.697575,0.5595058341072057,15.652338919999998,9.4182,1.2056,20,8,0.1691,0.6595,0.994482,0.7976467615429778,-0.7422,2.6791,3.4213,0.956,0.6859,1.51215,1.2698464463863337,80.62549987,8.9807,1.4011,27,2,0.9465,0.7042,-6.368599999999999,131.66458103073887,-249.27,536.27,785.54,6.125,-24.395,28.21,130.49678051967413,851470.4863000002,2407.2999999999997,501.2,26,12,-10.01,-0.63,81.816,271.02641642467256,-177.03,1072.19,1249.22,-1.575,-22.189999999999998,79.60749999999999,280.4996789445578,3934003.4944,2585.66,357.35,25,4,7.63,1.47,-8.5176,130.59096863106575,-363.23,341.95,705.1800000000001,5.390000000000001,-24.885,38.71,129.55875337467555,839273.5288000001,1875.0900000000001,247.02999999999997,22,5,1.89,-7.0,2.0115326568596616,1.8817439192243632,0.9166285725417902,9.605675830466067,8.689047257924276,1.288828962712456,1.0210567372943586,2.0025778884250505,2.741606208703212,375.82023018,19.553870273185197,4.911059923919505,26,0,0.961597743341778,0.9924886548469962,198.48826363521675,273.110128398329,7.180376034721301,1116.070966784819,1108.8905907500975,65.17565060004883,25.746602276525753,257.90683070161924,335.40266872820195,5624747.509499999,2558.1336053261325,486.5610550150767,25,0,12.727493861715274,7.180376034721301,1.025878494975653,1.873802366745105,0.0004089186072137,8.605675830466069,8.605266911858855,0.28882896271245617,0.0399557059608157,1.0025778884250505,2.1197498177569627,224.6669644940338,19.24526287159638,4.911059923919507,26,0,0.0384022566582219,0.0075113451530037,-0.041495092433685085,-0.061721035100373085,-0.7090942554061258,0.7307040334096273,0.4615738493855941,0.04125048956228916
Pull_19,19,Pull,50,0.7110600000000001,1.8217146277334328,-0.6412,7.6567,8.2979,-0.05745,-0.165825,0.711875,1.938524599998669,187.89388124,18.189400000000003,3.4689,27,5,0.0666,-0.1362,0.5655,0.39288508991504245,-0.9494,1.3088,2.2582,0.65515,0.31089999999999995,0.83615,0.6863393985485607,23.5530885,8.5614,1.4413,24,2,0.0146,0.8242,0.762314,0.8987340032376154,-1.3418,2.6301,3.9719,0.8073999999999999,0.423975,1.2234,1.171618959815861,68.63454935000001,10.153,1.6543999999999999,29,2,0.9867,0.4187,-24.469199999999997,122.62928863856301,-269.71,353.43,623.14,-9.485,-81.34,9.275,123.83830316989973,766796.2665999999,1880.48,322.56,28,9,-2.73,15.89,77.3864,249.34420636541768,-140.42,934.99,1075.41,1.085,-4.9174999999999995,60.427499999999995,258.6846294003569,3345886.8744000006,2372.93,372.33,26,7,2.17,-0.14,-13.414799999999998,109.83904111016264,-337.12,183.96,521.08,5.005000000000001,-11.305,33.9325,109.55947933428673,600163.9756,1427.2299999999998,210.14,24,6,4.55,5.32,1.8246300162288707,1.5227377618968958,0.8925785903773404,7.828013023111293,6.9354344327339525,1.160286362073201,0.9885846002760882,1.8408515772213023,2.3667763691992536,280.08151909000003,16.30404309475103,2.7922419864291217,27,0,0.989052885340314,0.9344333951652198,181.0468575329561,250.46686552101042,4.209322985944414,984.3920257194286,980.1827027334842,73.82995864905736,15.579292224301726,252.57764987687716,307.01293512163295,4712847.116599999,2342.9202096372,441.51851270857867,26,0,5.732739310312305,16.757508764729916,0.8467570163232545,1.5102955869122208,0.0037631054814322,6.828013023111293,6.824249917629861,0.16028636207320085,0.028461155909030273,0.8408515772213025,1.718246300546653,147.61851746711295,15.940405273942693,2.7922419864291217,27,0,0.0109471146596861,0.0655666048347801,-0.08826016993283488,-0.1541634380639276,-0.5844838490319509,0.7773958705353471,0.27138852907695454,-0.14261703854757118
Pull_2,2,Pull,50,0.5048100000000001,1.7487270296371797,-0.8996,6.1371,7.0367,-0.20055,-0.447975,0.36382499999999995,1.803252183084773,162.58592179,14.8207,2.6418000000000004,28,2,-0.1347,-0.4458,0.33141200000000004,0.38616989210365293,-0.3616,1.5087,1.8702999999999999,0.4198,0.041575,0.563425,0.5059432335746769,12.79892778,7.6133999999999995,1.4486999999999999,28,12,0.0381,0.5893,0.7871039999999999,0.8803825594615567,-0.9384,2.5269,3.4653,0.8762,0.411925,1.373575,1.1743528808667352,68.95523444,8.5394,1.3799,29,2,0.9948,0.683,-3.6133999999999986,123.01439012570847,-220.57,416.01,636.5799999999999,-8.925,-38.709999999999994,5.529999999999999,121.83162985858803,742147.3017,1473.9900000000002,253.54000000000002,28,9,-0.98,5.81,59.03100000000001,248.133210292375,-212.17,819.98,1032.15,-3.29,-52.010000000000005,84.49,252.63283082370748,3191167.3605,2095.1,275.24,27,2,-0.77,-3.29,-30.415,144.9269790273709,-343.42,336.7,680.12,0.7,-66.42999999999999,20.8775,146.6588725239629,1075441.2445,1434.7900000000002,232.19,23,5,8.75,-7.84,1.759883277217823,1.351345712791005,0.598500835421305,6.58866970715637,5.990168871735065,1.1958041751635162,0.9892488455217688,1.7444270424643908,2.210611155359531,244.34008401000003,14.037229832192828,2.2752087185765504,28,0,1.004600786382332,1.0062311513762632,208.28627360584872,240.73006807394725,4.242947088993686,872.8501958526446,868.6072487636509,123.50627836166647,17.09920761584343,290.3538535501603,316.504530984945,5008755.906700001,1880.938706057028,277.8710480798266,27,0,8.838314318918512,10.297854145403305,0.8435671579882172,1.2996976005147163,0.0008222069878345,5.58866970715637,5.587847500168536,0.3293250902660664,0.0613877317361261,0.7444270424643908,1.5385171840978427,118.35175628821774,13.60995078207723,2.2752087185765504,28,0,0.004600786382332,0.0062311513762631,0.5967678669684393,-0.24960022370316562,-0.562852524206823,0.8863063012859091,0.27998780842940446,-0.045069005062551376
Pull_20,20,Pull,50,0.6042679999999999,1.6927420868001388,-0.4019,6.864,7.2659,-0.12115000000000001,-0.3186,0.59565,1.7813500702557035,158.66040364,15.3085,3.5932999999999997,27,3,0.0681,-0.3294,0.417474,0.486295319197573,-1.5416,1.5753,3.1169000000000002,0.4659,0.2902,0.69065,0.6372111230981456,20.301900770000003,11.434300000000002,2.4661,27,2,0.0856,0.6215,0.7781739999999999,0.9602266150067633,-1.5753,2.693,4.2683,0.8993,0.702925,1.2894,1.2284743478803293,75.45746117,10.062100000000001,1.7781,28,2,0.9963,0.6712,-20.336399999999998,130.03099187501417,-233.8,431.83,665.63,-11.2,-111.685,5.775,130.3206308916589,849173.3418,2081.52,239.32999999999998,28,11,6.51,-0.77,78.2264,214.65225143939207,-84.14,841.05,925.1899999999999,2.415,-3.78,36.505,226.4364081237821,2563672.3462000005,1893.85,310.30999999999995,27,6,0.42,1.19,21.771399999999993,121.76456421307475,-247.52,384.65,632.17,19.04,-4.41,62.2475,122.49110487704812,750203.5387,1500.24,197.61,28,3,1.61,-4.69,1.7434190553600741,1.4459250654530813,0.7660857719602943,7.102402614608665,6.336316842648371,1.1069920125041923,0.9978467825766867,1.6637971011343637,2.2557471736876895,254.41976558,14.698913036291971,2.845083457610065,27,0,1.0022867154661883,0.9722530791928612,177.2875296675306,229.9736372610699,2.322692403225188,935.527085390904,933.2043929876787,90.70840493343769,17.702565152151656,240.21082902719763,288.54979558821384,4163049.2267,2361.9911906235334,337.709220262804,27,0,6.719270793769217,4.899499974487193,0.7736111779545111,1.4296720568102914,0.0022867154661883,6.102402614608665,6.100115899142477,0.17722423471106324,0.028418780639984077,0.6637971011343636,1.6129343448757771,130.07786004399262,13.96604892083529,2.845083457610065,27,0,0.0022867154661883,0.0277469208071386,0.2876049342839567,-0.2034403662471214,-0.566252252391232,0.795045975674551,0.46650761177957667,0.17998666391734694
Pull_21,21,Pull,50,0.645128,2.1507363302034825,-0.8733,7.6128,8.4861,-0.29610000000000003,-0.40805,0.48935,2.224712018037391,247.46717816,17.9871,3.8664,30,2,-0.1925,-0.3572,0.467092,0.3456920977767732,-0.7071,1.3088,2.0159,0.5303,0.28295,0.6758500000000001,0.5790405015195397,16.76439512,7.017500000000001,0.9874999999999999,27,3,-0.0366,0.7049,0.7163819999999999,0.9857709067982255,-0.7298,3.5019,4.2317,0.6836500000000001,0.13117499999999999,1.11535,1.2105835638236626,73.27562825,9.6281,1.9990999999999999,32,2,1.2905,0.5768,-5.208000000000002,103.40742526530676,-156.1,382.41,538.51,-18.34,-52.57,16.747500000000002,102.50052171574542,525317.8476,1471.4,235.90000000000003,31,6,-25.55,-2.17,82.5244,267.03241744776983,-158.76,903.56,1062.32,5.145,-89.53,113.4,276.9304286711737,3834523.1162,2177.98,340.2,30,2,-41.16,-4.2,-34.837599999999995,114.0470740001689,-254.17,249.97,504.14,-6.404999999999999,-60.48,19.53,118.1535389228778,698012.938,1188.8799999999999,193.33999999999997,27,2,-2.31,-2.03,1.881293084178065,1.8100852280147839,0.3037172533788622,7.861227797869745,7.557510544490882,1.2111141418734455,0.9870347206651368,1.6616937526468138,2.598103929907347,337.50720153000003,16.04075429933533,2.9469874040395547,30,0,1.30529156129962,0.9783527431351128,214.546196397861,237.1751433426414,5.001449789810951,966.9585269803456,961.9570771905346,145.25306688366175,77.23160404210833,221.87587409916043,318.0520052381371,5057853.9018,2152.860631916733,396.8159674392727,30,0,48.50035257603804,5.144880951003628,1.0103606809971741,1.7399065059736356,0.0130806532552085,6.861227797869745,6.848147144614536,0.28451694710752207,0.08874875449894942,0.6911603279536802,1.9968870429355463,199.37789311219353,15.91770924019477,2.9469874040395547,30,0,0.3052915612996201,0.0216472568648872,0.2498498443089622,0.010487663858652576,-0.690806486804402,0.8751908234336183,0.16155885398603304,-0.09164586608749535
Pull_22,22,Pull,50,0.64628,1.8789126993654428,-0.8799,6.4687,7.3486,-0.10245,-0.31165,0.474725,1.9691075419082626,193.86922558,15.5498,2.5151000000000003,33,2,-0.1003,-0.3001,0.34038,0.4444470671634633,-0.6207,1.333,1.9537,0.23645,0.022175,0.6921250000000001,0.5562742812677932,15.472053799999998,8.210799999999999,0.6982999999999999,31,10,0.0227,0.7013,0.8315580000000001,0.8825194389002061,-0.6969,2.7999,3.4968,0.9874499999999999,0.38135,1.2868249999999999,1.20613119361038,72.73762280999999,8.903300000000002,1.4055,34,2,0.9692,0.6683,-4.216799999999999,102.83492360088569,-167.44,310.59,478.03,-9.905,-57.102500000000006,8.995000000000001,101.88867691750639,519065.1242,1403.36,179.75999999999996,34,3,1.54,-1.26,80.1388,256.8339904919129,-227.22,789.18,1016.4,8.225,-53.515,85.9075,266.5832927323091,3553332.5981999994,2069.41,247.02999999999997,32,2,8.54,11.69,-14.602,135.8463374552292,-264.04,340.55,604.59,9.555,-52.255,36.96,135.2714354769698,914918.0628000001,1319.7099999999998,178.71,34,2,7.14,12.25,1.8191163641680643,1.5427227776861914,0.2714864453338324,6.761255852280699,6.489769406946866,1.212037476907798,1.0118504929615724,1.860920526922873,2.3752006323256145,282.07890219,15.534145702311852,1.9564766696244353,33,0,0.9746404567839364,1.014153139323643,217.72995134394787,231.10202710138546,9.781232028737485,835.7885267219214,826.0072946931839,156.99439084468247,22.536225710867804,269.3398479758337,315.826401214338,4987315.7852,1922.7852222506242,283.51403504569834,32,0,11.237562013177056,16.979581855864414,0.94035410100045,1.4704849540881053,0.0040281028061083,5.761255852280699,5.75722774947459,0.36079510366358236,0.09386050845771321,0.8609205269228726,1.7330162478937903,150.16726577319358,15.414539802133952,1.9564766696244358,33,0,0.0253595432160637,0.0141531393236429,0.41539410875410615,-0.12547281593186063,-0.7902374257274123,0.8980904834608381,0.3568037215150927,0.13997207070421824
Pull_23,23,Pull,50,0.7266739999999998,2.1850775558841318,-0.915,7.7307,8.6457,-0.18230000000000002,-0.387575,0.50805,2.2819131773579815,260.35638745,18.596399999999996,2.5590000000000006,30,2,-0.0959,-0.7203,0.285912,0.47733112181488985,-0.7605,1.7407,2.5012,0.1153,-0.009875,0.39565,0.552298625383044,15.25168858,8.8744,0.8733,30,13,0.052,-0.0542,0.880064,1.015758886454972,-0.9662,3.2764,4.2426,0.97975,0.1508,1.402475,1.3362797002124966,89.28217186,10.4054,1.9705,32,2,0.9963,0.7745,-4.846800000000002,112.22415654394557,-169.82,402.64,572.46,0.175,-69.4225,28.017500000000002,111.20192244741094,618293.3777999999,1709.68,308.77,32,4,12.39,45.43,80.794,262.6682150546579,-215.04,838.46,1053.5,-4.305,-55.387499999999996,135.52,272.29096535140496,3707118.4906000006,2123.24,266.49,30,3,-6.09,1.47,-9.258200000000002,151.37128050591366,-323.47,306.74,630.21,10.29,-63.542500000000004,91.875,150.13565045651214,1127035.6768999998,1302.63,199.71,25,2,7.56,80.01,1.9820523396632836,1.8541936694729526,0.3470498667338744,7.955674700488953,7.608624833755079,1.330839109499371,0.9992205556363337,1.819896708220588,2.7014449758971586,364.89024788999996,17.285739728827096,2.005947315824458,30,0,1.002254708145589,1.059065616475202,241.62747661792062,227.374350700302,8.337055835245437,866.6684734660654,858.3314176308199,194.33940978835466,92.52311167988816,276.63143095713457,330.22560607257583,5452447.5453,1885.3729176232814,335.83653628888055,31,0,15.740196949212548,92.01981254056106,1.1286231161695754,1.76701932242912,0.001790828533418,6.955674700488953,6.953883871955536,0.47418483469521633,0.11860336715630122,0.8198967082205877,2.081754134972099,216.68501392367156,16.824778249835468,2.005947315824458,30,0,0.002254708145589,0.0590656164752021,0.6674423862286976,-0.03237742850850561,-0.659843410088176,0.7947375653817323,0.2618481147239768,-0.047532398977920214
Pull_24,24,Pull,50,0.763932,2.2798804208205343,-1.0563,8.9868,10.0431,-0.09770000000000001,-0.41245,0.5071,2.3827483583458826,283.87448695999996,20.638,3.9249,30,2,-0.063,-0.4494,0.328754,0.5716418542002233,-1.475,2.0701,3.5451,0.43625,0.155025,0.637,0.654460169758252,21.415905690000002,11.9609,3.5451,31,2,0.1061,0.5322,0.785708,0.9357758461407348,-1.3637,3.0407,4.4044,0.91905,0.67365,1.234725,1.2147015957839193,73.77499834000001,10.4354,1.456,32,2,0.9831,0.7005,-14.8596,160.88033754315657,-242.55,648.48,891.03,-15.785,-104.02,-1.4525,159.95512201864622,1279282.053,2128.14,348.95000000000005,31,3,4.55,-1.61,72.0594,253.78306408820902,-141.61,977.9,1119.51,-2.065,-47.2325,23.765,261.36236124201207,3415514.1937,2291.2400000000002,391.58,30,4,-1.4,-1.4,-7.8344000000000005,161.6064750187937,-407.19,427.77,834.96,3.465,-6.6674999999999995,57.19,160.17396023074411,1282784.8768,1886.9199999999998,236.04,32,5,0.91,-5.53,1.991409078662854,1.9207772930267861,0.517560914289323,9.095989030886086,8.578428116596763,1.160461207563963,0.9822140914156603,1.8713960436540298,2.753417480114485,379.06539098999997,19.335624402285035,3.178839319779689,30,0,0.9908137160939992,0.9878752198531958,213.07751991531677,275.06880953002116,4.8467102244718525,1051.8365565048591,1046.9898462803872,124.01821428575496,11.514230517415255,266.54920853723587,345.7623786215036,5977581.123500001,2371.3064687086066,411.7398299080111,31,0,4.8467102244718525,5.927309676404634,1.0553656198117483,1.8856853544841394,0.0017645931055858,8.095989030886086,8.0942244377805,0.29021457497643577,0.027208813069868373,0.87139604365403,2.144408930795218,229.92448312371457,18.786022748936787,3.178839319779689,30,0,0.0091862839060008,0.0121247801468041,0.2219726322131508,-0.17100103147073742,-0.5522288167950571,0.867418865636536,0.21714169185739698,-0.069868176376627
Pull_25,25,Pull,50,0.6081340000000001,1.842536391755359,-0.8323,7.3515,8.1838,-0.0765,-0.3184,0.52025,1.9227242417465902,184.84342549,17.552699999999998,4.2507,30,3,0.0351,-0.2394,0.30813199999999996,0.6595564209561527,-2.2019,1.4355,3.6374000000000004,0.44435,0.017375,0.6394,0.7219831773663429,26.062985420000008,12.748700000000001,2.8928000000000003,32,3,-0.0842,0.6405,0.7940560000000001,0.891097743135066,-1.3044,2.8314,4.1358,0.9505,0.6716,1.20065,1.186886268856456,70.43495075999998,10.310299999999998,1.7649,31,2,0.9801,0.6998,-18.6914,152.83641940977287,-277.41,583.03,860.44,-9.275,-53.129999999999995,8.715,152.45051692270513,1162058.0055,2297.75,616.0,31,13,8.96,-4.69,70.96319999999999,230.96089433495013,-170.87,855.96,1026.83,5.53,-15.2775,32.2,239.3989385356585,2865592.5886,2143.05,304.64,29,3,-2.87,3.64,-7.221200000000002,135.8330109803946,-283.43,478.52,761.95,5.215,-10.325,13.1075,134.66157753420237,906687.0231999999,1756.7200000000003,263.9,31,8,15.12,0.28,1.8082680634052912,1.5508371157080392,0.6669616630661765,7.6650701457977535,6.998108482731577,1.140524150144496,1.0015174238550575,1.725372301288342,2.37209342847199,281.34136166999997,15.995392470472792,3.0709236861735505,30,0,0.9843361519318488,0.9784031122190894,190.2022513735383,252.55804731528863,5.943408113195661,950.8052639210616,944.8618558078659,57.6921783671453,17.12520296443454,264.11011275779583,314.14447686693455,4934337.6173,2251.007758779825,525.9703709430752,30,0,17.808225627501468,5.943408113195661,0.8465000529556278,1.5298822039939828,0.000920985892493,6.6650701457977535,6.664149159905261,0.2259256976902465,0.02260241008476875,0.725372301288342,1.7350190507857304,150.51455532947085,15.861762691636242,3.0709236861735496,30,0,0.0156638480681511,0.0215968877809106,0.124634408794666,-0.23480304908324084,-0.7231451403606415,0.788031420461799,0.43354950956177196,0.09396896353697787
Pull_26,26,Pull,50,0.6508419999999999,2.1124838175049785,-0.6603,7.7592,8.4195,-0.28325,-0.382625,0.5041500000000001,2.1901898161118365,239.84657152999998,18.4156,2.8095,23,2,-0.1735,-0.3609,0.540872,0.4534268656192596,-0.9026,1.6455,2.5481,0.6906,0.300875,0.7623500000000001,0.7028702045185868,24.701326220000002,7.8906,1.688,23,2,0.2679,0.7649,0.771618,1.037899274081438,-0.803,3.9469,4.7499,0.6171,0.4795,1.140975,1.2849453463085503,82.55422715000002,11.3518,2.3994999999999997,24,2,1.3593,0.4795,-11.751599999999998,102.52007085444293,-214.55,325.43,539.98,0.28,-79.1875,8.33,102.16779204817925,521912.8865999999,1615.81,175.21,24,11,-72.1,0.63,73.5574,264.2458270966639,-175.7,938.7,1114.4,0.245,-60.655,39.095,271.7352223948894,3692001.5545,2295.3,295.82,23,3,-40.6,0.42,-18.551400000000005,126.52831895666678,-287.84,346.08,633.92,0.9099999999999999,-4.235,8.1025,126.62299013212412,801669.0815000001,1340.2900000000002,255.22,24,7,-4.48,0.07,1.8988054415302198,1.8451758373195175,0.6234539678276176,8.081293315429159,7.457839347601541,1.0756275638808226,0.9916983077746656,1.4803728215061418,2.634775606764265,347.10212490000004,15.966386913496512,2.3212489429651937,23,0,1.3962697268078257,0.9722350898831004,194.5285397876421,252.47816163409132,0.7603946343840151,999.3361318395328,998.5757372051487,92.12994643813467,13.720789532688368,243.30278683881545,316.72017689436836,5015583.5226,2240.7863112329587,304.88710398164665,23,0,82.86640091134645,0.7603946343840151,0.9516820170249015,1.8179190147795126,0.0005646156046095,7.081293315429159,7.080728699824549,0.2026445865861547,0.0367134073833656,0.48037282150614186,2.0357877136232942,207.22158074697802,15.81598591637528,2.3212489429651937,23,0,0.3962697268078257,0.0277649101168997,0.17173299600350997,0.13578678689599472,-0.7529689018327043,0.8875134749894843,0.3417334789686828,0.12011838481902938
Pull_27,27,Pull,50,0.692706,1.9697320521609543,-1.0709,7.3376,8.4085,-0.0172,-0.314775,0.509125,2.069320920640392,214.10445363,17.6703,3.2683999999999997,31,3,0.0139,-0.3126,0.310568,0.424245002106383,-0.9904,1.1258,2.1162,0.40845,0.001275,0.636075,0.5223376570763398,13.6418314,10.104800000000001,2.1162,31,6,0.0461,0.8015,0.8704619999999998,0.8892275255523752,-0.7884,2.9544,3.7428,0.9742999999999999,0.431175,1.37015,1.2379883576996997,76.63075869,9.602599999999999,1.3871,33,2,0.9977,0.5541,6.866999999999998,142.1189348749842,-222.32,634.06,856.3799999999999,-1.155,-60.83,20.6325,140.8580544590901,992049.5752999999,2270.4500000000003,334.87999999999994,31,8,10.36,11.27,54.28360000000001,274.3438365409363,-235.06,937.79,1172.85,-6.93,-93.9225,35.4375,276.9584067400735,3835297.9532,2417.5899999999997,358.75,30,2,-1.96,-12.25,-32.632600000000004,136.72108519902847,-316.33,397.04,713.37,2.065,-81.69,14.927499999999998,139.22531600969702,969184.4309,1563.3799999999999,287.21,32,4,5.39,3.29,1.8859768015428966,1.6069467748453092,0.4254541220860365,7.691734985684309,7.266280863598272,1.27602220487454,1.026032293202196,1.8459032713375159,2.46729424155288,304.37704372,17.706652875055152,2.3521290911600445,31,0,0.9988612065747674,1.023302408870418,217.19132320151263,264.8807361852054,10.796805082986356,1114.4505070212854,1103.653701938299,119.47397267835663,23.12951497517738,293.0668223217015,340.485886914568,5796531.9594,2592.003812794157,399.20814082644085,31,0,11.841591953787294,16.96760148046859,0.9528831559436682,1.5673977401897974,0.0011387934252325,6.691734985684309,6.690596192259076,0.29946000145349205,0.0578591488830804,0.8459032713375159,1.8208754134520588,165.77936356571033,17.08356527141516,2.3521290911600445,31,0,0.0011387934252325,0.0233024088704179,0.2142435127976523,-0.09095232047067196,-0.654535455905639,0.8967131087454235,0.24519006637486296,0.060604059251754085
Pull_28,28,Pull,50,0.6345459999999999,1.9979714971317835,-0.9933,7.5389,8.5322,-0.15665,-0.41905,0.6341000000000001,2.0771858191794013,215.73504637,18.2116,4.2002,30,2,-0.0673,-0.4033,0.16575399999999998,0.6296692420401592,-1.8476,1.076,2.9236,0.31074999999999997,-0.01885,0.5105500000000001,0.6450023843366782,20.80140379,13.0909,2.6404,32,5,-0.0139,0.5336,0.871198,0.7698136393853212,-0.6098,2.9412,3.5509999999999997,0.94245,0.4859,1.2506249999999999,1.1574742907728015,66.98733668999999,9.460299999999998,1.4808,31,2,0.9414,0.7627,1.6968,177.23608467803612,-237.93,732.48,970.4100000000001,-19.67,-83.685,5.8625,175.46297685836748,1539362.8124000002,2998.0299999999997,644.4200000000001,31,12,-4.55,-1.26,60.8776,252.26665829633532,-220.57,889.84,1110.41,4.725,-58.94,46.9,257.0443147241347,3303588.9866000004,2312.59,378.98,29,4,-2.73,-12.74,-12.181399999999996,174.85675536850158,-341.39,591.01,932.4,3.115,-16.9575,25.445,173.52744366814144,1505588.6853000002,2045.33,235.26999999999998,31,3,2.45,-10.5,1.8693817681618596,1.6212515768292926,0.566003604228807,7.838604086825664,7.272600482596857,1.1746970451045189,1.0146415141498415,1.902879215092863,2.463833544905175,303.52378685,18.2975892008044,3.3598359917672624,30,0,0.9439048998707444,1.0144412945064885,232.60567193760605,272.6764754685183,4.060603403436489,1064.4923130769896,1060.431709673553,133.13085920362383,30.255888972276882,299.49024552893474,356.3296362723707,6348540.484300001,2623.7600224967537,621.3701158649387,30,0,5.844476024418271,16.557330702743123,0.9331564726134087,1.5846621986958263,0.0029342348671277,6.838604086825664,6.835669851958537,0.25096536381355344,0.08219288297753213,0.9028792150928626,1.8252978388954173,166.58561003381402,17.25132006427008,3.359835991767263,30,0,0.0560951001292556,0.0144412945064884,-0.010302617851623716,-0.10189173718087105,-0.7345673026622087,0.8715404481203533,0.3752745774981237,0.16939673082283355
Pull_29,29,Pull,50,0.500508,1.7894413982843576,-0.8901,6.6861,7.5762,-0.19365,-0.403925,0.316025,1.840806009768547,169.42833828,16.2777,3.5612,32,3,0.0249,-0.4224,0.34057000000000004,0.5147305628646299,-1.9801,1.2751,3.2552,0.38170000000000004,0.0743,0.6979500000000001,0.6128919368045235,18.781826310000003,13.0448,2.3132,33,5,-0.0381,0.7115,0.766608,0.9664745151870909,-1.057,3.3577,4.4147,0.85425,0.5327,1.2491249999999998,1.2260013680253379,75.15396772,10.645499999999998,2.3746,33,2,0.9897,0.5468,-4.5388,143.67657802161074,-244.79,568.47,813.26,-5.915,-60.83,9.817499999999999,142.30495632970764,1012535.0298,2714.67,473.9,32,10,3.85,6.72,50.1634,249.162608707647,-204.54,880.25,1084.79,-2.135,-78.855,26.740000000000002,251.7076323157484,3167836.6083,2232.9300000000003,336.98,31,3,1.19,-0.7,-28.441000000000003,141.80630398540114,-332.01,383.88,715.89,3.465,-23.799999999999997,19.494999999999997,143.23315877966246,1025786.8887000001,1609.79,277.20000000000005,33,5,4.27,-0.28,1.7489144027537291,1.501217552807628,0.357553506485393,7.347770397882612,6.9902168913972185,1.1806960007193723,0.9947802352218336,1.627433930737449,2.2950561313832827,263.36413231,16.480268745248992,2.587750948290598,32,0,0.9907460370851856,0.9917884098939652,202.68042024969003,253.63443439249542,3.707357549522301,981.0101044331808,977.3027468836585,84.536462727794,19.605937892250854,266.5748182050072,322.6812212323488,5206158.526800001,2401.246327120207,349.8318632511174,31,0,5.871243479877155,6.76215941841066,0.8342637043280121,1.454569826420199,0.0034363507467727,6.347770397882612,6.344334047135839,0.31099596793066253,0.036189046350418926,0.6393470854436685,1.6641676119587663,138.47269203462713,16.06508924382069,2.587750948290597,32,0,0.0092539629148143,0.0082115901060347,0.16278726173612623,-0.1697074770810179,-0.7012874588451333,0.8306354252814258,0.314515511996881,-0.05084588581065828
Pull_3,3,Pull,50,0.6516239999999999,2.121768518944438,-0.6046,7.4708,8.0754,-0.33230000000000004,-0.433375,0.221425,2.199199275281801,241.82387261999997,17.2085,2.6989,24,2,-0.3162,-0.3243,0.4787020000000001,0.4739064815564612,-0.6405,1.5438,2.1843,0.54865,0.11695,0.7523,0.6702620465161369,22.462560550000003,7.1418,0.9662,20,3,-0.0922,0.7496,0.7900440000000001,1.0173326049256939,-0.8638,3.4382,4.3020000000000005,0.56545,0.443575,1.2961749999999999,1.2800139992984452,81.92179192,10.255399999999998,2.0511,26,2,1.2773,0.5175,-13.4386,111.67119457586188,-163.17,352.66,515.83,-7.210000000000001,-73.2025,3.255,111.36266229755823,620082.1277,1465.8700000000001,264.46,25,11,5.74,-4.13,68.12399999999998,263.22588322579526,-228.06,872.55,1100.61,-2.415,-72.345,84.9625,269.33805461538475,3627149.383199999,2182.4599999999996,268.65999999999997,23,4,-44.94,-1.4,-45.886399999999995,142.5326988729253,-386.61,242.55,629.1600000000001,-2.9749999999999996,-47.7575,6.125,148.3739213878234,1100741.0274,1294.23,205.45,19,3,4.9,-3.29,1.941184164631164,1.7945406270201085,0.3395440619418929,7.94653924233688,7.606995180394987,1.280792122087973,0.9598934952850616,1.8665056986603168,2.631380721560451,346.20822509,16.64471699956185,1.8693552459445,24,0,1.3190824727817438,0.9668903247007904,209.8164579699377,253.41847445450043,3.0423839336941025,922.2903361198142,919.2479521861202,107.10870715978783,15.477404107473749,276.2820520437274,327.0465574899084,5347972.538299999,1872.6103863574622,292.5438471384464,23,0,45.569301069908896,5.462691644235468,1.0636087920476762,1.723348813406605,0.0120854591615729,6.94653924233688,6.934453783175307,0.35018107284587896,0.05461619271385298,0.866505698660317,2.010421889190841,202.08980862688352,15.937740712379822,1.8693552459445,24,0,0.3190824727817438,0.0331096752992094,0.43504448710009075,-0.04187245282486324,-0.7181728902356808,0.7948783410467406,0.3307353756492717,-0.1494936003320753
Pull_30,30,Pull,50,0.714624,2.3928635500605053,-0.8154,9.6082,10.4236,-0.12445,-0.5530499999999999,0.356475,2.4742610030471726,306.09837556,22.2205,4.186299999999999,30,3,0.0425,-0.4948,0.223668,0.5772899418093872,-1.7751,1.2634,3.0385,0.19215,0.0075,0.5583,0.61369844190775,18.831288880000006,8.7259,1.557,32,8,0.0059,0.5366,0.924816,1.033533508705125,-0.9091,3.9572,4.8663,0.84035,0.550675,1.3939249999999999,1.3791708803480442,95.10561585999999,11.8077,2.8416,31,2,0.9919,0.65,1.3509999999999993,127.12006234265306,-179.27,539.98,719.25,-7.525,-63.9975,7.8225,125.84969307074212,791907.2623,1945.6499999999999,340.48,31,10,7.35,7.98,55.4862,282.2386099065824,-223.23,1018.5,1241.73,-0.315,-61.46,7.42,284.85817287555574,4057208.9326999993,2562.7000000000003,417.27,29,5,2.94,-0.28,-13.865600000000002,148.6291814146872,-317.66,442.4,760.06,4.76,-18.7775,22.4175,147.7872652159177,1092053.788,1640.94,216.92999999999998,31,4,7.35,0.49,2.017955500579602,2.1016420217128107,0.4432848068679999,10.012635719929094,9.569350913061093,1.0776872993778885,0.9944990533219669,1.849404575122175,2.8983970752814394,420.0352803,21.30340208873514,3.451614622657087,30,0,0.9928276134354844,0.97737740919258,206.34648483767864,278.9274791548645,2.628497669772602,1075.4818269966258,1072.8533293268533,80.12739859397851,15.07321934532429,271.99788748887147,344.7077017706451,5941169.983,2309.6989277229827,470.96798594762214,30,0,10.802249765673814,7.999931249704588,1.1115276139553645,2.05269881292586,0.0009697198217335,9.012635719929094,9.01166600010736,0.3474917895434849,0.024850321153737302,0.8494045751221753,2.3162026260327044,268.23973024203974,21.032481001990565,3.451614622657087,30,0,0.0071723865645154,0.0226225908074199,0.19657198750241442,0.08203981712472505,-0.7871131501902167,0.8665318897461965,0.4587441164206471,0.12032746125945269
Pull_31,31,Pull,50,0.649094,2.27684190746655,-0.7042,8.7862,9.4904,-0.4048,-0.45695,0.595125,2.345560042079503,275.08259554999995,19.883399999999998,4.1892,23,2,-0.2364,-0.4494,0.3868599999999999,0.5073773280914555,-1.2627,1.1719,2.4345999999999997,0.56545,0.07025,0.6919500000000001,0.6339903608100047,20.097188879999997,9.590499999999999,1.7435999999999998,25,8,0.1691,0.68,0.8898239999999998,0.9503011620512302,-0.7488,3.488,4.2368,0.6939500000000001,0.540225,1.3282500000000002,1.2949121991857209,83.83988018,10.4337,1.9757,25,2,1.1273,0.549,6.717199999999999,147.29163042074046,-238.98,695.87,934.85,-0.8049999999999999,-44.6775,8.365,145.96591615853342,1065302.4340000001,2351.23,422.8,24,12,27.16,5.81,59.6848,278.39828798324174,-201.18,1038.24,1239.42,-1.995,-52.622499999999995,21.892500000000002,281.98895362761994,3975888.4984,2504.18,381.08,23,3,-7.98,6.44,-34.0732,154.35463812921205,-404.81,387.52,792.3299999999999,1.96,-29.714999999999996,23.5375,156.55615664674448,1225491.5091999997,1694.77,318.5,20,6,14.21,7.42,1.9844333448109484,1.9278881308583546,0.6612148289323221,9.232741224035252,8.571526395102929,1.1777819073100768,1.002946657932391,1.8564417181257258,2.7532514037406752,379.01966460999995,19.17095441034681,3.449587916366502,24,0,1.1641671099975297,0.9827315808500304,205.54964266028688,291.16758838291537,2.211379659850384,1139.9824656107655,1137.7710859509152,66.2669615790721,10.807075859970386,306.35840250853846,354.0249268512035,6266682.441599999,2397.6605878085693,459.1669193710283,24,0,31.67443922155529,11.41429367065698,1.0121611156503116,1.913181045484094,0.0015289037733741,8.232741224035253,8.231212320261879,0.1981739787771318,0.019718588606398177,0.8564417181257256,2.147446530784434,230.5763301289051,18.76762190782188,3.4495879163665037,24,0,0.1641671099975294,0.0172684191499694,0.11546687335256024,0.0973307636367646,-0.8349215706407257,0.8019501986230521,0.40778784619812697,-0.05360276870407305
Pull_32,32,Pull,50,0.72004,2.3046914930114144,-0.5841,8.8901,9.4742,-0.18595,-0.45677500000000004,0.539825,2.3924523865690617,286.19142109999996,19.8961,3.407400000000001,26,2,-0.0022,-0.4787,0.220688,0.5793472451520816,-1.5218,1.3132,2.835,0.3052,-0.037175,0.571675,0.6145189656959336,18.88167796,8.951,1.5496,29,5,-0.0344,0.4604,1.06408,1.1047639201131043,-0.743,4.7873,5.5303,0.95415,0.64435,1.4215499999999999,1.5258962937237905,116.41797496000001,13.8941,3.1037,27,4,1.0065,0.6852,-10.765999999999998,117.17734678682565,-215.88,357.42,573.3,-0.175,-49.910000000000004,8.959999999999999,116.4981834364811,678591.3372,1596.14,190.82,26,16,0.07,4.83,69.9916,271.39078416187976,-231.28,1009.54,1240.82,0.525,-18.34,38.36,277.63055063159027,3853936.1321999994,2549.96,344.12000000000006,26,5,9.1,-9.38,-6.880999999999999,146.61364346471987,-305.27,442.96,748.23,-1.085,-70.14,6.0025,145.3031224784932,1055649.8701,1538.11,298.76,28,8,1.68,0.07,2.032148751794589,2.094743891359381,0.6499304732046345,9.744605019701927,9.094674546497293,1.107394742152997,1.0148637368683207,1.9082610544549297,2.9034154853206937,421.49107402,20.61970277043284,2.8006656111241135,27,0,1.0070900903097002,0.9542645807112408,195.95439618818847,273.61044370157714,2.118584433059018,1091.419554708454,1089.300970275395,51.83777033811121,10.659666172694914,285.57741369750846,334.3105544101173,5588177.3395,2390.6611357604384,307.2032549124688,26,0,9.254042359963565,10.550744049591954,1.0821496456266189,2.0688348592327364,0.0059423859755411,8.744605019701927,8.738662633726387,0.21306613534514152,0.034406597292675145,0.9082610544549298,2.316360070630389,268.2761988405411,20.269806030779836,2.8006656111241135,27,0,0.0070900903097002,0.0457354192887592,0.18516607537768973,0.2525660536098414,-0.755530203022294,0.8265584706599136,0.6067470150324416,0.2835014044355665
Pull_33,33,Pull,50,0.5456740000000001,1.9776185624882163,-0.8279,6.9342,7.762099999999999,-0.3188,-0.4789,0.379175,2.0323670410139996,206.52578947,16.9287,3.5458000000000003,28,2,-0.0395,-0.4268,0.361106,0.4565095490026602,-0.9011,1.0548,1.9559,0.4359,0.034625,0.73895,0.5784725509477524,16.731524609999997,7.2197000000000005,0.9231,24,5,-0.0029,0.7166,0.905374,1.0596955727288968,-0.5995,4.3964,4.9959,0.5662,0.44325,1.352925,1.3857119803913076,96.00988463,12.235999999999999,1.9837,29,2,1.0153,0.4575,-9.4318,122.33640080532041,-197.26,454.16,651.4200000000001,-11.585,-82.495,5.845,121.47357701986058,737791.4957,1716.75,356.93,28,8,1.89,2.94,64.0556,253.33278226080412,-212.59,864.22,1076.81,7.665,-38.815,24.2725,258.8379193394971,3349853.4244000004,2191.91,304.43000000000006,28,2,1.54,7.49,-24.357200000000002,143.69063293061242,-297.29,426.86,724.1500000000001,0.84,-20.545,9.835,144.31677388301057,1041366.5612000001,1565.4800000000002,275.24,29,6,2.38,10.36,1.8752244582732962,1.7109721563156342,0.4603164455024391,7.70727760820901,7.246961162706571,1.0938836959069649,0.9918394054041191,1.8054620464639655,2.5269238164614305,319.26719871000006,16.503454183514673,2.6132706947030133,28,0,1.0160722169216123,0.9513043939770276,202.9289249954319,250.30610041364164,2.4188013560439394,1015.261283611268,1012.8424822552241,104.49858340049789,16.50972213027316,260.6099010574312,320.2814849878151,5129011.4813,2251.7303554678947,396.8261494611375,28,0,3.407066186618628,13.117671287236924,0.9761326367566595,1.6543264654220509,0.005176352686433,6.70727760820901,6.702101255522577,0.36570031592037366,0.0460841670096093,0.8054620464639659,1.9065400750189878,181.7447528826704,16.158006702941428,2.6132706947030133,28,0,0.0160722169216123,0.0486956060229722,-0.0019939838061248587,0.16911041740111135,-0.8355387239592981,0.8833594187144533,0.3992773087401218,0.0755397571886171
Pull_34,34,Pull,50,0.6841380000000001,2.244654987433072,-0.7247,8.6134,9.3381,-0.39854999999999996,-0.456925,0.58375,2.3250271601424357,270.28756476999996,19.6917,4.583,25,2,-0.164,-0.4531,0.34205800000000003,0.40613265204504656,-0.9501,1.4179,2.368,0.40954999999999997,0.284725,0.559975,0.527871700131765,13.93242659,8.685300000000002,1.2305,25,2,0.2167,0.579,0.8385579999999999,0.9965456181311152,-0.967,3.455,4.422,0.8212999999999999,0.6353500000000001,1.295825,1.2947666295514415,83.82103125,11.099499999999999,2.2048,27,2,1.0577,0.6442,1.1381999999999983,146.8841344802086,-227.29,577.29,804.5799999999999,-2.835,-62.755,9.362499999999999,145.4123291952921,1057237.2741,1843.1000000000001,330.96000000000004,26,5,-2.87,20.65,63.466199999999986,258.3778154602287,-210.77,961.8,1172.57,-3.885,-22.3125,26.4075,263.5372310585356,3472593.6076999996,2369.43,379.89,25,3,5.88,-3.01,-26.607,144.77593049260642,-404.46,359.59,764.05,-1.12,-49.087500000000006,26.8975,145.76968511319492,1062440.0549,1623.5099999999998,348.53,23,3,10.64,-0.91,1.9683886688575476,1.886111024420899,0.6789972901271403,8.771879443426021,8.09288215329888,1.1687685063924542,0.9842765540028375,1.819031807605978,2.713083200382915,368.04102261,18.17993050516058,3.6886800702744944,25,0,1.09205502608614,0.9775143221457168,196.65208026288366,273.2521039414873,3.469769444790244,1098.9212605550954,1095.4514911103051,76.39863860328666,13.427859221437107,254.30790054704806,334.43298093041005,5592270.9367,2465.341705866781,374.6181007434627,25,0,12.490832638379237,20.888051608515333,1.0228516184635652,1.8565432221759668,0.004578641981196,7.771879443426021,7.767300801444826,0.2431391109466836,0.0576904101620777,0.8190318076059779,2.103340941094644,221.20215572424522,17.647645236253577,3.6886800702744944,25,0,0.0920550260861401,0.0224856778542833,0.10910112535644192,-0.12221436765255005,-0.6239203332890665,0.8650933370686057,0.2673960085637454,-0.17185237269588338
Pull_35,35,Pull,50,0.47741,2.3567381447583826,-1.1185,8.8023,9.9208,-0.5870500000000001,-0.631175,0.24465,2.3813967954542985,283.55253487000004,20.6462,4.908099999999999,20,2,-0.4355,-0.5973,0.40136000000000005,0.48900893735833345,-1.2751,1.5431,2.8182,0.53915,0.2128,0.642725,0.6288378134304584,19.77184978,9.1464,1.4735,17,4,0.243,0.6464,0.7803960000000001,1.1342746983919922,-1.1536,4.7748,5.9284,0.52485,0.4518,1.24475,1.3674302272511019,93.49327131999999,13.2186,3.5553,21,2,1.2473,0.5109,-12.2178,122.56207260812783,-190.19,448.14,638.3299999999999,0.42,-93.6425,4.0424999999999995,121.94386842313966,743515.3523,1628.8999999999999,410.13,21,5,-33.53,0.91,60.01660000000001,264.41500860957194,-192.64,985.25,1177.8899999999999,4.76,-28.945,20.615000000000002,268.54977772845024,3605949.1559000006,2333.1,390.95,20,5,-108.5,0.42,-7.666400000000002,157.5124034735043,-349.79,505.4,855.19,2.4499999999999997,-2.1875,28.5075,156.1176729009243,1218636.3895999999,1863.75,355.74,21,5,0.56,-0.35,1.949732664402306,2.0540889178443327,0.5597615742438917,9.463877041678003,8.904115467434112,1.0280864680424595,0.984491096183606,1.6436647156903164,2.8171533716501838,396.8176559699999,19.508740517671733,4.422927920090201,20,0,1.3433043363288903,1.0176537033785118,197.71424819444087,271.56217391780905,1.0616025621672172,1103.76297659416,1102.7013740319926,111.81075360807199,8.286058842844543,263.0428563749318,333.70948136964887,5568100.8978,2225.70392888141,468.6576743226816,20,0,113.56418669633486,1.0616025621672172,1.021169609604811,2.0188146701627243,0.0020423044961723,8.463877041678005,8.461834737181833,0.14234853253368734,0.024031175159428524,0.6436647156903164,2.2443011809013935,251.84438952976944,19.09175150487622,4.422927920090201,20,0,0.3433043363288903,0.0176537033785117,0.05111918570962061,0.21830725760768305,-0.8510327611603518,0.8814502717147883,0.39006525805691783,0.11431593890085638
Pull_36,36,Pull,50,0.522944,1.9037294991094698,-0.986,6.558,7.544,-0.1629,-0.43679999999999997,0.3157,1.9558048759526088,191.25863564,17.0901,3.5296999999999996,30,2,-0.0366,-0.3623,0.3878819999999999,0.3944975609401852,-0.7591,1.0504,1.8094999999999999,0.43115000000000003,0.07335,0.750275,0.5504254763362612,15.14841025,8.2677,1.4962,30,4,0.0285,0.7444,0.8239700000000001,1.1134938237872023,-1.1244,4.4989,5.6233,0.661,0.424175,1.24695,1.3762258850203335,94.69988433,13.5615,3.0342000000000002,31,2,0.9743,0.4238,-5.1436,136.2231377116237,-270.48,505.33,775.81,-4.76,-64.94250000000001,7.455,134.9520841039515,910603.2502,1959.79,437.01,31,9,-7.07,8.12,51.95960000000001,255.4291831565062,-243.6,877.38,1120.98,-1.6099999999999999,-43.68,45.4475,258.14528135916026,3331949.3144000005,2362.29,377.37,30,4,-4.06,-1.19,-35.6608,130.68580501339846,-337.68,294.14,631.8199999999999,3.605,-35.91,9.0825,134.1972305824528,900444.8348,1359.8899999999999,241.57,26,6,0.49,2.8,1.8324714676981304,1.6488050479653993,0.4420543857943273,7.317212659202956,6.875158273408628,1.101244877448961,0.9976385461636486,1.8429186225711662,2.4540046056191502,301.10693022000004,16.227517239986433,2.843340772347007,31,0,0.9754036600300412,0.9300532726677542,196.7040689661587,255.8847341750448,3.891143790712442,1010.4866578040504,1006.595514013338,67.17054412760041,11.7750584648871,279.8303591274941,320.7178635311728,5142997.3993999995,2316.5476302058087,496.08358588461573,30,0,8.16753328735182,8.671245585266282,0.9189948274575022,1.6012253522486366,0.0029963559255836,6.317212659202956,6.314216303277372,0.2357487056988164,0.0509398232972466,0.8429186225711662,1.8322651743139526,167.85978345018697,15.559933185020315,2.843340772347007,31,0,0.0245963399699588,0.0699467273322458,-0.015795203903859863,0.015619523540337821,-0.624252710884363,0.8922347748604897,0.1799217786357988,-0.09405512878034704
Pull_37,37,Pull,50,0.589178,2.4243488020488964,-1.0109,9.2525,10.263399999999999,-0.43074999999999997,-0.547875,0.29995,2.471244319649516,305.35242437000005,21.4472,5.772599999999999,23,2,-0.5571,-0.5409,0.48001200000000005,0.590998525375418,-1.5321,2.3036,3.8357,0.71775,0.1722,0.801375,0.7567728800637612,28.635259599999998,13.019300000000001,2.2992,22,4,0.1728,0.7349,0.66931,0.9771059043242479,-1.0072,3.8994,4.9066,0.38245,0.28075,1.13335,1.1762725472440474,69.18085527,12.8092,2.0394,23,2,1.0233,0.4107,-6.5114,152.19622103718606,-171.57,712.81,884.3799999999999,-8.120000000000001,-112.98,15.1725,150.80720882636876,1137140.7116999999,2221.3799999999997,619.0799999999999,23,4,1.12,21.7,65.443,272.04141164535963,-175.07,1076.95,1252.02,9.8,-65.1,30.7475,277.14470102457307,3840459.2653,2678.48,451.57000000000005,22,3,-37.59,9.59,-29.475600000000004,159.44718049561115,-353.99,431.62,785.61,3.675,-52.832499999999996,21.035,160.5731805003563,1289187.3148,1796.9,391.23,23,4,24.99,9.31,1.9599418274349665,2.075611249500234,0.3746010144140029,10.040622289977849,9.666021275563846,1.0867400427085054,0.9765442920210432,1.6573921988953828,2.83960750541338,403.16853924,21.109408993108833,5.607780138490837,23,0,1.1778638036717148,1.0006624355895448,218.576112340985,281.32381833965854,19.155330850705766,1172.3306191087904,1153.1752882580847,135.71160253954565,31.760494389692063,291.05926193981753,354.02788850032704,6266787.2918,2357.9440171265833,609.0935239170764,23,0,45.15265883644063,25.48596084121609,1.0400753712819084,2.0358346711228257,0.0006624355895448,9.040622289977849,9.039959854388304,0.20089246936408128,0.037295618838205424,0.6579633256912432,2.2679257328956046,257.1743564965033,20.69261300914493,5.607780138490837,23,0,0.1778638036717148,0.0006624355895448,0.11716774169831266,0.17868909129095972,-0.5928937975662887,0.8583379819829675,0.3872900006075234,0.054974042847615145
Pull_38,38,Pull,50,0.5841040000000001,1.9293966435512784,-1.0563,6.6429,7.6992,-0.1709,-0.2774,0.253825,1.9973225735468971,199.46487314000004,17.7129,3.4118000000000004,29,2,-0.112,-0.2233,0.581412,0.4969141676961353,-0.6361,1.4362,2.0723,0.7447999999999999,0.10212500000000001,0.948675,0.7615938090609717,29.001256499999997,9.7119,1.3996,34,4,0.0403,0.8886,0.7352639999999999,1.0358769038365712,-0.9289,4.5355,5.4643999999999995,0.55415,0.19594999999999999,1.06685,1.2618214177925495,79.60966452,14.0316,2.4624,30,2,0.9919,0.1757,0.8777999999999986,117.92686988977532,-168.84,465.64,634.48,3.115,-83.22999999999999,26.337500000000002,116.7449452524605,681469.1121,2076.06,628.95,30,8,3.08,2.52,57.806,254.6443531673145,-246.26,913.71,1159.97,0.14,-29.5225,78.61,258.6279283140164,3344420.2652,2633.96,375.9,29,7,2.66,-4.76,-54.3634,129.0624995031477,-371.35,116.34,487.69000000000005,4.55,-106.5575,21.017500000000002,138.85015470643165,963968.2731,1477.28,205.52,24,4,9.31,11.41,1.834191954924255,1.6894799814878252,0.2609440936292677,7.551941500700333,7.290997407071066,1.092182176155089,0.9799270054811559,1.8078070871318688,2.4822400937862557,308.07579416,17.444545218759668,2.992893719639029,30,0,0.9990163662323056,0.9329219367128204,203.92554840259214,243.72015508905855,5.160096898314992,973.115782679533,967.955685781218,124.6791439494186,12.97541688453669,288.44771533367856,315.906873948637,4989857.650400001,2287.084225211951,483.88027524892414,29,0,10.160615138858471,12.617293687633651,0.9721343037435328,1.6124790360404584,0.0009836337676945,6.551941500700333,6.550957866932639,0.3385104111348515,0.06103382654074388,0.8078070871318686,1.8689922346953425,174.6565986675745,16.755579286841343,2.992893719639029,30,0,0.0009836337676945,0.0670780632871794,0.19479552637203004,0.18451407410767176,-0.5611468359402277,0.7824335064565012,0.11546345571191065,-0.2864047225851861
Pull_39,39,Pull,50,0.606592,2.188933444494028,-1.0475,8.5776,9.6251,-0.11235,-0.491,0.25345,2.2502344069896365,253.17774432000002,20.735,3.3936,29,6,-0.0168,-0.4714,0.315818,0.6197206525688879,-1.9508,1.3381,3.2889,0.396,0.10214999999999999,0.7062,0.6900098713786637,23.80568113,9.3801,1.6565,31,4,0.0813,0.7898,0.7550300000000001,1.095988202910217,-1.1939,3.6849,4.8788,0.5523,0.3382,1.054625,1.321830790608238,87.36183195,13.2222,2.6235,30,2,0.9699,0.4787,-6.410600000000001,141.96436037963892,-194.95,450.52,645.47,-1.225,-99.6275,6.965,140.68367999878308,989594.8908999999,1867.95,238.35000000000002,29,10,6.44,2.45,47.222,271.1799848808905,-263.34,950.81,1214.1499999999999,2.625,-70.4375,47.3725,272.5760990989489,3714886.49,2703.6099999999997,384.58000000000004,28,5,-1.33,7.7,-11.7824,172.79194682623378,-361.48,550.76,912.24,0.77,-25.3225,5.0575,171.46060976212584,1469937.0350000001,1982.0500000000002,365.61,30,6,4.41,2.1,1.8963905111029393,1.9405995752940268,0.278108773683967,9.293477181335303,9.015368407651337,1.041593422266828,0.9318265642074316,1.9994360457283322,2.699426818419051,364.3452574,21.570919742553702,2.532024803332482,29,0,0.9734464237953724,1.0368971453331328,226.00204990764462,271.8257277763932,4.882970407446681,1091.1577906059233,1086.2748201984766,162.75607318195748,31.018507719428726,293.7905570265268,351.4091181486331,6174418.415899999,2416.588808759909,378.00801946205996,29,0,7.917739576419523,8.348802309313594,1.0608288920844122,1.8540540763069693,0.0011792252861376,8.293477181335305,8.292297956049168,0.28815026165601865,0.05116673040477525,0.9994360457283319,2.1199349343303253,224.70620628970607,20.8780157873406,2.532024803332484,29,0,0.0265535762046275,0.0368971453331328,0.02365524506900779,0.0808973618531185,-0.7785469253204231,0.9379109174862781,0.34135327668406956,0.22360162024039043
Pull_4,4,Pull,50,0.5516540000000001,1.9217472926533312,-1.0153,7.667,8.6823,-0.19945000000000002,-0.42272499999999996,0.5148,1.9808009842990284,196.17862696999998,18.1601,2.9331000000000005,29,2,-0.1969,-0.3206,0.415522,0.374745599851637,-0.4597,1.0629,1.5226,0.49375,0.08727499999999999,0.7025,0.5570315177797394,15.514205590000001,5.506899999999999,1.0511,25,2,0.0571,0.68,0.9072880000000001,0.9393669302508896,-0.7401,3.3372,4.0773,0.8747,0.577575,1.300025,1.2992049645841106,84.39667700000001,10.327,1.7933999999999999,30,2,0.9714,0.6244,-9.657200000000001,104.16947245714552,-194.46,326.2,520.66,-1.96,-46.62,11.865,103.57371734180444,536375.7462,1403.92,226.58999999999997,30,8,2.45,13.93,74.9224,254.30323137545855,-191.59,900.97,1092.56,-0.27999999999999997,-11.585,54.4775,262.659659711955,3449504.8419999997,2224.04,286.92999999999995,28,6,-4.55,-9.17,-25.445000000000004,122.54090276311825,-267.26,304.15,571.41,-2.8,-21.927500000000002,11.182500000000001,123.94916465228799,768169.7709,1234.4499999999998,225.96,30,7,13.09,-1.96,1.8532450365358724,1.5931207423639169,0.6979485511124728,8.147594111147168,7.4496455600346945,1.0891017164258574,0.9934064774652753,1.9529264639552935,2.433472866337326,296.08950956,17.257235942705357,2.3455498670897335,29,0,0.99279805600132,0.9772715692170728,186.66692171271006,247.92293799481436,4.836589707634915,932.8189100248773,927.9823203172423,66.89398671180325,11.957118210371572,277.2793799043687,308.35208314846847,4754050.3591,1930.4863485395442,336.4075120672362,28,0,14.073133979323863,16.79212315343119,0.9006964713127783,1.5662401309013516,0.0033620767801376,7.147594111147168,7.14423203436703,0.19562356178900892,0.0235573988010997,0.9529264639552932,1.7931257953998252,160.7650059064128,16.761304153421527,2.3455498670897335,29,0,0.00720194399868,0.0227284307829271,0.3037334062889267,-0.009936772212975968,-0.8058511150544316,0.776672448009323,0.5827995806826055,0.08151066584209289
Pull_40,40,Pull,50,0.6141340000000001,2.153805570366754,-1.1675,8.8645,10.032,-0.011349999999999999,-0.5361750000000001,0.4926,2.218842363981723,246.16307181000005,21.263599999999997,3.7229,30,4,-0.0117,-0.5307,0.23062599999999997,0.6813437871214353,-2.4383,1.1844,3.6227,0.3967,0.06755,0.5871,0.7128345677644989,25.40665605,16.6344,3.4214,33,6,0.0842,0.639,0.839358,0.9940564278095021,-1.0504,3.7325,4.7829,0.8140000000000001,0.58175,1.25155,1.293409088494433,83.64535350999999,13.0353,2.8087,31,2,0.9487,0.6032,-1.9796000000000016,171.57105527448388,-202.58,915.04,1117.62,-7.49,-90.3175,4.865,169.8582152384747,1442590.6642,2767.1,594.23,30,9,5.18,-2.1,46.279800000000016,265.963450500252,-261.24,931.0,1192.24,1.54,-43.2775,12.39,267.3268519060515,3573182.2875,2519.5800000000004,389.90000000000003,29,5,1.33,-2.45,-15.556799999999999,186.37530553160738,-447.65,604.66,1052.31,-2.205,-20.265,14.997500000000002,185.15683473207247,1714152.6723999998,2339.68,417.48,31,6,0.42,0.14,1.9408492135490787,1.8454040975712,0.5368267690791881,9.341648023234445,8.804821254155257,1.0422585692912438,0.9822020388517059,2.0272914897709366,2.66538958266892,355.21508137,21.86859207980984,3.9647718127320517,30,0,0.9525010341201736,1.0265542995867292,221.86477812812632,295.15567097781576,3.0423839336941025,1324.3483517941947,1321.3059678605007,103.53441886409414,11.659640309637687,308.50131833229796,366.8766992901021,6729925.624100001,2907.8710618687364,493.55064831879395,30,0,5.3644850638248585,3.229876158616612,1.0128201330199662,1.8061116703478204,0.0008023181427987,8.341648023234445,8.340845705091645,0.22549184538986305,0.033382335565042054,1.0272914897709366,2.05489736977345,211.13016001509214,21.161210800215823,3.964771812732052,30,0,0.0474989658798264,0.0265542995867291,0.0546689832893372,-0.1000770066653473,-0.582945679364324,0.8448753969244961,0.36148804211031466,0.013436533075921828
Pull_41,41,Pull,50,0.763784,2.1419642291416654,-0.8352,8.1706,9.0058,-0.16725,-0.23165000000000002,0.732575,2.2538004664122333,253.98082712,19.558200000000003,3.533400000000001,23,2,-0.0856,-0.3806,0.5191279999999999,0.4827183503147691,-1.3498,1.0914,2.4412000000000003,0.7356499999999999,0.270475,0.81985,0.7055852506961862,24.892527299999998,9.7888,1.4384,25,2,0.1706,0.7422,0.77014,1.123003665467331,-1.5372,3.6681,5.205299999999999,0.6533,0.46904999999999997,1.20965,1.3524163957894035,91.45150538000001,13.492199999999999,2.4046,25,2,1.0329,0.4311,-10.5182,141.61117244765683,-264.6,573.58,838.1800000000001,0.84,-66.55250000000001,10.99,140.5819412655836,988164.1105,2285.71,300.86,24,10,10.99,8.68,72.3912,248.0442490202101,-223.72,888.51,1112.23,14.315000000000001,-5.0225,74.2875,255.99983656244783,3276795.816,2364.74,343.7699999999999,23,1,-0.77,13.23,-27.4316,141.52888796284665,-451.29,285.53,736.8199999999999,11.97,-10.885,26.11,142.76662874775744,1019115.5142,1775.6900000000003,287.21,21,6,6.65,13.58,2.003747571674708,1.8602975582174774,0.7645752153974127,8.703870288555546,7.939295073158133,1.1664386745752462,0.9973281474902875,2.167375848624923,2.7214880481089754,370.3248598,18.83076092473379,2.7343592826187955,24,0,1.050387609409022,0.9389166150409736,200.09818611000605,258.80854307549936,8.305257371087304,1041.133031077201,1032.8277737061137,90.91889783102712,24.86884722855771,269.41840143680105,325.0869250123726,5284075.440699999,2500.0375988922037,407.11915324241977,24,0,12.868391507876966,20.851659406387785,1.03510878181672,1.8426776940472456,0.0122651874111149,7.703870288555546,7.691605101144431,0.18239189148400037,0.048471881074402826,1.1673758486249228,2.0973798064848874,219.9501026325292,18.671882007703967,2.7343592826187955,24,0,0.0503876094090218,0.0610833849590263,-0.16887205975496997,-0.09684328239881732,-0.6602561793284587,0.8645589761995763,0.16593732403945358,-0.24274985351084713
Pull_42,42,Pull,50,0.5494119999999998,2.238544476056179,-1.3696,8.653,10.0226,-0.38355,-0.5075000000000001,0.5285249999999999,2.2831367216178706,260.63566447999995,21.466900000000003,3.9572,24,2,-0.2298,-0.4465,0.46616199999999997,0.5105129272943967,-1.77,1.3447,3.1147,0.62185,0.243425,0.7905500000000001,0.6875449004974148,23.635899509999998,14.2011,3.1147,25,4,0.1032,0.8337,0.780834,1.0890145154876758,-1.3579,4.2229,5.5808,0.63645,0.4328,1.210575,1.3311406004626258,88.59676491000002,13.5898,2.8291000000000004,25,2,0.9062,0.4268,-8.727599999999997,130.2088932753827,-254.03,487.13,741.16,-2.45,-68.4425,9.975,129.19535507130277,834571.9886000002,1931.93,385.0,24,14,0.42,2.73,66.65400000000001,260.36185050809576,-233.94,967.82,1201.76,6.859999999999999,-7.49,34.597500000000004,266.22412184473444,3543764.1526,2566.2700000000004,363.16,24,6,5.32,0.63,-26.335399999999996,142.90219962617792,-390.32,353.15,743.47,5.775,-7.0875,25.724999999999998,143.8963904272793,1035308.5589,1766.31,259.34999999999997,21,6,9.73,7.7,1.9856536230598558,1.8937454161672198,0.784305877830837,9.08177754297032,8.297471665139483,1.0915246624688888,1.0043110317831936,1.9693012314160092,2.7308179320489314,372.86832890000005,20.118142559955977,3.83997401268209,24,0,0.9405619171537832,1.037581890744051,191.8536417017102,270.04359845990666,4.6184088168978725,1087.5521271644868,1082.9337183475889,67.67834785532776,14.113310729396009,292.90369498774146,329.0484675575925,5413644.7001,2424.8738939602254,472.74565289458013,24,0,11.09737356314547,8.193887966039078,1.0108785744544193,1.880128045897051,0.0002726871791488,8.08177754297032,8.081504855791172,0.16599625765699338,0.0380958466063463,0.9693012314160093,2.118031947795002,224.30296659401444,18.705198273206605,3.8399740126820903,24,0,0.0594380828462168,0.037581890744051,-0.2225510489847432,0.01885450763649774,-0.6011604329700422,0.8870002650054847,0.2992249841670284,-0.050514631470755744
Pull_43,43,Pull,50,0.585042,1.8082070736675113,-0.6625,6.8662,7.5287,-0.21775,-0.2976,0.49502500000000005,1.8832139301205266,177.32473532999998,16.300400000000003,3.7866,24,2,-0.0183,-0.2203,0.5298120000000001,0.4152902283110117,-0.6486,1.4684,2.117,0.706,0.319525,0.783975,0.67060972972363,22.48587048,9.0859,1.3182999999999998,24,6,0.0066,0.7759,0.8357220000000001,0.9008955522349607,-0.8711,3.0773,3.9484000000000004,0.6965,0.482175,1.289975,1.2222159389404148,74.69059007,10.3296,2.4097,25,2,1.0138,0.5022,-11.362399999999997,128.3385432674066,-225.05,510.93,735.98,-4.69,-67.095,10.8325,127.55575325323433,813523.5094000001,1820.84,392.56,25,7,-21.98,24.78,63.97579999999999,257.65479790215437,-225.12,895.79,1120.9099999999999,6.16,-17.5875,40.197500000000005,262.96611563089266,3457558.8985,2299.9199999999996,358.68,24,4,0.84,5.74,-24.017,135.94779825359439,-379.89,343.63,723.52,8.26,-3.535,16.03,136.70765911974357,934449.2031000002,1585.99,245.56,21,6,17.22,0.21,1.809493735618783,1.5036541675085051,0.7023118182118253,7.459068325870196,6.756756507658371,1.1662268902247674,0.9875568903373033,1.9400632838917284,2.343080006657903,274.50119588,16.356289144397543,3.250487240849709,24,0,1.013986632061784,0.95013564294789,191.6553308200881,262.2097353153103,4.374859997759928,966.3960249814772,962.0211649837173,55.084412257993236,20.667787480909105,280.24402787720464,322.66179231511126,5205531.611,2074.337574633598,465.2562319992673,24,0,27.93482414478387,25.43698291857743,0.8506053347079819,1.4803154003864105,0.0035853423398469,6.459068325870196,6.455482983530349,0.18607463876781088,0.0564201842863625,0.9400632838917284,1.6944133044692589,143.55182231812168,15.538082947235319,3.250487240849709,24,0,0.013986632061784,0.0498643570521101,0.14112819035865287,0.009537512374088133,-0.5858742195927396,0.8450362807425101,0.37778941877294764,-0.03391435170401347
Pull_44,44,Pull,50,0.6773020000000001,2.008916349320535,-0.6442,7.1582,7.8024,-0.07905000000000001,-0.38632500000000003,0.609925,2.100896951256772,220.68839999,17.3142,3.3643000000000005,28,3,0.0959,-0.3777,0.393564,0.41427653574068873,-0.3645,1.3022,1.6667,0.52155,-0.0042250000000000005,0.7642,0.5684058138337432,16.154258459999998,7.210400000000001,1.6667,28,5,-0.0044,0.8308,0.8777540000000001,1.1195413080783922,-1.0804,4.1761,5.2565,0.7968,0.381925,1.385475,1.4137741581313474,99.93786851,13.6562,2.8343,29,2,0.9699,0.4209,-7.270199999999999,132.0997509535881,-258.02,511.21,769.23,-1.9949999999999999,-54.214999999999996,7.455,130.97401698810341,857709.6563,1889.58,373.38,29,10,6.44,3.22,52.26200000000001,262.73581750496066,-265.79,887.18,1152.97,8.225,-30.292500000000004,27.2475,265.2938451001078,3519041.2123999996,2349.69,344.96000000000004,28,4,2.73,8.26,-35.7308,139.84076241210929,-376.39,269.01,645.4,2.73,-7.3149999999999995,19.635,142.9720956130951,1022051.0062000001,1420.37,273.34999999999997,25,5,0.98,-1.05,1.9212936820179523,1.762489289774348,0.6722076018612108,7.835205913694931,7.16299831183372,1.0993452096892553,0.9797994081625467,2.011496527716582,2.5953054809020073,336.78052696000003,17.72435730696077,2.8273512033424026,29,0,0.9746395128456468,1.005008825831893,200.4880040687073,262.9902569052469,7.06306590653096,983.7813273792098,976.7182614726788,48.97082236361995,13.998533777131119,308.8650483499169,328.59707469483044,5398801.874899999,2153.445579635968,444.0440899157427,28,0,7.06306590653096,8.927401637654711,0.9700953374469826,1.735563841636381,0.0011357799981021,6.835205913694931,6.834070133696828,0.1531572530532243,0.028797976354294052,1.0114965277165822,1.9730745488105854,194.65115875820476,17.300488739713284,2.8273512033424026,29,0,0.0253604871543531,0.0050088258318929,0.1282067111366416,0.020742164008748617,-0.6697577695001024,0.8759504425325337,0.22806659980789096,-0.15241837176286305
Pull_45,45,Pull,50,0.6060240000000001,1.8732197235993522,-0.9589,6.8237,7.7825999999999995,-0.2511,-0.3726,0.6392,1.9509070143909986,190.30190894,16.8269,2.8819,27,3,0.0176,-0.3265,0.41359199999999996,0.4016757347078128,-0.6859,1.1236,1.8094999999999999,0.52485,0.195625,0.708375,0.5737376320235583,16.458743520000002,7.8224,1.6514,27,2,0.1003,0.7313,0.7936759999999999,0.9573610443339353,-1.0197,3.0429,4.0626,0.76785,0.539125,1.3986750000000001,1.236175941684678,76.40654794000001,10.1639,2.1074,28,2,1.0255,0.568,-2.772000000000001,133.94289977449344,-184.94,533.12,718.06,-2.87,-64.3825,8.9075,132.62567766462118,879478.5188,1869.1400000000003,310.87,27,10,8.96,10.08,61.733000000000004,246.4597741011705,-183.89,814.66,998.55,1.89,-54.2675,16.432499999999997,251.6714825601025,3166926.7566999993,2026.3600000000001,278.32,27,3,1.33,-3.29,-24.369800000000005,135.1429472891575,-322.77,330.26,653.03,2.065,-3.6750000000000003,11.7425,135.9861427866825,924611.5515000001,1477.07,277.90000000000003,28,6,8.4,8.75,1.855779272005509,1.5048992445745748,0.7506375290378173,7.097476375445007,6.34683884640719,1.221867581657743,1.0032922212144593,1.9015612171441933,2.379778142600692,283.1672004,14.90034494430832,2.4128439183514563,27,0,1.0305435944199548,0.9818482265605004,192.644045254669,252.15117017440852,1.2926329718833571,980.6050232382048,979.3123902663215,63.00928874185222,12.702039803210036,251.15363365447053,315.3099055532509,4971016.8270000005,2102.6699657381596,372.6044851786926,27,0,12.353562239289523,13.747472494971577,0.8934197760633092,1.4824092936865076,0.0005469996042835,6.097476375445007,6.096929375840723,0.24209890813065188,0.05798364385434768,0.9015612171441932,1.7180760937714552,147.5892731994491,14.521291443104683,2.4128439183514563,27,0,0.0305435944199548,0.0181517734394994,0.034760628213370365,-0.19475679914855146,-0.6820718952563778,0.851422517906665,0.282365893312344,-0.12014433288594933
Pull_46,46,Pull,50,0.7451759999999998,2.1365272263184476,-0.7152,8.2753,8.990499999999999,-0.26205,-0.29922499999999996,0.6157999999999999,2.2424854264855325,251.4370444,18.7348,4.3862,25,2,-0.164,-0.3016,0.5556159999999999,0.3217772783799886,-0.2782,1.2971,1.5753,0.6405000000000001,0.32334999999999997,0.77905,0.6404521402884059,20.508947199999998,8.311399999999999,1.3125,21,5,-0.0373,0.7825,0.8215,1.0529425652495419,-1.3586,3.2025,4.5611,0.6687000000000001,0.50085,1.3060749999999999,1.3271686158133789,88.06882674,11.610199999999999,1.9098,25,2,0.9984,0.5248,-10.842999999999996,100.53699244556702,-185.29,326.97,512.26,0.735,-53.5325,9.9925,100.11545216398916,501155.1881,1606.0800000000002,290.43,25,7,-14.14,1.82,67.732,271.89451851775164,-238.84,931.56,1170.3999999999999,-4.585,-16.904999999999998,41.6325,277.55309481250606,3851786.0219999994,2417.66,343.07,24,2,-11.69,-5.11,-29.3594,121.56446609926766,-351.05,174.3,525.35,4.445,-3.08,28.07,123.8722543510047,767216.7699000001,1314.25,191.38,21,7,-1.61,10.36,1.9610774146060532,1.8501163065265787,0.5157841118142357,8.877724459567327,8.361940347753091,1.1279680560647982,0.9861442175694836,1.9789117384315218,2.6833367971240585,360.01481834,19.269676362147926,3.855272004839657,25,0,1.0124672093455669,0.9892845141818404,195.30662491049034,256.0661622611948,6.590789027119591,963.6888788400538,957.0980898129342,72.94625269250555,13.129797552342454,290.32015246124763,320.00493683691815,5120157.9799999995,2143.774472902011,400.418629238241,24,0,18.41705188134084,11.694190865553717,1.0263303707081055,1.8140009640857797,0.0009475360876813,7.877724459567327,7.876776923479646,0.18093052248011815,0.0287493779489205,0.9789117384315217,2.0683668769316275,213.90707687939468,18.68097168217787,3.855272004839657,25,0,0.0124672093455668,0.0107154858181596,0.06165559416703729,0.009258264832960005,-0.5261429058787669,0.818173593140558,0.21131385617520765,-0.22065193756716833
Pull_47,47,Pull,50,0.7020400000000001,2.2236730235154187,-0.8616,8.5695,9.431099999999999,-0.23715,-0.31715,0.417775,2.3105599846790383,266.93437213999994,19.499100000000002,4.6781999999999995,21,2,-0.598,-0.2101,0.6631139999999999,0.3229082336377015,-0.0703,1.2005,1.2708,0.81145,0.374775,0.8717750000000001,0.7361416370509142,27.095225489999997,7.5368,0.7898,17,4,0.3792,0.8696,0.6390399999999999,1.1024338084623568,-1.188,3.6871,4.8751,0.3986,0.266125,1.10185,1.2646838409657966,79.97126088000002,11.626999999999999,2.33,22,2,1.767,0.3162,-17.8668,101.3597183895062,-184.8,360.22,545.02,-16.1,-79.11749999999999,8.05,101.91927788205723,519376.9602,1588.3,266.07000000000005,21,5,-51.17,10.57,79.653,270.71246600406124,-212.31,994.7,1207.01,14.21,-5.11,72.765,279.5784950134756,3908206.7437000005,2375.17,337.4,20,1,-105.0,2.03,-24.836,121.68159351356309,-307.58,234.15,541.73,15.365,-5.0225,25.9,122.9923123288606,756355.4445999999,1305.8500000000001,198.31,17,4,17.29,27.3,1.9208292920762196,1.9666692035068882,0.2731005309405311,9.269514059539476,8.996413528598945,1.0355535466387704,0.9622536788386336,1.8947945605733478,2.7349620052571115,374.00085851,19.714129911459242,3.908370134032533,21,0,1.9035980773261985,0.94885647492126,204.8750271216168,250.9268659856582,17.453738854468977,1023.9276601401098,1006.4739212856408,114.1379243580839,29.55336646687542,264.358746350374,321.9918989198331,5183939.148500001,2191.1057623847873,384.6700719423269,20,0,118.07757196013137,29.34511543681504,1.068434540113788,1.8889599285783953,0.0021749201388051,8.269514059539475,8.26733913940067,0.3086230805901645,0.0421420262733278,0.8947945605733477,2.1536848855038104,231.91792930237807,19.2189678803398,3.9083701340325314,21,0,0.9035980773261983,0.0511435250787398,-0.026992542017085255,0.056457996675923376,-0.44794166414387343,0.8846226069101156,0.16237262300791586,-0.03216787196428774
Pull_48,48,Pull,50,0.667432,2.264957726004562,-0.9421,8.4151,9.3572,-0.4429,-0.472525,0.49372499999999997,2.3394226435597307,273.64491525999995,19.9125,3.1286000000000005,25,3,0.0578,-0.4729,0.304524,0.5155189949033133,-0.6939,1.3652,2.0591,0.377,-0.10965,0.6068,0.5942890744410502,17.6589752,7.450699999999999,1.2503,23,3,-0.0981,0.6068,0.9170780000000001,1.1490865393051322,-1.1983,3.9813,5.1796,0.72615,0.6028249999999999,1.385125,1.461172110122555,106.75119677,12.7147,2.6184000000000003,27,2,1.0446,0.6083,-6.763399999999997,107.21045367873415,-181.65,364.98,546.63,-5.88,-57.4875,12.145,106.34821733343725,565497.1665,1714.7200000000003,187.46,26,9,-2.73,5.67,67.08800000000001,272.95280287991187,-272.72,932.4,1205.12,4.9350000000000005,-43.54,62.8425,278.4133037266718,3875698.3846,2444.54,284.34,25,3,4.9,-1.96,-34.102599999999995,145.11344299547164,-375.83,289.87,665.7,6.824999999999999,-78.4175,21.4375,147.6473516118728,1089987.0219,1427.6499999999999,253.32999999999998,23,6,10.71,2.38,2.034738176676043,1.9745684873412401,0.5416566532407776,9.050049981077454,8.508393327836675,1.1733864934063414,0.9935880592451535,2.0540280796796453,2.821542440687363,398.05508723,19.703430793275704,2.489840413540758,26,0,1.050787138292052,0.9807494787151304,217.78875965538177,253.93175129166374,5.604373292349466,960.8466410411183,955.2422677487689,118.8470389881736,25.24676027336948,300.8675790559681,332.6013401356044,5531182.573,2104.577196121641,293.55911111127756,25,0,12.089954507772148,6.454060737241322,1.1131577231265104,1.9305559299499762,0.0027078111205323,8.050049981077454,8.047342169956922,0.2613085312546517,0.04167666094800585,1.0540280796796453,2.2117019218800515,244.5812695623957,19.255137740442294,2.489840413540758,26,0,0.0507871382920519,0.0192505212848697,0.4730809854666956,-0.020522974492395523,-0.6637959983197872,0.7825757932699677,0.48938607119946353,0.002806387952833426
Pull_49,49,Pull,50,0.71997,2.2920911458575044,-1.1749,8.7701,9.945,-0.1958,-0.36175,0.57975,2.3805388014901165,283.34824927,20.7438,4.8795,26,2,-0.1039,-0.3719,0.40529400000000004,0.399697936666566,-0.751,1.4113,2.1623,0.4132,0.200175,0.596725,0.5664154819564875,16.04132491,10.1223,1.7927,21,2,0.1113,0.6222,0.903456,1.00176881547448,-1.371,3.0371,4.4081,0.9431499999999999,0.705325,1.41365,1.3415299804327891,89.98513442,10.9522,2.7560000000000002,27,2,0.9662,0.6822,-3.2116000000000007,120.09855506208224,-206.92,479.15,686.0699999999999,-10.325,-61.61750000000001,9.205,118.93487311970362,707275.2022,2156.91,347.40999999999997,27,5,11.48,-7.63,71.88859999999998,284.339348838672,-222.88,988.33,1211.21,3.605,-11.2175,33.985,290.51653791479754,4219992.940099999,2483.6700000000005,376.53,25,3,5.88,-4.55,-17.178000000000004,150.72282176233298,-402.29,268.38,670.6700000000001,9.24,0.6475,57.3825,150.19355946244835,1127905.2652000003,1702.1200000000001,208.6,22,2,7.77,0.49,2.0285565163813084,1.935820406117718,0.7131675399231235,9.357128557949816,8.643961018026692,1.1977987762458482,1.0065021052606808,2.0788913143568646,2.7906082082585506,389.37470859999996,20.112997203967456,4.257995454229183,26,0,0.9781233766759692,0.9954091068500428,211.17017857995762,279.41378836974286,6.217402994820264,1030.1895172248649,1023.9721142300446,76.77001387568453,15.49035257764754,292.8236286246407,347.9992358468622,6055173.407500001,2297.929120238065,482.8700016228168,26,0,15.05781192604025,8.89716246901224,1.0628165059347672,1.9168432313098436,0.0041852169794176,8.357128557949816,8.352943340970398,0.2430206152023913,0.023869781681709727,1.0788913143568646,2.1749439393320884,236.51905696186915,19.31076001040524,4.257995454229183,26,0,0.0218766233240308,0.004590893149957,0.16499623352969986,-0.12605044432607135,-0.577552822405071,0.8234410242334274,0.225694430070549,-0.15877499828063785
Pull_5,5,Pull,50,0.685452,2.2284444877070277,-0.9897,7.9341,8.9238,-0.3045,-0.4202,0.4441,2.310084410232665,266.82449912,19.3373,3.2895999999999996,29,2,-0.1017,-0.344,0.38177,0.44482760533648064,-0.784,1.2393,2.0233,0.5201,-0.021575,0.710375,0.5828057132527099,16.98312497,7.403900000000001,1.1375000000000002,26,3,-0.0161,0.7276,0.8178320000000001,1.0246373941874984,-0.6156,3.9169,4.5325,0.7342,0.1116,1.285225,1.3029709643733431,84.88666669999998,10.5442,2.2429,30,2,1.038,0.4926,3.633000000000002,113.5216034506208,-183.12,362.81,545.9300000000001,-2.45,-57.1025,17.8675,112.43936165773977,632130.5025,1358.0700000000002,169.82,29,6,2.8,4.69,64.8536,272.11706129531825,-231.7,905.8,1137.5,-6.055,-66.6925,71.4,277.0789248210697,3838636.5289999996,2330.72,335.79,28,2,-6.02,-3.36,-53.09079999999999,134.76795625073493,-353.78,253.19,606.97,-2.31,-113.12,10.1675,143.5889516501879,1030889.3518,1277.85,210.21,25,3,8.05,-3.64,1.9614900582697399,1.8969477543581053,0.4948166023892084,8.372006737336037,7.8771901349468285,1.2481807954549193,0.9560095568158815,1.6678184544598218,2.715489977112786,368.69429078999997,17.214089260685576,2.715372382170984,29,0,1.0430944827770876,0.943606125457015,217.79818849288975,252.7341847031521,6.821678679034949,967.3761176502136,960.5544389711787,122.51185533678853,28.393543206581334,287.4372061211512,331.71241711156966,5501656.383299999,2113.1751786026725,346.3758802755162,29,0,10.43469692899607,6.821678679034949,1.0984221386256907,1.8195016430940427,0.0015906199640649,7.372006737336036,7.37041611737197,0.4159136129276412,0.11131558466585555,0.6678184544598218,2.1097169713638175,222.54528496302598,16.580481850176756,2.715372382170984,29,0,0.0430944827770876,0.0563938745429849,0.2606154260368556,0.07965627247399373,-0.6486432797589934,0.9295823651925295,0.15340721309260458,-0.08406975458557536
Pull_50,50,Pull,50,0.6791360000000001,2.0751658097273156,-0.7393,7.8148,8.5541,-0.27595000000000003,-0.3662,0.4332,2.1636572236840106,234.07062908,18.025700000000004,2.86,25,2,-0.1911,-0.3338,0.410682,0.4948406334634724,-2.218,1.2766,3.4946,0.48095,0.21539999999999998,0.705425,0.6392414352965552,20.43148063,12.9566,2.8182,27,4,0.0088,0.7078,0.728404,0.9984193665049997,-1.3337,3.0737,4.4074,0.6365,0.33965,1.32185,1.2277934655307463,75.3738397,10.2004,2.3402000000000003,26,2,1.3169,0.5461,-3.5951999999999975,136.9972830095546,-207.55,533.26,740.81,-16.134999999999998,-68.215,8.9775,135.66803567532037,920290.7952000002,2132.13,322.7,26,10,-33.18,-0.91,62.885200000000005,263.1861047851881,-230.65,870.94,1101.5900000000001,-0.49,-70.66499999999999,30.485000000000003,268.0226401183303,3591806.7808,2208.2200000000003,289.59000000000003,24,4,-41.37,-1.47,-36.706599999999995,135.03042167600603,-345.94,288.54,634.48,-0.98,-23.1175,7.4375,138.62151696616223,960796.2483000001,1337.7,204.75000000000003,21,7,-8.89,5.81,1.879243055515123,1.7687665846913199,0.4889659088320984,8.144757467843963,7.655791559011864,1.1681268172068262,0.9714126690671697,1.6881553645251826,2.568563604079136,329.87594941000003,17.499037608737236,2.2874460121102484,25,0,1.3307224579152483,0.9542685628270482,211.38997706477767,257.08760136987365,2.2246348014898985,947.0204796623988,944.7958448609089,116.25325643609014,18.336604956299748,283.61309672383527,330.8441876261392,5472893.8243,2203.747935762036,373.4504969026924,25,0,53.7719387785116,6.0617736678302325,0.9929287418980902,1.7062685719053339,0.0001326162064709,7.144757467843963,7.144624851637492,0.3407999250410913,0.06746308786266006,0.6881553645251824,1.9593450122859308,191.95164385848773,16.648372892721667,2.287446012110248,25,0,0.3307224579152483,0.0457314371729518,-0.03812667499101185,-0.11241539505901757,-0.44564392275658016,0.9049096064046822,0.12823179349240477,-0.0796569054018964
Pull_6,6,Pull,50,0.7514240000000001,2.189936693573863,-0.6486,8.5644,9.213,-0.27705,-0.4048,0.5958249999999999,2.2944594777855634,263.22721476,19.662099999999995,2.8400999999999996,27,2,-0.1559,-0.3316,0.28855,0.6156171680948,-2.8248,1.4025,4.2273000000000005,0.4315,0.050875000000000004,0.607575,0.6742891888500068,22.73329551,13.608400000000001,4.108700000000001,29,3,-0.022,0.6054,0.88518,0.8847799161373407,-0.612,3.1461,3.7581,0.9465,0.47450000000000003,1.3251249999999999,1.2452800578183205,77.53612111999999,8.972900000000001,1.6228,28,2,1.0812,0.7093,-5.653200000000001,148.0756756256746,-206.85,550.41,757.26,-14.0,-60.620000000000005,3.71,146.6964085040939,1075991.8133999999,1829.66,608.72,29,7,-0.35,3.85,80.00580000000001,255.81093815941492,-179.76,904.4,1084.1599999999999,-3.1849999999999996,-22.7675,66.9375,265.5774451906637,3526568.9697,2238.18,385.21000000000004,27,3,-5.39,3.01,-23.723000000000003,135.0260813694895,-288.75,395.64,684.39,-3.465,-58.38,5.705,135.75780834265115,921509.1263,1410.15,213.5,29,4,5.32,0.07,1.9624464588357378,1.867754442410991,0.6101084903523307,8.811151825953289,8.201043335600957,1.2065583798470367,0.9922346155328452,1.7081578651091105,2.696281259030667,363.49663139,18.534656507788895,2.706544323687057,27,0,1.0926034275985042,0.9897344138707111,206.61153725176646,263.01445382503124,4.434929537208004,976.0271722651988,971.5922427279909,108.84908610981569,13.713542377668686,264.3969072549289,332.38742182579654,5524069.9094,2133.9050536042178,488.73147375411844,27,0,7.581358717274892,4.88748401531913,1.0342109576517589,1.8281939915156247,0.0010627196865661,7.811151825953289,7.810089106266722,0.2471174906192338,0.09851794951689183,0.7081578651091106,2.0844758837963377,217.25198550642614,18.17826725344176,2.706544323687057,27,0,0.0926034275985041,0.0102655861292888,0.18378874252081281,-0.03469754574242428,-0.5459089492543628,0.7977003152094166,0.3974362453837232,-0.07266254236698563
Pull_7,7,Pull,50,0.843704,2.313160925338807,-1.2246,8.956,10.1806,-0.01685,-0.3413,0.6226,2.4403966146509877,297.77678184,21.8985,3.7756999999999996,30,3,0.011,-0.3609,0.245186,0.48713249004888237,-1.0665,1.6477,2.7142,0.2657,-0.004975,0.501225,0.5409882403527825,14.633413809999997,8.726499999999998,2.1498999999999997,30,9,-0.0264,0.5109,0.9693259999999999,0.8766570378222405,-0.5856,2.9295,3.5151,0.99955,0.615075,1.498925,1.301057225874404,84.63749525,9.1509,1.6447999999999998,31,2,0.9882,0.7737,2.6767999999999974,132.0979375766329,-213.5,435.05,648.55,1.26,-27.457500000000003,9.94,130.79767990297077,855401.6534,1603.3500000000001,276.92,31,11,3.71,-1.68,73.66240000000002,284.0681789430136,-268.66,941.5,1210.16,-2.38,-15.8725,67.13000000000001,290.7008511442648,4225349.242799999,2437.75,326.97,29,2,-3.01,-9.1,-27.348999999999997,157.45611722000515,-352.17,411.67,763.84,1.6099999999999999,-15.049999999999999,7.0175,158.2546936871068,1252227.4037000001,1620.2900000000002,289.66,31,5,5.95,-6.3,2.0541852557072406,1.94864598549105,0.7712768309757527,9.369935981104671,8.598659150128919,1.1185225947016602,1.0054455276055896,2.0802453062541044,2.8179698043094783,397.04769089999996,19.925178983650227,3.2046140107306433,30,0,0.9886137769624698,0.9949267862511292,221.49187325199844,281.39759815294366,4.864370462865673,1042.2719197023396,1037.4075492394738,88.1895466925422,11.747665670280348,302.77409869203876,355.8926326829483,6332978.299899999,2275.7860243348136,386.06971626824145,30,0,7.630642174810715,11.19474876895413,1.090512847670808,1.9281388498064875,0.0047172836176354,8.369935981104673,8.365218697487038,0.19569230323725711,0.030648106428578,1.0802453062541042,2.1983137416177696,241.6291653292759,19.705379031508315,3.2046140107306433,30,0,0.0113862230375302,0.0050732137488708,0.4105321878660908,-0.09553539644277309,-0.6712452390597091,0.9100050339410586,0.27753681674700587,-0.03089142735284933
Pull_8,8,Pull,50,0.672736,2.0429963638634265,-1.1771,7.4532,8.6303,-0.24230000000000002,-0.374375,0.621475,2.1314153010617147,227.14655928,18.7041,2.9946,27,2,-0.0366,-0.3821,0.585442,0.33973425574488453,-0.0549,1.4742,1.5291,0.70275,0.2838,0.796425,0.6751690992632883,22.792665630000002,6.8812,1.1103999999999998,27,2,0.131,0.7818,0.8600679999999999,1.0338458475547128,-0.7444,3.638,4.3824,0.66755,0.383575,1.317075,1.3368535658029266,89.35887281999999,11.543399999999998,1.5694,28,2,0.9838,0.4172,-13.840399999999999,113.56918511638622,-208.67,352.31,560.98,0.525,-59.3425,9.4325,113.27646394551695,641577.8642000001,1538.9499999999998,232.68,28,6,2.38,6.79,70.96039999999999,259.64226814600124,-230.3,884.73,1115.03,-0.9450000000000001,-12.512500000000001,104.5975,266.6480894887492,3555060.1814,2255.4000000000005,292.17999999999995,26,2,-0.56,-1.26,-44.367399999999996,135.32169647916774,-352.03,193.83,545.86,5.005000000000001,-82.65249999999999,24.692500000000003,141.11764060527656,995709.4245000001,1298.9899999999998,203.84,24,4,2.73,2.52,1.961000438222403,1.7321801869001188,0.6288026876532892,8.140442266240822,7.511639578587532,1.2106918473972437,0.9751223173242383,2.107537453413133,2.6049878991273645,339.29809773,17.667116206794805,2.37446373697105,27,0,0.9931580941622536,0.9650220152929154,212.23410723858424,244.95654159887786,3.153109576275458,936.1468810501908,932.9937714739153,121.4532017056033,14.430008304695741,304.48006181773326,322.25292768569227,5192347.4701,1970.2481115934418,337.98043363988654,26,0,3.664819231558359,7.3513332124180035,1.0368022851569048,1.6869856282273197,0.0056143644558783,7.140442266240822,7.134827901784943,0.2724579784821597,0.06356695705715734,1.1075374534131326,1.965696079803588,193.19805390775971,16.970805372739537,2.37446373697105,27,0,0.0068419058377463,0.0349779847070845,0.4330962008201614,0.07893624963772272,-0.41802264140336953,0.8248145313681552,0.17621669068119264,-0.24844892151306236
Pull_9,9,Pull,50,0.71235,2.1793657117170957,-1.087,7.8558,8.9428,-0.16505,-0.35085,0.72325,2.2720221675415053,258.10423649000006,19.759600000000002,3.6197,29,2,-0.082,-0.3514,0.41632,0.4072803381917067,-0.8513,1.1163,1.9676,0.51825,0.041025000000000006,0.6976,0.5795533373210786,16.79410354,6.9382,0.7708,27,6,0.0432,0.7196,0.916002,0.9646037851059969,-0.6017,3.6768,4.2785,0.8534999999999999,0.4101,1.34245,1.3232199050044553,87.54554585,11.055299999999999,1.8665999999999998,31,2,1.016,0.5585,-16.199399999999997,118.97660786053703,-279.02,308.35,587.37,4.515000000000001,-50.12,13.16,118.88963417388413,706737.2557,1526.3500000000001,178.78,29,8,7.28,9.31,92.7766,249.97540474614695,-182.14,872.76,1054.9,-0.5249999999999999,-8.9425,107.08250000000001,264.2828909066949,3492272.3213,2231.32,304.78,29,5,-3.64,2.24,-32.547200000000004,114.7161296069563,-277.97,271.11,549.08,-1.995,-68.47749999999999,6.4225,118.13515485239778,697795.7406,1175.6500000000003,270.48,25,5,7.56,-6.65,1.9866649045455396,1.835600406319599,0.6856840234393682,8.075640148619799,7.389956125180431,1.2060393226037172,0.9783529830397596,1.969828694069433,2.692373992891775,362.44388588,17.107264789310552,2.802527413446515,29,0,1.020218721647471,0.97633414874212,198.2853909985889,244.57169990918013,10.313069378221016,938.8747853681024,928.5617159898813,107.09038176722649,17.503474905820415,275.8144612714506,312.94744982504653,4896805.317600001,2147.5533720447675,308.61440931065584,29,0,11.108627277931328,11.658310340696888,1.0536307373623344,1.7972229648834093,0.0121839290637147,7.075640148619799,7.063456219556084,0.2929669049740945,0.0523533433335645,0.9698286940694328,2.0677398067718586,213.77739542544612,16.73179774522984,2.802527413446515,29,0,0.0202187216474709,0.0236658512578801,0.19715055751007585,0.0032870785766593432,-0.7868461981301172,0.7948383745938915,0.3824381528113735,0.01790586368833624
Stationary_1,1,Stationary,50,-0.042772000000000004,0.048990282418338554,-0.1545,0.0447,0.1992,-0.0315,-0.069925,-0.00935,0.06466444772825328,0.20907454,0.9553,0.0447,35,4,-0.0271,-0.0864,0.010274,0.03060335989290545,-0.0447,0.0761,0.12079999999999999,0.0006999999999999999,-0.008625,0.030025,0.03199045795233322,0.051169469999999995,1.1985999999999999,0.0849,16,16,-0.0102,-0.0154,0.9890300000000001,0.0711029154946317,0.852,1.1185,0.26650000000000007,0.99075,0.93145,1.048625,0.9915315693410875,49.15674265,1.6329999999999998,0.09440000000000004,18,0,0.9772,0.9736,5.706400000000001,8.178988201483115,-11.06,37.45,48.510000000000005,4.76,1.645,8.12,9.905601041834867,4906.046600000001,270.69,17.78,17,7,-1.68,5.11,-1.3551999999999997,11.08025053868368,-22.75,17.71,40.46,-1.225,-8.4175,5.2675,11.052288450814157,6107.654,182.28,10.57,21,6,-0.7,-9.1,1.932,2.807632454578056,-1.75,8.26,10.01,1.365,-0.63,4.13,3.384932495634145,572.8884,59.64,4.4799999999999995,35,8,4.55,3.01,0.9918194001545083,0.06876468805734447,0.8648666775867827,1.1192835699678612,0.25441689238107845,0.9934200407324993,0.9324801658014427,1.0493321158532978,0.9941527715597839,49.41698665999999,1.5909481762379267,0.0913826378841871,18,0,0.9776289122156728,0.9775474822227308,13.060140474012044,7.90017506904135,2.013032538236777,39.9686514658676,37.95561892763082,11.168767369332539,7.845854159587408,18.1080509080743,15.22273891256104,11586.589000000002,226.32401943221134,18.28514160237917,17,0,4.900499974492399,10.861961148890192,0.058645892916976555,0.035879505476223546,5.820016936386452e-06,0.1351333224132173,0.1351275023962809,0.0563526714157815,0.02610796547539005,0.08453614060689943,0.068563349473195,0.23504664454917354,1.3214829923056353,0.087787375113028,24,0,0.022371087784327,0.0224525177772693,0.39401964204879586,0.6206894423638379,-0.17540106514950005,-0.40271964669151905,0.541241091997062,-0.2934758578860091
Stationary_10,10,Stationary,50,-0.067724,0.12372987786929647,-0.3682,0.1764,0.5446,-0.0593,-0.10542499999999999,0.00425,0.13996228491990262,0.97947206,2.4146000000000005,0.17500000000000002,32,7,0.1764,-0.0996,-0.062662,0.06887574997554566,-0.2745,0.0512,0.32570000000000005,-0.05305,-0.109625,-0.009675,0.09260409170225688,0.42877589000000005,2.5976,0.21150000000000002,5,7,-0.1318,0.011,0.994888,0.21935661454092772,0.631,1.3549,0.7239,0.9714,0.813625,1.17815,1.01831091047872,51.847855519999996,5.9988,0.27969999999999995,2,0,1.2539,0.8037,3.8514000000000004,16.584640424199737,-23.66,56.0,79.66,3.1500000000000004,-8.82,15.435,16.863646521437765,14219.1287,569.24,40.67,3,13,10.92,-8.4,-2.5872,20.361149083487405,-49.98,38.78,88.75999999999999,-2.5199999999999996,-13.772499999999999,10.3075,20.32187166576937,20648.923399999996,454.58000000000004,27.090000000000003,4,11,15.33,-12.53,1.0682,10.016564381063999,-20.79,19.46,40.25,0.7350000000000001,-4.0425,9.6075,9.973263357597652,4973.299099999999,190.46999999999997,10.71,12,7,0.91,-4.48,1.0105943092625997,0.21146045002444222,0.6591920888481596,1.365833642871635,0.7066415540234753,0.9859537908913001,0.8179978962153589,1.1851034517606907,1.0320475131504363,53.25610347,5.847896556807877,0.26582362036481866,2,0,1.2730881391325584,0.809922743229254,24.94803088390056,13.3410054931137,4.655920961528449,65.79218038642585,61.1362594248974,22.325829710316725,16.712668777801692,29.95883496461653,28.228124698605114,39841.351200000005,340.55615360248845,35.1763663479059,4,0,18.843656757646592,15.736305157183498,0.18435784533519692,0.10074029926541693,0.003894498559515,0.3658336428716346,0.3619391443121196,0.18568203907119205,0.1099474054964799,0.2682504198779005,0.20960307935428915,2.196672543740022,4.690512771669327,0.23896118597465793,2,0,0.2730881391325583,0.190077256770746,0.06654008183652223,0.5009461718909155,-0.3962860396997444,-0.0627859432633392,0.2657595517443497,-0.12727290872023095
Stationary_11,11,Stationary,50,-0.016317999999999996,0.18280416497063803,-0.2196,0.5029,0.7225,-0.08124999999999999,-0.14182499999999998,0.0679,0.18170110786673813,1.65076463,2.4795,0.1955,8,3,0.1318,-0.1061,-0.03768,0.09645565545569507,-0.2057,0.2137,0.4194,-0.04505,-0.105975,0.02345,0.10265184849772555,0.5268701,3.3825,0.3294,19,10,-0.0447,-0.0256,0.975312,0.3048766178275389,0.344,1.4977,1.1537000000000002,0.9593,0.7677,1.218425,1.0209428262150628,52.11621272,6.109299999999999,0.3535999999999999,8,0,0.8542,1.0533,6.088600000000001,27.44088005148523,-48.58,83.3,131.88,8.33,-9.9925,22.75,27.83905368362941,38750.645500000006,905.4499999999999,66.01,20,10,23.17,9.66,-7.926799999999999,47.5598518921159,-104.51,76.93,181.44,2.485,-42.0525,28.07,47.74447486359024,113976.744,794.1500000000001,37.730000000000004,11,6,19.53,4.06,1.4069999999999996,12.98868931031919,-21.07,27.65,48.72,2.135,-9.747499999999999,11.515,12.934897680306559,8365.5789,167.51,7.91,32,3,12.67,-7.98,0.9973956860248004,0.30485659810353904,0.3870664154896417,1.587125058084586,1.2000586425949442,0.989000291376235,0.7781855191581979,1.227388955484955,1.0420541967671355,54.29384745,6.190401419435464,0.360309326388065,8,0,0.8654634423243999,1.058939781101834,49.527226040203196,28.010807840550108,6.528039521939187,113.46188126414968,106.93384174221049,44.44923213040241,30.199246617290704,61.76144123297015,56.761424999730224,161092.96839999998,808.8362246628228,50.041301796598304,20,0,32.84507116752832,13.17116547614523,0.25598217737464773,0.16149398743130516,0.0127270412110065,0.6129335845103583,0.6002065432993517,0.22628553022610376,0.11853077771504088,0.381329178823991,0.3018038716623743,4.554278847519946,5.54524952761258,0.3020784862148318,18,0,0.1345365576756001,0.0589397811018339,-0.26687690016148563,0.4754199294360019,-0.7362341690200997,0.49167040747744245,0.18074748171638566,0.3501992278581802
Stationary_12,12,Stationary,50,-0.029402000000000005,0.06526275773317257,-0.1332,0.1325,0.26570000000000005,-0.041,-0.074475,0.002,0.07098253728911076,0.25192603,1.7445,0.0805,31,6,-0.0417,-0.0644,-0.064316,0.06587416997114844,-0.2511,0.0285,0.2796,-0.04615,-0.11585000000000001,-0.009525,0.0915923905136229,0.41945829999999995,1.9755,0.13249999999999998,48,6,-0.0242,-0.1493,1.001538,0.2152857160773533,0.6515,1.3103,0.6588,1.0021,0.7843749999999999,1.20835,1.02396257070266,52.42496731,5.621599999999999,0.262,38,0,0.7261,1.0987,8.1634,13.88131758875936,-17.15,33.95,51.1,6.369999999999999,-1.8025,16.66,15.983687246689982,12773.9129,421.68,33.67,14,13,23.38,-3.36,3.6134000000000004,19.937376407140434,-34.23,37.17,71.4,2.0300000000000002,-12.285,19.950000000000003,20.06503570891415,20130.2829,489.09000000000003,22.47,35,9,18.48,-26.53,2.6501999999999994,8.163406274344062,-12.25,14.77,27.02,2.7649999999999997,-2.975,9.9925,8.504818516582233,3616.5969000000005,187.95000000000002,9.24,12,9,6.23,-6.02,1.007764112216241,0.21744933007956765,0.6558986354613036,1.3333889380072117,0.6774903025459081,1.0053930346854147,0.7945212872595597,1.209872222697737,1.030498439009007,53.09635164,5.67270106934246,0.2686804227530146,48,0,0.7276989349999078,1.1106662595037269,24.733045957658625,11.005207100404894,8.065810560631833,48.04009783503776,39.97428727440593,24.18216096895102,15.59564185952151,33.467984089154925,27.026206800067225,36520.7927,397.7161393536614,20.775062288116125,35,0,30.44581580447468,27.41114554337341,0.19362228212101196,0.09534695094687957,0.0137154923654128,0.3441013645386964,0.3303858721732836,0.21200075389957151,0.11105176146960087,0.26831801970929514,0.21540382626016205,2.319940418375904,4.767289724866214,0.2248925671666821,33,0,0.2723010650000922,0.1106662595037268,-0.5950826297952829,0.5319719757098591,-0.7404383283028884,0.5776444567837665,0.4342652654033102,0.29647734084438826
Stationary_13,13,Stationary,50,0.06946999999999999,0.18416933451449025,-0.1303,0.4817,0.612,-0.0139,-0.0542,0.14365,0.1951052480073255,1.90330289,1.8155000000000001,0.17049999999999998,42,9,-0.0732,0.3221,-0.03876400000000001,0.12520216428982825,-0.3565,0.2723,0.6288,-0.0556,-0.109075,0.028525000000000002,0.12986422910101147,0.8432358999999999,5.944,0.4026,13,17,-0.0834,0.0864,0.9770819999999999,0.09486969514625236,0.7913,1.1858,0.39449999999999996,0.9742999999999999,0.8976,1.049125,0.9815851917179681,48.17547443000001,1.8272999999999995,0.14280000000000004,9,0,0.9728,1.0943,0.35979999999999973,23.290929607896718,-62.3,54.74,117.03999999999999,4.165,-7.5249999999999995,12.565,23.059651124854426,26587.3755,960.5400000000001,86.94,41,18,9.45,27.09,9.1658,17.987553530149672,-45.99,43.26,89.25,5.95,-3.255,22.925,20.02730461145483,20054.6465,245.91,16.729999999999997,50,6,-4.2,-45.99,-1.6562000000000001,9.250141728643946,-19.11,15.12,34.23,-0.665,-8.907499999999999,5.092499999999999,9.305741131151242,4329.840899999999,157.28999999999996,11.62,45,6,6.37,3.08,1.0039023519210397,0.10410126647176456,0.8237745383295116,1.194201850609854,0.3704273122803423,0.9810792864867998,0.924378727575349,1.10554263904596,1.0091780142274205,50.92201322,2.015950357894418,0.15713014505436662,48,0,0.9791085945899975,1.1439868268472326,27.633404697584474,16.157142946176457,6.974051906890283,69.65439684614316,62.680344939252876,23.143098266662072,15.484377911603191,37.08741369288539,31.928627562111092,50971.86290000001,522.2233299890263,45.586304188114575,41,0,12.145756460591492,53.46433016507361,0.08926470538373338,0.05217096043714772,0.0049652083530056,0.1942018506098539,0.1892366422568483,0.08289478033863365,0.0498930186840272,0.12484505169193065,0.10312885414819879,0.531778027896023,1.7625224940825743,0.139115642324544,48,0,0.0208914054100024,0.1439868268472326,0.5133123580660883,0.19544517209611392,0.028727806875082754,-0.3818662454177217,0.3794206860389704,-0.3477354127611995
Stationary_14,14,Stationary,50,0.058177999999999994,0.07989238499126082,-0.172,0.2255,0.39749999999999996,0.04135,0.0053,0.10062499999999999,0.09818256973618077,0.48199085,1.7406000000000001,0.1369,9,5,-0.172,0.0212,-0.002965999999999999,0.05936197370749206,-0.134,0.1369,0.27090000000000003,-0.0051,-0.0432,0.029275,0.05884015805553211,0.17310821,2.2218999999999998,0.1852,13,16,-0.019,-0.0051,0.956942,0.23689134518696497,0.5424,1.4179,0.8755,0.94575,0.7698499999999999,1.1591,0.9852579107015584,48.53665753000001,5.134899999999999,0.2862,9,0,0.5783,0.6976,3.7478,21.50176834588262,-70.49,67.34,137.82999999999998,5.74,-1.575,12.4775,21.613086915107708,23356.276299999998,508.9699999999999,65.1,5,15,-26.6,4.27,3.3291999999999997,27.67787260610902,-43.33,68.53,111.86,-1.225,-19.127499999999998,20.317500000000003,27.60121214729527,38091.3456,568.6099999999999,33.53,6,9,-27.72,8.89,1.6127999999999993,9.043848295941281,-29.05,14.77,43.82,2.625,-2.1875,7.297499999999999,9.097059524923424,4137.8246,155.75,14.139999999999999,5,5,-0.77,1.82,0.9632983986624221,0.23881366430672565,0.5448869332256004,1.4371319876754536,0.8922450544498531,0.9462576819541615,0.7705278659362298,1.163234745087029,0.991884636336303,49.19175659,5.223681736417596,0.28373650551790863,9,0,0.603635560582708,0.6979406923227789,29.76422814604408,20.844410322777758,5.003898480185224,102.3269519725864,97.32305349240117,22.747714199344557,16.97324837909074,36.43351378414367,36.21752241664247,65585.44649999999,443.6500873276608,45.79967383735381,5,0,38.425919637661245,10.02882844603496,0.20771069255118976,0.11992600897058658,0.0032062101083705,0.4551130667743995,0.451906856666029,0.2149070999912323,0.10906780259200907,0.2720882592286832,0.23924534368542227,2.861916723757791,4.632417735478955,0.28373650551790863,17,0,0.396364439417292,0.3020593076772211,-0.0096069188067094,0.7692347922691601,-0.267879401930256,-0.06764282027006177,0.5445057233867853,-0.45239576849799945
Stationary_15,15,Stationary,50,-0.255004,0.04307189509342229,-0.3719,-0.1801,0.1918,-0.25070000000000003,-0.28422499999999995,-0.224375,0.25854424070166404,3.3422562199999994,1.2597999999999998,0.08999999999999997,5,0,-0.224,-0.1896,-0.174776,0.05163662108169641,-0.3126,-0.0747,0.2379,-0.17165,-0.19725,-0.13467500000000002,0.18209795166338363,1.6579832,1.9891,0.1039,50,0,-0.1091,-0.3126,0.933242,0.20893986351902055,0.598,1.2664,0.6684,0.92635,0.737325,1.129325,0.9558887904981415,45.68616898999999,5.1358,0.25839999999999996,30,0,0.6361,1.2627,6.909000000000001,9.45584739724579,-10.85,28.84,39.69,6.265000000000001,-0.105,12.1625,11.634391690157248,6767.9535,424.41,36.33,4,16,-6.3,-10.85,4.3792,19.686920327974104,-23.73,36.4,60.129999999999995,3.325,-14.752500000000001,23.2925,19.975002578222615,19950.0364,505.89000000000004,18.06,38,9,-16.52,15.33,3.5896,5.492213397165117,-6.51,13.02,19.53,3.955,-0.7175,8.2075,6.515086185155189,2122.3174,148.4,8.82,46,10,-0.28,-1.54,0.9862312651129969,0.2047299363811508,0.6501050453580559,1.3145638858572068,0.6644588404991509,0.9824002027988341,0.7968648747378998,1.172207063911772,1.006840686603397,50.68640841,5.0692693170967,0.2708671190619698,50,0,0.6831559265643532,1.3145638858572068,21.87164625378437,10.022283139885893,5.184255009159947,44.19134983229184,39.007094823131894,21.28863991854321,15.554669567584563,27.272736442715768,24.016788836145434,28840.307299999997,401.88225721419803,22.702915435362,38,0,17.682726034183755,18.844176819378447,0.1816007267470392,0.0919561453759413,0.0114769695845773,0.3498949546419441,0.3384179850573668,0.19036254293974175,0.10323750902270301,0.2465106759247357,0.20313945449864243,2.0632818987003008,4.214443439662008,0.199514483729607,2,0,0.3168440734356468,0.3145638858572068,-0.22830825603788207,0.053258209866163406,-0.6737751955313822,0.48779995865552,0.5444674961153756,0.5131933898670343
Stationary_16,16,Stationary,50,-0.22977599999999998,0.047840617871922876,-0.3272,-0.1354,0.1918,-0.2262,-0.264425,-0.1987,0.23460596838102818,2.75199802,1.6578999999999997,0.1018,30,0,-0.2115,-0.306,-0.130252,0.06971018208062783,-0.3228,-0.0146,0.3082,-0.1164,-0.1715,-0.080375,0.14740387647548486,1.08639514,2.1548000000000003,0.14999999999999997,31,0,-0.0586,-0.194,0.954116,0.2751595524974778,0.5673,1.3871,0.8198,0.9267000000000001,0.703075,1.255,0.9922378067781937,49.22679326000001,7.1857999999999995,0.28689999999999993,22,0,1.3469,0.9523,5.1366000000000005,13.041134076452094,-13.65,36.89,50.54,1.68,-4.585,12.8275,13.894402254145371,9652.720699999998,415.66,27.3,9,15,-11.06,32.34,-0.7392000000000002,23.71407244654532,-33.88,41.3,75.18,-6.4399999999999995,-22.697499999999998,17.815,23.48736903103453,27582.825199999996,642.67,24.85,10,10,24.22,33.11,3.759,8.338276200750368,-14.77,17.78,32.55,5.425000000000001,-2.1525000000000003,9.9925,9.070082359052757,4113.319700000001,170.38000000000002,8.75,9,7,-14.49,12.39,0.9952312882428646,0.2688190562488053,0.5953837334022487,1.4222059414866752,0.8268222080844265,0.9746409693248586,0.7476511182756909,1.2757699001047356,1.0301959660181164,53.06518641999999,7.071371888776031,0.28532514836572076,22,0,1.3646632624937187,1.0188951319934747,26.901911845614038,10.265081043389687,10.063215191975178,52.078400513072594,42.01518532109742,26.135413986359925,19.001856654286406,33.07197047043863,28.757213216860915,41348.865600000005,444.93489715157114,22.697396233427202,10,0,30.313233083918977,47.91304415292354,0.23998165936559268,0.1162770928815619,0.0188951319934747,0.4222059414866752,0.4033108094932005,0.27199911127332477,0.11562247550888269,0.3347453956650361,0.2661600118617952,3.5420575957135494,5.499300807300848,0.2718168850750466,22,0,0.3646632624937187,0.0188951319934747,-0.06973106597209945,0.341910251797658,-0.6925117984281768,0.622155340239038,0.6341125946848468,0.15330588319699004
Stationary_17,17,Stationary,50,-0.20895600000000003,0.029279038681665235,-0.3148,-0.161,0.15380000000000002,-0.2042,-0.2262,-0.188475,0.21095669413412793,2.22513634,1.2413,0.10330000000000003,3,0,-0.1947,-0.2042,-0.12414800000000001,0.0665713649294607,-0.2921,-0.0168,0.27530000000000004,-0.12004999999999999,-0.1625,-0.068275,0.14055546093980129,0.9877918800000001,2.5343999999999998,0.1749,24,0,-0.0739,-0.0681,0.972882,0.2056288966531103,0.6295,1.322,0.6925000000000001,0.95195,0.794575,1.162225,0.9939501819507857,49.396848209999995,5.7416,0.28480000000000005,14,0,0.7393,0.8169,5.8393999999999995,12.197229931422953,-15.33,38.85,54.18,4.0600000000000005,-2.9924999999999997,13.055,13.41251512580694,8994.778099999998,434.07,43.68,3,17,24.99,-2.24,-0.20299999999999976,17.81518032465571,-27.3,29.89,57.19,-1.2599999999999998,-17.71,15.575,17.63729701513245,15553.712300000001,461.30000000000007,18.83,23,9,4.2,-21.14,1.3859999999999997,5.783286263016902,-9.38,12.53,21.91,0.35,-2.66,5.25,5.890540552445081,1734.9234000000001,128.03,10.92,2,10,11.06,0.91,1.0051119452236532,0.20688532308228305,0.6563157395644263,1.3461976192223786,0.6898818796579522,0.9933203544520157,0.829563682596208,1.1916644974759283,1.0257658254202078,52.60977643,5.791335353213037,0.3123873718805499,4,0,0.7680714745386655,0.8447845050662327,20.951451155215832,9.40608631069751,3.9604166447483777,44.15857221423718,40.198155569488804,20.819090522352155,14.549260571890951,26.39922360698754,22.92745681491953,26283.4138,407.251148268543,28.74791680961535,3,0,27.648936688415343,21.277812387555255,0.17861971958985773,0.10135124782179211,0.0062029080340394,0.3461976192223785,0.3399947111883391,0.1879428063082029,0.08456242602017616,0.25866679311866597,0.20486980781143188,2.0985819076346517,5.105806652413041,0.2669712150553575,4,0,0.2319285254613344,0.1552154949337673,0.14524779390540743,0.020484171418517064,-0.8500735083304193,0.5787698642237635,0.6602675397865723,0.4245809751675374
Stationary_18,18,Stationary,50,-0.13621999999999998,0.09139516130629717,-0.2935,0.1354,0.42889999999999995,-0.15625,-0.19635,-0.090925,0.163529515378723,1.33709512,2.2577,0.25839999999999996,47,4,-0.1947,-0.0498,-0.119096,0.09762047911610117,-0.3953,-0.0022,0.3931,-0.09734999999999999,-0.160825,-0.05105,0.15337216175042978,1.1761509999999997,2.8729999999999998,0.33749999999999997,35,0,-0.0176,-0.2804,0.9693619999999998,0.2693781916918734,0.5519,1.5277,0.9758000000000001,0.91025,0.7168,1.186375,1.005373564900132,50.53880025000001,6.9381,0.3441000000000001,39,0,0.6493,1.251,7.418599999999999,24.04972137052735,-70.63,74.41,145.04,9.415,-5.425,21.979999999999997,24.937059610146502,31092.8471,765.45,58.099999999999994,34,11,15.61,-17.78,2.9358,27.235639922718907,-49.63,43.33,92.96000000000001,6.755,-21.735,24.22,27.121272130930734,36778.1701,613.13,27.79,43,8,15.26,38.43,3.6582,10.80138704056104,-23.8,21.42,45.22,4.515,-2.1350000000000002,11.5325,11.301282670564435,6385.949500000001,231.63,17.71,41,8,3.15,7.98,0.9964462139561627,0.26367858853820403,0.6033271169108844,1.5753909165664248,0.9720637996555405,0.9562545388558317,0.761620612563827,1.2249115739828076,1.030068409087474,53.05204636999999,6.8473167271078275,0.34010901756522927,39,0,0.6780916899653026,1.283006313312604,36.0187635545731,13.842702564364588,7.120070224372791,77.54932236970222,70.42925214532943,36.69509426255237,27.029355213002322,43.044081300893154,38.53750554978876,74256.96669999999,503.9083913029772,47.62101544941097,34,0,22.055888102726676,43.08913668199909,0.2293935056636432,0.12587294795773396,0.0019377775091624,0.5753909165664248,0.5734531390572625,0.23940592666426647,0.10853522416402572,0.3119182093012787,0.26105267569529883,3.4074249743837437,5.73555660875623,0.3401090175652293,39,0,0.3219083100346974,0.2830063133126039,-0.2924406326571314,0.7002483405630254,-0.6057975993331794,-0.13651664437056227,0.6078812565232866,0.4976192818964347
Stationary_19,19,Stationary,50,-0.23643599999999998,0.05042557562934726,-0.3572,-0.1435,0.21370000000000003,-0.22949999999999998,-0.26992499999999997,-0.205175,0.24164822780231596,2.9196932999999996,1.5915,0.09879999999999997,19,0,-0.2818,-0.2599,-0.149486,0.08497494711227947,-0.3235,0.0073,0.3308,-0.13579999999999998,-0.2222,-0.073575,0.17152956304963876,1.47111955,2.1767000000000003,0.20639999999999997,38,2,-0.0417,-0.1706,0.96069,0.2624751208812611,0.5578,1.4076,0.8498,0.95635,0.7329,1.198975,0.9952088230115326,49.52203007,6.5659,0.3096000000000001,6,0,0.5614,1.0109,6.3812,16.1422015846662,-19.6,53.41,73.00999999999999,5.005000000000001,-5.32,17.0625,17.206945458157296,14803.948600000002,462.21,30.380000000000003,36,9,-6.37,0.98,3.7324,26.563435169420387,-50.68,58.8,109.47999999999999,2.66,-15.5925,24.43,26.56001837348762,35271.7288,655.9699999999999,30.17,4,10,-2.17,-26.6,4.215400000000001,4.3371947154814245,-7.35,14.63,21.98,3.675,1.9775,7.98,6.017028336313533,1810.2315,104.23,6.510000000000001,36,5,4.27,-0.7,1.0054835502811827,0.2619777380204555,0.6132573032585914,1.4397114051086766,0.8264541018500852,1.0080515486515416,0.7630653525601003,1.2459738421796482,1.0383914764673292,53.91284292,6.571432298227885,0.3241435021895841,6,0,0.6295395857291264,1.0576252549934688,28.327574863815784,15.494129248140203,3.883580821870455,68.79041430315709,64.90683348128664,25.93521174247542,19.031779981011145,35.30488385742889,32.21363341816629,51885.908899999995,544.5977404242487,26.571559432570282,36,0,7.969861981239073,26.62724920077176,0.23114153864193587,0.11893810322966403,0.0309722295001034,0.4397114051086765,0.4087391756085731,0.24460747208818645,0.13013432725257285,0.3080087224277595,0.25940269435307406,3.364487891881718,5.4546294636235055,0.24094681835910792,6,0,0.3704604142708736,0.0576252549934688,-0.21909915627518967,0.13887763290423097,-0.9103459249069956,0.6302114754963541,0.20946767604989913,0.06230360854231473
Stationary_2,2,Stationary,50,-0.082568,0.047272753683452025,-0.1742,0.0146,0.1888,-0.07575,-0.1186,-0.0512,0.094907816327213,0.45037467999999997,1.3428999999999998,0.0885,13,2,-0.041,-0.1369,0.10047800000000001,0.04362807226770303,-0.0578,0.1684,0.22619999999999998,0.09995,0.0787,0.12625,0.10936712943110467,0.5980584500000001,1.7462000000000004,0.1567,1,4,0.1684,0.041,0.9676319999999999,0.1342804610522624,0.7357,1.2093,0.4736,0.95855,0.84805,1.088625,0.9767201773281844,47.69911524,3.7610000000000006,0.17709999999999992,16,0,0.8081,0.9209,7.509600000000002,15.43166899593171,-16.38,50.96,67.34,5.215,-3.395,19.372500000000002,17.022566551492755,14488.388599999998,488.74000000000007,37.730000000000004,41,10,7.35,26.67,0.6971999999999997,8.89697656510345,-14.49,15.82,30.310000000000002,-0.35,-5.8975,8.365,8.835109280591837,3902.9578000000006,240.31000000000003,10.78,43,10,-7.84,-5.95,4.151,8.606047292456624,-10.43,24.99,35.42,3.36,-3.045,9.782499999999999,9.477002163131546,4490.6785,224.63,13.09,4,10,6.09,8.54,0.9788013649186298,0.13131538384404726,0.7501621558036636,1.2150467069211783,0.4648845511175147,0.978018930761033,0.8615216139348157,1.0960393361180838,0.9873960539722649,48.74754837,3.7086896349184055,0.17311241348902795,16,0,0.8264775677536566,0.9319224323944564,18.874237013116865,10.172174690365656,5.97383461438296,52.404620025337465,46.430785410954506,16.161003654775165,12.174257400004446,24.83445783167986,21.392533697531015,22882.024899999997,345.4137373712315,22.156195272963995,41,0,12.352173897739618,28.62905866423135,0.11414081856885382,0.06639485395577378,0.0036446084147514,0.2498378441963363,0.24619323578158492,0.1140407601085622,0.05612807129675808,0.15677396458068893,0.13171270843293886,0.8674118781370181,3.2015346043755293,0.173112413489028,2,0,0.1735224322463434,0.0680775676055436,0.2200331209143464,0.12140817614523901,-0.36566617320631023,-0.14679933733406383,0.7564351551717569,-0.3018245225053282
Stationary_20,20,Stationary,50,-0.22375399999999998,0.06390990856076152,-0.3565,-0.0871,0.2694,-0.21705000000000002,-0.25712500000000005,-0.1954,0.2325266423444849,2.70343197,1.9585999999999997,0.1112,18,0,-0.2247,-0.2115,-0.132592,0.09135620984668213,-0.3821,-0.0102,0.3719,-0.10245,-0.19235000000000002,-0.068075,0.16049821307416479,1.28798382,3.0019,0.2613,17,0,-0.0139,-0.0586,0.951368,0.23224101787512358,0.5915,1.3132,0.7216999999999999,0.952,0.751375,1.152175,0.9787534132762962,47.89791220000001,6.436799999999999,0.27449999999999997,7,0,0.7701,0.7203,4.7782,22.362825447603885,-36.19,62.65,98.84,1.05,-6.6850000000000005,16.0475,22.647852834209253,25646.2619,703.29,47.74,16,14,-4.48,-4.97,-0.9226000000000002,20.13335386864295,-32.13,40.67,72.80000000000001,-1.855,-17.92,14.4025,19.95234547615894,19904.804500000006,506.30999999999995,25.060000000000002,26,10,-18.76,-26.11,4.151,6.772196837068456,-8.12,17.15,25.269999999999996,3.85,-1.8725,9.7125,7.885188520257459,3108.8099,181.57999999999998,10.22,14,10,-4.27,-0.77,0.9916823516953172,0.2355035272842248,0.6240175478301873,1.3769004430241134,0.7528828951939261,0.9874327447437425,0.7938457346751642,1.2216824397359627,1.0187180963348006,51.889327990000005,6.639437590966263,0.28334353740907114,17,0,0.8023324186395562,0.752992895052802,27.950000497186206,13.996901924241216,4.498555323656696,64.13428880092147,59.63573347726477,26.665437422851056,19.05605372344869,34.838588545417764,31.196113956709418,48659.8763,615.1917735197255,43.242937422257704,16,0,19.75451593939978,26.58995863103213,0.20602595437360918,0.11054208974832991,0.0034426960781431,0.3769004430241134,0.3734577469459703,0.2067023700115322,0.13293955453030404,0.297033787479399,0.23328492537960047,2.7210928204682876,5.769954537396087,0.2634252977560469,17,0,0.1976675813604438,0.247007104947198,0.37458188877034665,-0.012597697637175708,-0.77121386798494,0.24878700878840215,0.7712414308546599,0.2619563373574672
Stationary_21,21,Stationary,50,-0.234888,0.048780117394910234,-0.3287,-0.1376,0.1911,-0.23715,-0.261175,-0.210125,0.2398005054206517,2.8752141200000003,1.4832,0.0996,25,0,-0.2525,-0.1427,-0.078486,0.051167647662824396,-0.1779,0.0102,0.1881,-0.07505,-0.11075,-0.0379,0.09341208594180948,0.43629089,2.6705,0.1618,37,4,-0.0073,-0.0512,0.966538,0.24902461552781385,0.5607,1.3923,0.8316000000000001,0.96695,0.7404,1.196825,0.9974811774665224,49.74843497,6.3504000000000005,0.2621,6,0,0.5607,1.1383,5.0288,13.605832278842778,-21.84,28.91,50.75,3.955,-4.865,17.4125,14.377243407552088,10335.2564,467.53,44.8,2,15,25.62,-5.39,1.547,16.306098552382174,-23.1,30.87,53.97,-0.805,-13.072500000000002,13.3,16.216173469718434,13148.2141,419.02000000000004,17.85,5,10,-12.39,-1.61,3.8513999999999995,7.773396812205075,-12.74,22.96,35.7,3.465,-1.9949999999999999,9.852500000000001,8.605258043777653,3702.5233000000003,161.14000000000001,7.98,1,7,22.96,-12.46,1.0023062102586042,0.24028270016165143,0.6149748206227633,1.4105943499107034,0.7956195292879401,1.0091552307236662,0.7927224391630499,1.2109734817140827,1.0301450381378343,53.05993998,6.223025057712774,0.27381809024802506,6,0,0.6149748206227633,1.1483516969987897,21.98862363761595,7.838959903628217,7.045353078448233,36.5658050642947,29.520451985846467,20.274238976514447,15.534678820772344,28.313919819395156,23.317801697415643,27185.993799999997,275.34956998048375,20.10096555362928,1,0,36.5658050642947,13.670983870958228,0.21078839810192096,0.11136733806723223,0.0063959459377804,0.4105943499107034,0.404198403972923,0.21167403307606686,0.12087453676657466,0.2993624321184972,0.2378789168522328,2.8293189541395742,5.410808606771361,0.23652074799432768,6,0,0.3850251793772367,0.1483516969987897,0.18301826351869405,0.2784534143470585,-0.44816094843752,0.1902535495875996,0.7082452116382872,-0.21557866900902015
Stationary_22,22,Stationary,50,-0.231432,0.06172464344298204,-0.3916,-0.1149,0.2767,-0.2145,-0.27797499999999997,-0.185775,0.2393627030261816,2.8647251799999998,1.9008,0.1449,31,0,-0.2467,-0.2269,-0.06275599999999999,0.06090631869636235,-0.2167,0.0366,0.2533,-0.05305,-0.0972,-0.0183,0.0870270279855632,0.37868518,2.2989,0.1545,2,10,-0.0842,-0.1501,0.987364,0.3165043319560394,0.5007,1.4933,0.9926,0.9834499999999999,0.743175,1.302575,1.0358856890603325,53.65295804,7.5983,0.3125,4,0,0.6734,1.3425,5.3606,13.136522294732346,-28.77,32.55,61.31999999999999,6.335,-2.4675000000000002,12.6,14.066018839742823,9892.6443,510.23,44.519999999999996,36,18,29.4,5.67,3.3222000000000005,32.11162160340084,-53.69,60.34,114.03,3.395,-24.009999999999998,31.4475,31.962010731491848,51078.506499999996,748.3699999999999,35.28,14,9,42.0,-14.21,3.8066000000000004,10.63784649259426,-20.86,23.31,44.17,3.465,-2.625,11.0425,11.197799158763297,6269.5353000000005,227.98999999999998,13.58,22,7,7.28,-2.31,1.023917598469656,0.3022367627528433,0.5493694021330275,1.5224280409924142,0.9730586388593867,1.0148039566423757,0.7719830066973091,1.3287177846231553,1.0667367847787008,56.89636840000001,7.286085814659761,0.3223598159222075,4,0,0.7220928541399644,1.3697882573595088,33.99426356540553,13.89478564087473,9.544930591680592,62.01672113228819,52.4717905406076,31.843562318657046,24.781016516501765,42.50483754134157,36.67170192396311,67240.6861,518.8476848730489,29.05495677778342,14,0,51.78183465270422,15.472850416132124,0.26662317493879145,0.13925550458561545,0.0016753016821369,0.5224280409924142,0.5207527393102773,0.29542639647594815,0.16543730334690876,0.39089195847158825,0.30015357912356777,4.504608553034392,6.185717512246388,0.2884631824956705,4,0,0.2779071458600356,0.3697882573595088,-0.23612250807814741,0.3233347625288821,-0.1916503149637964,0.2965914544287276,0.3155906580508858,-0.22603955731223613
Stationary_23,23,Stationary,50,-0.20915799999999998,0.07214123361680963,-0.3294,0.0,0.3294,-0.2185,-0.2575,-0.183725,0.22101434206856352,2.44236697,1.8688000000000002,0.1047,2,1,-0.2804,0.0,-0.007806,0.051741344183923,-0.1515,0.1032,0.2547,-0.00585,-0.043000000000000003,0.029625,0.05181271079571112,0.13422784999999998,1.8768,0.10830000000000001,25,10,-0.0051,-0.0403,0.9871599999999999,0.28993086297619725,0.4978,1.445,0.9472,0.9856,0.71275,1.2687249999999999,1.028038701995212,52.843178640000005,6.9319,0.3183999999999999,4,0,0.7532,1.3315,7.0322000000000005,15.506490318573059,-31.29,43.4,74.69,4.76,-1.925,15.575000000000001,16.884728425414487,14254.702699999998,503.1600000000001,26.669999999999998,2,12,32.13,4.13,6.8866000000000005,27.67516175201149,-44.87,55.23,100.1,7.49,-12.7225,26.127499999999998,28.249275141143002,39901.0773,645.61,33.81,2,8,47.25,0.84,0.77,6.365563604269461,-11.2,13.79,24.99,-0.805,-4.025,4.8475,6.348455875250295,2015.1445999999996,121.51999999999998,7.42,21,8,5.11,7.63,1.0158886821762756,0.27914895194792094,0.5630858637898842,1.4565945764007224,0.8935087126108382,1.009481611246977,0.7455393852240113,1.288691912502287,1.0528036232840388,55.419773459999995,6.665027686720841,0.3162826142727524,4,0,0.8037166229461724,1.332109732717241,29.316191172089177,16.412396607738756,3.483862798676205,70.35905414372765,66.87519134505145,26.89614290765161,17.28994392195656,40.52759868193465,33.5174356417671,56170.92459999999,579.747651334337,28.620053630392906,2,0,57.367338268391016,8.716616315979499,0.24766993820114253,0.12485790519091867,0.0024036988841629,0.4565945764007224,0.45419087751655945,0.2660868149313572,0.14318083503283027,0.33222541187272203,0.2767997558659489,3.8309052423724452,5.487549529423849,0.2654376391408293,4,0,0.1962833770538276,0.3321097327172411,0.16444292014314837,0.23219437904714033,-0.6232453108462132,0.6557775812334834,0.5272544986489349,0.11979417211745133
Stationary_24,24,Stationary,50,-0.19834,0.05965477554142635,-0.3118,-0.0285,0.2833,-0.2028,-0.2331,-0.167425,0.20694509899971053,2.1413137,1.7321000000000002,0.1383,43,0,-0.2115,-0.09,-0.165744,0.13221487020014358,-0.4473,0.011,0.4583,-0.14055,-0.255275,-0.05545,0.21119240043145493,2.2301115,3.4133999999999998,0.2833,26,2,-0.0124,-0.429,0.942134,0.30538919271069465,0.4809,1.576,1.0951,0.9160999999999999,0.66795,1.208,0.9894512528669616,48.95068909,7.6254,0.3447,39,0,0.6024,1.363,7.8260000000000005,29.330635860819655,-40.74,74.97,115.71000000000001,1.4,-13.9825,25.2,30.0720260707522,45216.337600000006,871.43,57.4,48,11,-9.94,26.25,4.4828,36.28272305106109,-61.95,69.93,131.88,3.815,-27.895,30.485,36.19672316660722,65510.1384,818.65,44.66,37,8,1.89,46.06,4.0096,7.763504878597037,-9.66,21.56,31.22,3.745,-1.365,8.2425,8.668532747818398,3757.1730000000002,175.14000000000001,11.27,15,7,-1.54,5.6,0.9863606412101471,0.30893987802844736,0.5297994526233488,1.59356138570185,1.063761933078501,0.9686882080124166,0.7019362565428079,1.2430015158540397,1.0326869253554052,53.322114289999995,7.714363890455522,0.3757792048994699,39,0,0.6385700979532318,1.4317506766193615,42.36278774948133,22.47600067219987,7.408434382512948,101.3761209555781,93.96768657306515,39.04031563809323,27.820884215608665,57.36314790023228,47.850527478806335,114483.649,847.0672665759499,53.28484855300061,48,0,10.234612840747811,53.30990620888392,0.2693390901089694,0.14700221405724737,0.0051672348420435,0.59356138570185,0.5883941508598065,0.27471875606488505,0.1672742674161209,0.38780362750233976,0.30613886290326753,4.686050168985282,6.889630407156076,0.3757792048994698,39,0,0.3614299020467681,0.4317506766193617,-0.39367273523193286,0.5027290305739014,-0.8745238411990512,0.7093167139082625,0.8559160083491233,0.5820495074188213
Stationary_25,25,Stationary,50,-0.154864,0.07876116250010119,-0.306,-0.0066,0.2994,-0.1592,-0.20989999999999998,-0.10049999999999999,0.17338429225278743,1.5031056400000002,2.199,0.1273,10,0,-0.1676,-0.1984,-0.028329999999999998,0.05728149699474678,-0.1383,0.0622,0.2005,-0.0095,-0.06055,0.0073,0.06338876398858082,0.20090676999999996,1.8127999999999997,0.1347,14,8,0.0271,0.0007,0.9670599999999999,0.25183829359819165,0.6127,1.4472,0.8345,0.9168499999999999,0.72485,1.1794,0.9986786866655362,49.86795596,6.9306,0.3419000000000001,5,0,0.6983,0.6383,3.8191999999999995,17.85409846505838,-32.13,47.53,79.66,2.415,-8.9425,15.6625,18.082581231671544,16348.9872,525.84,39.269999999999996,32,9,0.7,-5.88,-0.6831999999999999,16.87397736160624,-25.2,37.03,62.230000000000004,-3.255,-15.522499999999999,11.97,16.718350755980687,13975.1626,439.53000000000003,21.91,13,10,-20.09,-7.14,2.8854,8.352955045970258,-15.89,19.25,35.14,2.7649999999999997,-2.6425,8.89,8.757965174628179,3835.0977,186.76000000000002,13.23,32,9,11.2,-0.14,0.9870763478386583,0.2414236071710585,0.6684234735554998,1.4574620029352394,0.7890385293797396,0.9429863495205212,0.7496199972790141,1.185559782498175,1.0155980343620206,51.57196837,6.62909403981967,0.3280922804793911,5,0,0.7186425119626587,0.6684234735554998,24.164635043667108,10.063845331862398,5.970552738231193,52.75581010656551,46.78525736833432,23.913373953600363,17.352863844918396,27.191914762523766,26.137806908767235,34159.24750000001,390.5224338001029,25.991606516662458,32,0,23.01169485283516,9.250599980541802,0.21381517216434787,0.10865477944827155,0.0042445668262287,0.4574620029352394,0.4532174361090107,0.2433283811626455,0.1305838725610035,0.29599934191476257,0.2393463426139685,2.86433358613416,5.3751703964292386,0.3280922804793911,5,0,0.2813574880373413,0.3315765264445002,-0.2833554635628658,0.6560847441599528,-0.7313508577044263,0.3952237694414353,0.8278379517340054,0.04905963108607045
Stationary_26,26,Stationary,50,0.157892,0.06840127352913952,0.0139,0.3052,0.2913,0.153,0.11605,0.208075,0.17179942724002312,1.47575216,1.5233999999999999,0.0915,18,0,0.022,0.1318,-0.07503,0.048011041459656095,-0.1991,0.0022,0.2013,-0.0659,-0.106525,-0.03585,0.08881700175079094,0.39442299,1.8709,0.12880000000000003,47,2,-0.0549,-0.1076,0.961784,0.17554836226486864,0.7071,1.2503,0.5432,0.9420999999999999,0.7975,1.121825,0.9773583506575262,47.76146728,4.766000000000001,0.21229999999999993,7,0,0.7649,0.8257,6.519799999999999,9.619303613048087,-12.11,26.25,38.36,6.37,-1.05,14.2625,11.540718088576638,6659.4087,377.79,26.599999999999998,15,12,5.39,6.44,1.9726,18.88411337606296,-24.71,41.16,65.87,-2.66,-15.295,18.27,18.798103468169337,17668.4347,480.19999999999993,20.16,16,10,-20.51,-24.71,2.926,5.268320415464496,-6.3,13.44,19.74,1.995,-1.1199999999999999,7.14,5.980097992508149,1788.0786,112.42,7.0,34,8,10.57,5.11,0.9794843427258091,0.18417845980491937,0.7145534129790438,1.2745798484206472,0.5600264354416034,0.9567676107345151,0.8086034729638354,1.1466558440383539,0.9963096148286436,49.63164243,5.000045265197805,0.22077607465983873,7,0,0.767183172391053,0.8430477388618037,20.850309815498978,9.453593453355905,5.120058593414727,42.81826245890881,37.69820386549409,19.62115723199273,14.870839655980888,25.973694935228078,22.854287125176317,26115.922000000002,360.44638307918024,21.007934827651354,16,0,23.69466395625817,26.04169349331952,0.16466715275084856,0.08174682140304199,0.010047672865001,0.2854465870209561,0.2753989141559551,0.17371983665540025,0.0865306974155338,0.23255575060247521,0.18347796365880592,1.6832081574191056,4.082130786275812,0.171202809218616,2,0,0.2328168276089469,0.1569522611381962,-0.550413322765397,0.8299054889033813,-0.6433113327436542,0.4308951477011888,0.6737248366438682,0.19958455101923794
Stationary_27,27,Stationary,50,0.26921,0.30489283982328974,-0.1318,0.7481,0.8799,0.13835,0.008074999999999999,0.6382749999999999,0.4044434138417883,8.178723750000001,1.9068,0.1105,8,6,0.6493,0.0673,-0.083216,0.06657005320467657,-0.2664,0.0439,0.3103,-0.07835,-0.1083,-0.0298,0.10615009750348794,0.5633921599999999,2.1148000000000007,0.1925,33,4,-0.0637,-0.1903,0.89725,0.2722538163372629,0.3806,1.5892,1.2086,0.874,0.71775,1.05625,0.9368549835486814,43.88486301,4.6133999999999995,0.37339999999999995,34,0,0.7261,1.2795,5.345200000000001,11.739384651675742,-20.51,39.62,60.129999999999995,5.005,-0.5425,11.165,12.791718101959564,8181.402599999999,368.47999999999996,25.199999999999996,32,14,5.04,13.72,-18.2056,36.33892359440494,-83.86,46.06,129.92000000000002,-13.93,-46.2,6.352500000000001,40.318121136779176,81277.5446,437.92,26.46,16,5,-0.77,8.05,0.11900000000000002,5.155778311758565,-10.22,11.48,21.700000000000003,-0.42,-2.3449999999999998,0.7525000000000001,5.105347196812377,1303.2285,86.24,7.84,29,12,0.91,10.15,0.9870389122390564,0.28265101458667696,0.3919391406838566,1.6097480951999912,1.2178089545161346,1.0047021926132094,0.8743571340971611,1.1826747823929042,1.025933515584709,52.62697892,4.808181739161924,0.38649155832997684,34,0,0.9761502906827412,1.2953237548968213,36.31440875724799,22.508665692044804,0.7341661937191061,83.9343201557027,83.20015396198359,37.73470600534613,18.730485715796597,47.92800989489511,42.60567466899216,90762.1757,407.8921441381906,21.93291128630173,16,0,5.179053967666296,18.86964228595762,0.21523646562448306,0.1810823969272165,3.111048393111826e-05,0.6097480951999912,0.6097169847160601,0.17329823199849945,0.07805866303749259,0.2947393950600389,0.2801102531538022,3.923087696094358,4.1935758282153355,0.3864915583299769,34,0,0.0238497093172588,0.2953237548968213,-0.14650474315325748,0.04044254179330452,-0.7732153836181536,0.4506736414274273,0.47604004193081123,0.2966627589689452
Stationary_28,28,Stationary,50,0.01099,0.12261875251929354,-0.1369,0.3821,0.519,-0.035500000000000004,-0.0562,0.02175,0.12188285933633163,0.74277157,1.8265,0.2555,1,5,0.3821,-0.0476,-0.09466400000000003,0.10615098557609115,-0.3411,0.2159,0.557,-0.08565,-0.16235,-0.02475,0.14143529969565588,1.0001972,2.6146,0.4487,14,6,-0.1925,-0.0139,0.9247939999999999,0.3003025130614468,0.4377,1.565,1.1273,0.89415,0.69335,1.17415,0.9714020330429621,47.181095490000004,5.279299999999999,0.34329999999999994,15,0,0.9428,0.7525,2.5410000000000004,31.262841361590922,-37.94,141.33,179.27,-4.76,-16.9225,14.4725,31.05277163153074,48213.73130000001,729.89,122.99000000000001,13,9,14.21,-4.9,-12.754000000000001,52.124811750259596,-130.27,109.06,239.33,-6.300000000000001,-36.75,15.907499999999999,53.15374489158784,141266.02980000002,640.8500000000001,42.279999999999994,1,6,-130.27,-3.92,-0.7307999999999996,12.475425123016851,-19.6,35.21,54.81,-2.87,-7.734999999999999,2.66,12.371644029796524,7652.8787999999995,154.35,24.64,13,3,-18.27,14.42,0.9407544344168249,0.30881997153926105,0.439287172587591,1.6156206237851756,1.1763334511975847,0.8993407973748984,0.6993042296613048,1.1781200218696828,0.9891821294382547,48.92406426,5.5016739626277475,0.3630599209741302,15,0,1.0353397992929665,0.7541320971819193,48.354139135140095,40.463261574475204,5.066181994362224,172.15006796397148,167.08388596960927,33.8295668658045,21.980211157320436,54.33142287407923,62.79054704332492,197132.6399,684.3320601321319,92.1284327644831,13,0,132.31020331025118,15.726181990553206,0.2631005171348113,0.16827617681482188,0.0030418435937753,0.6156206237851756,0.6125787801914002,0.24789856040702185,0.13689610115861317,0.3586090628154882,0.3114039440443074,4.848620818317506,4.859991396891731,0.3096054113085611,15,0,0.0353397992929662,0.2458679028180806,-0.5331757649584222,0.4415330342014838,-0.7739826206255417,0.4813180375237059,0.5731132859239343,0.43331520683475394
Stationary_29,29,Stationary,50,-0.21680400000000002,0.29629446602310744,-0.5117,0.5527,1.0644,-0.36924999999999997,-0.43679999999999997,-0.0388,0.3647445363538705,6.651928839999999,2.0168,0.12369999999999998,2,1,0.4597,-0.3579,-0.07365200000000001,0.1311717463356141,-0.3375,0.4743,0.8118000000000001,-0.0717,-0.16725,0.002,0.1492867160868642,1.11432618,4.884299999999999,0.7495,2,16,-0.1874,-0.0769,0.8801340000000001,0.29583192802119024,0.276,1.5152,1.2392,0.9296500000000001,0.679675,1.05955,0.9275785988259971,43.02010285,5.671,0.26570000000000005,32,0,0.9523,0.5937,4.743199999999999,26.441382565970336,-56.07,62.72,118.78999999999999,0.56,-16.4325,24.4475,26.60191203654354,35383.0862,881.93,118.78999999999999,3,14,-31.36,-12.11,-28.4718,52.73501267658898,-107.45,89.53,196.98000000000002,-36.995000000000005,-70.14,3.0975,59.46431977244841,176800.26629999996,635.1800000000001,31.779999999999998,19,4,-83.44,-19.74,2.3548,11.070372712786142,-11.2,36.89,48.09,-1.33,-5.6175,6.86,11.20924493442801,6282.3586000000005,215.04,12.740000000000002,19,8,-7.21,-0.91,0.9717614482981305,0.26993356136755486,0.5273901496994422,1.612235274393908,1.0848451246944657,0.9899634301519109,0.7794286031728842,1.117399981943232,1.0078329015268355,50.78635787,5.528149232495631,0.2736348917953124,32,0,1.0739265058652758,0.6974852758302501,58.855614791346035,30.394193012990275,2.3686494041964083,119.53235336092068,117.16370395672428,55.727507659192376,36.787894714119844,76.25902267057727,66.10078836141064,218465.71110000001,678.0999276703432,34.59558604855698,19,0,89.42967795983613,23.17644925349869,0.21579620203004737,0.1617388295141219,0.001297636930802,0.6122352743939081,0.6109376374631061,0.191293237982921,0.07453817409430966,0.34201998805235717,0.26870850526870044,3.610213040186961,4.901946677142178,0.2556707441451131,32,0,0.0739265058652758,0.3025147241697499,0.33997884051771565,0.16418249077112104,-0.3461711977883386,0.389928513749371,0.6031610574696991,0.07517069242915521
Stationary_3,3,Stationary,50,0.029414000000000003,0.03364950198254752,-0.0344,0.0981,0.1325,0.02305,0.000375,0.052725,0.04443902114133478,0.09874132999999999,0.9236999999999999,0.06080000000000001,1,5,0.0981,-0.0088,-0.008732,0.02265708376861328,-0.0651,0.0322,0.0973,-0.00405,-0.02345,0.0033250000000000003,0.024069158689077604,0.028966219999999997,0.7811,0.052000000000000005,8,16,-0.0242,-0.0015,0.977774,0.07234907671864801,0.8403,1.1068,0.26649999999999996,0.9758,0.913875,1.048025,0.9803936434922454,48.058584810000006,2.1522999999999994,0.09660000000000002,9,0,1.0819,0.9062,3.9648000000000003,7.186567469940012,-14.49,16.45,30.939999999999998,5.390000000000001,0.6125,8.364999999999998,8.14453534586228,3316.6728000000003,220.14999999999998,18.9,6,11,-9.38,6.65,-0.35700000000000004,6.86151951101212,-12.67,14.0,26.67,-1.19,-6.1425,4.6025,6.801932813546455,2313.3145,202.44,8.82,8,12,2.73,7.35,2.4612,3.7081359198389694,-4.06,10.36,14.419999999999998,2.8,-0.6125,5.04,4.41958957370478,976.6386,95.40999999999998,5.04,5,9,-4.06,3.29,0.9790017491776272,0.0734112146464274,0.840499767995209,1.111414918021168,0.2709151500259591,0.9764307506074505,0.9140455494285015,1.04928013522091,0.9816953943051786,48.18629236,2.1804920883873735,0.09737392389307276,9,0,1.0866079605819203,0.9062439682557892,10.747596694575693,4.118361484509023,2.934160868118856,20.23096883493225,17.296807966813393,10.51144136743887,8.64356690065921,12.826627714961717,11.494890952070836,6606.625899999998,139.5189901788041,9.531933147249392,5,0,10.579267460462468,10.443615274415274,0.06564757788808753,0.037968090283403685,0.0006890073655749,0.159500232004791,0.1588112246392161,0.06264554142699415,0.03343860914391575,0.09314233865905196,0.07564620839636207,0.28611744223729196,1.8523399581878164,0.09737392389307281,5,0,0.0866079605819203,0.0937560317442107,-0.23103604878148518,0.803095040459158,-0.6165310210612097,-0.19131275871091227,0.8772633370561388,-0.12349427357513643
Stationary_30,30,Stationary,50,-0.033580000000000006,0.24688103059025437,-0.3045,0.5175,0.822,-0.1431,-0.20090000000000002,0.038625,0.24669587511752197,3.04294274,2.1609000000000003,0.23709999999999998,11,3,0.366,-0.1523,0.010014,0.061988079861356876,-0.2408,0.2006,0.4414,0.0172,-0.01205,0.03315,0.06217677862353437,0.19329759000000002,2.0953,0.25539999999999996,11,12,-0.011,-0.0403,0.9490140000000001,0.2369494615968148,0.5278,1.3996,0.8717999999999999,0.96075,0.741525,1.11485,0.9775733827186582,47.78248593000001,4.5226999999999995,0.246,30,0,0.9245,1.1126,5.6448,12.687669289510977,-22.68,32.9,55.58,5.32,-2.3975,15.96,13.770300650312613,9481.059,399.28000000000003,37.73,10,10,5.25,19.81,-16.598400000000005,39.81473003801483,-108.99,47.53,156.51999999999998,-10.535,-32.97,12.355,42.76698909205557,91450.7678,508.55000000000007,30.310000000000002,13,5,-0.98,26.81,0.4662000000000001,6.129691835647205,-12.04,11.76,23.799999999999997,0.8400000000000001,-3.535,4.4975,6.085967630541589,1851.9501000000002,125.02,8.26,23,6,0.91,0.77,0.9810415510255972,0.2431342963938847,0.5405937199043289,1.4608247601954178,0.9202310402910889,1.0064389650623458,0.782258844884192,1.1394577502132448,1.0101358944221317,51.018726259999994,4.655684871894289,0.24451698174092173,11,0,0.9943727922665624,1.123698420395793,35.95483931911181,27.901522662291004,3.287019926924691,109.45840260117085,106.17138267424616,27.325674545094017,17.361718766562724,43.4967135340111,45.33955820252332,102783.7769,483.91488010778426,29.401782591994618,13,0,5.4176563198490175,33.343741541704645,0.19219958532247022,0.14760241187218312,4.823616336369074e-05,0.4608247601954178,0.4607765240320541,0.165958954315693,0.049519005976123354,0.3091930201946998,0.24143616785561642,2.9145711574402693,4.372625563006348,0.2445169817409216,11,0,0.0056272077334376,0.1236984203957929,-0.43024884566158617,0.17187108778817706,-0.3566925146866078,0.5299064376113238,0.3310465537388155,-0.014194530820786378
Stationary_31,31,Stationary,50,-0.043896,0.16305214886342217,-0.2701,0.3272,0.5972999999999999,-0.09005,-0.16415,0.008625,0.16727564676305992,1.3990570999999998,2.0557000000000003,0.0974,5,3,0.2496,-0.1969,-0.08684399999999998,0.06979895373755357,-0.243,0.0739,0.31689999999999996,-0.08124999999999999,-0.131925,-0.032575,0.11097899080456625,0.61581682,2.6702000000000004,0.1969,48,4,-0.0205,-0.1911,0.98504,0.2698099232679879,0.5512,1.5211,0.9698999999999999,0.9948,0.764925,1.169525,1.0206102333408185,52.08226241999999,5.3373,0.23940000000000006,23,0,0.9875,1.1134,8.439200000000001,13.239132599985544,-18.76,43.89,62.650000000000006,7.734999999999999,1.3475000000000001,16.52,15.58811200883545,12149.4618,564.34,37.730000000000004,45,10,13.86,3.36,-12.266799999999998,36.66598849069803,-75.67,54.88,130.55,-13.3,-40.145,17.7275,38.31424278254759,73399.06000000001,678.8599999999999,31.499999999999996,10,6,-4.2,-35.98,2.9721999999999995,9.728969215698035,-22.75,18.9,41.65,4.0600000000000005,1.225,7.84,10.079372897159821,5079.687899999999,128.87,7.909999999999998,15,2,2.94,0.91,1.0064268642245007,0.26543705539116647,0.5887278743188571,1.525687733450066,0.9369598591312089,1.0259416538636557,0.7836196575062644,1.1949041862119496,1.040164759449194,54.09713634,5.2653556376669535,0.2561583567906889,23,0,1.0187623177169445,1.14671198650751,38.45224563165141,18.46090739702621,8.704803271757495,76.30459160496176,67.59978833320426,37.39483522350939,21.84203578950633,53.433102640964165,42.574219828436085,90628.2097,537.3929307652514,30.088920094311003,10,0,14.777794152037712,36.14800271107658,0.22666689682039684,0.13443425005772106,0.0004279865862589,0.525687733450066,0.5252597468638072,0.2050881570428037,0.1274385527811286,0.3309854936540499,0.26284786160628865,3.4544499175499332,4.683503485483368,0.23015020064282873,23,0,0.0187623177169442,0.1467119865075099,0.1541715165098055,0.4474202053895025,-0.532240700706416,0.2782240844177331,0.30881250395853316,0.2369606787392424
Stationary_32,32,Stationary,50,-0.056216,0.07948649059906408,-0.2057,0.172,0.3777,-0.0505,-0.118375,-0.01575,0.09670562961896272,0.46759893999999996,1.7672000000000003,0.10099999999999999,47,4,-0.0373,-0.1135,0.009879999999999998,0.049375504130725244,-0.1545,0.0739,0.2284,0.012799999999999999,-0.016625,0.047175,0.04986778519244664,0.12433980000000001,2.3661,0.22110000000000002,3,22,0.0578,0.0505,1.0050359999999998,0.3194943382079544,0.4721,1.6331,1.161,0.99735,0.727225,1.2665250000000001,1.0536282365236802,55.50662304,8.0243,0.4018999999999999,5,0,0.5856,1.1229,6.073200000000001,20.278898194921734,-32.55,42.91,75.46,2.8,-7.875,20.685,20.973621432647246,21994.639799999994,619.0099999999999,33.809999999999995,13,14,21.28,3.43,-1.9124000000000008,31.8381137632241,-64.33,63.21,127.53999999999999,-2.135,-25.759999999999998,23.45,31.57608987826073,49852.472599999994,746.27,37.52,8,9,40.39,-26.18,2.9819999999999998,6.162661762582789,-8.82,22.75,31.57,2.59,-1.54,7.035,6.79051956775032,2305.5577999999996,119.0,6.02,1,6,22.75,1.89,1.010993632809722,0.3192195681214321,0.4758743636717574,1.643486312690191,1.1676119490184336,1.004077376725656,0.7282028536745232,1.2684934691465464,1.0592314362782103,56.09856178,8.039388760747713,0.40514454554516355,5,0,0.5896265682616414,1.129750817658478,34.770558410051834,16.722881545867516,4.68425020681005,72.76509259253368,68.08084238572363,33.50485210065799,24.946919751177205,43.60188019230412,38.51043240473936,74152.6702,653.3593959047735,33.370285579776876,3,0,51.00738181871326,26.471293886019247,0.27973383038081656,0.1489177081376555,0.0126696095024725,0.6434863126901911,0.6308167031877185,0.2702866460259644,0.18077345050316188,0.38744667007734646,0.3162024193148369,4.999198499027798,6.770968026090834,0.33586549469100424,5,0,0.4103734317383586,0.129750817658478,-0.18740976818308536,0.24299740775057022,-0.4604862980792451,0.6768650514276366,0.08677000307996281,-0.013404888435462465
Stationary_33,33,Stationary,50,-0.18036399999999997,0.04203425114579484,-0.2965,-0.0944,0.2021,-0.17785,-0.20425,-0.1568,0.18510189950402994,1.71313566,1.1071000000000002,0.08349999999999999,11,0,-0.1793,-0.1632,-0.017838,0.04559417206760764,-0.1457,0.0468,0.1925,-0.00625,-0.030525,0.012225,0.04853293932990253,0.11777231000000002,1.5831,0.1303,16,18,-0.0278,-0.0139,0.9615,0.23422105292362824,0.4934,1.5431,1.0496999999999999,0.982,0.8013750000000001,1.1423,0.9890624659747229,48.91222808,5.6898,0.33519999999999994,7,0,0.5578,0.825,3.9284000000000003,13.32074051995609,-24.78,37.59,62.370000000000005,3.71,-1.785,12.0225,13.759564382639445,9466.2806,364.00000000000006,38.08,15,10,-22.54,-6.3,1.4182,19.32934458278397,-41.51,38.43,79.94,0.9450000000000001,-11.55,14.945,19.187557999912336,18408.119099999996,471.59,26.74,10,10,-36.75,-12.6,1.8508000000000002,5.468933351212099,-11.48,9.87,21.35,3.29,-1.1375000000000002,5.5649999999999995,5.721582648183979,1636.8253999999997,83.16000000000001,8.05,7,4,-6.16,-1.96,0.9817384048485289,0.2282417833768546,0.5270982451118577,1.560773865747373,1.0336756206355155,0.9968107497109793,0.8283862695182407,1.1498815585672153,1.0074039512529223,50.743136050000004,5.595570097047961,0.33428179466904395,7,0,0.5865681290353235,0.841101926047016,20.86613435692786,12.56935611970291,3.407066186618628,54.54585777123686,51.13879158461823,17.924240057474904,12.7396426177364,27.76142941539572,24.294536463987125,29511.225100000003,400.25456895448076,30.16679853705763,15,0,43.54950860801991,14.222925156239835,0.18641913114836128,0.13028155869325198,0.012422900768251,0.5607738657473733,0.5483509649791223,0.15742037681227988,0.09898739964338847,0.2237742116137482,0.22668460755627481,2.569295565147116,4.710038219257068,0.3342817946690439,7,0,0.4134318709646765,0.158898073952984,-0.09545858624887635,0.17974322400960782,-0.5434742950003175,0.7408236257385721,-0.002139512450792418,0.12999916146808063
Stationary_34,34,Stationary,50,0.025693999999999998,0.4127138532411323,-0.314,0.874,1.188,-0.22255000000000003,-0.26225,0.40025,0.409372998376786,8.37931259,2.6725,0.3997,6,1,0.6434,-0.2635,-0.091738,0.10353193313945142,-0.3316,0.1625,0.4941,-0.086,-0.140925,-0.03825,0.1375512435421796,0.9460172300000002,3.2481,0.4941,14,6,-0.1054,-0.1837,0.896216,0.36734428124480895,0.1362,1.5679,1.4317000000000002,0.9234,0.688625,1.1770749999999999,0.9671846272558305,46.772305159999995,6.608300000000001,0.4063000000000001,27,0,0.7049,1.1602,3.927,27.05690022896193,-118.79,63.56,182.35000000000002,2.835,-4.865,13.3875,27.07130698728822,36642.7831,668.5,112.63000000000001,15,8,3.57,13.65,-27.0326,65.64731173475423,-171.85,80.43,252.28,-7.42,-45.8675,17.0975,70.38564917651892,247706.9805,725.6899999999999,42.629999999999995,16,8,0.28,21.77,2.3884,6.680802945754349,-16.59,17.15,33.739999999999995,3.255,-1.26,5.705,7.031708185071391,2472.246,139.86,17.71,27,5,3.29,-0.63,0.9936136235733273,0.3707200201173365,0.2571274003290975,1.6033392435788505,1.346211843249753,1.0259720139356032,0.7338827712365888,1.257618350692502,1.0592226865017573,56.097634979999995,6.657015933339654,0.422531802265279,27,0,0.9601857788990628,1.2038446660595377,54.90241528683545,52.704073610825986,4.109184834002968,201.1037259724444,196.99454113844143,28.900963806738385,15.269254540617675,85.72391858305063,75.73929093937967,286822.0096,736.3195822608591,49.25600916379432,15,0,4.862859241228353,25.70315739359661,0.3037576503823079,0.20814227445639888,0.0135329402357117,0.7428725996709025,0.7293396594351907,0.26680245926427604,0.13293682903003953,0.4605280039178121,0.3670496593832306,6.736272622667279,5.655054094895888,0.3242957021925119,21,0,0.0398142211009372,0.2038446660595376,-0.3868728956702941,0.2366437543676744,-0.5553698938931946,0.4916141848228578,0.49451173160814005,0.3230034579608797
Stationary_35,35,Stationary,50,-0.169634,0.12841265213588351,-0.2869,0.2796,0.5665,-0.21555000000000002,-0.24082499999999998,-0.13635,0.21198044013540493,2.2467853499999997,1.6465,0.15149999999999997,23,1,0.2796,-0.2255,-0.09440999999999997,0.12979302243753085,-0.3989,0.1354,0.5343,-0.07139999999999999,-0.157725,-0.0036499999999999996,0.15944451135112805,1.27112761,2.5579,0.1939,17,6,-0.1852,-0.1347,0.9061220000000002,0.3856248638619811,0.0549,1.6624,1.6075000000000002,0.94135,0.69835,1.147425,0.9832545366282325,48.339474190000004,6.9453000000000005,0.3550000000000001,17,0,1.0995,1.098,3.2242,30.101944820891557,-64.75,75.74,140.49,1.5050000000000001,-10.9025,20.055,29.97332157102379,44920.0003,645.54,51.31,15,11,-2.52,16.94,-11.950399999999997,70.26754306221329,-161.91,140.98,302.89,-3.815,-45.22,17.482499999999998,70.58037344758101,249079.45579999997,885.15,52.71,5,7,-98.49,15.82,0.1021999999999998,16.463907251925345,-23.17,49.91,73.08,-1.435,-11.532499999999999,5.6,16.29875706917555,13282.474099999998,202.16000000000003,18.830000000000002,15,3,-11.97,0.77,0.9517087769880864,0.3661690069306415,0.2304908024195325,1.7109449377463906,1.480454135326858,0.9738389307852942,0.7300510373971583,1.180070160099291,1.0184045085328324,51.857387149999994,6.630357256334488,0.3149494047089888,17,0,1.149510961235255,1.1289811070164106,59.959002685785634,51.015769880058194,6.95294182342985,166.0114014156859,159.05845959225604,44.26085846638068,15.144862905767528,96.90503975339429,78.39412352976467,307281.93020000006,806.3633944773796,57.57509830264806,14,0,99.24671984504072,23.191138393791714,0.2928623924580684,0.22122527097490893,0.0010544890264465,0.7695091975804674,0.768454708554021,0.2295569755215664,0.1383881635393778,0.4244330687690357,0.36569138494614156,6.6865094511913545,5.883595167420152,0.3094871458626954,8,0,0.1495109612352549,0.1289811070164106,-0.4606918127430058,0.27974541169214795,-0.8641387167392705,0.6515204822626754,0.7216027383201599,0.7580689749795624
Stationary_36,36,Stationary,50,-0.19377799999999998,0.04050379317081908,-0.2811,-0.0798,0.20130000000000003,-0.1995,-0.21995,-0.1689,0.19788294368135925,1.95788297,1.395,0.101,50,0,-0.1449,-0.2811,-0.189648,0.07308961857101967,-0.3338,-0.0673,0.26649999999999996,-0.17825000000000002,-0.23972500000000002,-0.1261,0.20298180805185476,2.06008072,2.2188,0.1618,21,0,-0.2372,-0.314,0.955686,0.23796854877937815,0.5856,1.3278,0.7422000000000001,0.9681,0.72795,1.19445,0.9842927309494873,48.44160900999999,6.3743,0.33519999999999994,22,0,1.2715,1.1236,6.309800000000001,13.003930252043034,-27.02,32.34,59.36,4.9,-1.61,15.0325,14.336447746914157,10276.6867,429.87000000000006,27.3,40,14,2.66,25.55,0.27019999999999983,19.98232223741775,-33.74,37.1,70.84,-0.525,-18.97,17.814999999999998,19.783335057568024,19569.0173,532.7,22.330000000000002,30,10,27.65,26.81,4.4590000000000005,8.740815179375433,-13.16,21.98,35.14,4.445,0.35,10.762500000000001,9.734294735624148,4737.8247,162.68,8.05,9,4,6.51,4.83,0.9975799842197196,0.23479393719396796,0.6380716574178796,1.3749877599455205,0.7369161025276408,1.0116596638404867,0.7665015084507062,1.2299045144107912,1.024300470565156,52.4595727,6.3601757183872065,0.3685709082556754,22,0,1.3015268341451898,1.2000375702451986,24.267855562303556,10.239068855502781,4.986241069182275,43.63117463465773,38.644933565475455,23.477222506692826,17.219616352528238,31.087514569920963,26.29963068181757,34583.5287,448.00924701151894,27.71860648231071,25,0,28.530303188013967,37.3484604769728,0.21080769212189804,0.09893103402195376,0.0024643085915827,0.3749877599455204,0.3725234513539377,0.2337843752444546,0.11868285214605567,0.2879121413565629,0.23244673704003863,2.701574278028043,4.906873596302145,0.2067682126733148,22,0,0.3015268341451897,0.2000375702451986,-0.04055756185091598,0.3873248745824394,-0.5999938844983654,0.6168569740581779,0.6191056206764639,0.3382542427357611
Stationary_37,37,Stationary,50,0.12431799999999998,0.4791538463217194,-0.4839,0.8381,1.322,-0.16620000000000001,-0.24902500000000002,0.71665,0.49035864976565874,12.022580269999999,2.6428000000000003,0.24150000000000002,8,1,0.7174,-0.1222,-0.024184,0.127050048566761,-0.5087,0.3609,0.8696,-0.02085,-0.0646,0.009850000000000001,0.12807711114793308,0.82018732,4.110600000000001,0.8696,20,9,-0.0124,0.0776,0.8540359999999998,0.33313690925834694,0.2174,1.5687,1.3513,0.84985,0.6528999999999999,1.1088,0.9154988179129452,41.90690428,4.8394,0.3908999999999999,35,0,0.642,1.0248,5.879999999999999,34.06146209427892,-91.35,85.89,177.24,0.91,-9.765,23.537499999999998,34.22797008295993,58577.6968,855.75,127.47,21,9,2.03,-34.3,-28.5502,81.46967903459544,-193.48,123.13,316.61,-8.26,-67.8475,15.942499999999999,85.55510709478423,365983.81749999995,755.72,45.010000000000005,21,4,1.05,2.73,-1.7990000000000002,11.300586267977428,-32.55,20.58,53.129999999999995,1.225,-9.870000000000001,5.7225,11.330736339708906,6419.279299999999,204.19,15.330000000000002,20,5,1.47,-5.46,1.0029161118975283,0.301615903021465,0.4188388114776375,1.5955741098425984,1.1767352983649608,1.036178933071918,0.7511876418771044,1.2237432548856952,1.0464193410865454,54.74967186999999,4.473625766122355,0.29169122265687586,35,0,0.9627982758605252,1.0349732556931122,70.2349404116619,61.334388075385085,1.8467268341582088,214.921899535622,213.0751727014638,42.265396746095654,26.991716947765394,114.77413075229934,92.84188640909878,430980.7936,751.9577605519053,44.137865998252785,21,0,2.7174068521294337,34.8389796061825,0.24509287049105677,0.17229157310399917,0.0009210441611734,0.5955741098425984,0.594653065681425,0.2367757574848176,0.09282132835640441,0.3604114736110602,0.29859875017311044,4.458060680247181,4.032496989564788,0.27541496114845265,35,0,0.0372017241394747,0.0349732556931121,-0.27241266311799844,0.147076379810413,-0.47181240406331804,0.4082449517126406,0.494714292515617,0.5357296892514457
Stationary_38,38,Stationary,50,0.18983400000000003,0.4254519491849886,-0.2906,0.8528,1.1434,0.0498,-0.2165,0.682025,0.46198065046060105,10.671306070000002,1.6892000000000005,0.12219999999999998,12,1,0.6815,-0.2555,-0.043225999999999994,0.09434593490263934,-0.2401,0.1413,0.3814,-0.036199999999999996,-0.110175,0.039925,0.10291559357065382,0.52958097,2.4451,0.15080000000000002,13,9,-0.0834,0.0447,0.8790720000000001,0.21580738675863675,0.5475,1.3637,0.8161999999999999,0.84215,0.697075,1.002125,0.9046595784050485,40.92044764,3.9617,0.2562,37,0,0.6969,0.8638,0.8273999999999998,15.080123938482734,-32.41,26.6,59.01,4.55,-9.7125,8.137500000000001,14.951472368967545,11177.3263,493.7099999999999,38.29,28,15,4.83,-2.66,-29.939,39.96639651006831,-105.07,16.87,121.94,-16.134999999999998,-56.7175,0.4725,49.61562570400579,123085.51569999997,356.29999999999995,28.28,16,8,-0.21,-27.23,0.8792,5.624573939419767,-13.37,11.27,24.64,2.24,-1.75,3.815,5.637030069105539,1588.8054,96.53,7.63,24,6,2.24,5.53,0.9952637169732255,0.23007724363219192,0.5763826073017818,1.4469511740207406,0.8705685667189588,0.976040146115625,0.8300695764933924,1.1159798792706357,1.0209929939034843,52.121334680000004,4.08005539002948,0.24705854887716971,13,0,0.9782982265137764,0.9019028661668615,39.64918696095729,34.18101456165895,5.017589062488079,106.4118578918722,101.39426882938412,26.199411755648107,11.550596233619103,62.05844269484942,52.12516616760085,135851.64740000002,379.4196994755955,25.50438590213588,17,0,5.328283025515819,27.912889495715056,0.18170467395828688,0.13880933596220016,0.0051982739738463,0.4469511740207406,0.44175290004689427,0.1470187174387185,0.06115658717828515,0.31575851591671344,0.22781409011197917,2.594962982677448,3.6576397519081216,0.24705854887716971,13,0,0.0217017734862237,0.0980971338331383,-0.83018574749732,-0.1563671787292566,-0.0366065719678613,0.2789961318016396,0.7129736261268169,0.5803374987924218
Stationary_39,39,Stationary,50,-0.021900000000000013,0.51489789437582,-0.7379,0.9575,1.6954,-0.29905000000000004,-0.42967500000000003,0.353525,0.5101931544033103,13.01485274,3.6769,0.3682,7,1,0.6954,-0.3023,-0.024620000000000003,0.08566389232914642,-0.2159,0.2211,0.437,-0.0165,-0.0818,0.016675000000000002,0.08830447780265732,0.38988404,4.1541,0.3346,26,18,-0.0227,-0.0044,0.8482120000000001,0.3407790939501269,0.1157,1.7927,1.677,0.8484,0.702375,1.0475,0.912836995306391,41.663569,6.6156999999999995,0.5153000000000001,32,0,0.6464,0.7181,4.627,22.34497818302806,-41.65,86.45,128.1,2.59,-6.7725,10.15,22.599141974862675,25536.060900000004,741.7199999999999,68.46000000000001,41,16,4.13,3.57,-32.9154,64.47539575683115,-141.12,98.56,239.68,-6.755000000000001,-89.88,6.8774999999999995,71.8147525373443,257867.9341,772.66,48.160000000000004,13,6,0.63,20.23,-3.1542000000000003,9.564156104957718,-26.46,18.62,45.08,-1.645,-10.675,2.1350000000000002,9.979609110581437,4979.629900000001,201.95000000000002,16.1,16,11,4.27,-2.24,1.0033351350710733,0.31083285476923206,0.4865227743898532,1.849322521898222,1.3627997475083689,0.953370003433551,0.8341528782069085,1.1809685566502903,1.0494599161473488,55.06830578000001,6.612880500736166,0.429915052731916,32,0,0.9496996419921404,0.7791484197506916,59.95117496459826,47.09444612131668,2.9123701687800607,149.18469894731163,146.27232877853157,51.02923277834475,11.126640082654658,99.11286922506649,75.94519404149284,288383.62489999994,868.3635547851338,68.23686048535413,13,0,5.973834614382959,20.66435094552936,0.2408496725750099,0.19348385124399312,0.0032141546050872,0.8493225218982221,0.8461083672931349,0.17824126077781174,0.10346708934479337,0.37856468612173666,0.30772690077055825,4.7347922728926495,5.722111492533455,0.4299150527319162,32,0,0.0503003580078594,0.2208515802493084,-0.33125806179869116,0.18728132472457343,-0.5032474480914708,0.3109367683747964,0.46420350481992445,0.5069891183112989
Stationary_4,4,Stationary,50,-0.015928,0.08826397337486211,-0.1991,0.1808,0.3799,-0.0106,-0.072125,0.039875,0.08881677544248046,0.39442098000000003,1.8074000000000001,0.1391,8,8,-0.0161,-0.0037,-0.007605999999999998,0.055594183405923224,-0.1274,0.0937,0.22110000000000002,-0.00405,-0.04975,0.0357,0.055558529498178764,0.15433751,2.0743,0.15589999999999998,49,10,-0.0081,-0.052,0.998468,0.19855933204676415,0.6412,1.434,0.7928,1.0142,0.8476750000000001,1.15475,1.01763236937511,51.77878196,5.7829,0.36239999999999994,12,0,0.9758,1.0197,6.918800000000001,14.789518991502057,-27.86,37.59,65.45,12.67,-0.42,15.9425,16.193364937529196,13111.2534,472.08000000000004,25.97,8,11,6.72,-7.14,0.6888000000000004,14.538592504090623,-23.38,30.59,53.97,-3.325,-10.22,11.83,14.408945277153355,10380.8852,402.29,21.42,12,10,-1.26,-5.95,2.972200000000001,10.773859197149367,-26.53,19.04,45.57,3.885,-0.7175,11.095,11.071968840274073,6129.4247,227.29,14.139999999999999,5,7,-1.26,3.71,1.0043970141877427,0.19623353145706138,0.6494493744704047,1.4391443742724357,0.789694999802031,1.0163589549148222,0.8567990290830438,1.1550917174199995,1.0230106592797554,52.32754045,5.724685061872268,0.35122243976574197,12,0,0.9759664236027796,1.0210317233073614,22.63840897218961,9.031334636373979,5.26723836559539,44.57488754893275,39.30764918333736,23.176059335115994,16.583773744006827,28.362679145989283,24.33991096943454,29621.563299999998,302.5608506052341,21.965556656312963,8,0,6.952237050043676,10.007307330146308,0.16601220743271203,0.10200403957503443,0.0116861865222832,0.4391443742724354,0.4274581877501522,0.15539639639251296,0.07812908036645955,0.2449266848750105,0.19431104092283202,1.887839031225725,4.511698105038419,0.2710757049920197,12,0,0.0240335763972204,0.0210317233073613,-0.057173469752454624,0.27766062204535424,-0.7391856418932803,-0.33851054606566405,0.7381788872948952,-0.2460522984125976
Stationary_40,40,Stationary,50,-0.011126000000000004,0.45508339438043255,-0.5739,0.9165,1.4904,-0.2324,-0.338725,0.34077500000000005,0.45064694140757244,10.15413329,2.9143999999999997,0.20500000000000002,6,1,0.6939,-0.3667,-0.026847999999999997,0.10058165784017259,-0.3126,0.1859,0.4985,-0.0066,-0.0966,0.04465,0.10312687137695976,0.5317575800000001,4.1377999999999995,0.3067,20,17,-0.0966,0.09,0.870794,0.2829347039476762,0.1911,1.4516,1.2605,0.89815,0.729025,1.065025,0.9147312152758317,41.83665980999999,4.8532,0.4882000000000001,31,0,0.7239,0.7913,1.6926000000000005,24.305483702243,-56.49,51.17,107.66,3.955,-12.46,21.2275,24.120661309342246,29090.3151,731.22,77.77,24,9,-1.26,25.06,-31.5322,65.37247312133755,-132.86,97.58,230.44,-17.605,-103.2675,6.6325,71.98867045584326,259118.43370000002,640.08,41.09,17,6,1.12,6.3,-4.079600000000001,13.212638192276364,-39.34,16.24,55.58,-1.575,-9.17,5.6875,13.701294391406966,9386.2734,221.26999999999998,14.21,21,6,4.48,7.07,0.9930097764595406,0.25631333952039115,0.5447773123029263,1.5006891783444034,0.9559118660414772,1.0029781661351338,0.7778713243013327,1.1941387276368245,1.0249151250713397,52.52255068,4.6597904256581115,0.3585081604479319,31,0,1.0074025908245423,0.876769399557261,62.21781867486609,46.079384510636274,4.786689879238053,142.96737005344963,138.18068017421157,42.033504692768346,22.765694507447595,111.50406180106032,77.14856086797731,297595.0222,567.8668794197977,39.78240791618449,17,0,4.786689879238053,26.78952220551908,0.20949313392571253,0.14478727365043154,6.350002016430878e-07,0.5006891783444034,0.5006885433442018,0.2031582963816568,0.07631501656933158,0.31546520991871285,0.253833529465512,3.2215730340459485,4.209025153361997,0.35850816044793193,31,0,0.0074025908245423,0.123230600442739,-0.5115323056465058,0.26916805702790525,-0.10164882962563648,-0.24181545056435222,0.3768297843891853,0.5490588595765107
Stationary_41,41,Stationary,50,-0.19938200000000003,0.03965373436360808,-0.2716,-0.1259,0.1457,-0.20090000000000002,-0.22715000000000002,-0.17,0.20320962624836453,2.06470761,1.1421000000000001,0.08130000000000001,26,0,-0.2686,-0.2057,-0.128626,0.053558108096320424,-0.2408,0.0007,0.2415,-0.13105,-0.173325,-0.090375,0.13912494168911627,0.96778747,1.6355,0.1179,37,2,-0.0959,-0.1266,0.9619979999999998,0.14552214852112405,0.6925,1.2539,0.5614,0.9498,0.84475,1.07515,0.9727246855097285,47.30966569,4.084300000000001,0.22619999999999996,1,0,1.2539,0.8118,6.769,8.830461482844484,-10.08,34.93,45.01,6.37,0.525,10.8675,11.056078418679926,6111.8435,326.05999999999995,25.759999999999998,9,13,11.62,-1.68,0.09660000000000009,13.985076975118872,-28.21,25.97,54.18,-1.26,-10.7275,10.43,13.844856879000229,9584.003099999998,382.76,17.22,4,11,1.54,-4.2,4.611600000000001,4.048546405810362,-1.19,12.53,13.719999999999999,3.99,1.435,6.8425,6.109809162322502,1866.4884,84.49,6.090000000000001,5,6,9.8,3.99,0.993471325168768,0.1423488868203471,0.7346813935305562,1.285926895278266,0.5512455017477099,0.9852185233306279,0.8751695934224364,1.1089117116712446,1.0034157739441811,50.34216077,4.02697829011062,0.23008372880312078,1,0,1.285926895278266,0.8469706547454875,16.586602315875247,8.81391082873776,2.617288673417588,42.91919151149053,40.30190283807294,15.143848209265794,10.688907544303802,20.797319907889868,18.741576774647324,17562.335000000003,342.8096742168185,26.42694788001334,9,0,15.2786125024493,6.03179077886493,0.12106060531543662,0.07315691064155527,0.0016260720551642,0.2859268952782658,0.28430082322310163,0.112179765685512,0.06093635931841175,0.17286540569822703,0.14106936259324382,0.9950282531232048,3.29085594256031,0.1954267758417505,1,0,0.2859268952782658,0.1530293452545125,-0.6217571761825044,0.34476642767929117,-0.6774974795157727,0.7130264029122548,0.21254564174377308,-0.08700704210057111
Stationary_42,42,Stationary,50,-0.21800799999999998,0.032429331897942934,-0.2811,-0.1318,0.14930000000000002,-0.21445,-0.241725,-0.1969,0.22035906244128015,2.42790582,1.1311,0.07680000000000001,14,0,-0.1728,-0.2211,0.027346000000000002,0.06039257357371966,-0.1391,0.2621,0.4012,0.025599999999999998,0.000925,0.050325,0.06574284295647702,0.21610606999999998,2.0484,0.2394,12,11,0.142,-0.0834,0.967388,0.18038938228403667,0.672,1.2708,0.5987999999999999,0.9882,0.8108500000000001,1.1514,0.9837322121390557,48.38645326,4.8261,0.20789999999999997,11,0,1.218,1.2085,7.840000000000001,11.864703957537246,-45.15,39.2,84.35,8.05,2.24,13.334999999999999,14.121663358117557,9971.068800000001,444.08,46.9,11,10,13.23,3.57,0.3275999999999998,15.960372426732404,-25.69,27.93,53.620000000000005,-2.275,-14.14,12.7925,15.803358503811776,12487.306999999999,428.4,17.08,19,10,0.91,9.59,5.544,5.7441100268013665,-5.88,18.48,24.36,5.18,1.7675,10.045,7.941715179984736,3153.5419999999995,129.36,8.4,41,6,9.94,1.82,0.9954220675752243,0.174216058634057,0.7197188895673088,1.2856191854511194,0.5659002958838106,1.009275975844007,0.8435475332137756,1.171371612964137,1.0102520987357562,51.03046515,4.656244262658127,0.2031184652974517,11,0,1.2383649865851345,1.2313866249070595,20.70925109044278,9.223156044512253,4.520829569890907,46.31916450023683,41.79833493034592,21.99980016087544,14.676904003637015,25.32855779238095,22.632683358364734,25611.9178,394.8204895338554,37.94311531222462,11,0,16.573008175946814,10.393526831639008,0.15514305848339052,0.07623673691254093,0.0026420602411588,0.2856191854511194,0.2829771252099606,0.17019626311612307,0.08797465823405645,0.21813157545544287,0.17252584690286635,1.488258392477564,3.546825502514209,0.1947478956681265,11,0,0.2383649865851342,0.2313866249070597,0.12860410971928748,0.3446480141130407,-0.05276338127535395,0.037837490810025416,0.48011680943069684,-0.21180382802318576
Stationary_43,43,Stationary,50,0.05661599999999999,0.11307391182184279,-0.2262,0.2855,0.5117,0.06625,0.0205,0.118225,0.1254406903679982,0.7867683400000001,1.6596,0.16690000000000002,14,4,-0.123,-0.2262,0.010353999999999999,0.04309474237547039,-0.093,0.1237,0.2167,0.0037,-0.016075,0.0373,0.043900102505575085,0.09636094999999999,2.194,0.1911,4,27,0.0739,-0.0249,0.984638,0.17724202741345704,0.6156,1.2883,0.6727,1.00685,0.8582500000000001,1.1044,1.0001492051689087,50.014921629999996,3.7944,0.1874,38,0,1.027,0.6156,5.915,11.2770674379468,-38.15,35.28,73.43,5.88,0.5775,12.7225,12.633923776879454,7980.8015,450.94000000000005,45.71,3,14,4.41,15.19,-3.5518000000000005,32.48462654856909,-67.48,61.32,128.8,-3.6750000000000003,-23.082500000000003,18.9875,32.35368952685304,52338.0613,527.38,28.909999999999997,46,8,40.67,2.31,2.6054000000000004,5.1402390994972205,-5.6,14.0,19.6,2.345,-1.5575,6.387499999999999,5.71679333193006,1634.0862999999997,101.01000000000002,9.24,6,9,-2.17,5.18,0.9936370216932093,0.17683870063274665,0.6563153281769366,1.293951320568127,0.6376359923911904,1.010689661948605,0.8605281896079007,1.105729401746515,1.0089405425494606,50.89805092,3.8005717141813813,0.19973278890436597,38,0,1.0369759929718718,0.6563153281769366,30.290032108391802,18.114514894691325,4.448168162288831,67.74325722904089,63.29508906675206,26.99598220391306,15.155509620910404,41.3758812584773,35.20026962964915,61952.949100000005,457.5732840882567,28.709038115287022,46,0,40.96591143865837,16.214333165443467,0.14275670349372152,0.10255659772001555,0.0017465647557768,0.3436846718230634,0.3419381070672866,0.13198736484205925,0.049489345830449026,0.21621684664188717,0.17517698197417753,1.534348750679066,3.478996862826908,0.19973278890436588,50,0,0.0369759929718718,0.3436846718230634,0.004869324865291689,0.7267609733104681,0.010829102433787121,-0.19068544066328877,0.6351797133621987,-0.3527615752047697
Stationary_44,44,Stationary,50,-0.06639600000000001,0.11605524187793906,-0.2357,0.1779,0.41359999999999997,-0.0853,-0.15465,-0.00585,0.13269465550654255,0.88039358,1.5558,0.09009999999999999,28,2,0.1779,0.0073,-0.032192,0.06926032182708824,-0.1603,0.1149,0.2752,-0.03,-0.091125,0.013,0.07574547643258969,0.28686886,2.7092,0.19840000000000002,49,16,-0.0081,-0.0937,0.9740159999999999,0.29740543642698686,0.4319,1.5855,1.1536,0.9944,0.732925,1.19885,1.0175402508009204,51.7694081,5.757300000000001,0.35719999999999985,23,0,0.9977,1.2532,7.6621999999999995,15.877305879776959,-35.7,38.92,74.62,9.31,-0.315,16.345,17.485890712228528,15287.818699999998,501.83000000000004,31.15,21,8,3.08,26.95,-6.1754,40.13470889392372,-72.66,59.36,132.01999999999998,-10.115,-38.167500000000004,31.045,40.20838875160257,80835.7263,655.4100000000001,30.8,13,5,-4.97,21.28,1.2893999999999999,7.739225930285277,-14.56,16.24,30.799999999999997,0.63,-3.1325,7.4025,7.769186443894881,3018.0128999999997,112.35000000000001,10.5,21,5,-0.84,5.81,0.9880023801513083,0.2902931446169221,0.4494900443836325,1.594391438762765,1.1449013943791324,1.0053450099564527,0.7604114395965437,1.2102581611622862,1.028947720149085,52.936670539999994,5.639216338707774,0.33231689233531503,23,0,1.0134689487103197,1.2567192287858096,39.43215314296529,20.896646945894446,5.907021245941138,81.74345723053314,75.836435984592,38.97151663804617,22.786148944913517,56.7450278732842,44.52899233083991,99141.5579,590.898129268323,32.00175056675012,12,0,5.907021245941138,34.82667081419067,0.23752775983575872,0.16384790671686794,0.0016017127418537,0.5943914387627649,0.5927897260209112,0.21434769518925956,0.11447835314093897,0.35984816085547316,0.28762588634784486,4.136432524869168,5.225851126721754,0.2790052802843743,23,0,0.0134689487103194,0.2567192287858095,-0.18699160410344626,0.44587585392293677,-0.5975472995826051,0.5701823636535762,0.6854611458241032,0.471836439921355
Stationary_45,45,Stationary,50,-0.043926,0.11108870478411496,-0.2072,0.2804,0.4876,-0.0688,-0.1054,-0.001425,0.11842035213593989,0.7011689900000001,2.2316000000000003,0.33899999999999997,13,5,0.2247,-0.1135,-0.007630000000000001,0.052200872813095565,-0.1347,0.1142,0.24889999999999998,-0.00585,-0.041025000000000006,0.02305,0.05223647576167443,0.13643247,2.0408,0.1347,2,18,-0.0805,-0.0351,0.972436,0.23045357650175224,0.5944,1.382,0.7875999999999999,0.96185,0.78925,1.191525,0.9988385495163871,49.883922399999996,5.4285,0.3389,15,0,1.1448,0.9531,5.0582,16.216416435205407,-28.77,41.93,70.7,3.395,-4.445,17.9725,16.831461790349643,14164.905299999997,572.6,53.550000000000004,35,15,18.27,-4.13,-8.474200000000002,33.33972228438624,-72.8,75.04,147.84,-7.84,-31.4125,15.802499999999998,34.07518754167025,58055.92029999999,615.7900000000001,35.769999999999996,12,8,-60.27,-26.88,1.0486,8.021040954888587,-16.1,17.15,33.25,-0.385,-2.9749999999999996,6.9125,8.009364394257512,3207.4959,110.80999999999999,8.33,43,8,3.85,6.86,0.9813593901086141,0.2289377079648809,0.615712895755806,1.3918902974013432,0.7761774016455372,0.9684021114572015,0.7932213150029277,1.1926280738960884,1.0071893949004824,50.721523860000005,5.380239090675098,0.36263846461286364,15,0,1.169417538777318,0.9604758560213784,34.21062389144452,18.57691245842223,6.758535344288732,76.45288352966159,69.69434818537286,33.83397995259628,19.094053232736854,43.95757579734509,38.84026815046467,75428.32149999999,468.5446716472055,28.174919614216154,12,0,63.09586595015556,28.04729755252723,0.19845059613928856,0.11216359168976173,0.0014793492370827,0.3918902974013432,0.3904109481642605,0.20249949573274723,0.10745527298449437,0.28370489354814143,0.22740206019904843,2.5855848491385824,4.589530236653946,0.23434215911154127,15,0,0.169417538777318,0.0395241439786214,-0.03740599948912374,0.567053519510013,-0.3746100707822771,0.29496723575244005,0.2837549408621524,-0.01564960474566405
Stationary_46,46,Stationary,50,0.142522,0.39338589056278767,-0.2394,1.1507,1.3901000000000001,-0.0029500000000000004,-0.10685,0.20515,0.4146925731189311,8.59849651,2.7335000000000003,0.2723000000000001,7,4,0.7049,0.0798,0.024712000000000005,0.07806628434234851,-0.2042,0.1823,0.38649999999999995,0.026000000000000002,-0.0049250000000000006,0.0701,0.08113655649582374,0.32915703999999996,3.6172,0.2628,13,18,0.0417,0.0059,0.9061140000000001,0.4142869024662764,0.1779,1.8739,1.696,0.9431499999999999,0.66725,1.16445,0.9946072319262514,49.46217729000001,7.6174,0.5051,25,0,0.6683,1.0255,4.0782,31.224675530740107,-66.29,70.56,136.85000000000002,6.755,-7.21,16.975,31.178718222531216,48605.6235,812.2799999999999,55.230000000000004,25,10,8.26,6.72,-22.1662,82.48063846746096,-185.92,95.27,281.19,2.17,-74.39250000000001,19.985,84.60694433673869,357916.7515,1015.7700000000001,65.66,13,7,3.57,-7.98,0.21840000000000032,13.740215718830619,-22.75,39.34,62.09,-0.8049999999999999,-10.692499999999999,6.8775,13.603872830925756,9253.267799999998,265.02,15.889999999999999,27,6,3.43,7.07,0.9976937937023735,0.4194307498091606,0.2461404680258815,1.87638866709432,1.6302481990684385,1.0524592731402438,0.7918439843387579,1.2641533320070175,1.080646388417599,58.38983084,7.721466265371935,0.5007515769778316,25,0,0.9722385458312172,1.0286170813281297,71.69532658967756,56.92183148127909,3.7126405697293134,187.27965933330827,183.56701876357897,66.97637538555479,18.504641547109344,103.54976402533049,91.18943390546956,415775.64280000003,710.3114921563116,48.52860830512327,13,0,9.630025960504987,12.602527524270675,0.33707857240322325,0.2449220313709545,0.0066268524135446,0.8763886670943202,0.8697618146807756,0.2531550330036282,0.13949033583881348,0.5667241336810884,0.4152216629647981,8.620451469762621,6.373509706026347,0.4828173731506474,25,0,0.0277614541687827,0.0286170813281296,-0.21893323859917055,0.15410628127999226,-0.22157110738231925,0.05996745693546766,0.3078618768817211,0.02869350158925057
Stationary_47,47,Stationary,50,-0.30335199999999996,0.09063012122616515,-0.4743,-0.1281,0.3462,-0.314,-0.35977499999999996,-0.24835000000000002,0.3163415533881061,5.00359892,1.841,0.11779999999999999,32,0,-0.1398,-0.3074,-0.07377600000000001,0.08794281435068113,-0.2701,0.172,0.4421,-0.0593,-0.1374,-0.024175,0.11411467039780643,0.6511079,3.2509,0.224,33,8,-0.049,-0.0161,0.944598,0.29935740804433153,0.4502,1.5518,1.1016000000000001,0.9523,0.686275,1.1977,0.98999391018329,49.00439711,6.5206,0.35129999999999995,21,0,0.9362,0.6786,4.4268,26.361724374554864,-39.62,65.8,105.41999999999999,2.24,-12.3025,16.8175,26.469572342597456,35031.91300000001,598.15,41.019999999999996,30,7,10.64,-18.69,-4.438,32.24234482788124,-66.01,57.61,123.62,-5.46,-25.1825,13.37,32.225351324694664,51923.6634,640.4300000000002,30.240000000000002,24,9,3.71,-20.72,1.0458,8.407632365892313,-20.51,17.36,37.870000000000005,0.98,-2.065,6.0725,8.388576398889146,3518.4107,140.49,7.77,13,8,3.29,1.68,1.0027347956833492,0.2991569926491608,0.5257420660361884,1.6082473814684108,1.0825053154322224,0.990452794522551,0.7534864932376726,1.2568821803515962,1.0455534795504244,54.65910393,6.580934017375546,0.3444673953748316,21,0,0.947847814788851,0.7451522864488842,37.301026472520654,20.655413040009158,4.7605146780574055,86.72454785122837,81.96403317317096,32.4070600773236,19.666475847740177,51.33289951043731,42.537979994353286,90473.98710000001,656.8929699756886,40.707069807547484,30,0,11.73873076614333,27.954550613451115,0.25109554210923724,0.15864064115700072,0.0048860015053551,0.6082473814684108,0.6033613799630557,0.25997889390671547,0.10866575640225928,0.3670502817773704,0.2961629403441658,4.385624361665095,5.794665152485467,0.29600570795777004,21,0,0.0521521852111489,0.2548477135511158,0.3620492901674612,-0.3743893517282295,-0.776445835225882,0.793719184292086,0.661496025087843,0.4900498257595846
Stationary_48,48,Stationary,50,-0.264024,0.058550398872793896,-0.3741,-0.101,0.2731,-0.2628,-0.3043,-0.239725,0.2703114107839327,3.6534129400000004,1.1669,0.07390000000000002,10,0,-0.101,-0.2255,-0.03886,0.05757977606977035,-0.1896,0.0476,0.2372,-0.021249999999999998,-0.078,-0.0027500000000000003,0.0689871118398212,0.23796108,1.851,0.11939999999999999,17,8,-0.0747,-0.0981,0.94367,0.20221087018359857,0.6054,1.2634,0.658,0.91645,0.76405,1.1372,0.9646680881007724,46.52922600999999,4.818600000000001,0.20129999999999992,18,0,0.9333,1.2151,4.6704,16.35329349091491,-24.64,40.11,64.75,3.535,-5.529999999999999,13.16,16.849161403464564,14194.711999999998,466.83,25.83,15,8,3.29,3.22,-3.3404000000000003,23.705248532761683,-57.26,35.07,92.33,-3.885,-19.7925,15.225,23.703550451356435,28092.915199999996,392.14,21.07,7,7,-20.23,10.15,2.0748,7.960512043832357,-17.15,11.55,28.7,4.48,-1.2425,7.4725,8.149058350508971,3320.3576000000003,134.75,8.190000000000001,19,6,4.34,2.03,0.9861047565492452,0.19168801637927702,0.6967808909549688,1.3023435645020864,0.6055626735471177,0.9427841005471618,0.8117242268243441,1.1832126560563982,1.0041971920892827,50.420600029999996,4.63322205966042,0.19348431188751392,17,0,0.9417165072355904,1.239734596597191,26.838272573597866,13.99222893890896,6.866425562110172,58.38642051025221,51.519994948142035,23.747123787408814,15.805383872163663,34.44160498989493,30.201981656838345,45607.9848,393.19510478680513,21.481390330338456,8,0,20.95024104873259,10.840285974087584,0.1707815305438433,0.08473341344289922,0.0161966787979579,0.3032191090450312,0.2870224302470733,0.19026201034818946,0.0908017516919452,0.23842480440754463,0.19026951280094576,1.8101243750754632,3.5991800815743518,0.1528264013967722,12,0,0.0582834927644094,0.2397345965971911,-0.1373152555401661,0.22472085492234786,-0.6986283166439607,0.6134913973674075,0.537704554208218,0.20872903585428454
Stationary_49,49,Stationary,50,-0.156212,0.06548447592945295,-0.2752,0.0029,0.2781,-0.1588,-0.20552499999999999,-0.136375,0.1691290666916837,1.4302320599999998,1.7310000000000003,0.12369999999999999,37,2,-0.194,-0.2196,-0.047404,0.07251290654998274,-0.2511,0.0864,0.3375,-0.03475,-0.0864,-0.001675,0.08602382460690759,0.37000492,2.3400999999999996,0.186,21,14,-0.1318,-0.0505,0.95529,0.237223730831019,0.6193,1.4699,0.8506,0.9420999999999999,0.74315,1.1323750000000001,0.9837319658321569,48.38642903,5.8838,0.2546999999999999,21,0,0.9611,0.6727,2.3142000000000005,19.853656640528467,-43.19,60.9,104.09,1.505,-9.6775,15.487499999999999,19.789892622245326,19581.9925,569.38,47.11000000000001,19,11,-5.04,7.28,-2.8280000000000003,22.60296440735153,-57.96,38.92,96.88,-4.725,-18.7425,12.862499999999999,22.55379577809465,25433.685200000004,455.63000000000005,24.43,1,8,-57.96,-8.05,2.1966,10.146643681533318,-20.65,21.42,42.07,3.01,-2.38,8.3125,10.282039778176312,5286.017099999999,177.10000000000002,16.310000000000002,19,6,2.38,21.14,0.9753785874159345,0.23116813258084315,0.65509731338176,1.493864689320957,0.838767375939197,0.9580422267030093,0.7652732069171313,1.1527289229425879,1.001864921134581,50.186666009999996,5.789510045602258,0.2586206809772653,21,0,0.9893030122262844,0.7094361845860415,28.999906340598876,12.977190674115088,6.292606773031348,64.57085488051091,58.278248107479556,28.49746970453881,19.36295501172707,34.56677866383701,31.718037391995107,50301.69479999999,470.67979446968474,39.791311669204916,19,0,58.22737844004314,23.763427783045103,0.20064443958772807,0.1139188497001144,0.0001335960760442,0.493864689320957,0.4937310932449128,0.22248537856724598,0.12083272173103929,0.28819389131495665,0.23016547388374903,2.648807268406538,5.195608658716552,0.2586206809772653,21,0,0.0106969877737155,0.2905638154139585,-0.3518501227048602,0.6192169935464811,-0.6634701017996951,0.33724705519208165,0.6751206251750157,-0.05579534407237294
Stationary_5,5,Stationary,50,0.018614,0.08471291738234832,-0.1691,0.1449,0.314,0.01755,-0.024675000000000002,0.091475,0.08590246678646661,0.36896169,1.8738000000000001,0.10250000000000001,5,7,-0.0849,0.1449,-0.012324000000000002,0.051283559684147814,-0.1427,0.09,0.2327,-0.0029,-0.05197499999999999,0.026549999999999997,0.052242553536365345,0.13646421999999997,1.8859999999999997,0.1961,15,14,-0.019,-0.0534,0.9802219999999999,0.1929191744577749,0.6712,1.3095,0.6383000000000001,0.98895,0.8235,1.1393499999999999,0.99865340383939,49.86543105,6.166099999999999,0.3132999999999999,7,0,1.005,1.1017,4.7292000000000005,13.87278025487321,-30.45,31.36,61.81,3.885,-4.235,13.44,14.52481614341469,10548.5142,498.19,34.23,14,11,-5.04,4.41,1.9614000000000005,13.312787010990597,-23.38,28.98,52.36,1.54,-7.84,12.4425,13.324142824211993,8876.639099999999,383.18,19.46,23,11,-16.8,7.42,2.4317999999999995,7.158586592337904,-13.79,19.32,33.11,1.995,-1.5225,7.1575,7.492269749548531,2806.7053,185.01,9.799999999999999,30,12,-6.16,-1.19,0.9853572512176347,0.19295824512061532,0.6721934022288526,1.3125579225314212,0.6403645203025686,0.9929909233513017,0.8284889036663966,1.1449237013033136,1.0037017182410322,50.370856960000005,6.168627645878886,0.303388806519856,7,0,1.008758648042236,1.1124704310677205,19.01875234171506,9.19872614098521,4.507804343580142,40.30359041078102,35.79578606720088,17.64671223378832,12.196945128395177,24.61950710375547,21.08642150769068,22231.858600000003,341.10164976796113,25.537538923764714,22,0,18.589975793421573,8.713242794734919,0.17094741097045954,0.08736283387155284,0.0087586480422361,0.3278065977711474,0.3190479497289113,0.15602150400977993,0.11442368331867252,0.252738178067625,0.19157932238300238,1.8351318382365178,4.5213427976964065,0.1952381422222082,12,0,0.0087586480422361,0.1124704310677204,-0.18391362769864633,0.4701558105108327,-0.7090599882278281,0.11593470636599867,0.6521211850583412,0.114974198107573
Stationary_50,50,Stationary,50,-0.07658000000000001,0.05337970263181713,-0.1676,0.0395,0.2071,-0.08345,-0.1149,-0.0344,0.09304246987263397,0.43284506000000006,1.3996000000000002,0.0871,12,5,-0.1501,0.0051,-0.05446000000000001,0.04965064070532201,-0.1669,0.0117,0.17859999999999998,-0.03735,-0.093175,-0.018500000000000003,0.07336057524310997,0.2690887,1.6148,0.1142,31,10,-0.0095,-0.1515,0.9690499999999999,0.17115062378036536,0.7188,1.2605,0.5417,0.9571000000000001,0.821875,1.1296750000000002,0.9837502669885279,48.38822938999999,4.329599999999999,0.1712999999999999,8,0,0.8418,1.1104,5.8058000000000005,10.859801195233732,-12.74,29.75,42.49,3.465,-1.47,14.315,12.21817866950717,7464.1945,322.55999999999995,23.45,7,7,-4.97,1.19,2.0761999999999996,13.399967238765921,-17.5,26.32,43.82,1.47,-9.765,14.805,13.426784648604446,9013.927300000001,332.36,14.490000000000002,7,9,-16.45,18.41,2.8462,4.2487788833969695,-5.81,10.15,15.96,3.605,-0.9625,5.984999999999999,5.078575981512928,1289.5966999999998,91.0,4.34,27,6,8.82,2.24,0.9765263421501145,0.16963215330717923,0.7238667556947204,1.2675638879362254,0.5436971322415051,0.9665356158946984,0.8272099005143584,1.1354646772041468,0.990859860424268,49.090163149999995,4.329220422453693,0.17563075847447174,8,0,0.8551301070597386,1.120699076469683,17.1292330702326,7.950339771050852,4.436586525697431,40.05792430967935,35.62133778398192,17.15150646718565,10.967959229470583,21.55481987962908,18.850845339135322,17767.7185,296.08692575027953,22.917495552742352,7,0,19.315687924586065,18.583912397555043,0.150458089497149,0.07897908535239667,0.0008394323233126,0.2761332443052796,0.275293811981967,0.16186270769492594,0.07315755309033287,0.21543849790382633,0.1695599560620704,1.4375289349885618,3.732294487378922,0.1739518938278467,3,0,0.1448698929402614,0.1206990764696829,-0.7467671872086761,0.7349371445313229,-0.7288098805887413,0.72657150761896,0.6924681173848208,0.3869711652186407
Stationary_6,6,Stationary,50,0.033415999999999994,0.041282310091982646,-0.0322,0.1193,0.1515,0.0212,0.003125,0.069175,0.05278990054925279,0.13933868,1.1073,0.0717,21,8,0.0102,0.0959,0.086334,0.02763452890416448,0.0176,0.1545,0.1369,0.08635,0.066075,0.10265,0.09056463658625258,0.41009767,0.7967000000000001,0.06219999999999999,42,0,0.0615,0.0776,0.9877440000000002,0.11795625470694547,0.7891,1.1932,0.4041,0.99405,0.8825999999999999,1.08955,0.9946223474263988,49.4636807,3.2846000000000006,0.16759999999999986,20,0,1.0533,1.0775,4.2434,7.359224008005191,-18.9,19.39,38.29,4.9,0.49000000000000005,9.24,8.430982030582202,3554.0728999999997,216.92999999999998,16.169999999999998,9,9,5.25,-6.3,1.0402,8.66880626153336,-13.93,17.71,31.64,-0.105,-6.4225,7.3325,8.644492697665953,3736.3627,237.16,12.04,39,10,6.51,6.09,3.1009999999999995,6.41738653970602,-11.13,18.76,29.89,3.2199999999999998,-0.26249999999999996,6.09,7.069327690806249,2498.7697000000007,141.47000000000003,7.49,46,8,6.09,3.64,0.9933615360406723,0.11734825074962184,0.7941804203076276,1.198227912377274,0.4040474920696465,1.0044168225415264,0.8910086680524927,1.0980264776247883,1.0001311618982782,50.01311705,3.272263437627752,0.16434436415562814,20,0,1.055143203551063,1.0845389896172477,12.929747907773839,5.402732211426521,3.005927477501744,24.996665777659228,21.990738300157485,12.858483352945466,9.090545648200916,14.847620246438154,13.992287375550863,9789.205300000001,184.57357966488786,15.134626047991365,40,0,10.345564266873025,9.488292786376272,0.1024618696437507,0.05570360875499091,0.0022358604639927,0.2058195796923724,0.2035837192283797,0.10772517086291014,0.06730347933699746,0.14552936611568415,0.11635836419723113,0.676963445932774,2.8595796067740036,0.1464566426814055,16,0,0.055143203551063,0.0845389896172474,-0.12510718958350991,0.7463560159039462,-0.5589110730367514,-0.3911011403824295,0.6679628169949573,-0.1796152418572998
Stationary_7,7,Stationary,50,0.025524,0.035603694832338474,-0.0351,0.093,0.1281,0.02015,2.5000000000000066e-05,0.05415,0.043517182813229076,0.09468726,1.037,0.0703,42,9,-0.0329,0.0395,-0.021623999999999997,0.044445066115833556,-0.1552,0.0695,0.2247,-0.0238,-0.04975,0.0049250000000000006,0.04902503442120158,0.12017270000000001,1.3314,0.1134,22,9,0.0695,-0.0307,0.990952,0.12438270967182746,0.7942,1.2195,0.4253,0.9688,0.904975,1.105125,0.998572733254819,49.85737517999999,3.6029999999999998,0.19910000000000005,22,0,0.8901,0.9765,6.9034,8.116857643201586,-8.47,28.49,36.96,4.97,2.205,9.379999999999999,10.593518867685091,5611.132100000001,327.39,19.46,21,14,12.6,4.97,1.0150000000000003,9.777272114449922,-18.34,20.86,39.2,1.12,-6.93,8.907499999999999,9.732079633870656,4735.6687,265.36999999999995,10.71,30,10,7.21,0.0,2.8517999999999994,5.262429286935835,-5.39,13.72,19.11,1.855,-1.6275,7.1225000000000005,5.939028708467403,1763.6031,88.82999999999998,6.65,21,7,4.9,-0.21,0.992981887993962,0.12548547731220494,0.7944864378955754,1.2294069830613457,0.4349205451657703,0.9700819550754266,0.9057886280747393,1.109973414879358,1.0007220906925158,50.07223514,3.6369744195595426,0.20091843173346646,22,0,0.8934151722463638,0.9777806451346848,13.720983082892475,7.41913557584947,1.9361043360315064,34.6104521784966,32.674347842465096,12.863747309579043,7.404512992856667,18.555786941761504,15.563035629336586,12110.403900000001,259.27924487841824,16.52316396557624,21,0,15.321687243903655,4.974434641243163,0.1076073435812398,0.06309683535730534,0.0124386845631689,0.2294069830613456,0.2169682984981767,0.1063357168830113,0.0492517310416351,0.15984923642969934,0.12442237263481094,0.7740463406037875,2.766653945036737,0.1401913851597777,22,0,0.1065848277536362,0.0222193548653153,-0.4159284853158364,0.5401511548987654,-0.625333323939982,0.37740015181844044,0.5598442667072733,-0.017840829824793392
Stationary_8,8,Stationary,50,-0.063056,0.08928738549293101,-0.1947,0.0717,0.2664,-0.07719999999999999,-0.1543,0.01665,0.10857647811565818,0.58944258,1.1513000000000002,0.0944,45,7,0.0556,-0.1545,0.015515999999999997,0.054686969533287305,-0.0966,0.1713,0.2679,0.0062,-0.007875,0.042300000000000004,0.05631693883726281,0.15857988000000003,1.8949000000000003,0.1545,30,13,0.0117,-0.0102,0.9933239999999999,0.23342211003472066,0.5212,1.3857,0.8644999999999999,0.98855,0.824975,1.2110750000000001,1.0198474066251284,52.004436639999994,4.7539,0.23349999999999993,38,0,0.9091,1.2298,6.428799999999999,19.970204605862204,-54.81,38.99,93.80000000000001,10.115,1.75,18.27,20.78851509848647,21608.118000000002,464.24,32.62,29,6,6.37,7.07,-6.1362,15.672093733767676,-36.89,28.42,65.31,-7.84,-16.502499999999998,3.0625,16.683979800994727,13917.759100000001,319.34,21.14,42,5,6.37,-14.63,2.3632,12.496748056994669,-22.12,31.22,53.34,0.8049999999999999,-5.3375,12.145,12.594842277694468,7931.502599999999,202.01999999999998,13.79,34,6,-1.26,-11.06,1.0018366600754565,0.22895612387987463,0.546638573465137,1.3929293628895902,0.8462907894244532,0.9956450250958413,0.8350870834069387,1.2134011377621179,1.0271558703526937,52.752459099999996,4.698193088687721,0.22812249230767523,38,0,0.9108737892814788,1.2395089067852638,26.48737919754346,13.076163749885454,2.539370000610388,59.11076213347279,56.5713921328624,24.640423404323165,16.883806835962098,33.50937314469176,29.481309231443575,43457.379700000005,400.8312336620134,30.91491821480379,29,0,9.096229988297347,19.65567093741651,0.18812164724871225,0.12771982924018196,0.0064978589147617,0.453361426534863,0.4468635676201013,0.1840738447726295,0.05766615336637075,0.302372171667007,0.22666244031397734,2.5687930924543667,4.243871428735816,0.22726894415147028,32,0,0.0891262107185211,0.2395089067852638,0.08920474579170949,0.04254360503125076,-0.4606106188276909,0.28507483103573045,0.6370998621482519,0.11447936845713454
Stationary_9,9,Stationary,50,-0.077766,0.04926903490022917,-0.1808,0.041,0.2218,-0.0754,-0.11347499999999999,-0.0512,0.09179564150873396,0.42132199000000004,1.3513,0.07909999999999999,3,4,-0.0988,-0.0681,0.029301999999999998,0.04247194747652831,-0.0666,0.0944,0.161,0.0311,0.004775,0.0622,0.05124837753529374,0.13131981,1.3005,0.07619999999999999,13,10,0.0732,0.0403,0.974078,0.14633656801625322,0.7327,1.2349,0.5022000000000001,0.94535,0.8418,1.088325,0.9847913755714964,48.490702670000005,4.4355,0.21079999999999988,9,0,1.0856,0.8843,7.403200000000001,6.587041217420762,-9.31,24.43,33.74,6.4399999999999995,2.9575,10.92,9.86553090309893,4866.4349999999995,281.4,33.74,27,6,5.81,6.65,0.9072,13.571042406536058,-22.12,28.07,50.19,0.49,-10.780000000000001,13.9475,13.465241921332124,9065.637,396.13,16.73,8,11,-10.15,6.16,2.0524,4.983682172851716,-8.47,12.88,21.35,1.0150000000000001,-1.0325,5.2675,5.34347190504451,1427.6346,102.06,5.32,22,11,-2.03,9.87,0.9802758892711888,0.14259286381083597,0.748612817149159,1.236065799219443,0.4874529820702841,0.9477562562699202,0.8488537574690421,1.09248489022447,0.9903872421431932,49.04334447,4.333578401813094,0.20893429028669586,9,0,1.092541550697272,0.8878334246918168,16.047205682962232,7.120058026069487,2.311060362690685,32.17267318703872,29.861612824348033,15.717282285166114,11.692799940035803,21.01343891183452,17.526954441659278,15359.706599999996,330.3676352656068,21.680252688630105,8,0,11.870109519292567,13.400932803353651,0.12840365463696723,0.06249581482716404,0.0119326953903604,0.251387182850841,0.2394544874604806,0.13671158165226088,0.07267933649391015,0.1809047168868667,0.14253108733754366,1.015755542881125,3.2384947141524263,0.14417225425562302,5,0,0.0925415506972719,0.1121665753081831,-0.6026576147928783,0.7444747675431814,-0.5091132798233549,0.4113682899498279,0.3218951555679828,-0.11007277678950607
