Recording ID,Timestamp,Acceleration X,Acceleration Y,Acceleration Z,Gyroscope X,Gyroscope Y,Gyroscope Z,Shot Type
1,3487795417,-0.0271,-0.0102,0.9772,-1.68,-0.70,4.55,Stationary
1,3487828409,-0.0439,0.0659,0.9933,-5.04,2.52,2.52,Stationary
1,3487868406,-0.0037,0.0439,1.0087,6.65,5.11,2.24,Stationary
1,3487908403,-0.0044,0.0102,1.0504,7.21,6.37,1.05,Stationary
1,3487948489,0.0198,0.0747,1.0665,4.55,5.32,0.14,Stationary
1,3487988431,0.0212,0.0242,1.0958,0.63,4.41,-0.14,Stationary
1,3488028406,0.0403,0.0549,1.0812,-4.34,4.41,-0.91,Stationary
1,3488068401,0.0081,0.0622,1.0775,-7.14,2.87,-1.26,Stationary
1,3488108402,0.0447,0.0483,0.9882,-11.06,0.14,-1.40,Stationary
1,3488148399,0.0198,0.0732,0.9428,-2.24,-3.22,1.12,Stationary
1,3488188403,-0.0022,0.0161,0.9296,8.19,-5.67,4.13,Stationary
1,3488228400,-0.0183,0.0593,0.9113,3.50,-6.02,4.13,Stationary
1,3488268398,-0.0264,0.0329,0.9216,8.61,-5.39,4.69,Stationary
1,3488308399,-0.0242,0.0366,0.9289,1.89,-4.41,2.87,Stationary
1,3488348399,-0.0015,0.0322,0.9223,6.51,-3.64,2.66,Stationary
1,3488388397,0.0073,0.0761,0.9370,19.67,-7.56,5.11,Stationary
1,3488428402,-0.0110,-0.0088,1.0314,37.45,-11.41,8.05,Stationary
1,3488468398,-0.0139,-0.0395,1.1185,27.16,-15.75,5.81,Stationary
1,3488508423,-0.0322,-0.0212,1.0899,15.12,-19.46,1.33,Stationary
1,3488548412,-0.0637,-0.0051,1.0233,7.14,-21.63,-0.98,Stationary
1,3488588403,-0.0681,0.0132,0.9509,8.96,-22.75,-0.77,Stationary
1,3488628399,-0.1091,-0.0015,0.8879,13.37,-20.02,0.35,Stationary
1,3488668403,-0.1427,-0.0044,0.8550,5.39,-11.97,-0.21,Stationary
1,3488708399,-0.1486,-0.0029,0.8520,1.40,-1.75,-0.42,Stationary
1,3488748398,-0.1135,-0.0037,0.9033,0.00,8.33,-0.91,Stationary
1,3488788402,-0.0886,0.0037,0.9457,0.49,14.98,-1.19,Stationary
1,3488828402,-0.0564,-0.0022,0.9984,-3.08,17.29,-1.75,Stationary
1,3488868401,-0.0256,-0.0073,1.0372,2.87,16.10,-1.40,Stationary
1,3488908403,-0.0161,-0.0117,1.0768,1.61,11.41,-0.98,Stationary
1,3488948460,-0.0088,0.0146,1.0848,7.49,3.43,0.63,Stationary
1,3488988422,-0.0205,-0.0168,1.0848,11.48,-5.60,2.66,Stationary
1,3489028404,-0.0351,-0.0110,1.0490,4.83,-14.84,3.57,Stationary
1,3489068399,-0.0798,0.0044,0.9860,2.24,-18.97,4.62,Stationary
1,3489108399,-0.1222,0.0146,0.9135,4.62,-16.31,6.79,Stationary
1,3489148406,-0.1545,0.0315,0.8777,7.91,-7.63,8.26,Stationary
1,3489188399,-0.1340,-0.0029,0.8784,4.97,2.94,7.00,Stationary
1,3489228400,-0.1061,0.0205,0.8916,3.36,12.46,5.67,Stationary
1,3489268403,-0.0703,-0.0366,0.9392,11.20,16.87,5.32,Stationary
1,3489308398,-0.0688,-0.0227,1.0043,4.69,17.71,3.08,Stationary
1,3489348400,-0.0395,-0.0081,1.0460,8.61,16.52,1.40,Stationary
1,3489388403,-0.0337,-0.0447,1.0665,2.52,12.53,-0.35,Stationary
1,3489428398,-0.0293,0.0088,1.0548,3.22,7.14,-0.63,Stationary
1,3489468397,-0.0359,-0.0242,1.0475,7.35,2.73,-0.14,Stationary
1,3489508420,-0.0315,-0.0029,1.0146,1.75,0.63,-0.77,Stationary
1,3489548403,-0.0249,-0.0051,0.9809,-1.89,-0.14,-1.40,Stationary
1,3489588402,-0.0081,0.0029,0.9582,3.64,-1.82,-0.63,Stationary
1,3489628403,-0.0315,0.0256,0.9706,7.70,-5.67,2.03,Stationary
1,3489668399,-0.0564,-0.0037,1.0080,19.88,-8.68,4.34,Stationary
1,3489708402,-0.0813,-0.0242,1.0189,10.85,-9.87,3.71,Stationary
1,3489748398,-0.0864,-0.0154,0.9736,5.11,-9.10,3.01,Stationary
2,3494423419,-0.0410,0.1684,0.8081,7.35,-7.84,6.09,Stationary
2,3494455479,-0.0739,0.1266,0.7357,9.17,-13.30,13.30,Stationary
2,3494495494,-0.1091,0.1486,0.7415,17.36,-12.18,20.58,Stationary
2,3494535471,-0.1640,0.1244,0.9143,29.54,-1.40,24.99,Stationary
2,3494575468,-0.1640,0.0417,1.0914,25.55,8.75,21.56,Stationary
2,3494615473,-0.1186,0.0717,1.1719,15.89,12.67,14.42,Stationary
2,3494655467,-0.0849,0.0593,1.1997,-2.31,11.06,5.46,Stationary
2,3494695467,-0.0512,0.1244,1.1178,-6.65,5.39,-0.28,Stationary
2,3494735472,-0.0622,0.0900,0.9984,-16.38,-0.35,-1.82,Stationary
2,3494775468,-0.0651,0.0981,0.8535,-10.71,-3.99,1.19,Stationary
2,3494815466,-0.0900,0.0886,0.7737,0.28,-5.74,7.28,Stationary
2,3494855470,-0.0974,0.0622,0.7481,9.52,-3.99,10.78,Stationary
2,3494895467,-0.1742,0.0908,0.8491,21.70,2.52,11.90,Stationary
2,3494935467,-0.1405,0.0608,0.9919,21.14,10.99,8.54,Stationary
2,3494975520,-0.1098,0.0732,1.1470,13.37,14.77,1.61,Stationary
2,3495015499,-0.0849,0.0820,1.2093,3.99,12.88,-4.69,Stationary
2,3495055472,-0.0571,0.0930,1.1500,-5.32,7.07,-9.03,Stationary
2,3495095468,-0.0564,0.1420,1.0409,-3.50,-0.35,-7.84,Stationary
2,3495135471,-0.0776,0.1171,0.9435,-1.96,-5.11,-3.15,Stationary
2,3495175482,-0.0725,0.1354,0.8477,-2.45,-7.07,0.56,Stationary
2,3495215471,-0.0725,0.1486,0.7854,5.25,-9.24,6.09,Stationary
2,3495255468,-0.0988,0.1230,0.8264,22.61,-7.84,10.08,Stationary
2,3495295471,-0.1244,0.1244,0.9296,19.53,-2.03,8.40,Stationary
2,3495335468,-0.1193,0.1069,1.0241,9.52,5.88,3.78,Stationary
2,3495375468,-0.0959,0.1252,1.1207,5.18,11.90,-0.42,Stationary
2,3495415475,-0.0403,0.0974,1.1529,-9.94,11.27,-4.06,Stationary
2,3495455468,-0.0315,0.1545,1.1053,-12.74,6.09,-5.25,Stationary
2,3495495488,-0.0498,0.1523,1.0380,-7.70,-0.21,-1.75,Stationary
2,3495535478,-0.0512,0.1537,0.9553,-2.17,-5.04,2.94,Stationary
2,3495575467,-0.0644,0.1464,0.8835,0.63,-9.66,7.49,Stationary
2,3495615467,-0.1091,0.1076,0.8455,13.72,-11.34,12.74,Stationary
2,3495655472,-0.1274,0.0981,0.8359,10.43,-9.66,16.52,Stationary
2,3495695493,-0.1588,0.1552,0.9618,37.80,-2.38,18.97,Stationary
2,3495735471,-0.1588,-0.0015,1.1112,21.63,7.21,9.52,Stationary
2,3495775473,-0.0703,0.1039,1.0899,-16.10,13.58,-3.57,Stationary
2,3495815488,-0.0351,0.1186,1.0248,-10.29,12.81,-9.80,Stationary
2,3495855470,-0.0205,0.0996,0.9523,-14.21,6.65,-10.43,Stationary
2,3495895472,-0.0417,0.1684,0.8806,3.99,0.21,-4.48,Stationary
2,3495935467,-0.0600,0.1003,0.8198,18.90,-4.20,2.59,Stationary
2,3495975506,-0.1186,0.1464,0.8682,36.61,-3.22,9.87,Stationary
2,3496015487,-0.1420,0.0893,0.9780,50.96,3.99,11.55,Stationary
2,3496055483,-0.1193,-0.0578,1.0848,26.18,13.58,6.72,Stationary
2,3496095469,-0.0432,0.0432,1.0834,-0.49,15.82,0.56,Stationary
2,3496135480,0.0066,0.0695,1.0834,-4.41,10.99,-2.73,Stationary
2,3496175469,0.0117,0.0608,1.0980,-1.19,2.59,-5.25,Stationary
2,3496215468,0.0146,0.0776,1.0131,-10.64,-3.92,-7.07,Stationary
2,3496255473,-0.0117,0.1061,0.9048,-3.08,-10.50,-3.64,Stationary
2,3496295467,-0.0571,0.0842,0.8389,11.27,-14.49,1.54,Stationary
2,3496335466,-0.1083,0.0827,0.8316,21.98,-12.81,6.65,Stationary
2,3496375473,-0.1369,0.0410,0.9209,26.67,-5.95,8.54,Stationary
3,3500943492,0.0981,-0.0242,1.0819,-9.38,2.73,-4.06,Stationary
3,3500977886,0.0622,-0.0198,0.9948,-10.29,-5.88,-2.66,Stationary
3,3501017866,0.0322,0.0322,0.9238,0.77,-11.90,2.10,Stationary
3,3501057849,-0.0037,-0.0037,0.8557,9.10,-12.67,7.00,Stationary
3,3501097844,-0.0176,-0.0051,0.8403,15.40,-8.05,10.36,Stationary
3,3501137846,-0.0344,-0.0110,0.8762,16.45,0.00,10.15,Stationary
3,3501177841,-0.0102,-0.0534,0.9728,14.98,8.68,8.33,Stationary
3,3501217841,0.0425,-0.0651,1.0548,5.04,14.00,3.29,Stationary
3,3501257847,0.0798,-0.0622,1.1068,0.07,12.81,-0.70,Stationary
3,3501297841,0.0966,-0.0344,1.0951,-0.35,6.44,-1.82,Stationary
3,3501337840,0.0886,-0.0271,1.0570,4.41,-1.19,-1.54,Stationary
3,3501377841,0.0425,-0.0044,1.0065,5.74,-7.21,-0.63,Stationary
3,3501417842,0.0168,-0.0022,0.9472,4.97,-10.01,1.12,Stationary
3,3501457846,-0.0059,-0.0095,0.9062,4.76,-9.31,2.80,Stationary
3,3501497861,-0.0044,0.0073,0.9004,5.95,-5.74,4.27,Stationary
3,3501537845,-0.0037,-0.0132,0.9384,7.77,-0.98,4.55,Stationary
3,3501577840,0.0168,-0.0242,1.0233,7.63,3.29,2.80,Stationary
3,3501617844,0.0476,-0.0264,1.0892,-9.52,4.62,-1.33,Stationary
3,3501657841,0.0549,0.0117,1.0526,-0.28,2.03,-2.10,Stationary
3,3501697844,0.0593,-0.0015,1.0087,-11.55,-2.87,-3.71,Stationary
3,3501737840,0.0403,0.0285,0.9399,0.56,-7.00,-1.47,Stationary
3,3501777841,0.0139,0.0146,0.9084,0.84,-8.75,1.40,Stationary
3,3501817847,0.0000,0.0198,0.8967,9.87,-6.09,5.46,Stationary
3,3501857840,0.0000,-0.0022,0.9311,11.48,-1.75,7.14,Stationary
3,3501897845,0.0015,-0.0110,0.9780,13.02,2.94,7.77,Stationary
3,3501937849,0.0220,-0.0249,1.0343,7.49,5.88,5.88,Stationary
3,3501977885,0.0461,-0.0322,1.0585,2.10,6.16,2.94,Stationary
3,3502017863,0.0615,-0.0007,1.0270,-2.59,3.29,0.91,Stationary
3,3502057854,0.0542,0.0000,0.9889,3.71,-1.19,1.54,Stationary
3,3502097841,0.0161,0.0037,0.9428,4.97,-4.06,2.94,Stationary
3,3502137842,0.0110,0.0161,0.9113,6.93,-4.20,4.34,Stationary
3,3502177857,0.0029,0.0022,0.9113,8.54,-1.26,4.83,Stationary
3,3502217843,0.0000,-0.0015,0.9479,9.94,3.50,5.11,Stationary
3,3502257850,0.0227,-0.0359,1.0321,9.45,7.56,3.85,Stationary
3,3502297841,0.0322,-0.0293,1.0629,2.52,7.70,1.40,Stationary
3,3502337840,0.0447,-0.0183,1.0570,-1.54,4.20,-0.14,Stationary
3,3502377841,0.0556,0.0007,1.0138,2.66,-0.84,1.40,Stationary
3,3502417843,0.0483,-0.0015,0.9736,5.74,-6.16,3.36,Stationary
3,3502457841,0.0315,-0.0073,0.9282,8.96,-9.31,5.11,Stationary
3,3502497870,0.0088,0.0051,0.9062,8.96,-7.77,6.72,Stationary
3,3502537847,0.0000,-0.0102,0.9216,12.04,-2.73,7.56,Stationary
3,3502577842,0.0015,-0.0124,0.9867,6.79,5.04,5.95,Stationary
3,3502617843,0.0329,-0.0608,1.0585,4.41,12.11,2.66,Stationary
3,3502657845,0.0937,-0.0212,1.0907,-14.49,11.48,-2.17,Stationary
3,3502697842,0.0915,0.0000,1.0599,-10.50,4.55,-3.92,Stationary
3,3502737846,0.0739,0.0234,0.9963,-5.11,-2.66,-3.50,Stationary
3,3502777840,0.0234,0.0234,0.9282,7.56,-6.51,-0.56,Stationary
3,3502817839,0.0015,0.0110,0.8879,7.77,-6.65,1.82,Stationary
3,3502857845,-0.0102,0.0220,0.8711,7.84,-1.47,3.22,Stationary
3,3502897884,-0.0088,-0.0015,0.9062,6.65,7.35,3.29,Stationary
4,3511291419,-0.0161,-0.0081,0.9758,6.72,-1.26,-1.26,Stationary
4,3511322773,-0.0776,-0.0403,1.1851,6.09,8.75,-6.72,Stationary
4,3511362766,-0.0974,-0.0608,1.2949,-2.03,18.41,-17.08,Stationary
4,3511402760,-0.0468,-0.0659,1.2107,-25.20,19.60,-26.04,Stationary
4,3511442765,-0.0300,0.0900,1.0358,-27.86,5.95,-26.53,Stationary
4,3511482759,-0.1193,0.0512,0.8433,-1.89,-10.64,-15.61,Stationary
4,3511522760,-0.1735,0.0710,0.7130,12.53,-22.89,-1.47,Stationary
4,3511562763,-0.1991,0.0461,0.6756,37.59,-21.14,11.27,Stationary
4,3511602757,-0.1625,0.0139,0.7305,23.87,-8.89,13.86,Stationary
4,3511642757,-0.1647,0.0739,0.9428,25.69,7.21,16.52,Stationary
4,3511682762,-0.0959,-0.0798,1.3052,14.00,24.99,14.42,Stationary
4,3511722759,0.0417,-0.1142,1.4340,-9.03,30.59,7.07,Stationary
4,3511762758,0.1808,-0.0029,1.2876,-21.35,15.82,-0.98,Stationary
4,3511802760,0.1691,0.0937,1.0533,2.38,-5.60,1.96,Stationary
4,3511842759,0.0988,0.0425,0.8608,18.06,-19.88,9.10,Stationary
4,3511882759,0.1061,0.0512,0.6961,15.26,-23.38,15.68,Stationary
4,3511922763,0.0769,0.0688,0.6412,14.14,-17.15,19.04,Stationary
4,3511962813,0.0505,0.0688,0.6954,18.27,-5.25,18.34,Stationary
4,3512002771,0.0322,0.0329,0.8989,19.18,8.40,12.53,Stationary
4,3512042780,0.0007,-0.0512,1.1727,25.55,22.68,4.27,Stationary
4,3512082763,-0.0110,-0.1164,1.2971,1.75,28.91,-7.21,Stationary
4,3512122760,-0.0388,-0.0842,1.2729,-15.96,21.49,-15.89,Stationary
4,3512162768,-0.0578,-0.0329,1.1024,-22.19,5.88,-16.66,Stationary
4,3512202758,-0.1039,0.0359,0.8967,-11.90,-10.22,-8.75,Stationary
4,3512242757,-0.1405,0.0315,0.7584,4.20,-18.69,2.03,Stationary
4,3512282763,-0.1420,0.0542,0.7386,9.80,-17.85,11.13,Stationary
4,3512322758,-0.1391,-0.0044,0.8674,15.96,-4.27,16.31,Stationary
4,3512362761,-0.0769,-0.0190,1.0680,14.84,10.99,17.36,Stationary
4,3512402759,0.0132,-0.0798,1.2393,1.19,20.16,11.27,Stationary
4,3512442757,0.1069,-0.0220,1.2217,-16.38,17.01,2.24,Stationary
4,3512482757,0.1266,0.0293,1.0841,-13.79,5.74,-1.47,Stationary
4,3512522758,0.0564,0.0417,0.9370,0.42,-5.25,0.07,Stationary
4,3512562757,0.0059,0.0351,0.8301,13.23,-11.06,5.32,Stationary
4,3512602760,-0.0388,0.0059,0.7803,18.27,-10.22,9.38,Stationary
4,3512642757,-0.0520,0.0242,0.8074,15.89,-3.78,10.99,Stationary
4,3512682757,-0.0520,-0.0029,0.9370,25.41,5.25,11.20,Stationary
4,3512722761,-0.0059,-0.0337,1.0548,18.13,12.11,7.77,Stationary
4,3512762757,0.0417,-0.0220,1.1273,15.05,15.40,3.99,Stationary
4,3512802759,0.0769,-0.0564,1.1200,16.94,13.37,3.85,Stationary
4,3512842760,0.0666,-0.0454,1.1200,12.81,7.84,4.90,Stationary
4,3512882759,0.0344,-0.0359,1.0724,14.56,2.17,6.58,Stationary
4,3512922758,0.0315,-0.0710,1.0087,8.33,-2.87,6.02,Stationary
4,3512962801,0.0117,-0.0293,0.9531,3.29,-6.86,3.92,Stationary
4,3513002772,0.0022,-0.0234,0.8762,3.36,-8.68,1.33,Stationary
4,3513042769,-0.0102,-0.0015,0.8316,-0.70,-10.43,0.07,Stationary
4,3513082759,-0.0198,0.0000,0.8857,15.40,-12.67,2.17,Stationary
4,3513122760,0.0022,-0.0556,1.0350,15.89,-12.81,2.87,Stationary
4,3513162778,-0.0168,-0.0037,1.1639,24.29,-9.80,2.87,Stationary
4,3513202770,-0.0373,-0.1274,1.1639,13.02,-6.79,2.87,Stationary
4,3513242770,-0.0037,-0.0520,1.0197,-7.14,-5.95,3.71,Stationary
5,3518071419,-0.0849,-0.0190,1.0050,-5.04,-16.80,-6.16,Stationary
5,3518105608,-0.1383,-0.0102,0.8477,-11.62,-20.02,-3.22,Stationary
5,3518145598,-0.1669,0.0059,0.6983,-25.48,-16.73,-0.07,Stationary
5,3518185599,-0.1640,0.0395,0.6734,-5.25,-8.75,9.03,Stationary
5,3518225597,-0.1691,-0.0403,0.8367,11.97,1.12,13.65,Stationary
5,3518265594,-0.1091,-0.0483,1.1500,14.56,14.77,13.51,Stationary
5,3518305611,-0.0066,-0.0893,1.3095,16.73,21.63,10.08,Stationary
5,3518345601,0.0922,-0.0534,1.2671,-12.95,14.21,1.47,Stationary
5,3518385595,0.1120,0.0000,1.0804,-8.96,-1.54,-1.47,Stationary
5,3518425597,0.0630,0.0271,0.8660,-6.30,-16.24,-0.98,Stationary
5,3518465599,0.0022,0.0249,0.7218,5.32,-23.38,3.43,Stationary
5,3518505596,-0.0307,0.0198,0.6712,9.45,-18.06,7.00,Stationary
5,3518545595,-0.0578,0.0593,0.8191,25.97,-3.64,8.61,Stationary
5,3518585600,-0.0615,-0.0791,1.1222,31.36,15.82,5.39,Stationary
5,3518625594,0.0088,-0.1427,1.2883,-2.87,28.00,-3.99,Stationary
5,3518665594,0.1003,0.0534,1.2107,-30.45,22.40,-13.79,Stationary
5,3518705596,0.0791,0.0454,1.0167,0.28,5.95,-13.44,Stationary
5,3518745594,0.0007,0.0630,0.8491,12.88,-8.12,-9.31,Stationary
5,3518785594,-0.0483,0.0168,0.7357,9.52,-12.60,-3.15,Stationary
5,3518825598,-0.0834,0.0432,0.7313,10.64,-5.60,1.68,Stationary
5,3518865620,-0.1127,0.0900,0.8821,21.07,9.24,6.65,Stationary
5,3518905598,-0.0651,-0.0549,1.1383,30.80,24.85,7.63,Stationary
5,3518945633,0.0168,-0.0798,1.2912,-2.87,28.98,2.10,Stationary
5,3518985625,0.1054,-0.0007,1.1997,-15.54,20.30,-2.24,Stationary
5,3519025617,0.0996,0.0293,1.0665,-11.27,4.34,-2.66,Stationary
5,3519065609,0.0483,0.0512,0.9252,-3.08,-4.97,0.28,Stationary
5,3519105595,0.0146,0.0359,0.7906,-1.19,-3.50,4.97,Stationary
5,3519145596,0.0059,0.0534,0.7283,1.12,1.05,10.36,Stationary
5,3519185597,0.0161,0.0322,0.8140,19.18,7.42,16.80,Stationary
5,3519225597,0.0571,-0.0037,1.0563,28.91,12.81,19.32,Stationary
5,3519265595,0.0798,-0.0974,1.2437,26.95,14.63,15.75,Stationary
5,3519305596,0.1252,-0.0922,1.2627,1.26,9.31,7.35,Stationary
5,3519345596,0.1325,-0.0498,1.1705,0.91,3.99,1.89,Stationary
5,3519385595,0.1127,-0.0315,1.0021,-7.91,-1.54,-1.47,Stationary
5,3519425599,0.0922,-0.0029,0.8455,-1.96,-7.00,0.07,Stationary
5,3519465596,0.0659,-0.0073,0.7576,7.28,-12.46,3.71,Stationary
5,3519505596,0.0256,0.0066,0.7459,13.44,-12.18,7.21,Stationary
5,3519545598,0.0044,-0.0029,0.8784,19.04,-3.99,7.70,Stationary
5,3519585594,0.0088,-0.0571,1.1119,21.56,6.09,4.97,Stationary
5,3519625594,0.0688,-0.0959,1.2012,0.56,11.34,-1.54,Stationary
5,3519665598,0.1157,-0.0366,1.1631,-10.57,8.61,-6.58,Stationary
5,3519705595,0.1142,-0.0168,1.0614,-4.62,1.96,-7.56,Stationary
5,3519745594,0.0893,0.0059,0.9406,0.07,-6.09,-4.83,Stationary
5,3519785598,0.0549,0.0124,0.8484,9.03,-11.83,-0.70,Stationary
5,3519825595,0.0183,-0.0015,0.8111,10.85,-11.41,2.38,Stationary
5,3519865593,-0.0051,0.0139,0.8440,13.44,-5.18,4.41,Stationary
5,3519905596,0.0015,-0.0527,0.9758,17.15,5.74,4.97,Stationary
5,3519945626,0.0439,-0.0849,1.1134,5.32,13.86,2.94,Stationary
5,3519985622,0.1135,-0.0410,1.1397,3.36,13.86,0.63,Stationary
5,3520025613,0.1449,-0.0534,1.1017,4.41,7.42,-1.19,Stationary
6,3525027414,0.0102,0.0615,1.0533,5.25,6.51,6.09,Stationary
6,3525060170,0.0102,0.0447,1.0885,4.13,6.30,2.38,Stationary
6,3525100165,0.0161,0.0688,1.0651,1.40,3.64,0.00,Stationary
6,3525140161,0.0190,0.0915,1.0307,5.60,0.21,1.12,Stationary
6,3525180165,0.0139,0.0952,0.9743,5.04,-3.43,2.45,Stationary
6,3525220162,0.0073,0.0908,0.9157,3.50,-4.69,3.99,Stationary
6,3525260165,0.0168,0.0908,0.8689,4.76,-4.83,6.37,Stationary
6,3525300161,0.0095,0.0849,0.8813,10.01,-3.85,9.10,Stationary
6,3525340160,-0.0007,0.0651,0.9736,19.39,0.35,10.36,Stationary
6,3525380166,0.0242,0.0410,1.1126,11.41,7.28,6.02,Stationary
6,3525420165,0.0571,0.0608,1.1668,2.52,10.01,-0.35,Stationary
6,3525460166,0.0820,0.0571,1.1448,-0.21,7.28,-4.76,Stationary
6,3525500166,0.0871,0.0805,1.0270,-3.99,-1.47,-6.65,Stationary
6,3525540176,0.0447,0.1032,0.9069,1.12,-8.82,-3.85,Stationary
6,3525580162,0.0059,0.0871,0.8133,2.94,-13.93,-0.70,Stationary
6,3525620163,-0.0183,0.0878,0.7891,5.04,-11.41,3.08,Stationary
6,3525660161,-0.0264,0.0659,0.8308,4.06,-3.85,3.78,Stationary
6,3525700162,-0.0322,0.0798,0.9765,11.62,7.84,3.85,Stationary
6,3525740187,0.0300,0.0176,1.1441,14.35,17.43,0.14,Stationary
6,3525780164,0.1017,0.0410,1.1932,0.28,15.75,-6.37,Stationary
6,3525820161,0.1193,0.0542,1.1397,-3.22,5.60,-11.13,Stationary
6,3525860176,0.0761,0.1127,1.0343,-5.39,-6.44,-10.29,Stationary
6,3525900198,0.0117,0.1127,0.9099,4.69,-12.32,-4.06,Stationary
6,3525940165,-0.0088,0.1157,0.8403,8.68,-12.04,0.70,Stationary
6,3525980202,-0.0176,0.1010,0.8213,9.73,-6.58,6.09,Stationary
6,3526020166,-0.0022,0.1003,0.8330,5.67,-0.42,6.86,Stationary
6,3526060172,0.0088,0.0871,0.8930,7.14,6.72,6.37,Stationary
6,3526100161,0.0351,0.0783,1.0087,3.50,11.34,3.92,Stationary
6,3526140163,0.0813,0.0564,1.0775,-0.56,11.83,1.26,Stationary
6,3526180162,0.1017,0.0622,1.1148,-0.91,7.35,-0.70,Stationary
6,3526220161,0.0944,0.0791,1.1090,2.94,-0.56,0.28,Stationary
6,3526260161,0.0571,0.0834,1.0790,9.45,-6.37,1.68,Stationary
6,3526300164,0.0234,0.0996,0.9970,7.35,-9.80,2.73,Stationary
6,3526340160,0.0022,0.0944,0.9004,9.24,-9.73,4.06,Stationary
6,3526380160,-0.0073,0.1105,0.8154,9.24,-7.56,5.11,Stationary
6,3526420162,-0.0190,0.0856,0.8081,8.54,-3.64,5.88,Stationary
6,3526460158,-0.0154,0.0952,0.8865,6.44,3.29,5.39,Stationary
6,3526500163,0.0102,0.0622,1.0124,3.64,12.81,2.17,Stationary
6,3526540162,0.0571,0.0666,1.1244,-12.53,17.71,-2.73,Stationary
6,3526580162,0.1054,0.1098,1.1353,-18.90,15.47,-5.32,Stationary
6,3526620163,0.1017,0.1171,1.0899,-13.02,7.91,-2.38,Stationary
6,3526660161,0.0842,0.1545,0.9911,-0.14,-1.54,3.36,Stationary
6,3526700162,0.0571,0.1420,0.9201,13.37,-7.63,10.85,Stationary
6,3526740167,0.0234,0.1274,0.8813,12.95,-9.94,12.95,Stationary
6,3526780160,0.0007,0.1332,0.8440,13.93,-7.42,16.24,Stationary
6,3526820160,0.0022,0.1237,0.8784,10.92,-1.54,18.76,Stationary
6,3526860164,0.0242,0.1149,0.9640,12.11,3.71,17.78,Stationary
6,3526900161,0.0366,0.0769,1.1039,8.68,8.82,12.95,Stationary
6,3526940160,0.0732,0.0673,1.1405,-3.29,10.57,6.58,Stationary
6,3526980200,0.0959,0.0776,1.0775,-6.30,6.09,3.64,Stationary
7,3531683417,-0.0329,0.0695,0.8901,12.60,7.21,4.90,Stationary
7,3531715862,-0.0007,0.0110,1.0131,16.17,13.51,2.59,Stationary
7,3531755860,0.0198,-0.0264,1.1456,8.96,15.40,-0.84,Stationary
7,3531795856,0.0271,0.0198,1.1697,-1.05,13.16,-2.66,Stationary
7,3531835856,0.0571,0.0051,1.1046,9.87,7.70,-2.66,Stationary
7,3531875857,0.0754,0.0227,1.0409,5.25,-1.19,-3.71,Stationary
7,3531915854,0.0366,0.0139,0.9567,3.08,-7.00,-3.85,Stationary
7,3531955904,0.0117,0.0468,0.8696,1.96,-9.10,-1.96,Stationary
7,3531995884,0.0059,0.0490,0.8111,4.69,-7.35,-0.42,Stationary
7,3532035877,0.0022,0.0571,0.8279,5.67,-2.45,1.54,Stationary
7,3532075858,-0.0168,0.0542,0.9684,20.02,4.13,5.46,Stationary
7,3532115865,0.0124,0.0022,1.1331,28.42,8.54,7.91,Stationary
7,3532155855,0.0586,-0.0556,1.1990,18.06,5.25,7.28,Stationary
7,3532195855,0.0754,-0.0564,1.1492,8.96,-2.31,5.81,Stationary
7,3532235855,0.0483,-0.0322,1.0409,6.86,-10.92,6.65,Stationary
7,3532275885,0.0205,-0.0256,0.9121,4.69,-18.34,8.26,Stationary
7,3532315860,0.0022,-0.0037,0.8396,3.01,-17.99,10.85,Stationary
7,3532355863,-0.0205,0.0059,0.7942,0.91,-9.24,11.76,Stationary
7,3532395856,-0.0285,0.0022,0.7950,2.45,1.47,12.04,Stationary
7,3532435855,-0.0095,-0.0088,0.9238,12.53,9.87,12.95,Stationary
7,3532475862,-0.0073,-0.0651,1.1229,28.49,14.07,13.72,Stationary
7,3532515865,0.0132,-0.1552,1.2195,16.24,12.67,10.01,Stationary
7,3532555855,0.0432,-0.0820,1.1749,-1.05,4.62,4.27,Stationary
7,3532595861,0.0468,-0.0615,1.0614,4.97,-4.76,0.70,Stationary
7,3532635859,0.0095,-0.0322,0.9487,-1.33,-11.20,-1.68,Stationary
7,3532675856,-0.0124,0.0044,0.8550,2.31,-10.57,-1.89,Stationary
7,3532715855,-0.0351,0.0015,0.8045,2.17,-4.55,-2.10,Stationary
7,3532755854,-0.0322,0.0073,0.8008,-3.36,4.41,-3.22,Stationary
7,3532795853,-0.0146,0.0373,0.9026,2.52,14.91,-1.96,Stationary
7,3532835855,0.0022,-0.0761,1.0460,20.23,20.86,1.47,Stationary
7,3532875854,0.0673,-0.0381,1.1265,4.76,17.92,3.08,Stationary
7,3532915854,0.0886,-0.0381,1.1661,9.17,10.78,2.87,Stationary
7,3532955889,0.0754,-0.0900,1.1507,8.75,1.12,2.38,Stationary
7,3532995875,0.0732,-0.0176,1.0409,-0.77,-6.72,2.17,Stationary
7,3533035904,0.0556,-0.0110,0.9282,7.84,-12.60,5.39,Stationary
7,3533075861,0.0337,-0.0190,0.8506,5.95,-13.79,7.35,Stationary
7,3533115856,0.0059,0.0007,0.8264,5.11,-9.45,9.24,Stationary
7,3533155880,-0.0132,0.0015,0.9245,17.08,-0.77,10.92,Stationary
7,3533195858,-0.0102,-0.0710,1.0753,24.43,9.03,10.01,Stationary
7,3533235873,0.0190,-0.1017,1.1536,4.97,13.79,3.36,Stationary
7,3533275876,0.0893,-0.0725,1.1053,-8.47,9.38,-2.73,Stationary
7,3533315860,0.0930,-0.0578,1.0065,-4.76,1.12,-5.39,Stationary
7,3533355858,0.0615,-0.0454,0.9531,-1.61,-6.16,-4.48,Stationary
7,3533395875,0.0373,-0.0395,0.9450,5.88,-7.56,-1.47,Stationary
7,3533435858,0.0110,-0.0322,0.9692,9.45,-3.71,0.84,Stationary
7,3533475854,0.0329,-0.0512,0.9714,1.33,1.40,0.14,Stationary
7,3533515855,0.0498,-0.0220,0.9435,-2.73,3.64,-1.05,Stationary
7,3533555854,0.0600,-0.0447,0.9450,4.83,2.52,-0.49,Stationary
7,3533595854,0.0490,-0.0300,0.9684,4.69,0.00,-0.56,Stationary
7,3533635858,0.0395,-0.0307,0.9765,4.97,0.00,-0.21,Stationary
8,3538339412,0.0556,0.0117,0.9091,6.37,6.37,-1.26,Stationary
8,3538372051,0.0527,0.0556,0.9165,1.61,5.53,-0.91,Stationary
8,3538412049,0.0520,0.0307,0.9494,7.77,4.62,0.63,Stationary
8,3538452044,0.0666,0.0432,0.9626,5.32,3.43,0.49,Stationary
8,3538492047,0.0659,0.0425,0.9406,10.08,1.96,1.19,Stationary
8,3538532047,0.0651,-0.0044,0.9479,13.44,-0.35,2.52,Stationary
8,3538572044,0.0630,0.0264,0.9582,12.95,-3.50,2.66,Stationary
8,3538612043,0.0717,0.0007,0.9509,11.97,-7.42,0.98,Stationary
8,3538652047,0.0439,-0.0051,0.9838,14.70,-11.76,0.00,Stationary
8,3538692045,0.0556,-0.0117,1.0146,9.17,-16.59,-1.54,Stationary
8,3538732045,0.0410,0.0000,1.0570,21.00,-21.42,-0.84,Stationary
8,3538772051,0.0220,-0.0571,1.1302,21.63,-24.29,-1.47,Stationary
8,3538812045,-0.0154,-0.0190,1.2056,26.25,-20.79,-1.68,Stationary
8,3538852042,-0.0095,-0.0952,1.2224,18.41,-15.54,-5.53,Stationary
8,3538892047,-0.0139,-0.0351,1.2195,-9.52,-9.80,-13.02,Stationary
8,3538932055,0.0183,-0.0015,1.1895,-39.13,-5.81,-22.12,Stationary
8,3538972087,-0.0132,0.0124,1.0189,-35.35,-3.15,-20.09,Stationary
8,3539012086,-0.0081,0.1120,0.8235,-31.50,-1.75,-11.13,Stationary
8,3539052053,0.0007,0.1193,0.6866,1.12,-1.68,1.54,Stationary
8,3539092062,-0.0183,0.0395,0.6756,18.90,-5.81,10.01,Stationary
8,3539132048,-0.0717,0.0271,0.7459,17.85,-7.98,13.44,Stationary
8,3539172045,-0.0549,0.0007,0.8843,27.02,-8.75,12.18,Stationary
8,3539212045,-0.0512,-0.0029,1.0365,15.33,-11.62,3.78,Stationary
8,3539252056,-0.0856,-0.0022,1.2129,20.23,-13.86,-1.40,Stationary
8,3539292044,-0.0871,-0.0183,1.3374,16.31,-16.24,-4.76,Stationary
8,3539332045,-0.1310,0.0608,1.3396,11.55,-18.69,-8.82,Stationary
8,3539372053,-0.1574,0.0146,1.2481,-5.39,-16.94,-13.30,Stationary
8,3539412045,-0.0834,0.0329,1.1463,-37.59,-12.60,-17.29,Stationary
8,3539452045,-0.0117,0.1003,1.0131,-54.81,-15.19,-16.10,Stationary
8,3539492047,0.0117,0.1713,0.8294,-37.17,-21.91,-7.98,Stationary
8,3539532044,-0.0827,0.0827,0.6361,-4.97,-26.81,5.18,Stationary
8,3539572043,-0.1523,0.0630,0.5212,6.44,-21.77,18.97,Stationary
8,3539612047,-0.1830,0.0915,0.5402,26.53,-7.70,29.12,Stationary
8,3539652043,-0.1720,0.0417,0.6771,35.91,9.10,31.22,Stationary
8,3539692044,-0.1918,0.0395,0.9062,38.99,24.50,28.14,Stationary
8,3539732048,-0.1179,-0.0022,1.1397,31.78,28.42,20.93,Stationary
8,3539772071,-0.1032,-0.0769,1.3396,13.79,20.79,12.88,Stationary
8,3539812067,-0.1186,0.0776,1.3857,2.17,8.89,10.36,Stationary
8,3539852051,-0.1669,0.0490,1.3513,8.05,-2.94,12.04,Stationary
8,3539892044,-0.1537,-0.0088,1.2188,-0.35,-15.89,12.32,Stationary
8,3539932043,-0.1603,0.0264,0.9933,-0.14,-30.10,13.72,Stationary
8,3539972061,-0.1552,0.0007,0.8067,4.20,-36.89,15.89,Stationary
8,3540012080,-0.1684,0.0271,0.6734,2.80,-32.41,15.68,Stationary
8,3540052048,-0.1698,0.0007,0.6324,10.15,-17.99,13.79,Stationary
8,3540092047,-0.1947,-0.0007,0.6888,12.46,1.40,9.17,Stationary
8,3540132044,-0.1771,-0.0110,0.8103,20.16,19.88,3.08,Stationary
8,3540172043,-0.1559,-0.0966,1.0416,24.85,28.35,-2.31,Stationary
8,3540212048,-0.1296,-0.0747,1.2195,15.47,24.01,-8.33,Stationary
8,3540252043,-0.1186,-0.0922,1.2986,7.56,6.51,-12.81,Stationary
8,3540292043,-0.1545,-0.0102,1.2298,7.07,-14.63,-11.06,Stationary
9,3546303417,-0.0988,0.0732,1.0856,5.81,-10.15,-2.03,Stationary
9,3546335977,-0.1383,0.0805,0.9992,9.73,-17.64,2.03,Stationary
9,3546375975,-0.1808,0.0871,0.8579,7.28,-18.69,6.65,Stationary
9,3546415971,-0.1728,0.0651,0.7635,8.33,-10.99,9.31,Stationary
9,3546456077,-0.1369,0.0695,0.7327,3.50,0.42,7.56,Stationary
9,3546496045,-0.0988,0.0608,0.7818,3.64,13.79,4.20,Stationary
9,3546535969,-0.0739,0.0622,0.9209,11.20,24.78,-0.28,Stationary
9,3546575961,-0.0849,-0.0037,1.1317,15.26,28.07,-3.78,Stationary
9,3546615971,-0.0512,0.0161,1.2349,1.75,20.44,-8.12,Stationary
9,3546655972,-0.0564,0.0410,1.1814,2.31,4.83,-8.47,Stationary
9,3546695979,-0.0871,0.0622,1.0629,6.23,-8.26,-5.32,Stationary
9,3546735970,-0.1296,0.0761,0.9553,1.96,-15.75,-2.73,Stationary
9,3546775969,-0.1479,0.0944,0.8564,6.37,-12.74,0.21,Stationary
9,3546815973,-0.1215,0.0834,0.8096,3.64,-4.62,0.98,Stationary
9,3546855968,-0.0981,0.0783,0.8330,3.85,5.67,1.05,Stationary
9,3546895971,-0.0769,0.0930,0.9274,4.62,14.42,-0.49,Stationary
9,3546935972,-0.0461,0.0395,1.0797,10.08,16.10,-1.05,Stationary
9,3546976033,-0.0256,0.0476,1.1485,6.51,9.94,-1.82,Stationary
9,3547015991,-0.0205,0.0673,1.1075,8.68,0.56,0.00,Stationary
9,3547055989,-0.0512,0.0886,1.0460,15.54,-6.16,5.32,Stationary
9,3547095971,-0.0820,0.0271,0.9589,17.57,-9.87,10.36,Stationary
9,3547135998,-0.1252,0.0615,0.8828,16.52,-9.45,12.88,Stationary
9,3547175976,-0.1471,0.0124,0.8323,8.82,-4.34,12.81,Stationary
9,3547215972,-0.1471,0.0622,0.8272,2.87,5.74,11.06,Stationary
9,3547255970,-0.1215,0.0447,0.9187,14.28,15.89,8.47,Stationary
9,3547296010,-0.0856,-0.0315,1.0885,13.44,21.77,5.11,Stationary
9,3547335975,-0.0198,-0.0659,1.2027,24.43,18.69,5.95,Stationary
9,3547375971,0.0410,-0.0037,1.1844,-9.31,1.96,1.61,Stationary
9,3547415980,0.0066,0.0059,1.0878,8.68,-14.42,0.35,Stationary
9,3547455970,-0.0725,0.0102,0.9472,-2.24,-22.12,-1.82,Stationary
9,3547495969,-0.1142,0.0329,0.8396,-2.45,-17.92,-1.68,Stationary
9,3547535969,-0.1266,0.0198,0.7781,2.87,-5.74,-0.56,Stationary
9,3547575968,-0.0988,0.0146,0.7928,3.22,7.84,0.07,Stationary
9,3547615982,-0.0637,-0.0044,0.9326,20.09,18.27,2.31,Stationary
9,3547655974,-0.0198,-0.0264,1.1419,16.24,18.34,1.33,Stationary
9,3547695972,-0.0146,-0.0666,1.2049,14.49,10.01,-0.98,Stationary
9,3547735969,-0.0110,0.0066,1.1419,-1.75,-3.43,-2.80,Stationary
9,3547775974,-0.0681,0.0110,1.0189,4.76,-12.53,-1.47,Stationary
9,3547815969,-0.1105,0.0351,0.9165,1.82,-13.93,0.28,Stationary
9,3547855968,-0.1113,0.0293,0.8272,2.45,-6.37,2.10,Stationary
9,3547895983,-0.0893,0.0483,0.8008,1.12,4.27,1.96,Stationary
9,3547935971,-0.0527,0.0278,0.8594,7.91,14.28,1.40,Stationary
9,3547976015,-0.0534,0.0044,1.0621,19.04,18.62,1.47,Stationary
9,3548015993,-0.0271,-0.0644,1.2056,15.19,14.00,0.28,Stationary
9,3548055982,0.0044,-0.0439,1.1785,1.68,1.19,-1.05,Stationary
9,3548095971,-0.0132,-0.0037,1.0651,6.09,-11.20,0.35,Stationary
9,3548135974,-0.0600,-0.0124,0.9435,7.49,-16.80,2.73,Stationary
9,3548175969,-0.0688,0.0234,0.8484,3.85,-13.30,6.58,Stationary
9,3548215971,-0.0710,-0.0117,0.8154,8.05,-4.27,10.43,Stationary
9,3548255976,-0.0681,0.0403,0.8843,6.65,6.16,9.87,Stationary
10,3596739418,0.1764,-0.1318,1.2539,10.92,15.33,0.91,Stationary
10,3596773298,0.1647,0.0512,1.3549,29.12,-5.11,1.47,Stationary
10,3596813286,0.1413,-0.1142,1.2795,56.00,-32.20,4.83,Stationary
10,3596853289,-0.0337,-0.1515,1.1295,42.35,-49.98,6.09,Stationary
10,3596893289,-0.1852,-0.2745,0.9179,17.01,-49.21,10.08,Stationary
10,3596933284,-0.1932,-0.0630,0.7166,-23.66,-33.81,10.50,Stationary
10,3596973330,-0.1764,-0.0725,0.6310,-5.46,-8.40,10.71,Stationary
10,3597013289,-0.1069,-0.1120,0.6573,-8.96,13.23,5.46,Stationary
10,3597053284,-0.0915,-0.0908,0.8323,16.03,31.29,0.56,Stationary
10,3597093284,-0.0183,-0.2064,1.0885,9.59,35.07,-7.63,Stationary
10,3597133285,0.0264,-0.1332,1.2612,4.48,23.52,-15.26,Stationary
10,3597173283,0.0476,-0.1786,1.2744,1.54,1.89,-20.79,Stationary
10,3597213282,-0.0520,-0.0556,1.1836,7.70,-14.63,-18.48,Stationary
10,3597253290,-0.1391,-0.0417,1.1317,16.80,-16.31,-15.33,Stationary
10,3597293282,-0.1771,-0.1025,1.0746,23.80,-5.74,-12.74,Stationary
10,3597333282,-0.0996,-0.0644,0.9487,-14.14,2.80,-14.49,Stationary
10,3597373290,-0.1010,-0.0417,0.8557,-13.72,4.48,-11.69,Stationary
10,3597413283,-0.0710,-0.0227,0.8469,0.07,2.52,-5.46,Stationary
10,3597453282,-0.0630,-0.0922,0.9209,4.34,-0.14,-1.68,Stationary
10,3597493304,-0.0586,-0.0088,1.0124,5.39,1.40,-1.33,Stationary
10,3597533291,-0.0600,-0.0439,1.0680,10.99,2.45,-1.26,Stationary
10,3597573286,0.0300,-0.0556,0.9941,-12.46,-0.98,-2.59,Stationary
10,3597613284,0.1047,0.0483,0.8462,-20.65,-8.05,-2.73,Stationary
10,3597653282,0.0373,0.0066,0.7540,0.42,-13.79,3.01,Stationary
10,3597693286,0.0059,0.0066,0.7503,-4.76,-13.72,8.75,Stationary
10,3597733283,-0.0007,-0.0095,0.8843,18.27,-10.85,15.68,Stationary
10,3597773283,-0.0520,-0.1706,1.1090,19.95,-10.64,19.25,Stationary
10,3597813285,-0.0139,-0.1420,1.3220,16.94,-15.40,19.46,Stationary
10,3597853285,-0.0754,-0.1252,1.3337,19.46,-23.10,9.45,Stationary
10,3597893284,-0.2277,-0.1691,1.1500,-1.05,-29.05,-1.19,Stationary
10,3597933285,-0.3353,-0.0608,0.8703,-17.01,-31.22,-1.75,Stationary
10,3597973323,-0.3682,-0.0366,0.7042,-22.19,-24.50,-0.07,Stationary
10,3598013288,-0.3616,-0.0154,0.6368,-19.95,-11.48,3.22,Stationary
10,3598053284,-0.3162,-0.0037,0.6324,-14.91,3.15,6.72,Stationary
10,3598093283,-0.2057,-0.0227,0.7532,0.42,19.88,10.43,Stationary
10,3598133282,-0.1713,-0.0505,1.0219,22.96,34.30,14.00,Stationary
10,3598173289,-0.0307,-0.0886,1.2729,11.62,38.78,10.78,Stationary
10,3598213282,0.0264,-0.0842,1.3220,13.65,33.11,5.88,Stationary
10,3598253282,0.0864,-0.0315,1.1705,-15.05,16.45,-1.05,Stationary
10,3598293294,0.0747,0.0234,0.9487,-6.72,-0.77,-0.14,Stationary
10,3598333297,0.0454,0.0154,0.8074,0.42,-11.97,4.34,Stationary
10,3598373284,-0.0029,0.0154,0.7371,2.66,-14.70,9.73,Stationary
10,3598413307,-0.0549,-0.0051,0.7796,8.75,-7.84,14.14,Stationary
10,3598453287,-0.0805,-0.0132,0.9311,13.44,2.80,13.65,Stationary
10,3598493283,-0.0871,-0.0578,1.1807,19.67,14.42,9.66,Stationary
10,3598533289,-0.0359,-0.1164,1.2729,3.64,17.08,-1.05,Stationary
10,3598573283,-0.0403,-0.0066,1.2546,-11.48,12.18,-11.48,Stationary
10,3598613284,-0.0827,-0.0337,1.1178,-4.62,4.69,-12.81,Stationary
10,3598653283,-0.0842,-0.0102,0.9435,-10.64,-4.06,-9.87,Stationary
10,3598693283,-0.0996,0.0110,0.8037,-8.40,-12.53,-4.48,Stationary
11,3603835416,0.1318,-0.0447,0.8542,23.17,19.53,12.67,Stationary
11,3603869638,0.1135,0.0242,0.7737,8.96,27.02,17.29,Stationary
11,3603909687,0.2108,0.0425,0.7774,13.93,33.74,20.79,Stationary
11,3603949695,0.2635,0.0095,0.8784,14.84,32.13,17.57,Stationary
11,3603989658,0.3382,-0.0066,0.9582,23.66,25.34,13.37,Stationary
11,3604029648,0.3228,-0.1340,1.0929,7.14,13.30,6.72,Stationary
11,3604069635,0.4004,-0.1215,1.3440,-6.44,0.91,0.56,Stationary
11,3604109635,0.5029,-0.1515,1.4977,-9.31,-30.66,-4.76,Stationary
11,3604149632,0.4524,-0.0373,1.4435,8.68,-68.39,-7.63,Stationary
11,3604189630,0.2569,-0.1274,1.3505,51.10,-91.91,-7.00,Stationary
11,3604229637,0.1208,-0.1969,1.2700,37.10,-104.51,-12.11,Stationary
11,3604269630,-0.0630,-0.1830,1.1134,10.22,-103.25,-15.47,Stationary
11,3604309633,-0.0073,-0.0966,0.9604,-20.37,-101.01,-20.65,Stationary
11,3604349634,-0.1281,-0.0944,0.7825,-33.60,-93.03,-21.07,Stationary
11,3604389630,-0.2196,0.0586,0.5841,-44.38,-74.83,-17.92,Stationary
11,3604429630,-0.2101,0.1025,0.4392,-39.34,-42.77,-16.45,Stationary
11,3604469634,-0.1435,0.1230,0.3440,-29.54,-6.37,-14.98,Stationary
11,3604509631,-0.0578,0.1274,0.3609,-16.45,28.21,-15.40,Stationary
11,3604549634,-0.0571,0.2137,0.5688,24.71,57.47,-10.43,Stationary
11,3604589631,-0.0425,0.0124,0.9113,83.30,76.93,-4.06,Stationary
11,3604629630,0.0886,-0.1091,1.2649,33.60,67.90,-7.77,Stationary
11,3604669634,0.0798,-0.0900,1.4113,30.24,41.58,-10.43,Stationary
11,3604709629,0.0322,-0.0454,1.4486,7.77,9.38,-13.58,Stationary
11,3604749629,-0.0337,-0.0337,1.3542,11.27,-17.36,-10.08,Stationary
11,3604789633,-0.1069,-0.0608,1.2232,10.50,-36.61,-3.99,Stationary
11,3604829629,-0.1588,-0.0029,1.0614,-0.14,-46.83,2.38,Stationary
11,3604869634,-0.1669,-0.0549,0.9040,-5.67,-47.60,8.54,Stationary
11,3604909639,-0.1596,0.0359,0.7840,-27.09,-39.90,11.97,Stationary
11,3604949672,-0.1479,0.0805,0.7035,-11.48,-25.34,17.36,Stationary
11,3604989661,-0.1010,0.0249,0.6771,-5.11,-8.82,19.11,Stationary
11,3605029647,-0.0900,0.0630,0.6976,10.50,5.53,19.74,Stationary
11,3605069642,-0.1303,-0.0117,0.7657,63.00,21.14,27.65,Stationary
11,3605109636,-0.0900,-0.1391,0.8996,-3.01,32.06,22.05,Stationary
11,3605149631,-0.1288,0.1369,1.0350,21.49,43.75,20.93,Stationary
11,3605189630,-0.0710,-0.1925,1.2041,35.00,42.70,16.31,Stationary
11,3605229635,-0.0344,-0.1383,1.3908,14.21,21.42,8.96,Stationary
11,3605269629,-0.0505,-0.1984,1.3981,7.98,-12.11,6.23,Stationary
11,3605309631,-0.1083,-0.1391,1.2795,-0.84,-38.71,6.09,Stationary
11,3605349633,-0.1793,-0.0878,1.0841,-10.22,-53.48,7.77,Stationary
11,3605389630,-0.1925,-0.0666,0.9318,-16.59,-55.65,10.15,Stationary
11,3605429629,-0.1911,-0.0842,0.8037,-39.90,-47.18,7.28,Stationary
11,3605469637,-0.1420,0.0176,0.6727,-48.58,-30.03,4.27,Stationary
11,3605509629,-0.1413,0.0359,0.5893,-22.26,-7.56,3.50,Stationary
11,3605549631,-0.1449,0.0161,0.6010,4.76,16.17,2.66,Stationary
11,3605589634,-0.1383,0.0212,0.7349,29.82,37.52,1.89,Stationary
11,3605629631,-0.1471,-0.0527,1.0006,53.20,46.69,0.77,Stationary
11,3605669644,-0.1039,-0.2057,1.1814,30.66,41.65,-3.36,Stationary
11,3605709634,-0.0644,-0.0476,1.1939,2.24,27.65,-9.94,Stationary
11,3605749630,-0.0725,-0.0498,1.1112,12.04,13.79,-9.17,Stationary
11,3605789629,-0.1061,-0.0256,1.0533,9.66,4.06,-7.98,Stationary
12,3612159419,-0.0417,-0.0242,0.7261,23.38,18.48,6.23,Stationary
12,3612191162,-0.0908,-0.0447,0.9472,30.59,27.86,2.80,Stationary
12,3612231153,-0.0673,-0.1647,1.1602,23.45,32.27,-2.45,Stationary
12,3612271141,-0.0329,-0.0593,1.2466,8.61,25.83,-8.75,Stationary
12,3612311140,-0.0403,-0.1010,1.2986,7.77,14.42,-10.99,Stationary
12,3612351144,-0.0293,-0.0132,1.2100,-9.17,2.52,-12.25,Stationary
12,3612391138,-0.0659,-0.0022,1.0775,-7.91,-6.30,-8.33,Stationary
12,3612431137,-0.0878,0.0146,0.9582,-13.09,-8.61,-2.45,Stationary
12,3612471141,-0.0813,0.0285,0.8557,-4.90,-5.32,3.57,Stationary
12,3612511140,-0.0571,0.0110,0.7481,-0.21,-2.94,8.96,Stationary
12,3612551137,-0.0307,0.0264,0.6910,12.53,-2.45,12.81,Stationary
12,3612591161,-0.0761,-0.0073,0.7437,32.41,1.54,14.77,Stationary
12,3612631140,-0.1039,-0.0015,0.8865,31.99,9.31,13.65,Stationary
12,3612671136,-0.0864,-0.1032,1.0680,33.95,16.24,10.64,Stationary
12,3612711138,-0.0710,-0.1164,1.2246,16.45,16.73,4.13,Stationary
12,3612751137,-0.0395,-0.0959,1.3074,12.04,10.99,-2.31,Stationary
12,3612791137,-0.0007,-0.1296,1.2459,-1.89,-0.98,-8.82,Stationary
12,3612831141,-0.0081,-0.0249,1.1119,-2.45,-12.18,-9.24,Stationary
12,3612871136,-0.0498,-0.0322,0.9845,2.87,-19.39,-5.32,Stationary
12,3612911136,-0.0717,-0.0117,0.8667,-2.52,-18.34,-1.40,Stationary
12,3612951190,-0.0608,-0.0066,0.7518,-1.54,-10.29,3.57,Stationary
12,3612991143,-0.0351,-0.0015,0.6983,2.52,-1.54,8.05,Stationary
12,3613031140,-0.0483,0.0095,0.7554,14.14,10.22,10.92,Stationary
12,3613071157,-0.0146,-0.0776,0.9326,31.08,25.41,9.94,Stationary
12,3613111149,-0.0015,-0.1332,1.1624,16.73,33.95,1.82,Stationary
12,3613151157,0.0630,-0.1508,1.2473,-16.94,28.49,-7.42,Stationary
12,3613191150,0.0710,-0.0183,1.2664,-6.37,9.17,-9.73,Stationary
12,3613231156,0.0044,-0.1076,1.2034,8.33,-13.30,-5.88,Stationary
12,3613271140,-0.0673,-0.0329,1.0878,4.97,-28.42,-2.17,Stationary
12,3613311159,-0.1252,-0.0512,0.9457,1.05,-34.23,2.31,Stationary
12,3613351140,-0.1332,-0.0285,0.8074,-9.31,-28.56,6.86,Stationary
12,3613391136,-0.1105,0.0088,0.7035,-17.15,-14.42,10.01,Stationary
12,3613431145,-0.0754,0.0081,0.6515,3.22,5.11,13.79,Stationary
12,3613471137,-0.0212,-0.0088,0.7130,9.10,23.59,14.56,Stationary
12,3613511141,0.0381,-0.0717,0.9077,26.95,37.17,14.14,Stationary
12,3613551141,0.0791,-0.1340,1.1697,30.24,35.49,11.27,Stationary
12,3613591157,0.0915,-0.1493,1.3015,19.32,20.44,5.25,Stationary
12,3613631141,0.0710,-0.1288,1.3103,16.10,0.77,-0.42,Stationary
12,3613671144,0.0249,-0.1142,1.1814,9.66,-16.52,-2.38,Stationary
12,3613711137,-0.0556,-0.0820,1.0197,2.31,-26.25,-2.17,Stationary
12,3613751139,-0.1061,-0.0425,0.8747,0.28,-24.64,2.73,Stationary
12,3613791143,-0.1186,-0.0337,0.7767,-2.38,-12.32,8.33,Stationary
12,3613831136,-0.0915,-0.0256,0.7261,-1.12,4.27,12.67,Stationary
12,3613871137,-0.0212,-0.0571,0.7386,-0.49,22.26,13.16,Stationary
12,3613911139,0.0593,-0.0476,0.8535,11.76,31.92,11.83,Stationary
12,3613951176,0.1003,-0.1208,1.0438,27.58,31.43,9.59,Stationary
12,3613991172,0.1325,-0.2042,1.2451,26.25,18.06,2.66,Stationary
12,3614031143,0.0747,-0.2511,1.3074,10.57,-2.03,-3.15,Stationary
12,3614071161,0.0029,-0.1618,1.2371,0.77,-17.71,-6.86,Stationary
12,3614111145,-0.0644,-0.1493,1.0987,-3.36,-26.53,-6.02,Stationary
13,3619583423,-0.0732,-0.0834,0.9728,9.45,-4.20,6.37,Stationary
13,3619614634,-0.0900,-0.1003,0.9501,5.95,-3.57,6.79,Stationary
13,3619654630,-0.0908,-0.0717,0.8982,2.38,-0.77,6.51,Stationary
13,3619694626,-0.0834,-0.0615,0.8865,2.10,6.79,5.39,Stationary
13,3619734624,-0.0739,-0.0761,0.8747,-1.68,15.47,3.99,Stationary
13,3619774629,-0.0542,-0.0410,0.9348,4.90,22.54,4.06,Stationary
13,3619814622,-0.0132,-0.1362,1.0621,12.67,24.85,3.22,Stationary
13,3619854622,0.0029,-0.0937,1.1807,4.76,16.59,-0.56,Stationary
13,3619894629,-0.0146,-0.1215,1.1858,11.06,3.43,-0.91,Stationary
13,3619934625,-0.0234,-0.0673,1.1192,12.25,-8.89,-0.77,Stationary
13,3619974677,-0.0556,0.0000,1.0541,42.21,-13.44,3.43,Stationary
13,3620014629,-0.0900,-0.1735,1.0504,54.74,-9.87,5.60,Stationary
13,3620054625,-0.0622,-0.3565,1.0548,8.40,-4.34,4.13,Stationary
13,3620094645,-0.0512,0.0439,1.0746,-23.94,-2.31,0.35,Stationary
13,3620134634,-0.0124,-0.1932,1.0211,14.00,1.12,1.26,Stationary
13,3620174623,-0.0029,-0.0373,0.9897,-26.32,-1.54,-2.87,Stationary
13,3620214622,-0.0205,-0.0520,0.9487,14.98,-3.57,0.63,Stationary
13,3620254627,-0.0410,-0.1120,0.9216,3.57,-5.18,3.99,Stationary
13,3620294623,-0.0586,-0.1135,0.8938,-4.06,-3.85,7.56,Stationary
13,3620334622,-0.1303,0.0307,0.9231,18.69,-0.56,13.16,Stationary
13,3620374625,-0.0542,-0.2174,0.8835,-4.13,0.91,15.12,Stationary
13,3620414625,-0.0439,-0.0578,0.9428,-4.27,2.87,13.65,Stationary
13,3620454621,0.0168,-0.2401,0.8908,8.26,5.11,11.90,Stationary
13,3620494627,0.0227,-0.0937,0.8974,-17.08,3.64,7.42,Stationary
13,3620534622,-0.0432,0.0146,0.8682,16.03,8.68,9.59,Stationary
13,3620574644,-0.0659,-0.2298,0.8982,17.29,13.44,10.50,Stationary
13,3620614626,-0.0476,-0.0651,0.8703,-0.70,15.75,4.20,Stationary
13,3620654623,-0.0344,-0.1625,0.9150,-33.18,17.43,-4.27,Stationary
13,3620694627,-0.0586,-0.0534,0.9845,-50.75,22.82,-14.14,Stationary
13,3620734626,-0.0066,-0.0483,1.0299,-43.33,29.26,-15.82,Stationary
13,3620774623,0.0454,-0.0952,1.0453,-51.24,28.91,-14.84,Stationary
13,3620814622,0.0139,0.1369,0.9955,-19.25,26.60,-8.33,Stationary
13,3620854627,-0.0146,-0.0007,0.9845,-5.74,22.96,-3.22,Stationary
13,3620894624,0.0264,0.0220,0.9772,-23.10,20.72,-5.25,Stationary
13,3620934623,-0.0161,0.1954,0.9633,-8.82,22.19,-8.19,Stationary
13,3620974667,0.0256,-0.1501,0.9421,-8.12,30.52,-10.29,Stationary
13,3621014628,0.0432,0.1618,0.8908,-23.59,35.42,-10.29,Stationary
13,3621054622,0.1764,-0.0776,0.8352,16.59,43.26,-6.58,Stationary
13,3621094643,0.2782,-0.0447,0.8359,6.09,41.86,-4.41,Stationary
13,3621134625,0.2284,0.0168,0.7913,24.64,38.08,-1.89,Stationary
13,3621174630,0.3989,0.2723,0.8330,-62.30,28.07,-13.51,Stationary
13,3621214623,0.4817,0.2650,0.9758,9.31,25.97,-13.93,Stationary
13,3621254623,0.4341,-0.1376,1.0307,46.76,23.03,-9.10,Stationary
13,3621294627,0.4758,-0.0132,1.0350,1.54,11.76,-13.79,Stationary
13,3621334622,0.4194,0.0842,1.0358,-2.59,4.34,-19.11,Stationary
13,3621374623,0.3741,0.0630,1.0665,11.41,0.63,-18.83,Stationary
13,3621414623,0.3799,0.0461,1.0899,0.91,-4.48,-17.01,Stationary
13,3621454622,0.3762,0.1369,1.1251,7.14,-13.72,-12.18,Stationary
13,3621494621,0.3579,0.0637,1.1295,17.01,-30.45,-4.62,Stationary
13,3621534627,0.3221,0.0864,1.0943,27.09,-45.99,3.08,Stationary
14,3721895413,-0.1720,-0.0190,0.5783,-26.60,-27.72,-0.77,Stationary
14,3721929062,-0.1230,0.0388,0.5732,-15.89,5.81,-2.59,Stationary
14,3721969124,0.0139,-0.1340,0.6405,-27.09,35.42,-10.64,Stationary
14,3722009060,0.0417,-0.0234,0.7452,-69.93,54.60,-22.96,Stationary
14,3722049089,0.0915,0.0586,0.7796,-70.49,68.25,-29.05,Stationary
14,3722089062,0.1749,0.0271,0.8652,-5.39,68.53,-15.12,Stationary
14,3722129053,0.1654,0.0608,1.0365,50.68,54.46,-0.98,Stationary
14,3722169074,0.1764,-0.0432,1.3227,67.34,43.19,2.59,Stationary
14,3722209063,0.2255,0.0637,1.4179,25.97,27.58,-5.04,Stationary
14,3722249055,0.1969,0.0300,1.3601,14.63,3.15,-11.41,Stationary
14,3722289069,0.1354,0.1237,1.2554,6.02,-21.07,-11.41,Stationary
14,3722329058,0.0051,-0.0483,1.1492,12.53,-35.28,-4.62,Stationary
14,3722369052,0.0520,0.1369,0.9714,-4.41,-42.84,-0.35,Stationary
14,3722409053,0.0044,0.1105,0.8674,4.83,-43.33,-1.19,Stationary
14,3722449085,-0.0161,0.0864,0.7122,-5.53,-34.37,-3.43,Stationary
14,3722489056,-0.0102,0.0747,0.5666,7.42,-19.32,-1.05,Stationary
14,3722529052,0.0124,0.0505,0.5424,7.70,-1.61,2.73,Stationary
14,3722569056,0.0278,0.0842,0.7327,23.59,20.16,7.35,Stationary
14,3722609053,0.1113,-0.0051,0.9970,13.30,35.07,5.74,Stationary
14,3722649072,0.1845,0.0139,1.2049,14.98,33.32,5.32,Stationary
14,3722689055,0.2159,-0.0417,1.2942,13.79,16.24,5.88,Stationary
14,3722729054,0.1786,-0.0278,1.2525,17.50,-5.25,9.94,Stationary
14,3722769052,0.0959,-0.0534,1.1624,16.24,-21.21,13.79,Stationary
14,3722809058,0.0293,-0.0637,1.0731,5.39,-28.42,14.77,Stationary
14,3722849053,-0.0037,-0.0037,0.9501,4.20,-26.74,14.77,Stationary
14,3722889053,-0.0102,-0.0132,0.8374,-1.26,-18.97,14.07,Stationary
14,3722929055,-0.0146,0.0015,0.7474,-1.12,-8.68,14.07,Stationary
14,3722969092,0.0161,0.0066,0.7269,10.64,-1.26,14.42,Stationary
14,3723009074,0.0044,-0.0234,0.8154,12.32,7.35,8.68,Stationary
14,3723049062,0.0007,-0.0490,0.9267,14.49,18.83,2.38,Stationary
14,3723089057,0.0329,-0.1222,1.0687,10.36,24.71,-0.28,Stationary
14,3723129073,0.0974,-0.0681,1.2085,3.71,22.96,-2.52,Stationary
14,3723169083,0.1017,-0.0856,1.2627,7.07,13.86,-4.13,Stationary
14,3723209073,0.1142,-0.0747,1.2078,-13.09,-1.19,-4.62,Stationary
14,3723249057,0.0754,0.0242,1.0885,-0.84,-13.30,-1.12,Stationary
14,3723289071,0.0468,-0.0095,0.9640,0.98,-20.23,1.96,Stationary
14,3723329059,0.0198,0.0322,0.8499,-1.68,-20.58,4.62,Stationary
14,3723369074,0.0066,0.0190,0.7715,0.70,-15.33,7.14,Stationary
14,3723409063,0.0278,0.0220,0.7693,5.46,-5.04,8.33,Stationary
14,3723449052,0.0468,0.0044,0.8264,7.91,8.33,8.12,Stationary
14,3723489052,0.0783,0.0000,0.8901,-3.36,20.09,4.62,Stationary
14,3723529057,0.0908,0.0044,0.9867,6.16,26.18,4.62,Stationary
14,3723569052,0.1244,-0.0512,1.1375,11.41,20.37,5.18,Stationary
14,3723609052,0.0864,-0.0659,1.2568,17.36,5.67,6.79,Stationary
14,3723649074,0.0747,-0.0908,1.2334,10.22,-9.45,7.35,Stationary
14,3723689056,0.0410,-0.0403,1.1002,10.01,-18.13,7.56,Stationary
14,3723729053,0.0044,-0.0432,0.9414,0.35,-19.18,4.76,Stationary
14,3723769056,0.0022,-0.0110,0.7913,-3.36,-13.93,2.66,Stationary
14,3723809053,0.0059,-0.0059,0.6903,-2.10,-4.13,1.89,Stationary
14,3723849053,0.0212,-0.0051,0.6976,4.27,8.89,1.82,Stationary
15,3728423412,-0.2240,-0.1091,0.6361,-6.30,-16.52,-0.28,Stationary
15,3728454133,-0.2269,-0.1164,0.5980,2.38,-4.90,3.78,Stationary
15,3728494129,-0.2533,-0.1281,0.6178,10.85,9.52,7.63,Stationary
15,3728534125,-0.3433,-0.1332,0.7752,28.84,23.38,12.04,Stationary
15,3728574123,-0.3719,-0.2298,0.9750,12.95,34.02,9.94,Stationary
15,3728614128,-0.2943,-0.1515,1.1148,-1.61,33.67,5.11,Stationary
15,3728654144,-0.2760,-0.1749,1.1851,10.36,22.68,4.06,Stationary
15,3728694127,-0.2599,-0.1501,1.1822,0.21,4.90,1.68,Stationary
15,3728734124,-0.2804,-0.1310,1.1222,5.18,-8.75,1.40,Stationary
15,3728774123,-0.3155,-0.1515,1.0519,9.31,-17.01,0.00,Stationary
15,3728814131,-0.2862,-0.1076,0.9377,-0.91,-21.14,-1.61,Stationary
15,3728854124,-0.2855,-0.1896,0.8433,-7.07,-21.21,-2.24,Stationary
15,3728894149,-0.2364,-0.1479,0.7225,-8.68,-16.94,-0.21,Stationary
15,3728934127,-0.2452,-0.1113,0.6544,5.18,-7.07,4.62,Stationary
15,3728974169,-0.3199,-0.1391,0.6917,17.22,9.66,8.26,Stationary
15,3729014129,-0.3404,-0.1896,0.8220,19.46,26.11,8.82,Stationary
15,3729054151,-0.3104,-0.1684,1.0146,12.60,34.02,5.67,Stationary
15,3729094126,-0.2723,-0.1889,1.1317,24.85,25.97,3.85,Stationary
15,3729134123,-0.3023,-0.1947,1.2312,23.10,8.40,0.21,Stationary
15,3729174147,-0.3038,-0.2050,1.1829,4.20,-4.27,-5.25,Stationary
15,3729214159,-0.2862,-0.1552,1.0482,-1.26,-12.46,-6.51,Stationary
15,3729254131,-0.2518,-0.1142,0.8952,-3.85,-18.55,-4.55,Stationary
15,3729294130,-0.2438,-0.1391,0.8125,9.45,-20.58,0.70,Stationary
15,3729334124,-0.2503,-0.1976,0.7422,5.88,-13.44,5.46,Stationary
15,3729374123,-0.2379,-0.1237,0.6808,-6.86,-0.77,8.40,Stationary
15,3729414127,-0.2547,-0.1574,0.7357,8.96,14.91,12.39,Stationary
15,3729454125,-0.2899,-0.1903,0.9150,15.61,27.09,11.76,Stationary
15,3729494124,-0.2401,-0.2291,1.0819,1.89,31.22,6.02,Stationary
15,3729534142,-0.1998,-0.2013,1.2166,6.65,23.03,-0.56,Stationary
15,3729574125,-0.2445,-0.2379,1.2664,-2.73,8.61,-3.71,Stationary
15,3729614123,-0.2511,-0.1757,1.1324,2.66,-7.00,-3.29,Stationary
15,3729654125,-0.2525,-0.1874,0.9655,10.08,-19.39,-1.05,Stationary
15,3729694122,-0.2796,-0.1771,0.8067,4.20,-23.73,0.70,Stationary
15,3729734123,-0.2752,-0.1230,0.7013,-0.21,-14.98,4.06,Stationary
15,3729774123,-0.2408,-0.1618,0.6434,-2.59,-0.63,6.86,Stationary
15,3729814125,-0.2145,-0.0747,0.6764,5.25,17.43,9.52,Stationary
15,3729854122,-0.2196,-0.1786,0.8528,15.54,30.73,10.22,Stationary
15,3729894125,-0.2569,-0.2584,1.1112,23.73,36.40,8.05,Stationary
15,3729934123,-0.1940,-0.2921,1.2261,0.35,27.93,-0.77,Stationary
15,3729974146,-0.1801,-0.2569,1.2217,-0.28,9.94,-4.34,Stationary
15,3730014128,-0.2196,-0.2320,1.1448,7.56,-5.74,-3.50,Stationary
15,3730054135,-0.2042,-0.1786,1.0226,1.68,-15.61,-1.89,Stationary
15,3730094125,-0.1991,-0.1632,0.8799,6.86,-22.19,0.70,Stationary
15,3730134125,-0.2255,-0.1069,0.7649,7.35,-23.45,5.18,Stationary
15,3730174132,-0.2460,-0.1654,0.7137,9.45,-14.07,9.66,Stationary
15,3730214123,-0.2298,-0.1296,0.7210,12.60,1.75,13.02,Stationary
15,3730254127,-0.2174,-0.1962,0.8059,10.57,17.29,13.02,Stationary
15,3730294126,-0.2211,-0.2306,0.9597,20.16,27.72,10.99,Stationary
15,3730334123,-0.1867,-0.2745,1.1646,25.48,27.65,7.00,Stationary
15,3730374123,-0.1896,-0.3126,1.2627,-10.85,15.33,-1.54,Stationary
16,3734947584,-0.2115,-0.0586,1.3469,-11.06,24.22,-14.49,Stationary
16,3734979454,-0.2262,-0.1149,1.3352,-1.05,4.41,-14.77,Stationary
16,3735019456,-0.2606,-0.0842,1.1924,-11.41,-20.44,-12.25,Stationary
16,3735059431,-0.2833,-0.0622,1.0299,2.87,-32.97,-3.50,Stationary
16,3735099428,-0.2657,-0.1076,0.8359,-1.68,-31.08,0.98,Stationary
16,3735139447,-0.2167,-0.0146,0.6464,-5.95,-21.70,6.44,Stationary
16,3735179427,-0.1867,-0.0395,0.5673,12.95,-8.61,13.23,Stationary
16,3735219427,-0.2467,-0.0315,0.6581,30.73,8.12,17.01,Stationary
16,3735259432,-0.3213,-0.1076,0.8374,36.89,28.28,17.78,Stationary
16,3735299424,-0.3067,-0.1676,1.1002,28.77,41.30,13.37,Stationary
16,3735339445,-0.2269,-0.2101,1.3220,13.51,36.89,5.53,Stationary
16,3735379434,-0.1449,-0.1969,1.3549,-10.57,21.77,-1.89,Stationary
16,3735419435,-0.1647,-0.1405,1.2590,-9.66,-0.98,-3.71,Stationary
16,3735459427,-0.2072,-0.1479,1.0753,-7.98,-16.45,-0.84,Stationary
16,3735499428,-0.1969,-0.0717,0.8865,-6.30,-22.82,4.06,Stationary
16,3735539425,-0.1830,-0.0761,0.6991,2.73,-23.73,10.78,Stationary
16,3735579424,-0.1735,-0.0505,0.5673,0.07,-21.21,14.00,Stationary
16,3735619433,-0.2262,-0.0205,0.5819,12.46,-9.17,15.33,Stationary
16,3735659426,-0.3082,-0.1149,0.7547,22.05,11.48,13.44,Stationary
16,3735699423,-0.2943,-0.1779,1.0043,17.64,31.50,9.52,Stationary
16,3735739424,-0.2020,-0.2643,1.2912,8.05,35.35,3.71,Stationary
16,3735779423,-0.1742,-0.2613,1.3871,9.94,15.19,3.78,Stationary
16,3735819423,-0.1464,-0.1742,1.2869,-0.91,-9.31,3.71,Stationary
16,3735859437,-0.2152,-0.1332,1.0709,5.74,-27.23,5.81,Stationary
16,3735899426,-0.2408,-0.1179,0.8535,-7.42,-31.29,5.67,Stationary
16,3735939427,-0.2262,-0.1105,0.7027,-7.14,-23.87,6.72,Stationary
16,3735979461,-0.2189,-0.0988,0.6200,-2.10,-11.34,7.98,Stationary
16,3736019444,-0.2240,-0.1310,0.6076,8.05,2.52,8.54,Stationary
16,3736059444,-0.2811,-0.1405,0.7547,23.03,17.50,6.44,Stationary
16,3736099426,-0.3272,-0.2057,1.0329,31.57,33.39,1.96,Stationary
16,3736139426,-0.2372,-0.3228,1.2561,4.27,35.49,-6.58,Stationary
16,3736179428,-0.1354,-0.1728,1.3037,4.20,17.92,-8.75,Stationary
16,3736219424,-0.1479,-0.1610,1.2517,-0.98,-6.51,-7.91,Stationary
16,3736259423,-0.1976,-0.1179,1.0914,3.36,-22.33,-6.37,Stationary
16,3736299429,-0.2152,-0.0856,0.9011,-4.83,-28.07,-4.13,Stationary
16,3736339423,-0.2262,-0.0886,0.7137,-0.98,-26.04,0.56,Stationary
16,3736379424,-0.2277,-0.0483,0.6068,0.63,-17.43,5.88,Stationary
16,3736419428,-0.2460,-0.0886,0.6171,8.19,-2.31,9.52,Stationary
16,3736459425,-0.2774,-0.1501,0.7876,24.08,17.29,12.32,Stationary
16,3736499423,-0.2694,-0.2218,1.0497,15.05,30.59,10.15,Stationary
16,3736539428,-0.2247,-0.2533,1.2656,10.92,30.10,5.32,Stationary
16,3736579424,-0.1881,-0.2635,1.3476,-3.85,16.31,-2.24,Stationary
16,3736619424,-0.1823,-0.1596,1.2649,-13.65,-6.37,-7.21,Stationary
16,3736659425,-0.2094,-0.1186,1.1031,-7.91,-25.62,-5.25,Stationary
16,3736699423,-0.2298,-0.1076,0.8938,-8.12,-33.88,-1.75,Stationary
16,3736739424,-0.2496,-0.0791,0.7042,-2.80,-32.90,3.57,Stationary
16,3736779428,-0.2452,-0.0732,0.6068,-2.94,-23.45,8.68,Stationary
16,3736819423,-0.2708,-0.0974,0.6010,0.42,-6.86,11.69,Stationary
16,3736859423,-0.2957,-0.0761,0.7254,15.61,14.28,13.72,Stationary
16,3736899426,-0.3060,-0.1940,0.9523,32.34,33.11,12.39,Stationary
17,3741471414,-0.1947,-0.0739,0.7393,24.99,4.20,11.06,Stationary
17,3741504397,-0.2635,-0.0959,0.9362,36.96,9.94,12.53,Stationary
17,3741544395,-0.3148,-0.2708,1.2210,38.85,17.71,11.27,Stationary
17,3741584391,-0.2115,-0.2167,1.3117,-4.83,14.63,0.35,Stationary
17,3741624389,-0.1676,-0.1676,1.2349,-4.97,0.56,-4.69,Stationary
17,3741664411,-0.1610,-0.1559,1.0841,-4.83,-15.47,-6.37,Stationary
17,3741704394,-0.1837,-0.0622,0.9560,-3.01,-24.22,-3.71,Stationary
17,3741744392,-0.2013,-0.0900,0.8264,5.32,-21.49,-1.75,Stationary
17,3741784411,-0.2050,-0.0695,0.7086,-15.33,-11.97,-4.90,Stationary
17,3741824393,-0.1837,-0.0271,0.6295,-9.80,0.49,-5.04,Stationary
17,3741864391,-0.2020,-0.0637,0.6954,2.80,14.84,-1.82,Stationary
17,3741904395,-0.2767,-0.1288,0.9457,27.58,26.18,3.64,Stationary
17,3741944434,-0.2364,-0.2401,1.2173,17.43,28.35,3.78,Stationary
17,3741984416,-0.1859,-0.1457,1.3220,-1.54,15.82,-1.54,Stationary
17,3742024395,-0.1713,-0.1728,1.2290,0.98,-3.01,-2.38,Stationary
17,3742064419,-0.1947,-0.0710,1.0987,3.43,-20.37,-1.47,Stationary
17,3742104393,-0.2328,-0.1032,0.9597,5.53,-27.30,1.82,Stationary
17,3742144391,-0.2467,-0.0688,0.8118,-1.40,-25.97,5.74,Stationary
17,3742184411,-0.1896,-0.0681,0.7056,-2.94,-17.71,8.96,Stationary
17,3742224396,-0.1713,-0.0168,0.6581,-6.09,-5.60,9.73,Stationary
17,3742264444,-0.2189,-0.0505,0.7254,19.95,10.57,12.11,Stationary
17,3742304428,-0.2277,-0.1354,0.8901,18.48,24.43,11.62,Stationary
17,3742344406,-0.2284,-0.1581,1.1082,23.52,29.89,9.87,Stationary
17,3742384392,-0.1771,-0.2921,1.2495,8.12,26.39,2.94,Stationary
17,3742424390,-0.1815,-0.1449,1.2678,-11.27,12.18,-3.71,Stationary
17,3742464406,-0.1632,-0.1808,1.1551,-1.61,-4.55,-4.34,Stationary
17,3742504392,-0.1947,-0.0981,1.0329,2.45,-18.06,-2.87,Stationary
17,3742544393,-0.2262,-0.0600,0.8872,6.30,-22.26,-0.63,Stationary
17,3742584393,-0.2255,-0.1113,0.7576,2.59,-18.34,1.68,Stationary
17,3742624389,-0.1845,-0.0315,0.6837,-6.09,-9.59,2.73,Stationary
17,3742664424,-0.1793,-0.0498,0.7261,9.45,2.66,3.15,Stationary
17,3742704401,-0.2335,-0.1362,0.8960,19.81,16.10,2.94,Stationary
17,3742744390,-0.2006,-0.1625,1.0599,10.22,21.21,0.35,Stationary
17,3742784391,-0.2006,-0.2050,1.1851,22.05,16.45,-1.47,Stationary
17,3742824395,-0.2240,-0.2086,1.2283,4.69,4.62,-5.60,Stationary
17,3742864388,-0.2167,-0.1603,1.1646,5.67,-6.30,-7.98,Stationary
17,3742904389,-0.2108,-0.1303,1.0409,-6.86,-17.71,-9.38,Stationary
17,3742944430,-0.2262,-0.0783,0.9179,5.25,-24.01,-4.76,Stationary
17,3742984417,-0.2211,-0.0930,0.7942,1.61,-23.52,-1.68,Stationary
17,3743024430,-0.2042,-0.0417,0.7247,-2.03,-16.24,2.31,Stationary
17,3743064397,-0.2006,-0.0564,0.7152,6.93,-4.13,6.37,Stationary
17,3743104390,-0.2269,-0.0593,0.7957,15.19,11.27,8.96,Stationary
17,3743144412,-0.2364,-0.1823,0.9479,18.97,24.64,9.10,Stationary
17,3743184411,-0.1911,-0.1574,1.0878,11.48,27.23,6.51,Stationary
17,3743224413,-0.1881,-0.2298,1.1763,13.58,18.55,2.94,Stationary
17,3743264396,-0.2035,-0.2189,1.2056,4.83,6.30,-0.98,Stationary
17,3743304413,-0.2079,-0.1625,1.1383,-4.90,-4.83,-2.66,Stationary
17,3743344413,-0.2225,-0.1296,1.0409,-4.62,-13.30,-2.66,Stationary
17,3743384398,-0.2277,-0.1061,0.9333,-8.68,-18.27,-1.68,Stationary
17,3743424391,-0.2042,-0.0681,0.8169,-2.24,-21.14,0.91,Stationary
18,3748127420,-0.1947,-0.0176,0.6493,15.61,15.26,3.15,Stationary
18,3748158621,-0.2050,-0.0776,0.8023,29.82,28.63,5.81,Stationary
18,3748198599,-0.1998,-0.1083,1.0570,22.40,38.01,5.67,Stationary
18,3748238600,-0.1493,-0.1947,1.2825,12.25,34.37,0.84,Stationary
18,3748278596,-0.0900,-0.1413,1.3996,-14.84,15.82,-6.37,Stationary
18,3748318596,-0.0937,-0.0915,1.2964,-0.98,-9.38,-9.10,Stationary
18,3748358598,-0.1566,-0.0564,1.1082,5.74,-29.75,-7.49,Stationary
18,3748398597,-0.2094,-0.0600,0.8996,9.87,-37.17,-2.31,Stationary
18,3748438596,-0.2218,-0.0505,0.7466,4.76,-30.03,1.40,Stationary
18,3748478600,-0.2145,-0.0095,0.6537,1.05,-12.95,5.46,Stationary
18,3748518595,-0.1815,-0.0176,0.6332,7.98,5.67,9.17,Stationary
18,3748558594,-0.1618,-0.0673,0.7035,8.96,22.26,11.34,Stationary
18,3748598602,-0.1662,-0.1296,0.8857,18.90,36.33,12.81,Stationary
18,3748638594,-0.1486,-0.1815,1.1507,8.19,43.33,10.43,Stationary
18,3748678620,-0.0974,-0.1603,1.3154,-9.73,39.20,3.08,Stationary
18,3748718609,-0.0183,-0.1310,1.3696,-24.78,19.88,-4.90,Stationary
18,3748758596,-0.0242,-0.1113,1.2839,-15.47,-4.62,-10.50,Stationary
18,3748798596,-0.0871,-0.0190,1.1009,-9.66,-22.33,-10.15,Stationary
18,3748838606,-0.1296,-0.0176,0.8938,9.87,-31.43,-2.94,Stationary
18,3748878596,-0.1530,-0.0073,0.7408,20.72,-31.64,3.85,Stationary
18,3748918597,-0.2013,-0.0022,0.6581,33.60,-23.94,11.48,Stationary
18,3748958640,-0.2357,-0.0556,0.6405,36.61,-9.10,16.87,Stationary
18,3748998612,-0.2555,-0.0564,0.7393,26.67,8.89,19.04,Stationary
18,3749038640,-0.1969,-0.1610,0.8806,17.71,26.95,17.92,Stationary
18,3749078605,-0.1362,-0.1157,1.0665,10.36,38.36,15.33,Stationary
18,3749118598,-0.0388,-0.2291,1.2693,11.69,37.80,12.74,Stationary
18,3749158621,0.0146,-0.2028,1.3769,-37.31,21.91,0.98,Stationary
18,3749198600,0.0051,-0.1318,1.3052,-6.79,1.68,-1.33,Stationary
18,3749238597,-0.0498,-0.1032,1.1485,-1.33,-14.77,-1.61,Stationary
18,3749278602,-0.1091,-0.0849,0.9531,7.28,-25.34,0.77,Stationary
18,3749318596,-0.1654,-0.0490,0.7796,11.34,-27.16,5.18,Stationary
18,3749358595,-0.1845,-0.0571,0.6939,28.00,-19.81,11.20,Stationary
18,3749398598,-0.1581,-0.0769,0.6800,28.77,-9.45,13.86,Stationary
18,3749438597,-0.1823,-0.0578,0.7093,74.41,4.27,21.42,Stationary
18,3749478595,-0.1391,-0.3953,0.8601,38.22,13.65,19.81,Stationary
18,3749518599,-0.1515,-0.1032,0.9209,-16.59,20.16,11.55,Stationary
18,3749558605,-0.1559,-0.2730,1.0014,5.74,24.71,8.89,Stationary
18,3749598594,-0.1596,-0.3155,1.1836,-15.82,22.19,3.50,Stationary
18,3749638601,-0.1230,-0.3645,1.5277,-12.53,22.75,-1.61,Stationary
18,3749678617,0.1354,-0.3111,1.3827,-70.63,7.84,-19.32,Stationary
18,3749718605,0.1127,-0.0527,1.1873,-46.62,-19.95,-23.80,Stationary
18,3749758602,0.0029,-0.1061,0.9963,1.96,-41.72,-18.41,Stationary
18,3749798595,-0.0827,-0.0425,0.7825,15.33,-49.63,-14.21,Stationary
18,3749838595,-0.1618,-0.0205,0.6288,34.02,-44.45,-7.35,Stationary
18,3749878599,-0.2386,-0.0498,0.5519,35.28,-28.77,-1.12,Stationary
18,3749918596,-0.2833,-0.0468,0.5900,28.21,-7.84,5.81,Stationary
18,3749958634,-0.2935,-0.1208,0.7093,31.50,14.28,13.93,Stationary
18,3749998611,-0.2628,-0.1940,0.8982,13.02,32.55,17.29,Stationary
18,3750038598,-0.1640,-0.2452,1.1229,5.95,42.84,16.87,Stationary
18,3750078620,-0.0498,-0.2804,1.2510,-17.78,38.43,7.98,Stationary
19,3757043418,-0.2818,-0.0417,0.5614,-6.37,-2.17,4.27,Stationary
19,3757075329,-0.2708,0.0073,0.5578,-9.38,18.90,2.73,Stationary
19,3757115322,-0.2628,-0.0410,0.6756,14.42,44.87,2.59,Stationary
19,3757155318,-0.2694,-0.1149,0.9216,26.25,58.80,2.03,Stationary
19,3757195344,-0.2225,-0.2130,1.2312,28.84,54.60,2.17,Stationary
19,3757235319,-0.2086,-0.2189,1.4076,21.00,28.21,1.82,Stationary
19,3757275320,-0.2481,-0.2313,1.3923,19.04,-1.96,1.61,Stationary
19,3757315354,-0.2826,-0.1684,1.2232,8.82,-24.36,1.33,Stationary
19,3757355321,-0.2965,-0.1222,1.0124,-1.19,-34.86,2.52,Stationary
19,3757395317,-0.2869,-0.0673,0.8198,-6.44,-34.30,5.53,Stationary
19,3757435317,-0.2789,-0.0571,0.6859,-2.59,-24.64,8.68,Stationary
19,3757475315,-0.2401,-0.0527,0.6434,1.19,-9.24,9.87,Stationary
19,3757515316,-0.2211,-0.0673,0.6654,4.27,6.65,8.89,Stationary
19,3757555316,-0.2445,-0.0725,0.8154,20.65,22.33,8.12,Stationary
19,3757595315,-0.2255,-0.1815,1.0643,22.33,31.64,3.50,Stationary
19,3757635323,-0.1815,-0.2233,1.1719,8.40,24.92,-1.47,Stationary
19,3757675335,-0.2467,-0.2181,1.2173,10.22,0.63,0.21,Stationary
19,3757715320,-0.3455,-0.2137,1.1807,16.80,-16.52,4.06,Stationary
19,3757755317,-0.3572,-0.2028,1.0570,-1.68,-24.08,4.76,Stationary
19,3757795317,-0.3228,-0.1347,0.8865,-12.67,-22.40,4.97,Stationary
19,3757835315,-0.2686,-0.0805,0.7525,-16.24,-11.06,5.39,Stationary
19,3757875321,-0.2050,-0.0761,0.6676,-18.20,3.50,4.06,Stationary
19,3757915321,-0.1435,-0.0747,0.6266,-12.60,16.73,2.59,Stationary
19,3757955358,-0.1925,-0.0351,0.7137,5.32,28.00,3.22,Stationary
19,3757995333,-0.2189,-0.1369,0.9340,35.70,38.99,5.67,Stationary
19,3758035318,-0.1684,-0.2298,1.1997,26.88,35.77,3.22,Stationary
19,3758075320,-0.1669,-0.2262,1.3952,24.15,12.46,2.73,Stationary
19,3758115317,-0.2035,-0.2833,1.3608,17.15,-17.01,2.03,Stationary
19,3758155317,-0.2906,-0.1457,1.1902,9.38,-41.23,1.96,Stationary
19,3758195335,-0.3323,-0.1676,0.9787,-2.10,-50.68,5.11,Stationary
19,3758235325,-0.3060,-0.0864,0.7752,-15.54,-44.66,8.05,Stationary
19,3758275317,-0.2701,-0.0593,0.6449,-17.36,-27.30,10.08,Stationary
19,3758315316,-0.2057,-0.0417,0.5790,-12.46,-3.57,10.64,Stationary
19,3758355319,-0.1588,-0.0732,0.5878,1.26,17.50,10.15,Stationary
19,3758395317,-0.1889,-0.0549,0.7335,26.11,33.53,11.48,Stationary
19,3758435317,-0.2481,-0.2613,1.0219,53.41,40.81,14.63,Stationary
19,3758475321,-0.2108,-0.3133,1.2217,35.77,32.97,11.13,Stationary
19,3758515315,-0.2094,-0.3235,1.2927,16.17,17.29,4.62,Stationary
19,3758555316,-0.2013,-0.2840,1.2195,-1.26,3.15,-1.89,Stationary
19,3758595319,-0.2108,-0.1779,1.0446,-19.60,-4.76,-7.35,Stationary
19,3758635317,-0.2452,-0.1288,0.9084,-13.09,-8.47,-2.87,Stationary
19,3758675334,-0.2306,-0.1025,0.8023,-6.23,-8.47,2.52,Stationary
19,3758715326,-0.2284,-0.1003,0.7327,0.00,-5.67,7.77,Stationary
19,3758755339,-0.2240,-0.1003,0.7357,4.69,2.17,9.45,Stationary
19,3758795316,-0.2306,-0.1259,0.8308,9.52,15.33,8.05,Stationary
19,3758835321,-0.1698,-0.2342,1.0629,6.44,25.27,3.85,Stationary
19,3758875316,-0.1742,-0.2394,1.2891,12.04,22.96,0.42,Stationary
19,3758915320,-0.1537,-0.2701,1.3344,5.32,5.46,-1.75,Stationary
19,3758955356,-0.2115,-0.2357,1.1968,1.54,-12.81,-1.68,Stationary
19,3758995323,-0.2599,-0.1706,1.0109,0.98,-26.60,-0.70,Stationary
20,3763611419,-0.2247,-0.0139,0.7701,-4.48,-18.76,-4.27,Stationary
20,3763644428,-0.2020,-0.0300,0.6727,-1.12,-11.76,-0.77,Stationary
20,3763684455,-0.1508,-0.0161,0.6127,4.76,-0.91,3.99,Stationary
20,3763724427,-0.2072,-0.0102,0.7166,24.71,12.04,8.40,Stationary
20,3763764426,-0.2379,-0.1252,0.9531,36.12,23.94,10.50,Stationary
20,3763804429,-0.2730,-0.1449,1.2224,30.10,27.09,8.05,Stationary
20,3763844420,-0.2108,-0.2862,1.3132,9.73,17.64,2.66,Stationary
20,3763884431,-0.1998,-0.1288,1.2693,-35.49,-0.07,-4.06,Stationary
20,3763924426,-0.1486,-0.0922,1.1265,-7.00,-15.75,-2.73,Stationary
20,3763964473,-0.1771,-0.1347,0.9714,-14.35,-27.58,-2.10,Stationary
20,3764004431,-0.2123,-0.0732,0.8111,-13.44,-28.21,0.70,Stationary
20,3764044430,-0.1940,-0.0666,0.6932,-4.62,-20.51,5.46,Stationary
20,3764084427,-0.2284,-0.0212,0.6464,11.83,-10.36,10.22,Stationary
20,3764124427,-0.2240,-0.0542,0.7591,59.57,-0.98,17.15,Stationary
20,3764164445,-0.2050,-0.3155,0.9911,55.79,1.47,15.75,Stationary
20,3764204426,-0.2987,-0.2577,1.2356,62.65,-2.38,13.51,Stationary
20,3764244423,-0.3521,-0.3821,1.2751,30.24,-8.89,4.41,Stationary
20,3764284432,-0.3565,-0.2752,1.1500,-9.10,-14.07,-4.20,Stationary
20,3764324423,-0.3345,-0.1874,0.9626,-25.27,-12.88,-8.12,Stationary
20,3764364421,-0.2965,-0.0988,0.7920,-35.56,-6.93,-6.86,Stationary
20,3764404424,-0.2174,-0.0461,0.6405,-18.76,-0.98,-1.19,Stationary
20,3764444421,-0.1801,-0.0842,0.5915,-0.56,2.80,6.51,Stationary
20,3764484422,-0.2518,-0.0307,0.6712,18.76,10.64,13.72,Stationary
20,3764524427,-0.3316,-0.1940,0.9026,35.70,24.36,16.03,Stationary
20,3764564422,-0.3484,-0.2335,1.1734,5.18,37.31,6.65,Stationary
20,3764604421,-0.2372,-0.3030,1.2239,-27.86,40.67,-3.57,Stationary
20,3764644427,-0.1391,-0.0747,1.1470,-36.19,29.33,-3.29,Stationary
20,3764684443,-0.0871,-0.0798,1.1244,3.08,9.03,2.17,Stationary
20,3764724426,-0.1098,-0.1061,1.0533,18.27,-8.40,7.49,Stationary
20,3764764423,-0.1208,-0.0937,0.9084,17.78,-22.05,10.15,Stationary
20,3764804424,-0.1962,-0.0900,0.7854,1.12,-24.85,10.99,Stationary
20,3764844421,-0.2584,-0.0725,0.7488,0.98,-15.82,12.74,Stationary
20,3764884428,-0.3184,-0.0974,0.7635,-0.42,2.10,12.81,Stationary
20,3764924421,-0.2847,-0.1259,0.8828,10.92,20.37,12.95,Stationary
20,3764964469,-0.2533,-0.2320,1.0929,13.58,25.97,9.66,Stationary
20,3765004431,-0.2174,-0.2408,1.2671,-1.26,15.19,3.71,Stationary
20,3765044425,-0.1954,-0.2342,1.2817,-4.20,-1.33,-0.91,Stationary
20,3765084427,-0.1954,-0.1698,1.1529,-12.39,-18.62,-2.31,Stationary
20,3765124426,-0.2225,-0.1252,0.9509,-13.79,-28.63,-1.05,Stationary
20,3765164442,-0.2167,-0.0593,0.7767,-11.13,-27.65,2.80,Stationary
20,3765204425,-0.2086,-0.0791,0.6361,-5.74,-20.37,6.09,Stationary
20,3765244429,-0.2247,-0.0344,0.6076,1.12,-6.30,8.82,Stationary
20,3765284423,-0.2650,-0.0520,0.7459,16.66,11.90,9.73,Stationary
20,3765324422,-0.2818,-0.1962,1.0204,33.25,30.52,8.47,Stationary
20,3765364427,-0.2474,-0.1874,1.2671,14.21,33.74,2.66,Stationary
20,3765404427,-0.1566,-0.2657,1.3066,6.09,20.44,-1.61,Stationary
20,3765444422,-0.1105,-0.1296,1.2283,-5.18,-4.62,-4.62,Stationary
20,3765484427,-0.1625,-0.1296,1.0665,9.59,-24.78,-3.01,Stationary
20,3765524421,-0.2035,-0.0900,0.8865,0.00,-32.13,-1.96,Stationary
20,3765564421,-0.2115,-0.0586,0.7203,-4.97,-26.11,-0.77,Stationary
21,3779491419,-0.2525,-0.0073,0.5607,25.62,-12.39,22.96,Stationary
21,3779522040,-0.2804,-0.0439,0.6500,28.91,0.00,19.95,Stationary
21,3779562041,-0.3016,-0.0834,0.8147,19.25,12.67,13.93,Stationary
21,3779602034,-0.3060,-0.1113,1.0541,20.93,25.97,8.75,Stationary
21,3779642034,-0.2584,-0.1479,1.2766,4.55,30.87,1.68,Stationary
21,3779682057,-0.1852,-0.1303,1.3923,-6.58,22.75,-4.13,Stationary
21,3779722036,-0.1420,-0.1303,1.3300,-15.82,4.90,-7.63,Stationary
21,3779762033,-0.1596,-0.0498,1.1624,-7.84,-11.13,-3.36,Stationary
21,3779802040,-0.2013,-0.0813,0.9845,3.85,-20.09,2.24,Stationary
21,3779842032,-0.2174,-0.0329,0.8111,2.31,-21.00,7.35,Stationary
21,3779882033,-0.2123,-0.0732,0.6632,7.42,-15.47,10.22,Stationary
21,3779922035,-0.1962,-0.0359,0.6120,6.37,-8.26,10.22,Stationary
21,3779962083,-0.2284,-0.0102,0.6610,21.70,1.54,11.69,Stationary
21,3780002038,-0.2664,-0.1332,0.8294,28.63,12.53,11.48,Stationary
21,3780042034,-0.2452,-0.1610,1.0248,22.05,21.28,8.61,Stationary
21,3780082032,-0.2364,-0.1164,1.2708,-21.84,16.17,2.73,Stationary
21,3780122031,-0.2262,-0.0088,1.3718,3.43,5.04,3.85,Stationary
21,3780162034,-0.2408,-0.1706,1.2649,-9.10,-5.53,0.91,Stationary
21,3780202051,-0.2328,-0.0351,1.0673,-5.95,-14.98,1.47,Stationary
21,3780242043,-0.2445,-0.0952,0.9179,-4.34,-17.85,3.08,Stationary
21,3780282032,-0.2460,-0.0512,0.7745,-0.07,-15.12,3.92,Stationary
21,3780322032,-0.2130,-0.0988,0.6683,2.66,-12.32,4.83,Stationary
21,3780362036,-0.1954,-0.0234,0.6207,7.98,-10.15,5.11,Stationary
21,3780402032,-0.2291,-0.0900,0.7364,26.88,-4.20,6.37,Stationary
21,3780442036,-0.3287,-0.1735,0.9823,28.77,6.30,3.08,Stationary
21,3780482036,-0.3111,-0.1025,1.2444,-16.03,14.77,-4.90,Stationary
21,3780522031,-0.2584,-0.0586,1.3088,3.71,13.51,-5.74,Stationary
21,3780562032,-0.1911,-0.0176,1.2385,-17.01,1.75,-7.56,Stationary
21,3780602035,-0.2284,-0.0666,1.0834,-2.03,-9.24,-1.89,Stationary
21,3780642031,-0.2379,-0.0015,0.9121,-2.38,-14.84,2.10,Stationary
21,3780682052,-0.2438,-0.0344,0.7620,4.06,-14.56,7.21,Stationary
21,3780722045,-0.2240,0.0022,0.6588,5.88,-13.30,11.27,Stationary
21,3780762033,-0.2694,-0.0468,0.6449,22.89,-5.60,15.19,Stationary
21,3780802033,-0.2928,-0.0542,0.7371,23.52,6.65,14.56,Stationary
21,3780842034,-0.3250,-0.1215,0.9487,24.99,21.35,10.36,Stationary
21,3780882031,-0.3074,-0.0988,1.1536,4.69,29.96,2.38,Stationary
21,3780922031,-0.2094,-0.1779,1.2642,-3.78,28.07,-2.17,Stationary
21,3780962074,-0.1376,-0.0769,1.2598,-2.73,12.39,-2.87,Stationary
21,3781002037,-0.1405,-0.0886,1.1771,-5.04,-4.27,-2.45,Stationary
21,3781042042,-0.1932,-0.0710,1.0599,-10.50,-16.03,-2.03,Stationary
21,3781082033,-0.2445,0.0102,0.9084,-14.35,-23.10,2.03,Stationary
21,3781122031,-0.2438,-0.0695,0.7503,4.20,-21.70,8.47,Stationary
21,3781162032,-0.2357,-0.0227,0.6507,-2.59,-15.82,10.29,Stationary
21,3781202050,-0.2621,-0.0659,0.6764,9.87,-4.55,11.06,Stationary
21,3781242034,-0.3016,-0.0930,0.7708,14.00,10.50,8.61,Stationary
21,3781282040,-0.2840,-0.1632,0.9516,18.55,24.50,4.20,Stationary
21,3781322032,-0.2496,-0.1091,1.1061,8.19,28.84,-1.89,Stationary
21,3781362031,-0.2167,-0.1669,1.2159,4.62,25.55,-7.77,Stationary
21,3781402034,-0.1479,-0.0834,1.2034,-5.67,12.60,-12.74,Stationary
21,3781442034,-0.1427,-0.0512,1.1383,-5.39,-1.61,-12.46,Stationary
22,3786187429,-0.2467,-0.0842,0.6734,29.40,42.00,7.28,Stationary
22,3786218231,-0.2957,-0.2167,0.9780,31.99,49.07,6.23,Stationary
22,3786258218,-0.2979,-0.1501,1.2905,18.13,46.62,-1.68,Stationary
22,3786298219,-0.2577,-0.1464,1.4933,-14.84,35.91,-15.26,Stationary
22,3786338223,-0.1435,-0.0271,1.4398,-21.98,8.82,-20.86,Stationary
22,3786378217,-0.1647,0.0366,1.3396,-7.07,-26.46,-12.95,Stationary
22,3786418232,-0.2847,0.0190,1.1273,14.56,-50.40,-1.89,Stationary
22,3786458225,-0.3719,-0.0315,0.8330,17.22,-53.69,5.46,Stationary
22,3786498218,-0.3367,-0.0168,0.6185,2.17,-41.16,9.73,Stationary
22,3786538216,-0.2804,-0.0615,0.5153,1.82,-19.81,11.20,Stationary
22,3786578222,-0.2167,-0.0644,0.5007,-3.78,5.18,7.07,Stationary
22,3786618216,-0.1845,-0.0534,0.5783,1.89,31.78,1.54,Stationary
22,3786658215,-0.1728,-0.0886,0.7745,14.14,52.71,-1.61,Stationary
22,3786698237,-0.1706,-0.1281,1.0621,13.65,60.34,-4.34,Stationary
22,3786738221,-0.2020,-0.0527,1.2817,7.98,49.91,-6.65,Stationary
22,3786778217,-0.1969,-0.0139,1.3769,12.95,26.60,-4.90,Stationary
22,3786818219,-0.2328,-0.0820,1.3396,11.34,1.61,-1.75,Stationary
22,3786858216,-0.2445,-0.0044,1.1807,7.00,-14.28,1.96,Stationary
22,3786898232,-0.2533,-0.0212,0.9889,10.50,-23.38,9.80,Stationary
22,3786938218,-0.2452,-0.1186,0.8718,-6.93,-25.48,15.54,Stationary
22,3786978271,-0.1669,-0.0425,0.8052,-15.61,-24.22,19.39,Stationary
22,3787018241,-0.1947,-0.0703,0.7759,11.90,-17.36,23.31,Stationary
22,3787058221,-0.2291,-0.0813,0.7430,11.27,-6.30,20.65,Stationary
22,3787098216,-0.2284,-0.0827,0.7767,12.67,7.21,13.02,Stationary
22,3787138233,-0.2035,-0.1091,0.8916,12.25,22.12,2.87,Stationary
22,3787178238,-0.2086,-0.1237,1.0651,5.25,29.75,-4.90,Stationary
22,3787218228,-0.1830,-0.1032,1.3066,-6.23,25.55,-10.57,Stationary
22,3787258227,-0.1149,-0.0996,1.4010,-20.16,1.47,-14.21,Stationary
22,3787298219,-0.1640,-0.0381,1.3198,-11.76,-29.19,-11.83,Stationary
22,3787338240,-0.3089,-0.0198,1.0468,7.70,-48.51,-6.16,Stationary
22,3787378230,-0.3916,0.0205,0.7605,-1.26,-47.95,-2.73,Stationary
22,3787418218,-0.3689,0.0139,0.5695,2.52,-31.71,-0.49,Stationary
22,3787458217,-0.2789,-0.0088,0.5036,-2.87,-9.59,1.12,Stationary
22,3787498220,-0.1984,0.0044,0.5636,4.97,11.83,4.20,Stationary
22,3787538216,-0.1698,-0.0183,0.7437,28.28,30.45,9.17,Stationary
22,3787578216,-0.1801,-0.0827,0.9889,32.55,42.98,10.57,Stationary
22,3787618221,-0.2115,-0.1537,1.2686,11.41,39.69,5.53,Stationary
22,3787658216,-0.1896,-0.0183,1.4113,-28.77,19.25,0.42,Stationary
22,3787698235,-0.2284,0.0307,1.4157,15.75,-9.87,11.34,Stationary
22,3787738227,-0.2833,-0.0264,1.2356,8.68,-30.24,16.03,Stationary
22,3787778217,-0.3148,0.0066,0.9509,4.55,-36.82,17.92,Stationary
22,3787818216,-0.3023,-0.0410,0.7056,3.43,-32.97,20.93,Stationary
22,3787858222,-0.2752,-0.0073,0.5922,-3.08,-19.88,20.86,Stationary
22,3787898216,-0.2123,-0.0432,0.5658,-0.49,-0.49,19.18,Stationary
22,3787938216,-0.1903,-0.0900,0.6303,3.08,19.88,14.84,Stationary
22,3787978257,-0.1830,-0.0878,0.8015,12.39,36.26,9.87,Stationary
22,3788018222,-0.1896,-0.1911,1.1009,21.14,41.44,4.06,Stationary
22,3788058217,-0.1969,-0.1867,1.3886,7.35,32.69,-1.47,Stationary
22,3788098221,-0.1786,-0.0322,1.4333,-4.69,8.96,-4.20,Stationary
22,3788138216,-0.2269,-0.1501,1.3425,5.67,-14.21,-2.31,Stationary
23,3806943497,-0.2804,-0.0051,0.7532,32.13,47.25,5.11,Stationary
23,3806977345,-0.3294,-0.0256,1.0146,43.40,55.23,4.06,Stationary
23,3807017328,-0.2452,-0.1061,1.3052,21.56,48.79,-1.75,Stationary
23,3807057300,-0.1830,-0.0124,1.4450,17.99,22.82,-3.71,Stationary
23,3807097296,-0.1793,-0.0337,1.4186,11.27,-10.99,-4.90,Stationary
23,3807137294,-0.2533,-0.0015,1.2437,1.68,-34.37,-4.69,Stationary
23,3807177315,-0.2664,0.0139,0.9677,-1.82,-44.87,-3.36,Stationary
23,3807217315,-0.2686,0.0681,0.7056,-1.96,-40.74,-2.31,Stationary
23,3807257296,-0.2657,0.0300,0.5461,-1.33,-23.17,-1.89,Stationary
23,3807297296,-0.2577,0.0534,0.4978,-2.38,0.35,-2.52,Stationary
23,3807337316,-0.2467,0.0183,0.5702,8.40,24.29,-1.82,Stationary
23,3807377310,-0.2891,0.0381,0.7979,20.09,41.09,-1.40,Stationary
23,3807417295,-0.3052,-0.0505,1.0980,36.26,48.72,-0.28,Stationary
23,3807457305,-0.2569,-0.0725,1.3161,10.08,39.20,-3.57,Stationary
23,3807497294,-0.2035,-0.0439,1.3644,-1.47,20.30,-6.09,Stationary
23,3807537292,-0.1859,-0.0154,1.3169,-2.10,-2.17,-5.11,Stationary
23,3807577297,-0.1976,0.0088,1.1756,-3.57,-18.62,-1.75,Stationary
23,3807617292,-0.1859,-0.0066,0.9801,2.38,-26.25,2.45,Stationary
23,3807657292,-0.1976,0.0373,0.8037,0.70,-28.91,7.07,Stationary
23,3807697312,-0.2094,0.0095,0.6852,12.53,-24.36,12.53,Stationary
23,3807737294,-0.2313,0.0124,0.6420,9.24,-13.02,13.79,Stationary
23,3807777295,-0.2438,-0.0154,0.6954,14.42,2.52,12.88,Stationary
23,3807817294,-0.2943,-0.0154,0.8272,20.65,18.06,10.22,Stationary
23,3807857291,-0.3228,-0.0688,1.0709,24.78,31.08,6.09,Stationary
23,3807897295,-0.2789,-0.1515,1.2700,11.13,31.01,-1.33,Stationary
23,3807937292,-0.1925,-0.0930,1.3117,-9.24,12.81,-6.09,Stationary
23,3807977331,-0.1984,-0.0490,1.2649,1.75,-11.83,-5.39,Stationary
23,3808017313,-0.2394,-0.0447,1.1595,-1.19,-29.89,-5.81,Stationary
23,3808057296,-0.2181,-0.0198,0.9340,-26.81,-39.20,-8.33,Stationary
23,3808097297,-0.2386,0.0732,0.6954,-31.29,-36.33,-4.55,Stationary
23,3808137296,-0.2745,0.0051,0.5563,-4.62,-18.97,0.84,Stationary
23,3808177292,-0.2335,0.0249,0.5175,-11.13,4.48,-0.28,Stationary
23,3808217311,-0.2291,0.0220,0.6141,6.30,28.21,1.05,Stationary
23,3808257303,-0.2445,-0.0264,0.8535,30.03,45.71,2.38,Stationary
23,3808297295,-0.2701,-0.0673,1.1719,35.63,54.04,2.24,Stationary
23,3808337294,-0.1757,-0.0944,1.3806,10.15,44.66,-1.89,Stationary
23,3808377298,-0.1713,-0.0615,1.4062,-0.91,26.74,-5.53,Stationary
23,3808417293,-0.0937,0.0468,1.2869,-20.58,12.11,-11.20,Stationary
23,3808457292,-0.1237,0.0586,1.1009,-1.54,-2.10,-8.05,Stationary
23,3808497298,-0.1940,0.1032,0.9911,-3.43,-7.00,-4.13,Stationary
23,3808537292,-0.2189,0.0403,0.8828,9.17,1.68,-0.28,Stationary
23,3808577292,-0.1479,0.0410,0.7979,-5.04,10.50,0.84,Stationary
23,3808617294,-0.0988,0.0285,0.7342,-5.32,15.47,1.82,Stationary
23,3808657293,-0.0205,0.0490,0.6998,4.34,10.71,3.43,Stationary
23,3808697310,-0.1076,0.0059,0.6932,15.96,0.35,9.10,Stationary
23,3808737300,-0.1867,0.0571,0.8403,24.64,1.82,13.09,Stationary
23,3808777293,-0.1998,-0.0388,1.0673,32.34,15.12,13.16,Stationary
23,3808817293,-0.1537,-0.0578,1.2400,9.03,22.68,9.10,Stationary
23,3808857297,-0.0490,-0.0183,1.3154,5.18,18.48,7.63,Stationary
23,3808897291,0.0000,-0.0403,1.3315,4.13,0.84,7.63,Stationary
24,3819995414,-0.2115,-0.0124,0.6024,-9.94,1.89,-1.54,Stationary
24,3820026222,-0.1918,-0.0278,0.6654,0.84,16.80,0.49,Stationary
24,3820066216,-0.1391,-0.0893,0.8213,27.02,31.15,5.32,Stationary
24,3820106213,-0.1252,-0.1552,1.0080,20.44,35.49,5.39,Stationary
24,3820146210,-0.1508,-0.1852,1.2093,30.38,30.52,4.69,Stationary
24,3820186215,-0.1654,-0.3118,1.3161,22.05,14.00,1.26,Stationary
24,3820226212,-0.2159,-0.1947,1.2949,2.38,-6.86,-1.47,Stationary
24,3820266211,-0.2547,-0.1976,1.1485,-0.28,-22.40,-1.40,Stationary
24,3820306216,-0.2818,-0.1252,0.9567,-9.10,-29.61,-0.49,Stationary
24,3820346210,-0.2760,-0.0578,0.7723,-11.13,-26.11,2.38,Stationary
24,3820386213,-0.2423,-0.0220,0.6346,-6.65,-17.08,6.72,Stationary
24,3820426215,-0.2137,-0.0359,0.5775,1.33,-3.78,10.78,Stationary
24,3820466210,-0.2240,-0.0227,0.6595,20.37,11.97,14.42,Stationary
24,3820506210,-0.2006,-0.1091,0.8630,52.01,27.09,19.53,Stationary
24,3820546215,-0.1786,-0.2306,1.1302,60.06,27.93,21.56,Stationary
24,3820586211,-0.2028,-0.4385,1.3454,69.44,14.98,20.72,Stationary
24,3820626210,-0.1757,-0.4348,1.3725,17.08,-6.09,10.01,Stationary
24,3820666213,-0.1918,-0.3331,1.2041,-1.82,-28.49,-1.26,Stationary
24,3820706210,-0.2298,-0.2804,0.9758,-21.42,-40.95,-7.84,Stationary
24,3820746209,-0.2525,-0.1501,0.7810,-36.33,-37.73,-9.66,Stationary
24,3820786226,-0.2555,-0.0776,0.6332,-35.70,-18.06,-7.98,Stationary
24,3820826211,-0.2020,-0.0549,0.5541,-30.03,5.74,-6.02,Stationary
24,3820866212,-0.1574,-0.0490,0.5592,-13.72,30.38,-2.17,Stationary
24,3820906213,-0.2028,-0.0622,0.7488,30.52,48.86,5.81,Stationary
24,3820946225,-0.2123,-0.2613,1.0819,73.08,54.04,14.70,Stationary
24,3820986217,-0.2013,-0.4473,1.3483,38.36,38.36,11.27,Stationary
24,3821026261,-0.1947,-0.3682,1.3974,14.49,11.20,2.87,Stationary
24,3821066221,-0.2079,-0.3221,1.2759,0.49,-13.09,-3.08,Stationary
24,3821106225,-0.2233,-0.2372,1.0870,-14.49,-31.71,-8.19,Stationary
24,3821146213,-0.2357,-0.1867,0.9187,-11.97,-39.06,-7.49,Stationary
24,3821186210,-0.1581,-0.1369,0.8059,-40.74,-46.97,-7.56,Stationary
24,3821226214,-0.1969,-0.0571,0.7042,-23.87,-45.57,-2.87,Stationary
24,3821266210,-0.2342,-0.0747,0.6486,-21.49,-30.45,-1.05,Stationary
24,3821306211,-0.2679,-0.0490,0.6171,-18.34,-3.15,0.14,Stationary
24,3821346215,-0.2928,-0.0337,0.6939,-15.40,30.10,0.91,Stationary
24,3821386215,-0.2115,-0.0688,0.7876,5.18,59.29,2.59,Stationary
24,3821426211,-0.1164,-0.1047,1.0014,20.16,69.93,7.07,Stationary
24,3821466213,-0.1105,-0.3257,1.3461,42.07,56.77,13.44,Stationary
24,3821506210,-0.0285,-0.2342,1.5760,-15.33,22.89,7.14,Stationary
24,3821546209,-0.0864,-0.2342,1.4896,20.09,-21.77,8.61,Stationary
24,3821586215,-0.2247,-0.1976,1.2100,1.54,-53.48,4.62,Stationary
24,3821626213,-0.2950,-0.1442,0.9135,-12.39,-61.95,2.31,Stationary
24,3821666210,-0.3118,-0.0630,0.6756,-21.21,-51.52,1.96,Stationary
24,3821706210,-0.2723,-0.0037,0.5300,-14.07,-29.19,4.90,Stationary
24,3821746210,-0.2189,-0.0388,0.4809,1.47,-3.01,6.86,Stationary
24,3821786209,-0.1735,-0.0212,0.5336,7.42,26.32,7.07,Stationary
24,3821826212,-0.1940,0.0110,0.6903,49.84,52.57,11.62,Stationary
24,3821866211,-0.1230,-0.2723,0.9311,74.97,66.43,15.61,Stationary
24,3821906236,-0.0937,-0.3287,1.1653,47.39,61.46,12.18,Stationary
24,3821946228,-0.0900,-0.4290,1.3630,26.25,46.06,5.60,Stationary
25,3826547414,-0.1676,0.0271,0.6983,0.70,-20.09,11.20,Stationary
25,3826580623,-0.2057,0.0520,0.7174,12.25,-14.28,14.35,Stationary
25,3826620617,-0.2240,-0.0044,0.8198,18.34,-3.71,14.91,Stationary
25,3826660620,-0.2262,-0.0512,1.1053,32.41,8.33,14.56,Stationary
25,3826700615,-0.1061,-0.1362,1.4472,-6.86,7.84,1.33,Stationary
25,3826740619,-0.0820,-0.0015,1.3117,-23.87,-2.80,-4.41,Stationary
25,3826780621,-0.1032,0.0073,1.0870,-16.94,-17.78,-1.12,Stationary
25,3826820615,-0.2006,0.0044,0.8762,-8.96,-25.20,3.50,Stationary
25,3826860615,-0.2840,0.0505,0.6947,-9.31,-21.42,6.86,Stationary
25,3826900619,-0.3060,0.0183,0.6127,0.49,-10.36,11.13,Stationary
25,3826940641,-0.2987,0.0293,0.6690,4.27,4.97,12.04,Stationary
25,3826980632,-0.2401,-0.0146,0.8462,14.35,23.52,10.43,Stationary
25,3827020690,-0.2072,-0.0205,1.1339,35.14,37.03,7.84,Stationary
25,3827060626,-0.0996,-0.1383,1.2942,21.42,36.61,1.40,Stationary
25,3827100618,-0.0066,-0.0220,1.3103,-6.09,19.32,-4.48,Stationary
25,3827140644,-0.0081,-0.0095,1.1668,-2.87,-2.59,-4.55,Stationary
25,3827180620,-0.0915,0.0183,0.9999,4.97,-17.08,-1.05,Stationary
25,3827220618,-0.1559,0.0234,0.8513,10.99,-20.86,4.20,Stationary
25,3827260628,-0.2174,0.0066,0.7232,16.31,-15.47,8.68,Stationary
25,3827300615,-0.2379,0.0205,0.7042,15.68,-3.99,9.17,Stationary
25,3827340639,-0.2350,-0.0007,0.8184,21.91,10.71,8.40,Stationary
25,3827380624,-0.1449,-0.1149,1.0153,28.84,21.14,5.18,Stationary
25,3827420616,-0.1281,-0.1157,1.2298,9.45,20.72,-1.40,Stationary
25,3827460615,-0.0666,-0.0783,1.2539,-13.93,11.13,-7.28,Stationary
25,3827500621,-0.0600,-0.0410,1.1836,-14.21,-2.17,-9.17,Stationary
25,3827540619,-0.1281,0.0073,1.0533,-17.71,-9.24,-8.47,Stationary
25,3827580625,-0.1310,0.0439,0.8747,-20.72,-9.59,-7.07,Stationary
25,3827620620,-0.1420,0.0622,0.7320,-12.60,-10.64,-1.54,Stationary
25,3827660614,-0.1698,0.0285,0.6669,7.21,-10.22,5.95,Stationary
25,3827700614,-0.1735,0.0059,0.6486,15.61,-5.88,12.53,Stationary
25,3827740621,-0.1845,0.0051,0.7364,31.22,1.68,17.50,Stationary
25,3827780617,-0.2108,-0.0556,0.9575,47.53,12.39,19.25,Stationary
25,3827820615,-0.1852,-0.1340,1.2320,35.28,17.92,15.26,Stationary
25,3827860621,-0.1193,-0.1266,1.4091,22.05,18.48,8.96,Stationary
25,3827900615,-0.0498,-0.1318,1.3820,1.61,12.25,0.21,Stationary
25,3827940616,-0.0102,-0.0630,1.2246,-8.89,-1.82,-3.01,Stationary
25,3827980629,-0.0622,-0.0439,1.0533,-2.45,-16.59,-1.33,Stationary
25,3828020617,-0.1259,-0.0307,0.8725,3.43,-23.94,2.03,Stationary
25,3828060617,-0.1625,-0.0403,0.7298,0.84,-23.80,4.76,Stationary
25,3828100616,-0.1911,-0.0212,0.6405,3.22,-18.27,5.88,Stationary
25,3828140614,-0.2269,-0.0256,0.6764,8.33,-6.58,6.02,Stationary
25,3828180617,-0.2884,-0.0622,0.8594,22.89,10.71,6.65,Stationary
25,3828220617,-0.2533,-0.1303,1.1500,11.41,24.71,1.61,Stationary
25,3828260616,-0.1537,-0.0900,1.3191,-6.79,27.09,-6.23,Stationary
25,3828300620,-0.0264,-0.1281,1.2927,-29.40,16.17,-14.49,Stationary
25,3828340615,-0.0315,-0.0037,1.1507,-32.13,-2.17,-15.89,Stationary
25,3828380614,-0.0849,-0.0095,0.9736,-15.47,-15.54,-10.29,Stationary
25,3828420618,-0.1449,0.0124,0.8176,-10.36,-20.58,-4.62,Stationary
25,3828460614,-0.1859,0.0051,0.6917,-1.75,-17.08,-0.98,Stationary
25,3828500614,-0.1984,0.0007,0.6383,-5.88,-7.14,-0.14,Stationary
26,3833343416,0.0220,-0.0549,0.7649,5.39,-20.51,10.57,Stationary
26,3833376580,0.0139,-0.0051,0.7144,-2.52,-10.57,10.01,Stationary
26,3833416575,0.0264,0.0022,0.7225,10.99,5.74,10.43,Stationary
26,3833456568,0.0644,-0.0381,0.8330,19.46,22.54,9.24,Stationary
26,3833496567,0.1252,-0.0959,1.0453,20.30,32.06,7.56,Stationary
26,3833536573,0.1786,-0.1054,1.2107,16.31,29.89,4.62,Stationary
26,3833576569,0.2189,-0.1157,1.2503,-4.83,14.28,-0.91,Stationary
26,3833616567,0.2225,-0.0659,1.1675,-4.34,-2.87,-2.24,Stationary
26,3833656572,0.1698,-0.0461,1.0350,-1.82,-14.77,-1.68,Stationary
26,3833696571,0.1149,-0.0344,0.9091,-1.75,-18.48,-0.70,Stationary
26,3833736569,0.0834,-0.0227,0.8096,1.47,-13.79,1.05,Stationary
26,3833776569,0.0637,-0.0315,0.7371,1.05,-4.41,2.38,Stationary
26,3833816567,0.0659,-0.0307,0.7247,4.55,7.63,3.78,Stationary
26,3833856568,0.1032,-0.0337,0.7825,14.49,20.58,5.53,Stationary
26,3833896570,0.1157,-0.0900,0.9384,26.25,33.25,5.60,Stationary
26,3833936568,0.1947,-0.0769,1.1331,11.76,41.16,0.98,Stationary
26,3833976616,0.2862,-0.1215,1.1990,1.82,36.26,-3.36,Stationary
26,3834016600,0.3052,-0.0900,1.1829,-10.08,16.59,-6.30,Stationary
26,3834056576,0.2891,-0.0271,1.1222,3.64,-3.57,-3.78,Stationary
26,3834096568,0.2342,-0.0417,1.0394,9.73,-16.03,-1.75,Stationary
26,3834136570,0.1867,-0.0476,0.9443,3.57,-21.63,-1.54,Stationary
26,3834176570,0.1596,-0.0351,0.8389,1.82,-21.56,-0.70,Stationary
26,3834216568,0.1325,-0.0198,0.7701,6.30,-16.10,0.84,Stationary
26,3834256571,0.1354,-0.0417,0.7942,16.59,-7.00,2.17,Stationary
26,3834296567,0.1296,-0.0410,0.9399,13.58,1.96,1.47,Stationary
26,3834336567,0.1493,-0.1149,1.1046,21.56,6.93,0.84,Stationary
26,3834376571,0.1903,-0.1383,1.1873,-5.04,5.46,-3.22,Stationary
26,3834416571,0.2020,-0.0593,1.1287,-6.72,-2.45,-5.88,Stationary
26,3834456576,0.1742,-0.0864,1.0167,-10.85,-12.60,-5.67,Stationary
26,3834496573,0.1318,-0.0007,0.9011,2.87,-18.41,-1.19,Stationary
26,3834536569,0.1171,-0.0242,0.8074,15.75,-15.47,5.74,Stationary
26,3834576568,0.1069,-0.0549,0.7547,11.27,-6.23,9.52,Stationary
26,3834616580,0.1325,-0.0293,0.7693,16.24,7.35,12.18,Stationary
26,3834656585,0.1530,-0.1098,0.8440,18.62,18.83,13.44,Stationary
26,3834696570,0.1815,-0.0739,1.0460,18.41,24.50,12.46,Stationary
26,3834736569,0.2101,-0.1632,1.2027,20.93,22.26,9.66,Stationary
26,3834776567,0.2181,-0.1947,1.2246,-4.48,9.73,2.66,Stationary
26,3834816570,0.2101,-0.0659,1.1207,-6.51,-5.74,0.42,Stationary
26,3834856569,0.1530,-0.1274,1.0014,8.33,-19.32,1.82,Stationary
26,3834896572,0.1200,-0.1047,0.8733,1.40,-24.64,3.71,Stationary
26,3834936572,0.0930,-0.0498,0.7679,7.84,-19.39,7.14,Stationary
26,3834976609,0.1047,-0.1017,0.7071,11.62,-6.93,9.80,Stationary
26,3835016587,0.1266,-0.0578,0.7510,9.17,8.96,9.10,Stationary
26,3835056578,0.1976,-0.0864,0.8886,20.37,25.41,7.14,Stationary
26,3835096571,0.2372,-0.1574,1.0468,8.33,29.68,2.59,Stationary
26,3835136567,0.2233,-0.1039,1.2180,9.59,24.22,0.42,Stationary
26,3835176591,0.2591,-0.1991,1.2232,-2.03,9.73,-2.10,Stationary
26,3835216590,0.2467,-0.1230,1.1024,-12.11,-8.05,-2.94,Stationary
26,3835256580,0.1830,-0.1069,0.9670,1.26,-21.14,0.28,Stationary
26,3835296568,0.1318,-0.1076,0.8257,6.44,-24.71,5.11,Stationary
27,3840027418,0.6493,-0.0637,0.7261,5.04,-0.77,0.91,Stationary
27,3840060134,0.6434,-0.0549,0.7144,-0.49,-0.42,-0.35,Stationary
27,3840100122,0.6595,-0.0256,0.7188,4.06,-0.14,0.28,Stationary
27,3840140119,0.6434,-0.0791,0.7225,7.14,0.56,0.14,Stationary
27,3840180124,0.6559,-0.0505,0.7122,-0.56,1.26,-1.12,Stationary
27,3840220124,0.6844,-0.0271,0.7415,7.14,1.19,-0.14,Stationary
27,3840260118,0.6800,-0.0886,0.7620,12.95,1.26,0.28,Stationary
27,3840300125,0.7481,-0.0856,0.8703,6.30,-0.35,-0.35,Stationary
27,3840340119,0.7459,-0.0886,0.9670,10.78,-5.81,-0.42,Stationary
27,3840380119,0.7108,-0.1698,1.0131,5.74,-17.78,0.14,Stationary
27,3840420123,0.7137,-0.1457,1.0387,-0.63,-34.16,0.07,Stationary
27,3840460119,0.6778,-0.1362,0.9955,5.11,-49.70,1.40,Stationary
27,3840500119,0.6669,-0.1186,0.9809,3.29,-64.61,0.14,Stationary
27,3840540120,0.6229,-0.1069,0.9662,7.28,-73.99,-0.63,Stationary
27,3840580120,0.5622,-0.1296,0.9157,9.45,-80.64,-1.40,Stationary
27,3840620118,0.5234,-0.1003,0.8777,0.84,-83.86,-3.43,Stationary
27,3840660124,0.4590,-0.0974,0.8674,0.63,-81.97,-4.97,Stationary
27,3840700118,0.3858,-0.0717,0.8352,-0.63,-76.37,-4.34,Stationary
27,3840740118,0.3733,-0.0498,0.8286,5.53,-67.69,-3.50,Stationary
27,3840780123,0.3192,-0.0695,0.8594,2.94,-59.43,-3.64,Stationary
27,3840820119,0.3279,0.0439,1.0336,16.45,-49.84,-4.55,Stationary
27,3840860124,0.3536,-0.1486,1.1573,11.20,-40.04,-7.14,Stationary
27,3840900121,0.2862,-0.0366,1.0621,-10.85,-39.20,-7.42,Stationary
27,3840940118,0.2094,-0.0974,0.9274,4.90,-40.95,-2.24,Stationary
27,3840980133,0.1340,-0.1083,0.7532,-0.91,-46.34,0.00,Stationary
27,3841020130,0.0527,-0.0146,0.5790,1.12,-48.58,3.43,Stationary
27,3841060121,0.0059,-0.0461,0.4575,4.76,-45.78,6.72,Stationary
27,3841100118,-0.0600,-0.0183,0.3909,3.43,-36.40,9.38,Stationary
27,3841140123,-0.0908,-0.0227,0.3806,3.71,-19.95,11.48,Stationary
27,3841180118,-0.0827,-0.0176,0.4817,4.97,0.70,10.78,Stationary
27,3841220119,-0.0878,-0.0022,0.7174,24.85,20.51,10.29,Stationary
27,3841260123,-0.0102,-0.1742,1.0621,39.62,34.44,7.21,Stationary
27,3841300118,0.0908,-0.2664,1.4355,14.42,32.62,-0.63,Stationary
27,3841340118,0.1427,-0.2130,1.5892,8.33,16.38,-5.18,Stationary
27,3841380123,0.1083,-0.2643,1.5130,-12.53,-10.08,-10.22,Stationary
27,3841420118,0.0146,-0.1083,1.2766,-12.39,-35.98,-8.96,Stationary
27,3841460119,-0.0959,-0.1010,1.0738,-5.18,-47.53,-4.48,Stationary
27,3841500121,-0.1318,-0.0703,0.8557,-12.74,-44.80,-1.54,Stationary
27,3841540119,-0.1157,-0.0285,0.6969,-20.51,-33.18,-0.42,Stationary
27,3841580119,-0.0747,-0.0190,0.6171,-12.04,-17.85,0.07,Stationary
27,3841620142,-0.0410,-0.0337,0.5680,-17.22,-2.24,-1.54,Stationary
27,3841660118,0.0029,0.0307,0.5710,-3.01,12.81,-1.47,Stationary
27,3841700120,-0.0044,-0.0051,0.7005,11.83,28.63,-1.40,Stationary
27,3841740119,0.0212,-0.0285,0.8908,20.37,41.79,-1.61,Stationary
27,3841780118,0.0651,-0.0864,0.9941,11.97,46.06,-2.38,Stationary
27,3841820117,0.0900,-0.0586,1.0812,11.06,38.92,-1.89,Stationary
27,3841860121,0.0717,-0.0776,1.1287,19.04,28.21,2.10,Stationary
27,3841900118,0.0351,-0.0966,1.2078,31.43,19.39,7.70,Stationary
27,3841940122,0.0512,-0.1420,1.2671,25.55,13.37,10.64,Stationary
27,3841980132,0.0673,-0.1903,1.2795,13.72,8.05,10.15,Stationary
28,3846555416,0.3821,-0.1925,0.9428,14.21,-130.27,-18.27,Stationary
28,3846587035,0.3133,-0.1779,0.9135,-0.77,-129.15,-19.60,Stationary
28,3846627033,0.1691,-0.1347,0.8323,-7.42,-125.02,-17.71,Stationary
28,3846667029,0.1039,-0.0754,0.7335,-19.81,-115.22,-15.89,Stationary
28,3846707031,0.0168,-0.0337,0.6171,-28.98,-98.77,-14.91,Stationary
28,3846747036,-0.0498,0.0132,0.5043,-17.36,-77.28,-11.20,Stationary
28,3846787028,-0.0307,0.0212,0.4377,9.45,-51.80,-6.30,Stationary
28,3846827028,-0.0512,-0.0842,0.4890,-13.93,-17.57,-10.15,Stationary
28,3846867033,-0.0820,0.0578,0.4443,-30.94,22.19,-14.35,Stationary
28,3846907028,-0.1369,0.0205,0.4604,-37.94,59.85,-16.45,Stationary
28,3846947096,-0.0930,0.0732,0.6412,-29.96,97.44,-12.04,Stationary
28,3846987053,0.1625,0.2159,0.8447,93.03,109.06,10.57,Stationary
28,3847027051,0.3111,-0.2328,1.1880,141.33,91.77,35.21,Stationary
28,3847067034,0.2657,-0.3411,1.4984,53.76,49.49,32.62,Stationary
28,3847107035,0.2460,-0.3170,1.5650,33.53,14.70,28.98,Stationary
28,3847147048,0.2328,-0.2298,1.4691,3.29,-17.22,21.49,Stationary
28,3847187031,0.1149,-0.2313,1.3308,7.63,-39.41,16.73,Stationary
28,3847227031,0.0110,-0.2811,1.2334,-2.52,-52.78,13.23,Stationary
28,3847267029,-0.0278,-0.2189,1.1207,-17.15,-54.95,9.31,Stationary
28,3847307032,-0.0256,-0.2130,1.0160,-18.69,-49.77,4.55,Stationary
28,3847347030,-0.0073,-0.1288,0.8506,-30.17,-44.66,-1.33,Stationary
28,3847387028,-0.0015,-0.0930,0.6917,-31.08,-38.29,-3.43,Stationary
28,3847427028,-0.0059,-0.0264,0.5790,-17.50,-31.43,-2.31,Stationary
28,3847467035,-0.0351,-0.0454,0.5051,-8.33,-20.79,-1.82,Stationary
28,3847507027,-0.0542,-0.0190,0.5248,3.99,-6.37,-1.68,Stationary
28,3847547027,-0.0556,-0.0220,0.6376,4.55,8.26,-4.06,Stationary
28,3847587033,-0.0403,-0.0124,0.8630,28.21,25.27,-3.92,Stationary
28,3847627028,-0.0059,-0.1793,1.0834,31.64,32.97,-4.97,Stationary
28,3847667027,0.0315,-0.1449,1.2510,19.04,26.95,-6.93,Stationary
28,3847707030,0.0417,-0.2189,1.3161,19.81,12.53,-7.28,Stationary
28,3847747031,0.0234,-0.1640,1.3008,2.38,-6.23,-9.59,Stationary
28,3847787028,-0.0110,-0.1574,1.2093,3.71,-21.07,-8.54,Stationary
28,3847827033,-0.0534,-0.1288,1.0965,-8.19,-30.94,-7.84,Stationary
28,3847867029,-0.0930,-0.0695,0.9963,-8.68,-32.13,-6.58,Stationary
28,3847907029,-0.0908,-0.0827,0.8916,-16.10,-28.35,-6.93,Stationary
28,3847947102,-0.0864,-0.0278,0.7825,-17.50,-22.19,-7.42,Stationary
28,3847987040,-0.0776,-0.0344,0.6983,-10.64,-15.12,-6.30,Stationary
28,3848027031,-0.0791,-0.0029,0.6639,-7.63,-6.86,-4.55,Stationary
28,3848067039,-0.0900,0.0073,0.7159,14.56,4.27,-1.12,Stationary
28,3848107029,-0.0981,-0.0329,0.8682,34.23,17.01,2.66,Stationary
28,3848147028,-0.0564,-0.1017,1.0321,24.57,22.96,2.66,Stationary
28,3848187030,-0.0468,-0.0974,1.1434,19.32,21.98,1.68,Stationary
28,3848227030,-0.0373,-0.1420,1.2239,17.78,16.31,1.82,Stationary
28,3848267028,-0.0359,-0.1259,1.2254,-0.35,6.72,0.98,Stationary
28,3848307033,-0.0307,-0.0871,1.1844,-4.62,-1.47,1.47,Stationary
28,3848347027,-0.0725,-0.1105,1.1383,-12.95,-2.59,1.61,Stationary
28,3848387055,-0.0637,-0.0542,1.0080,-21.70,-1.33,1.82,Stationary
28,3848427033,-0.0542,-0.0242,0.8967,-16.24,-1.54,5.46,Stationary
28,3848467027,-0.0490,-0.0315,0.8272,-10.92,-2.94,9.66,Stationary
28,3848507026,-0.0476,-0.0139,0.7525,-4.90,-3.92,14.42,Stationary
29,3853407413,0.4597,-0.1874,0.9523,-31.36,-83.44,-7.21,Stationary
29,3853439210,0.5527,0.4743,1.0453,-56.07,-84.98,-7.84,Stationary
29,3853479220,0.4311,-0.2752,0.9333,62.72,-83.16,0.14,Stationary
29,3853519204,0.3074,-0.0534,0.9384,-3.01,-87.15,-6.23,Stationary
29,3853559202,0.2577,-0.0564,0.9728,16.03,-74.83,-5.88,Stationary
29,3853599206,0.2774,-0.1098,0.9531,-10.78,-65.94,-8.47,Stationary
29,3853639202,0.2416,0.0512,1.0043,-5.46,-63.49,-4.76,Stationary
29,3853679202,0.2137,-0.0937,1.0277,23.10,-63.63,-1.40,Stationary
29,3853719206,0.1537,-0.0871,0.9260,-6.02,-70.84,-3.43,Stationary
29,3853759202,0.0666,0.0556,0.7767,10.22,-74.06,-1.47,Stationary
29,3853799201,0.0198,0.0242,0.7781,12.81,-69.72,-1.96,Stationary
29,3853839205,-0.0329,-0.0754,0.9128,-2.10,-55.58,-5.81,Stationary
29,3853879217,-0.0454,0.0864,1.0006,-31.64,-44.38,-10.64,Stationary
29,3853919204,-0.0366,-0.0256,1.1082,-15.96,-41.86,-7.98,Stationary
29,3853959221,-0.0922,0.0439,1.1061,-37.59,-55.02,-3.01,Stationary
29,3853999206,-0.1362,0.0161,1.1588,-22.89,-70.21,7.84,Stationary
29,3854039203,-0.1618,0.0256,1.0643,-18.76,-91.21,19.81,Stationary
29,3854079216,-0.2262,0.0739,0.9099,4.48,-105.14,31.71,Stationary
29,3854119204,-0.2877,0.0044,0.8154,37.17,-107.45,36.89,Stationary
29,3854159208,-0.3192,-0.0805,0.7364,38.43,-99.61,28.98,Stationary
29,3854199203,-0.3140,0.0146,0.6215,24.78,-85.96,16.24,Stationary
29,3854239220,-0.3279,-0.0739,0.4824,23.45,-69.93,7.00,Stationary
29,3854279206,-0.3806,-0.0417,0.3719,19.04,-49.63,1.26,Stationary
29,3854319202,-0.3967,-0.1662,0.3052,-1.26,-25.76,-1.89,Stationary
29,3854359205,-0.4802,0.0498,0.2760,-24.99,1.05,-1.96,Stationary
29,3854399204,-0.4663,-0.0007,0.3426,5.11,32.83,1.19,Stationary
29,3854439204,-0.5117,0.0029,0.5007,16.66,60.20,5.11,Stationary
29,3854479206,-0.4429,-0.0981,0.6720,36.33,82.18,10.15,Stationary
29,3854519202,-0.4070,-0.1713,0.8872,57.12,89.53,17.71,Stationary
29,3854559201,-0.3953,-0.3375,1.1529,52.08,80.71,20.02,Stationary
29,3854599205,-0.4099,-0.2562,1.3967,36.54,59.08,15.82,Stationary
29,3854639201,-0.4377,-0.3345,1.5152,24.85,30.24,6.86,Stationary
29,3854679200,-0.4341,-0.1932,1.4069,-4.83,-0.21,-1.75,Stationary
29,3854719204,-0.4677,-0.1259,1.1946,-5.67,-25.55,-6.37,Stationary
29,3854759202,-0.5102,-0.0966,0.9919,-18.62,-40.53,-9.66,Stationary
29,3854799202,-0.4963,-0.0373,0.7935,-24.50,-42.42,-11.20,Stationary
29,3854839204,-0.4436,-0.0520,0.6251,-19.32,-33.46,-9.17,Stationary
29,3854879215,-0.3814,-0.0373,0.5190,-16.59,-19.39,-5.04,Stationary
29,3854919206,-0.3023,-0.0095,0.4634,-0.98,-1.75,-1.26,Stationary
29,3854959220,-0.3155,-0.0205,0.5534,13.44,15.75,1.12,Stationary
29,3854999205,-0.3843,-0.0571,0.7540,43.40,33.11,5.46,Stationary
29,3855039207,-0.3931,-0.2181,0.9780,33.25,40.46,6.23,Stationary
29,3855079210,-0.3902,-0.1706,1.1646,25.34,33.81,6.86,Stationary
29,3855119203,-0.4487,-0.2686,1.2766,33.53,20.79,7.56,Stationary
29,3855159204,-0.4568,-0.1984,1.2891,10.99,3.78,3.99,Stationary
29,3855199206,-0.4216,-0.1779,1.1653,2.10,-13.30,-0.28,Stationary
29,3855239203,-0.4509,-0.1676,1.0263,-12.11,-27.86,-4.34,Stationary
29,3855279199,-0.4421,-0.1039,0.8638,-20.93,-31.64,-5.95,Stationary
29,3855319205,-0.4165,-0.0695,0.7027,-22.26,-28.28,-4.34,Stationary
29,3855359203,-0.3579,-0.0769,0.5937,-12.11,-19.74,-0.91,Stationary
30,3865427415,0.3660,-0.0110,0.9245,5.25,-0.98,0.91,Stationary
30,3865458970,0.3682,0.0066,0.9435,2.24,-2.38,0.35,Stationary
30,3865498967,0.3784,0.0190,0.9516,7.63,-4.20,1.47,Stationary
30,3865538965,0.3550,0.0154,0.9348,8.05,-6.23,1.05,Stationary
30,3865578964,0.3653,0.0307,0.9165,15.75,-8.19,0.70,Stationary
30,3865618968,0.3887,-0.0461,0.9531,17.64,-10.92,-1.40,Stationary
30,3865658966,0.3667,-0.0242,0.9897,3.36,-11.69,-3.57,Stationary
30,3865698962,0.3477,0.0037,1.0365,11.48,-12.67,-2.80,Stationary
30,3865738966,0.3960,-0.0447,1.1156,12.74,-20.86,-2.80,Stationary
30,3865778964,0.4128,-0.0066,1.2473,32.90,-39.06,-3.43,Stationary
30,3865818962,0.5175,-0.2408,1.3447,-4.83,-69.37,-9.03,Stationary
30,3865858978,0.2804,0.0146,1.2327,-4.27,-99.40,-2.52,Stationary
30,3865898965,0.0454,-0.1091,1.1522,9.17,-108.99,4.27,Stationary
30,3865938979,-0.0673,-0.0747,1.0921,3.50,-103.67,4.55,Stationary
30,3865978985,-0.1039,-0.0622,1.0116,-1.82,-92.12,2.73,Stationary
30,3866018984,-0.0586,-0.0725,0.9692,-11.48,-85.12,-0.63,Stationary
30,3866058974,-0.0256,-0.0190,0.8886,-19.67,-81.62,-2.31,Stationary
30,3866098966,0.0183,0.0220,0.7042,-22.40,-74.55,-5.04,Stationary
30,3866138963,-0.0044,0.0271,0.5988,-22.68,-66.22,-5.67,Stationary
30,3866178968,-0.0966,0.0022,0.5666,-4.69,-47.32,-5.04,Stationary
30,3866218964,-0.1157,0.0168,0.5278,-13.93,-23.45,-9.45,Stationary
30,3866258963,-0.1244,0.0337,0.5322,-2.24,-2.31,-10.50,Stationary
30,3866298968,-0.1413,0.0124,0.5732,-6.93,13.72,-12.04,Stationary
30,3866338963,-0.1523,0.0242,0.6573,-0.07,29.12,-9.80,Stationary
30,3866378963,-0.1874,0.2006,0.7942,-6.02,43.12,-5.95,Stationary
30,3866418964,-0.1200,0.0271,1.0402,30.66,47.53,2.31,Stationary
30,3866458964,-0.1076,0.0798,1.1976,16.66,38.64,2.59,Stationary
30,3866498961,-0.1925,0.0952,1.3044,19.11,22.82,5.25,Stationary
30,3866538966,-0.3045,-0.0022,1.3945,19.53,5.53,7.91,Stationary
30,3866578962,-0.2847,0.0359,1.3996,0.35,-10.15,6.23,Stationary
30,3866618962,-0.2423,0.0315,1.2041,-6.51,-24.64,5.74,Stationary
30,3866658964,-0.2181,0.0644,1.0014,0.91,-34.51,9.03,Stationary
30,3866698962,-0.2181,0.0703,0.8462,1.26,-35.70,11.13,Stationary
30,3866738961,-0.2020,0.0798,0.7269,2.31,-28.35,10.29,Stationary
30,3866778967,-0.1859,0.0586,0.6442,-2.45,-15.40,6.44,Stationary
30,3866818961,-0.1625,0.0820,0.6259,0.35,-1.05,3.50,Stationary
30,3866858985,-0.1867,0.0651,0.7291,16.52,13.30,1.82,Stationary
30,3866898970,-0.2489,-0.0124,0.9684,26.95,25.48,0.14,Stationary
30,3866938963,-0.1698,-0.0037,1.1302,16.03,24.71,-2.80,Stationary
30,3866978982,-0.2167,-0.0381,1.2634,18.62,15.40,-5.74,Stationary
30,3867018968,-0.1852,0.0161,1.2239,-4.62,0.63,-9.24,Stationary
30,3867058965,-0.2152,0.0242,1.1082,5.39,-11.62,-3.99,Stationary
30,3867098964,-0.2518,0.0176,0.9831,9.31,-21.84,2.87,Stationary
30,3867138965,-0.2957,0.0337,0.8638,12.95,-22.12,9.24,Stationary
30,3867178966,-0.2789,0.0300,0.7788,10.99,-15.47,11.76,Stationary
30,3867218965,-0.2584,0.0256,0.7218,13.16,-3.36,10.99,Stationary
30,3867258965,-0.1976,0.0388,0.7261,8.89,9.52,6.79,Stationary
30,3867298961,-0.1676,0.0256,0.8235,17.15,20.93,4.34,Stationary
30,3867338965,-0.1449,-0.0220,0.9743,20.23,28.35,1.89,Stationary
30,3867378962,-0.1523,-0.0403,1.1126,19.81,26.81,0.77,Stationary
31,3880039411,0.2496,-0.0205,0.9875,13.86,-4.20,2.94,Stationary
31,3880070817,0.2489,-0.0344,1.0021,8.40,-5.81,3.08,Stationary
31,3880110803,0.2760,0.0161,1.0380,5.60,-8.54,3.71,Stationary
31,3880150803,0.2869,-0.0198,1.0973,21.91,-12.18,5.74,Stationary
31,3880190804,0.3272,-0.0827,1.1485,9.94,-18.76,4.76,Stationary
31,3880230803,0.2635,-0.0029,1.1456,24.22,-28.98,6.37,Stationary
31,3880270803,0.2189,-0.1691,1.1558,34.86,-41.09,4.83,Stationary
31,3880310807,0.1903,-0.1076,1.1558,-0.21,-55.09,-2.45,Stationary
31,3880350801,0.1779,-0.0988,1.1068,16.10,-67.83,-4.69,Stationary
31,3880390802,0.0952,-0.1215,1.0233,1.33,-75.67,-9.73,Stationary
31,3880430814,0.0688,-0.0659,0.9399,-5.39,-74.13,-12.25,Stationary
31,3880470802,0.0081,0.0739,0.8813,13.09,-63.70,-12.46,Stationary
31,3880510804,-0.0893,-0.1120,0.8469,24.29,-52.43,-14.84,Stationary
31,3880550806,-0.1157,-0.0754,0.7671,-6.72,-44.87,-20.72,Stationary
31,3880590801,-0.1391,-0.0337,0.6764,-18.76,-37.31,-22.75,Stationary
31,3880630801,-0.1954,-0.0037,0.5614,-13.58,-25.90,-18.06,Stationary
31,3880670804,-0.1903,-0.0051,0.5571,2.80,-5.95,-10.15,Stationary
31,3880710802,-0.1742,-0.0322,0.6449,6.58,18.76,-3.50,Stationary
31,3880750802,-0.1200,-0.0161,0.7957,3.92,42.28,1.19,Stationary
31,3880790802,-0.0395,-0.0022,0.9655,15.89,54.88,7.84,Stationary
31,3880830801,0.0015,-0.0593,1.2049,19.32,50.26,12.53,Stationary
31,3880870816,0.0608,-0.0417,1.3923,18.06,28.70,15.82,Stationary
31,3880910804,0.0088,-0.1179,1.5211,32.13,-2.66,18.90,Stationary
31,3880950823,-0.0154,-0.1457,1.4040,5.04,-34.16,16.73,Stationary
31,3880990805,-0.1076,-0.0761,1.1741,7.28,-56.07,16.80,Stationary
31,3881030843,-0.1815,-0.1135,0.9443,10.71,-63.21,16.45,Stationary
31,3881070849,-0.2137,-0.0651,0.7642,-1.96,-54.95,13.44,Stationary
31,3881110812,-0.2577,-0.0732,0.6442,-1.96,-35.28,10.92,Stationary
31,3881150803,-0.2020,-0.0476,0.5512,-14.84,-10.64,6.86,Stationary
31,3881190803,-0.1493,-0.0168,0.5783,7.63,12.67,7.14,Stationary
31,3881230805,-0.1054,-0.0798,0.6639,10.99,31.99,6.16,Stationary
31,3881270804,-0.0827,-0.0256,0.8689,23.73,45.15,6.58,Stationary
31,3881310802,-0.0307,-0.2225,1.1068,18.62,47.67,4.41,Stationary
31,3881350806,-0.0146,-0.1427,1.3110,1.26,34.93,1.33,Stationary
31,3881390802,-0.0183,-0.1640,1.4186,18.62,12.88,3.57,Stationary
31,3881430802,-0.0505,-0.1713,1.3952,3.36,-14.42,3.64,Stationary
31,3881470804,-0.1479,-0.1061,1.2268,16.66,-35.56,7.84,Stationary
31,3881510803,-0.2350,-0.1493,1.0263,9.59,-45.08,10.43,Stationary
31,3881550802,-0.2701,-0.0974,0.8638,3.01,-43.47,12.81,Stationary
31,3881590806,-0.2686,-0.0827,0.7474,1.40,-32.27,13.72,Stationary
31,3881630802,-0.2101,-0.1354,0.6690,-8.33,-15.68,10.22,Stationary
31,3881670801,-0.1691,-0.0476,0.6237,-15.96,0.77,4.90,Stationary
31,3881710818,-0.1047,-0.1010,0.6537,-11.06,15.89,1.96,Stationary
31,3881750805,-0.0959,-0.0051,0.7671,6.16,26.74,2.59,Stationary
31,3881790803,-0.1186,-0.1135,0.9860,43.89,37.03,5.11,Stationary
31,3881830806,-0.0673,-0.2123,1.1990,29.05,35.07,2.45,Stationary
31,3881870816,-0.0908,-0.2020,1.3344,12.25,18.34,1.33,Stationary
31,3881910829,-0.0893,-0.2430,1.3527,7.84,-2.94,2.38,Stationary
31,3881950821,-0.1200,-0.1793,1.2488,7.98,-22.54,1.82,Stationary
31,3881990806,-0.1969,-0.1911,1.1134,3.36,-35.98,0.91,Stationary
32,3908399419,-0.0373,0.0578,0.5856,21.28,40.39,22.75,Stationary
32,3908430592,-0.0029,0.0659,0.8169,37.59,59.15,18.13,Stationary
32,3908470588,0.0710,-0.1545,1.2085,33.95,63.21,12.11,Stationary
32,3908510586,0.1720,0.0666,1.5453,20.37,36.75,7.07,Stationary
32,3908550585,0.1413,-0.1186,1.6331,15.96,-0.77,3.08,Stationary
32,3908590584,0.0468,0.0212,1.4640,-3.43,-37.45,2.03,Stationary
32,3908630587,-0.0512,-0.0395,1.1800,15.54,-59.50,7.70,Stationary
32,3908670585,-0.1113,-0.0483,0.8982,0.35,-64.33,9.73,Stationary
32,3908710585,-0.1274,-0.0220,0.6844,-19.74,-49.98,6.93,Stationary
32,3908750588,-0.0981,0.0417,0.5190,-25.83,-23.24,2.52,Stationary
32,3908790584,-0.0154,0.0578,0.4721,-17.92,3.92,-1.82,Stationary
32,3908830585,0.0198,0.0710,0.5673,9.38,29.40,-3.29,Stationary
32,3908870586,0.0256,-0.0161,0.8769,42.91,44.59,-2.17,Stationary
32,3908910600,0.0271,-0.0944,1.2788,39.62,44.24,-3.22,Stationary
32,3908950602,0.0813,-0.0373,1.4274,8.75,23.24,-8.05,Stationary
32,3908990595,0.0366,-0.0022,1.3908,-1.68,-6.44,-8.82,Stationary
32,3909030623,-0.0102,0.0359,1.2693,3.64,-28.14,-5.60,Stationary
32,3909070590,-0.0439,0.0066,1.0790,-8.05,-36.61,-3.43,Stationary
32,3909110589,-0.0366,0.0490,0.8799,-18.41,-32.83,-1.68,Stationary
32,3909150586,-0.0366,0.0681,0.7562,-14.70,-23.59,1.19,Stationary
32,3909190585,-0.0168,0.0403,0.6676,-2.17,-10.99,3.78,Stationary
32,3909230588,-0.0081,0.0293,0.6551,-0.07,-0.77,4.62,Stationary
32,3909270585,-0.0498,0.0732,0.7635,16.59,12.18,6.58,Stationary
32,3909310586,-0.0381,0.0095,0.9801,42.77,23.52,7.98,Stationary
32,3909350589,-0.0637,-0.0176,1.2627,38.36,19.46,7.98,Stationary
32,3909390584,-0.0490,0.0081,1.4757,31.43,0.70,7.35,Stationary
32,3909430584,-0.0359,-0.0747,1.4545,12.39,-22.05,3.08,Stationary
32,3909470587,-0.0717,0.0220,1.2371,-7.91,-42.35,2.66,Stationary
32,3909510586,-0.1347,0.0139,0.9780,-6.44,-48.51,8.54,Stationary
32,3909550585,-0.1266,-0.0073,0.7657,-18.76,-41.44,11.48,Stationary
32,3909590586,-0.1420,0.0249,0.6200,-23.52,-24.50,11.69,Stationary
32,3909630583,-0.0981,0.0029,0.5585,-18.76,-3.50,8.40,Stationary
32,3909670585,-0.0490,0.0139,0.5863,-8.40,15.26,4.41,Stationary
32,3909710587,-0.0234,0.0073,0.7327,2.17,29.19,0.07,Stationary
32,3909750584,-0.0849,0.0739,1.0146,23.38,35.98,-0.91,Stationary
32,3909790584,-0.0842,-0.0183,1.2678,20.79,30.03,-2.03,Stationary
32,3909830587,-0.1376,0.0256,1.3688,25.06,12.74,0.00,Stationary
32,3909870584,-0.1523,-0.0234,1.3388,15.12,-7.91,2.03,Stationary
32,3909910599,-0.1464,-0.0007,1.2173,5.74,-23.94,2.73,Stationary
32,3909950602,-0.1376,0.0088,1.0365,-5.32,-32.13,4.27,Stationary
32,3909990588,-0.0974,0.0117,0.8660,-7.77,-31.15,6.09,Stationary
32,3910030586,-0.0410,-0.0037,0.7254,-26.32,-22.54,2.94,Stationary
32,3910070586,-0.0534,0.0542,0.6683,-32.55,-10.36,-0.56,Stationary
32,3910110584,-0.1200,0.0717,0.6903,1.26,6.72,-0.77,Stationary
32,3910150586,-0.1413,0.0688,0.8191,20.16,23.10,-1.12,Stationary
32,3910190586,-0.1925,-0.0183,1.0416,40.95,31.36,-0.91,Stationary
32,3910230589,-0.2057,-0.0168,1.2393,22.33,27.44,-2.24,Stationary
32,3910270589,-0.1545,0.0190,1.3154,-0.49,11.90,-4.20,Stationary
32,3910310585,-0.0922,0.0366,1.2495,0.63,-8.89,-1.89,Stationary
32,3910350584,-0.1135,0.0505,1.1229,3.43,-26.18,1.89,Stationary
33,3915891415,-0.1793,-0.0278,0.5578,-22.54,-36.75,-6.16,Stationary
33,3915922209,-0.1830,-0.0300,0.4934,-7.14,-23.52,-6.09,Stationary
33,3915962214,-0.2357,0.0154,0.5783,1.47,1.12,-7.84,Stationary
33,3916002208,-0.2342,-0.0271,0.7891,24.71,27.86,-8.61,Stationary
33,3916042197,-0.1559,-0.1310,1.0475,29.19,36.19,-8.61,Stationary
33,3916082192,-0.1808,-0.1391,1.3827,27.23,24.15,-8.61,Stationary
33,3916122194,-0.2159,-0.0908,1.5431,1.89,0.77,-11.48,Stationary
33,3916162191,-0.2284,-0.0564,1.3703,-3.08,-22.75,-9.17,Stationary
33,3916202190,-0.2511,0.0227,1.0687,-12.67,-39.97,-4.20,Stationary
33,3916242193,-0.2891,0.0322,0.8052,-10.08,-41.51,3.85,Stationary
33,3916282227,-0.2965,0.0198,0.6361,-23.80,-25.48,7.63,Stationary
33,3916322194,-0.2130,0.0293,0.5358,-24.78,-3.29,7.98,Stationary
33,3916362197,-0.1391,0.0344,0.5446,-22.61,15.89,5.95,Stationary
33,3916402190,-0.1566,0.0322,0.7313,15.47,30.10,7.98,Stationary
33,3916442190,-0.2101,-0.0981,1.0138,37.59,38.43,9.24,Stationary
33,3916482194,-0.2108,-0.1457,1.1983,18.13,33.60,4.90,Stationary
33,3916522191,-0.2218,-0.0403,1.1976,3.64,21.28,0.49,Stationary
33,3916562191,-0.2460,-0.0110,1.1661,-1.47,12.95,-1.68,Stationary
33,3916602194,-0.2050,0.0395,1.0936,-0.42,7.07,-1.61,Stationary
33,3916642192,-0.1969,-0.0066,1.0226,2.94,0.77,1.54,Stationary
33,3916682190,-0.1845,0.0051,0.9377,-1.33,-2.73,4.83,Stationary
33,3916722192,-0.1574,0.0468,0.8477,-1.89,-2.31,7.14,Stationary
33,3916762192,-0.1566,-0.0022,0.8294,8.96,2.17,9.87,Stationary
33,3916802198,-0.1603,0.0124,0.8652,7.21,6.93,9.45,Stationary
33,3916842199,-0.1786,-0.0037,0.9648,11.13,11.27,7.63,Stationary
33,3916882192,-0.1706,-0.0329,1.1075,13.09,11.41,5.67,Stationary
33,3916922204,-0.1413,0.0007,1.2107,3.57,4.48,2.80,Stationary
33,3916962211,-0.1288,-0.0059,1.2078,4.48,-6.65,3.01,Stationary
33,3917002195,-0.1391,0.0117,1.0899,3.78,-18.34,4.90,Stationary
33,3917042234,-0.1801,-0.0044,0.9377,-1.47,-22.96,5.04,Stationary
33,3917082195,-0.1976,0.0037,0.8001,-11.55,-18.55,3.92,Stationary
33,3917122192,-0.2020,0.0183,0.7371,-10.22,-6.93,3.08,Stationary
33,3917162193,-0.1640,-0.0073,0.7444,0.63,4.55,2.80,Stationary
33,3917202190,-0.1786,-0.0256,0.8572,9.52,15.61,3.50,Stationary
33,3917242190,-0.1889,-0.0059,1.0263,17.92,22.47,3.64,Stationary
33,3917282192,-0.1735,-0.0842,1.1785,20.58,22.05,2.38,Stationary
33,3917322191,-0.1354,-0.0307,1.2019,7.00,11.62,0.28,Stationary
33,3917362193,-0.1354,0.0051,1.1324,6.23,-1.47,0.42,Stationary
33,3917402195,-0.1603,0.0117,1.0197,4.97,-11.69,1.40,Stationary
33,3917442190,-0.1757,0.0249,0.8828,2.10,-14.00,2.17,Stationary
33,3917482189,-0.1771,0.0190,0.7942,1.47,-9.59,3.92,Stationary
33,3917522193,-0.1691,-0.0022,0.7715,4.13,-1.61,5.88,Stationary
33,3917562189,-0.1786,-0.0073,0.8477,7.63,9.52,6.51,Stationary
33,3917602190,-0.1618,-0.0205,0.9992,14.42,18.97,6.51,Stationary
33,3917642193,-0.1164,-0.0849,1.1456,12.81,18.97,5.25,Stationary
33,3917682190,-0.0944,-0.0498,1.1917,12.32,10.78,4.41,Stationary
33,3917722190,-0.1010,-0.0139,1.1485,18.62,-1.19,3.64,Stationary
33,3917762192,-0.1340,-0.0542,1.0555,7.14,-11.13,0.77,Stationary
33,3917802191,-0.1647,-0.0234,0.9414,-4.20,-15.05,-1.82,Stationary
33,3917842190,-0.1632,-0.0139,0.8250,-6.30,-12.60,-1.96,Stationary
34,3922499417,0.6434,-0.1054,0.7049,3.57,0.28,3.29,Stationary
34,3922532760,0.6537,-0.0915,0.6947,3.99,0.00,2.52,Stationary
34,3922572754,0.6405,-0.1230,0.7401,4.90,-0.14,2.45,Stationary
34,3922612756,0.6559,-0.1164,0.7796,4.20,2.24,2.59,Stationary
34,3922652753,0.7935,-0.2189,0.9362,2.87,-1.82,2.31,Stationary
34,3922692752,0.8740,-0.0432,1.2188,-7.98,-19.46,1.47,Stationary
34,3922732757,0.8359,-0.2965,1.3139,-6.37,-47.74,-1.75,Stationary
34,3922772755,0.8176,-0.2094,1.3147,-14.14,-81.27,-4.76,Stationary
34,3922812753,0.7576,-0.1889,1.2459,8.75,-107.94,-3.71,Stationary
34,3922852755,0.5732,-0.2108,1.1683,36.68,-124.95,-1.47,Stationary
34,3922892753,0.4524,-0.2686,1.0863,35.21,-135.66,-2.45,Stationary
34,3922932769,0.3887,-0.2416,1.0138,20.51,-138.60,-4.62,Stationary
34,3922972767,0.3140,-0.2255,0.9714,-5.04,-134.96,-8.33,Stationary
34,3923012758,0.4041,-0.3316,1.1800,-54.81,-140.91,-14.07,Stationary
34,3923052761,0.5417,0.1625,1.0577,-118.79,-161.42,-16.59,Stationary
34,3923092754,0.2269,0.1039,0.7357,-6.16,-171.85,1.12,Stationary
34,3923132754,-0.1728,-0.0037,0.4677,-2.31,-158.20,11.55,Stationary
34,3923172760,-0.3140,0.0234,0.3023,-4.27,-119.35,11.83,Stationary
34,3923212753,-0.3096,-0.0066,0.1852,-11.76,-76.72,5.25,Stationary
34,3923252753,-0.2833,-0.0476,0.1362,-17.01,-39.13,0.63,Stationary
34,3923292754,-0.2115,0.0124,0.1457,-26.60,-7.84,-2.80,Stationary
34,3923332784,-0.1720,0.0791,0.2094,-9.80,26.32,-6.23,Stationary
34,3923372765,-0.1537,0.0622,0.3865,1.96,56.63,-10.08,Stationary
34,3923412757,-0.1991,0.0813,0.6573,35.98,78.68,-6.44,Stationary
34,3923452753,-0.2020,-0.0315,1.0636,63.56,80.43,2.87,Stationary
34,3923492754,-0.2372,-0.1017,1.3835,59.50,63.28,12.81,Stationary
34,3923532752,-0.2686,-0.2006,1.5679,45.99,39.41,17.15,Stationary
34,3923572753,-0.2672,-0.0974,1.5511,19.39,15.68,13.72,Stationary
34,3923612754,-0.2174,-0.1149,1.4098,-4.90,-7.00,7.07,Stationary
34,3923652754,-0.2298,-0.0622,1.2041,-4.76,-26.95,5.53,Stationary
34,3923692763,-0.2372,-0.0695,0.9963,-9.87,-38.71,6.30,Stationary
34,3923732755,-0.2518,-0.0293,0.7957,-2.52,-40.25,8.54,Stationary
34,3923772751,-0.2628,-0.0849,0.6310,-0.63,-33.11,9.45,Stationary
34,3923812755,-0.2738,-0.0366,0.5336,-1.40,-17.99,7.42,Stationary
34,3923852755,-0.2643,-0.0468,0.5336,3.92,0.00,6.09,Stationary
34,3923892764,-0.2606,-0.0454,0.6317,14.56,17.57,5.60,Stationary
34,3923932770,-0.3023,-0.0878,0.8784,36.75,31.99,6.58,Stationary
34,3923972773,-0.2467,-0.2335,1.1397,25.48,34.93,4.41,Stationary
34,3924012755,-0.2064,-0.0871,1.3000,1.47,23.66,3.22,Stationary
34,3924052760,-0.1925,-0.1457,1.3315,7.42,8.05,4.97,Stationary
34,3924092761,-0.2584,-0.0673,1.2327,12.60,-4.34,5.74,Stationary
34,3924132753,-0.2943,-0.1091,1.0775,4.13,-11.62,4.06,Stationary
34,3924172752,-0.2855,-0.0190,0.9106,-1.96,-16.87,4.41,Stationary
34,3924212770,-0.2635,-0.0710,0.7832,-0.84,-17.22,5.53,Stationary
34,3924252757,-0.2342,-0.0644,0.7122,-1.26,-13.09,5.53,Stationary
34,3924292774,-0.2277,-0.0791,0.6866,2.80,-4.97,4.76,Stationary
34,3924332778,-0.2452,-0.0754,0.7518,9.45,6.65,3.78,Stationary
34,3924372756,-0.2350,-0.1120,0.8623,12.39,17.99,2.17,Stationary
34,3924412774,-0.2445,-0.1266,1.0299,17.85,22.89,0.63,Stationary
34,3924452757,-0.2635,-0.1837,1.1602,13.65,21.77,-0.63,Stationary
35,3931271413,0.2796,-0.1852,1.0995,-2.52,-98.49,-11.97,Stationary
35,3931305601,0.2577,-0.1793,1.2349,33.11,-108.85,-9.52,Stationary
35,3931345595,0.1493,-0.3462,1.2971,20.72,-130.69,-14.70,Stationary
35,3931385593,0.0527,-0.2818,1.1046,-1.54,-150.71,-18.76,Stationary
35,3931425593,0.0146,-0.1581,0.8689,-16.73,-161.91,-19.95,Stationary
35,3931465596,-0.0630,-0.0578,0.6222,-10.85,-154.21,-21.14,Stationary
35,3931505593,-0.0908,-0.0410,0.3675,-38.01,-131.60,-23.17,Stationary
35,3931545592,-0.1303,0.1186,0.1486,-64.75,-94.78,-22.96,Stationary
35,3931585592,-0.2020,0.1354,0.0549,-38.85,-42.07,-16.10,Stationary
35,3931625592,-0.2137,0.1047,0.0564,-42.07,10.36,-11.69,Stationary
35,3931665592,-0.1859,0.0805,0.1552,-10.92,59.29,-1.96,Stationary
35,3931705610,-0.2811,0.0710,0.3806,14.84,100.17,9.59,Stationary
35,3931745597,-0.2774,0.0512,0.6603,66.15,136.78,28.42,Stationary
35,3931785594,-0.1259,-0.1427,1.0153,75.39,140.98,44.73,Stationary
35,3931825594,-0.0234,-0.2525,1.3183,75.74,119.49,49.91,Stationary
35,3931865591,-0.0761,-0.2869,1.5306,40.46,77.84,42.70,Stationary
35,3931905597,-0.0681,-0.3989,1.6624,30.94,37.24,29.54,Stationary
35,3931945619,-0.1054,-0.3748,1.6016,-2.10,-2.03,12.18,Stationary
35,3931985609,-0.1545,-0.3433,1.4413,-19.60,-37.38,-1.40,Stationary
35,3932025599,-0.2621,-0.2913,1.2825,-25.34,-63.63,-7.98,Stationary
35,3932065614,-0.2679,-0.2613,1.1053,-40.46,-77.49,-11.06,Stationary
35,3932105595,-0.2782,-0.1274,0.8403,-45.15,-82.67,-11.69,Stationary
35,3932145593,-0.2869,-0.0498,0.6024,-43.26,-72.45,-9.66,Stationary
35,3932185592,-0.2686,-0.0029,0.4780,-30.38,-46.27,-10.22,Stationary
35,3932225596,-0.2628,0.0373,0.4392,-19.60,-13.02,-14.14,Stationary
35,3932265592,-0.2174,0.0095,0.5139,-9.87,18.27,-17.36,Stationary
35,3932305598,-0.2006,0.0198,0.6859,9.45,39.48,-16.03,Stationary
35,3932345605,-0.2357,-0.0703,0.9355,40.04,49.21,-9.94,Stationary
35,3932385593,-0.2342,-0.0988,1.1478,38.71,44.10,-5.11,Stationary
35,3932425592,-0.2306,-0.1566,1.2869,35.00,29.26,-2.17,Stationary
35,3932465597,-0.2518,-0.1127,1.3191,22.33,11.76,-1.82,Stationary
35,3932505592,-0.2233,-0.0776,1.2239,5.67,-3.29,-2.59,Stationary
35,3932545591,-0.2460,-0.0227,1.0599,2.87,-13.79,-1.47,Stationary
35,3932585593,-0.2496,-0.0110,0.9179,-0.49,-17.64,-0.14,Stationary
35,3932625592,-0.2525,-0.0059,0.8103,-4.13,-14.28,1.89,Stationary
35,3932665591,-0.2196,0.0015,0.7430,-3.78,-6.16,3.57,Stationary
35,3932705596,-0.2137,-0.0022,0.7357,7.49,2.31,7.14,Stationary
35,3932745593,-0.2115,-0.0439,0.8089,15.05,9.80,8.75,Stationary
35,3932785592,-0.2364,-0.0022,0.9553,24.29,15.96,9.59,Stationary
35,3932825595,-0.2240,-0.1786,1.1463,27.23,17.99,7.91,Stationary
35,3932865591,-0.2357,-0.0930,1.1954,3.57,14.28,4.62,Stationary
35,3932905591,-0.1859,-0.0988,1.1178,-0.77,5.32,4.41,Stationary
35,3932945618,-0.2006,-0.0659,1.0402,4.97,-4.34,5.74,Stationary
35,3932985606,-0.2357,-0.0542,0.9714,5.67,-9.94,6.58,Stationary
35,3933025598,-0.1984,-0.0769,0.8872,-1.96,-13.51,5.18,Stationary
35,3933065599,-0.2013,-0.0549,0.8045,-6.23,-12.74,5.04,Stationary
35,3933105592,-0.2115,-0.0498,0.7708,0.14,-6.23,4.48,Stationary
35,3933145594,-0.2277,-0.0856,0.8154,5.74,3.85,3.99,Stationary
35,3933185596,-0.2423,-0.0725,0.9472,18.06,13.09,3.08,Stationary
35,3933225594,-0.2255,-0.1347,1.0980,16.94,15.82,0.77,Stationary
36,3939619406,-0.1449,-0.2372,1.2715,2.66,27.65,6.51,Stationary
36,3939652030,-0.0827,-0.1215,1.3074,-3.71,16.59,2.45,Stationary
36,3939692029,-0.0798,-0.1442,1.2444,-1.61,-4.41,1.68,Stationary
36,3939732025,-0.1676,-0.1252,1.0892,7.70,-21.56,4.83,Stationary
36,3939772050,-0.2379,-0.1061,0.8967,8.96,-27.23,8.75,Stationary
36,3939812059,-0.2518,-0.0673,0.7349,3.36,-23.80,12.32,Stationary
36,3939852048,-0.2328,-0.0944,0.6529,8.82,-13.02,16.31,Stationary
36,3939892047,-0.2247,-0.1025,0.6947,13.16,0.56,19.53,Stationary
36,3939932023,-0.2189,-0.1852,0.8250,21.98,15.12,21.98,Stationary
36,3939972037,-0.2335,-0.2313,1.0541,24.85,25.27,20.09,Stationary
36,3940012056,-0.1662,-0.2738,1.2027,9.66,24.01,12.67,Stationary
36,3940052029,-0.1281,-0.2460,1.2598,2.45,11.20,6.65,Stationary
36,3940092026,-0.1471,-0.2108,1.2041,0.28,-6.79,2.87,Stationary
36,3940132029,-0.1954,-0.1874,1.0424,-1.61,-19.60,2.24,Stationary
36,3940172026,-0.2203,-0.1237,0.8520,-4.20,-24.50,4.27,Stationary
36,3940212024,-0.2372,-0.1376,0.7078,-0.42,-20.37,8.82,Stationary
36,3940252028,-0.2181,-0.1157,0.6493,-2.73,-10.36,12.67,Stationary
36,3940292023,-0.2042,-0.1552,0.6727,6.58,2.94,16.52,Stationary
36,3940332048,-0.2006,-0.1830,0.8081,15.68,16.66,18.20,Stationary
36,3940372035,-0.2445,-0.2401,1.0160,27.37,26.95,17.36,Stationary
36,3940412028,-0.1962,-0.3338,1.2129,19.32,23.31,11.13,Stationary
36,3940452025,-0.1559,-0.3213,1.3278,21.00,2.10,6.72,Stationary
36,3940492029,-0.1523,-0.3170,1.2437,10.50,-20.23,-0.77,Stationary
36,3940532024,-0.2086,-0.2811,1.0541,-4.48,-33.74,-8.82,Stationary
36,3940572024,-0.2423,-0.1801,0.8308,-24.43,-33.67,-13.16,Stationary
36,3940612029,-0.2255,-0.1493,0.6654,-27.02,-21.77,-11.76,Stationary
36,3940652024,-0.2262,-0.1142,0.5856,-19.53,-5.25,-7.77,Stationary
36,3940692024,-0.2115,-0.1486,0.6017,-1.47,11.90,-1.68,Stationary
36,3940732028,-0.1859,-0.1764,0.7335,15.47,27.37,1.12,Stationary
36,3940772024,-0.2145,-0.2716,0.9604,20.51,37.10,0.14,Stationary
36,3940812028,-0.1940,-0.2569,1.1829,13.44,34.30,-1.96,Stationary
36,3940852048,-0.2181,-0.2386,1.3008,13.72,22.12,-5.74,Stationary
36,3940892044,-0.1940,-0.1728,1.2708,-3.36,3.71,-11.27,Stationary
36,3940932029,-0.2028,-0.1318,1.1441,3.29,-9.03,-10.64,Stationary
36,3940972058,-0.1984,-0.1157,0.9758,0.42,-16.52,-8.26,Stationary
36,3941012063,-0.1808,-0.0886,0.8279,0.56,-17.08,-3.01,Stationary
36,3941052034,-0.1647,-0.1288,0.7261,7.42,-11.48,0.98,Stationary
36,3941092039,-0.1728,-0.1149,0.7005,8.05,-1.61,5.46,Stationary
36,3941132023,-0.1771,-0.1662,0.7913,21.14,10.78,9.66,Stationary
36,3941172029,-0.2072,-0.2284,0.9823,32.34,18.20,12.60,Stationary
36,3941212027,-0.2350,-0.3213,1.1705,30.87,18.76,11.13,Stationary
36,3941252023,-0.2152,-0.3162,1.2817,4.48,7.63,4.83,Stationary
36,3941292026,-0.1376,-0.2028,1.1983,-7.84,-9.03,1.19,Stationary
36,3941332075,-0.1501,-0.1889,1.0475,5.32,-23.45,2.73,Stationary
36,3941372029,-0.1911,-0.1764,0.8747,1.19,-28.49,3.01,Stationary
36,3941412026,-0.2064,-0.1405,0.7210,-7.98,-20.65,2.24,Stationary
36,3941452033,-0.1808,-0.1215,0.6281,-2.31,-4.27,2.38,Stationary
36,3941492026,-0.1464,-0.2833,0.6464,21.84,10.22,6.30,Stationary
36,3941532026,-0.1801,-0.1932,0.7884,-1.75,20.16,4.62,Stationary
36,3941572027,-0.2811,-0.3140,1.1236,25.55,26.81,4.83,Stationary
37,3952763413,0.7174,-0.0124,0.6420,2.03,1.05,1.47,Stationary
37,3952794699,0.7203,-0.0066,0.6368,0.28,0.98,1.54,Stationary
37,3952834716,0.7239,0.0088,0.6449,2.66,1.12,1.96,Stationary
37,3952874696,0.7218,-0.0110,0.6507,4.13,1.54,2.38,Stationary
37,3952914690,0.7144,-0.0271,0.6844,-2.52,2.03,0.98,Stationary
37,3952954745,0.7876,-0.0542,0.6998,-10.92,2.24,0.63,Stationary
37,3952994697,0.7693,-0.0007,0.7459,-11.62,-0.98,2.10,Stationary
37,3953034732,0.8381,-0.0051,0.9194,13.30,-12.53,3.50,Stationary
37,3953074699,0.7584,-0.0410,0.9201,16.10,-30.94,1.61,Stationary
37,3953114693,0.7342,-0.0366,0.8777,30.10,-46.13,-1.68,Stationary
37,3953154714,0.6998,-0.0498,0.8711,10.99,-55.30,-8.82,Stationary
37,3953194696,0.7371,-0.0095,0.9501,1.54,-55.93,-11.76,Stationary
37,3953234709,0.7269,-0.1120,1.0109,1.82,-59.29,-10.50,Stationary
37,3953274702,0.7430,-0.0337,1.1002,-4.83,-79.24,-2.66,Stationary
37,3953314721,0.7313,-0.0864,1.1090,30.31,-104.51,3.57,Stationary
37,3953354695,0.7144,-0.0190,1.1690,40.67,-128.24,3.15,Stationary
37,3953394699,0.5790,-0.2159,1.1551,72.17,-146.65,-0.42,Stationary
37,3953434704,0.4978,-0.1332,1.1441,30.45,-166.32,-11.83,Stationary
37,3953474696,0.3074,-0.3411,1.1844,37.66,-173.67,-19.18,Stationary
37,3953514695,0.4333,-0.5087,0.7935,-89.81,-187.46,-32.55,Stationary
37,3953554690,0.1918,0.3609,0.8286,-91.35,-193.48,-20.30,Stationary
37,3953594690,-0.0022,0.0102,0.6932,-4.90,-181.44,-4.97,Stationary
37,3953634695,-0.1215,0.0827,0.5065,-1.96,-160.65,-7.14,Stationary
37,3953674689,-0.2423,0.0220,0.3792,-16.24,-137.48,-11.69,Stationary
37,3953714691,-0.2965,0.1413,0.2599,-35.63,-109.34,-20.09,Stationary
37,3953754695,-0.3404,0.1047,0.3331,-20.65,-70.70,-24.92,Stationary
37,3953794689,-0.4714,0.0271,0.2869,-6.16,-25.69,-20.79,Stationary
37,3953834708,-0.4839,0.0798,0.2174,-7.00,16.24,-17.01,Stationary
37,3953874697,-0.4758,0.1061,0.2577,-3.64,58.52,-13.02,Stationary
37,3953914692,-0.4612,0.1925,0.3806,18.48,97.65,-10.22,Stationary
37,3953954729,-0.3579,0.1867,0.5373,63.00,120.54,-5.32,Stationary
37,3953994704,-0.2855,0.0007,0.8118,85.89,123.13,6.02,Stationary
37,3954034692,-0.1889,-0.0681,1.1346,79.03,109.41,16.45,Stationary
37,3954074690,-0.2313,-0.1479,1.4010,57.40,84.91,20.58,Stationary
37,3954114689,-0.2877,-0.0476,1.5687,19.18,56.98,16.66,Stationary
37,3954154690,-0.2826,-0.0666,1.5679,-7.56,26.04,10.15,Stationary
37,3954194779,-0.2145,-0.0051,1.3718,-26.88,-3.99,4.97,Stationary
37,3954234743,-0.2196,-0.0227,1.1617,-20.30,-24.29,6.16,Stationary
37,3954274699,-0.2452,0.0154,0.9684,-10.50,-31.85,9.10,Stationary
37,3954314699,-0.2503,-0.0264,0.8118,-1.75,-29.96,11.06,Stationary
37,3954354736,-0.2350,-0.0051,0.6910,-1.61,-23.94,10.85,Stationary
37,3954394695,-0.2284,-0.0410,0.6595,0.28,-14.21,8.75,Stationary
37,3954434693,-0.2233,0.0044,0.6917,10.43,-3.22,7.28,Stationary
37,3954474711,-0.2379,-0.0586,0.7774,24.99,8.96,7.07,Stationary
37,3954514696,-0.2584,-0.0322,0.9318,26.39,19.53,5.46,Stationary
37,3954554693,-0.2350,-0.0681,1.0563,41.02,27.30,5.81,Stationary
37,3954594690,-0.2774,-0.1405,1.1895,18.34,28.98,3.43,Stationary
37,3954634690,-0.2115,-0.0908,1.1844,-12.39,24.99,-0.28,Stationary
37,3954674699,-0.1435,-0.1054,1.1082,-22.12,15.05,-2.03,Stationary
37,3954714696,-0.1222,0.0776,1.0248,-34.30,2.73,-5.46,Stationary
38,3961863425,0.6815,-0.0834,0.6969,4.83,-0.21,2.24,Stationary
38,3961894237,0.6778,-0.0864,0.6976,4.97,0.49,2.31,Stationary
38,3961934235,0.6873,-0.0930,0.6705,4.27,0.77,2.52,Stationary
38,3961974289,0.6822,-0.0900,0.6705,5.11,0.42,2.94,Stationary
38,3962014235,0.6903,-0.0834,0.6690,5.81,0.00,3.01,Stationary
38,3962054251,0.6888,-0.0864,0.6793,6.65,-0.07,2.87,Stationary
38,3962094233,0.6925,-0.0864,0.6903,6.37,0.07,2.24,Stationary
38,3962134229,0.6910,-0.0944,0.7239,8.47,1.26,3.71,Stationary
38,3962174232,0.7078,-0.0351,0.8067,24.64,4.06,6.65,Stationary
38,3962214228,0.6998,-0.1830,0.8140,26.60,6.37,6.02,Stationary
38,3962254232,0.8220,-0.1867,0.9977,-4.97,-2.24,3.85,Stationary
38,3962294234,0.8528,-0.1208,1.1134,17.36,-24.08,3.71,Stationary
38,3962334249,0.8337,-0.2401,1.1580,6.58,-52.36,-1.75,Stationary
38,3962374231,0.7745,-0.1581,1.1134,-10.08,-77.49,-5.04,Stationary
38,3962414231,0.6939,-0.1889,1.0036,0.70,-95.69,-1.75,Stationary
38,3962454231,0.6068,-0.1237,0.9392,6.58,-105.07,1.75,Stationary
38,3962494228,0.5380,-0.1742,0.8996,21.77,-104.09,3.85,Stationary
38,3962534231,0.4926,-0.1837,0.9326,6.58,-100.66,2.03,Stationary
38,3962574227,0.4860,-0.1340,0.8813,1.19,-99.61,-0.21,Stationary
38,3962614230,0.4692,-0.1142,0.8477,-0.14,-102.62,-1.61,Stationary
38,3962654234,0.3492,-0.1947,0.8418,2.59,-101.50,-3.57,Stationary
38,3962694230,0.2518,-0.0439,0.8425,-10.15,-96.39,-6.16,Stationary
38,3962734228,0.1647,-0.1757,0.8440,14.84,-84.98,-6.58,Stationary
38,3962774233,0.1105,-0.0981,0.8564,-23.45,-76.72,-13.37,Stationary
38,3962814227,0.0630,-0.0373,0.8337,-25.69,-65.80,-13.37,Stationary
38,3962854249,0.0366,-0.0161,0.8176,-22.33,-58.17,-11.97,Stationary
38,3962894236,-0.0007,0.0242,0.8169,-21.28,-51.87,-10.01,Stationary
38,3962934230,-0.0461,-0.0029,0.7657,-32.41,-47.25,-8.26,Stationary
38,3962974273,-0.0974,0.0739,0.6720,-20.72,-40.81,-2.45,Stationary
38,3963014250,-0.1442,-0.0022,0.6141,-9.66,-29.89,1.61,Stationary
38,3963054245,-0.1771,0.0754,0.5768,-14.07,-20.02,3.57,Stationary
38,3963094232,-0.1779,0.0285,0.5475,-0.42,-9.10,6.30,Stationary
38,3963134246,-0.2020,0.0842,0.6017,6.30,-0.84,7.91,Stationary
38,3963174250,-0.2386,0.0403,0.7379,15.96,7.84,8.54,Stationary
38,3963214250,-0.2789,0.0256,0.9787,21.49,13.37,10.43,Stationary
38,3963254233,-0.2906,-0.0454,1.2217,26.32,16.87,11.27,Stationary
38,3963294249,-0.2891,0.0264,1.3637,9.87,12.04,6.72,Stationary
38,3963334249,-0.2167,-0.0227,1.3227,-17.08,3.43,-0.91,Stationary
38,3963374232,-0.1976,0.0388,1.1097,-16.73,-6.23,-2.24,Stationary
38,3963414228,-0.1845,0.0454,0.9377,-28.21,-17.08,-2.10,Stationary
38,3963454229,-0.2159,0.0520,0.7649,-9.73,-18.83,1.40,Stationary
38,3963494228,-0.2057,0.0425,0.6515,-8.40,-15.19,2.38,Stationary
38,3963534232,-0.2342,0.0417,0.6412,6.23,-6.58,2.80,Stationary
38,3963574228,-0.2460,0.0813,0.7862,7.14,4.13,1.19,Stationary
38,3963614227,-0.2701,0.0322,1.0336,21.56,13.44,1.47,Stationary
38,3963654232,-0.2189,0.1413,1.2898,10.57,7.35,1.61,Stationary
38,3963694227,-0.2430,0.0037,1.3520,21.91,-5.11,4.62,Stationary
38,3963734231,-0.2489,0.0798,1.2385,-6.58,-19.25,2.80,Stationary
38,3963774231,-0.2730,0.0417,1.0241,2.87,-25.83,5.46,Stationary
38,3963814227,-0.2555,0.0447,0.8638,-2.66,-27.23,5.53,Stationary
39,3971031421,0.6954,-0.0227,0.6464,4.13,0.63,4.27,Stationary
39,3971065135,0.6895,-0.0117,0.6647,6.23,0.07,4.06,Stationary
39,3971105124,0.6895,-0.0124,0.7181,9.52,0.63,3.78,Stationary
39,3971145168,0.6830,-0.0300,0.7342,7.56,2.52,1.82,Stationary
39,3971185140,0.7115,-0.0146,0.7818,5.25,5.60,0.07,Stationary
39,3971225123,0.7671,-0.0578,0.8952,16.80,7.21,0.14,Stationary
39,3971265135,0.9575,-0.1347,1.1339,4.90,-9.94,-1.54,Stationary
39,3971305125,0.9450,-0.0791,1.1990,-14.28,-51.38,-2.80,Stationary
39,3971345142,0.9479,-0.0900,1.2473,-17.78,-92.05,-2.52,Stationary
39,3971385123,0.7803,-0.0154,1.1573,-8.61,-120.26,1.54,Stationary
39,3971425128,0.6515,-0.1069,1.0475,10.22,-133.35,5.39,Stationary
39,3971465120,0.4773,-0.0791,0.9384,7.14,-137.34,7.42,Stationary
39,3971505120,0.3828,-0.2035,0.8696,46.90,-141.12,11.90,Stationary
39,3971545124,0.2489,-0.0864,0.8235,4.13,-133.77,-1.33,Stationary
39,3971585122,0.1830,0.0183,0.8499,7.42,-112.56,-15.19,Stationary
39,3971625122,0.2657,-0.0827,0.8213,-19.39,-97.02,-26.46,Stationary
39,3971665126,0.2547,0.0242,0.8111,-6.44,-90.30,-25.55,Stationary
39,3971705121,0.1596,-0.1076,0.8469,1.61,-88.62,-19.95,Stationary
39,3971745119,0.1222,0.0220,0.8506,-2.03,-87.08,-17.08,Stationary
39,3971785124,0.0893,-0.1281,0.8850,4.69,-88.20,-11.20,Stationary
39,3971825119,0.1091,-0.0117,0.8996,-6.51,-100.10,-9.52,Stationary
39,3971865121,0.0908,-0.0761,1.0475,-0.56,-127.68,-12.32,Stationary
39,3971905124,-0.1830,0.1852,0.7020,12.39,-132.58,-11.48,Stationary
39,3971945133,-0.3279,-0.0966,0.3462,20.51,-115.36,-12.04,Stationary
39,3971985127,-0.6961,-0.0037,0.1859,-11.48,-88.55,-11.06,Stationary
39,3972025124,-0.4721,0.2211,0.1222,-15.54,-51.52,-12.46,Stationary
39,3972065124,-0.5651,-0.1135,0.1157,-9.94,-3.36,3.64,Stationary
39,3972105123,-0.7379,0.1720,0.3389,-4.27,42.91,15.05,Stationary
39,3972145123,-0.6266,0.0769,0.5907,20.72,89.95,18.62,Stationary
39,3972185120,-0.5980,0.0293,1.0182,38.64,98.56,8.75,Stationary
39,3972225124,-0.4443,-0.2159,1.5335,65.17,78.33,13.86,Stationary
39,3972265120,-0.4429,-0.1003,1.7927,-3.29,34.44,-0.14,Stationary
39,3972305119,-0.3806,-0.0988,1.5416,-6.86,-7.98,-7.21,Stationary
39,3972345120,-0.4026,-0.0666,1.2019,-17.08,-36.33,-11.27,Stationary
39,3972385119,-0.4143,-0.0439,0.8616,-32.62,-44.73,-13.44,Stationary
39,3972425137,-0.3682,-0.0007,0.6200,-41.65,-39.34,-9.38,Stationary
39,3972465126,-0.2972,0.0176,0.4626,-26.95,-23.94,-2.24,Stationary
39,3972505121,-0.2650,0.0373,0.4275,-7.28,-5.53,0.56,Stationary
39,3972545120,-0.3023,0.0388,0.5065,12.25,15.12,0.56,Stationary
39,3972585122,-0.3133,0.1325,0.7752,36.54,32.13,-0.21,Stationary
39,3972625121,-0.3828,-0.0651,1.0482,86.45,35.42,2.66,Stationary
39,3972665122,-0.4699,-0.0395,1.1844,29.33,26.25,-1.75,Stationary
39,3972705126,-0.5300,-0.0264,1.2159,19.46,15.19,-4.06,Stationary
39,3972745119,-0.4860,-0.0081,1.0980,-0.21,5.88,-8.89,Stationary
39,3972785120,-0.4817,0.0000,0.9999,-2.94,-1.05,-7.28,Stationary
39,3972825123,-0.4348,0.0139,0.8901,-1.33,-3.43,-2.80,Stationary
39,3972865123,-0.4077,0.0271,0.8015,-0.49,-2.87,-0.07,Stationary
39,3972905119,-0.3631,-0.0176,0.7393,9.94,1.82,2.24,Stationary
39,3972945135,-0.3009,0.0044,0.7035,-2.59,8.68,-0.56,Stationary
39,3972985125,-0.3023,-0.0044,0.7181,3.57,20.23,-2.24,Stationary
40,3978807415,0.6939,-0.0966,0.7239,-1.26,1.12,4.48,Stationary
40,3978839767,0.6742,-0.0813,0.7591,-3.99,3.01,5.25,Stationary
40,3978879752,0.7254,0.0081,0.7884,3.22,6.58,5.32,Stationary
40,3978919745,0.8008,-0.0315,0.8996,4.34,5.53,3.71,Stationary
40,3978959792,0.8652,-0.0593,1.0431,5.46,-8.96,1.19,Stationary
40,3978999745,0.9165,-0.0878,1.1353,3.15,-38.78,-0.49,Stationary
40,3979039768,0.8923,-0.1215,1.1104,5.39,-72.31,-1.19,Stationary
40,3979079743,0.7540,-0.0981,1.0716,14.98,-102.27,-0.07,Stationary
40,3979119739,0.6464,-0.1823,0.9919,23.52,-118.51,-1.68,Stationary
40,3979159762,0.5505,-0.1398,0.9048,0.28,-129.01,-4.76,Stationary
40,3979199742,0.4165,-0.0073,0.8886,12.25,-126.70,-3.99,Stationary
40,3979239740,0.4041,-0.1069,0.9150,22.82,-118.72,-5.67,Stationary
40,3979279745,0.3536,-0.1017,1.0065,10.22,-113.47,-8.12,Stationary
40,3979319751,0.3023,-0.1149,1.0892,24.92,-111.79,-8.89,Stationary
40,3979359759,0.2430,-0.2489,1.0350,18.13,-121.10,-8.96,Stationary
40,3979399750,0.1749,-0.0007,0.9304,21.35,-130.69,-9.24,Stationary
40,3979439738,0.0930,-0.2547,0.8733,51.17,-132.86,-13.02,Stationary
40,3979479738,-0.0037,-0.0966,0.7737,0.63,-132.09,-24.99,Stationary
40,3979519744,-0.0037,-0.0059,0.7701,36.19,-120.89,-26.18,Stationary
40,3979559737,-0.0007,-0.3126,0.7122,27.16,-111.93,-32.69,Stationary
40,3979599736,-0.1764,-0.1486,0.5234,-50.61,-103.60,-39.34,Stationary
40,3979639742,-0.3814,0.0556,0.3850,-46.48,-86.17,-33.11,Stationary
40,3979679736,-0.5322,-0.0834,0.2760,-41.58,-55.02,-27.02,Stationary
40,3979719736,-0.5446,0.1859,0.1911,-56.49,-20.44,-19.18,Stationary
40,3979759740,-0.5505,-0.0154,0.2767,-18.34,19.11,-4.97,Stationary
40,3979799736,-0.5739,0.0366,0.3704,-28.42,60.20,4.62,Stationary
40,3979839755,-0.4311,0.0988,0.4085,-31.36,97.58,10.08,Stationary
40,3979879744,-0.3433,0.0278,0.8967,29.19,95.34,16.24,Stationary
40,3979919738,-0.2752,-0.1127,1.1588,38.92,83.51,15.96,Stationary
40,3979959776,-0.3836,0.0146,1.3784,11.48,61.53,6.37,Stationary
40,3979999742,-0.3784,-0.0417,1.4516,3.57,42.84,-4.62,Stationary
40,3980039757,-0.2847,0.0659,1.3579,-28.49,24.99,-18.48,Stationary
40,3980079741,-0.2467,0.1039,1.1873,-11.76,8.26,-20.23,Stationary
40,3980119745,-0.2233,0.0615,1.0453,-2.17,-6.58,-14.70,Stationary
40,3980159738,-0.2306,0.0564,0.9377,7.49,-17.78,-6.16,Stationary
40,3980199736,-0.2108,0.0146,0.8250,27.37,-21.98,1.54,Stationary
40,3980239746,-0.2262,-0.0139,0.7444,20.86,-23.73,6.72,Stationary
40,3980279737,-0.2738,0.0220,0.7196,23.03,-18.83,11.97,Stationary
40,3980319737,-0.3989,-0.0556,0.8323,25.55,-6.51,13.93,Stationary
40,3980359756,-0.4370,0.0015,0.9867,-12.46,6.65,6.16,Stationary
40,3980399741,-0.4085,0.0227,1.1148,-19.95,17.29,-2.59,Stationary
40,3980439738,-0.3250,0.0673,1.1734,-37.31,16.24,-10.01,Stationary
40,3980479742,-0.2694,0.0783,1.1683,-21.56,6.79,-6.44,Stationary
40,3980519737,-0.2481,0.0461,1.1061,-12.46,-5.95,-1.47,Stationary
40,3980559737,-0.2342,0.1003,0.9670,-13.02,-17.43,2.03,Stationary
40,3980599741,-0.2460,0.0571,0.8133,0.91,-22.19,5.81,Stationary
40,3980639736,-0.2643,0.0366,0.7013,-1.26,-21.49,7.21,Stationary
40,3980679735,-0.2811,0.0403,0.6573,9.87,-15.89,9.45,Stationary
40,3980719741,-0.3089,-0.0146,0.6720,15.12,-5.81,9.17,Stationary
40,3980759736,-0.3667,0.0900,0.7913,25.06,6.30,7.07,Stationary
41,3986667411,-0.2686,-0.0959,1.2539,11.62,1.54,9.80,Stationary
41,3986700172,-0.2094,-0.1735,1.1924,6.30,-8.05,10.99,Stationary
41,3986740171,-0.1610,-0.0900,1.0109,-1.75,-22.61,11.48,Stationary
41,3986780166,-0.1903,-0.0915,0.8491,2.45,-28.21,12.32,Stationary
41,3986820164,-0.2218,-0.0578,0.7386,0.84,-22.68,12.53,Stationary
41,3986860166,-0.2445,-0.0205,0.6925,0.98,-7.84,9.17,Stationary
41,3986900166,-0.2599,-0.0256,0.7444,7.35,9.38,5.81,Stationary
41,3986940166,-0.2445,-0.0549,0.9157,25.41,23.94,4.06,Stationary
41,3986980217,-0.2394,-0.1728,1.1419,34.93,24.64,3.85,Stationary
41,3987020188,-0.2020,-0.1823,1.2407,11.69,11.62,0.56,Stationary
41,3987060178,-0.1984,-0.1244,1.1807,8.26,-5.11,-0.70,Stationary
41,3987100164,-0.2086,-0.0856,1.0343,-1.33,-16.94,-1.19,Stationary
41,3987140165,-0.2277,-0.0791,0.8886,-6.02,-21.07,0.00,Stationary
41,3987180190,-0.2628,-0.0329,0.7745,-10.08,-14.56,1.54,Stationary
41,3987220168,-0.2613,0.0007,0.7247,-4.48,-0.84,1.40,Stationary
41,3987260164,-0.2481,-0.0600,0.7745,10.71,14.28,2.94,Stationary
41,3987300172,-0.2233,-0.0900,0.9004,10.92,22.61,3.99,Stationary
41,3987340165,-0.2298,-0.1230,1.0797,28.07,25.97,6.44,Stationary
41,3987380166,-0.1793,-0.2050,1.1807,15.96,18.20,4.76,Stationary
41,3987420167,-0.1815,-0.1296,1.1573,10.50,5.32,4.20,Stationary
41,3987460177,-0.1698,-0.1435,1.0504,4.48,-6.16,3.36,Stationary
41,3987500168,-0.1991,-0.0893,0.9260,-1.26,-14.00,4.41,Stationary
41,3987540166,-0.2123,-0.0900,0.8228,1.47,-14.63,8.05,Stationary
41,3987580164,-0.2255,-0.1061,0.8067,3.15,-8.40,10.71,Stationary
41,3987620167,-0.2386,-0.0981,0.8330,9.17,1.12,12.53,Stationary
41,3987660164,-0.2716,-0.1515,0.9487,19.74,14.00,12.39,Stationary
41,3987700164,-0.2416,-0.1669,1.0665,16.38,21.70,8.47,Stationary
41,3987740168,-0.1603,-0.1932,1.1119,6.30,18.48,2.38,Stationary
41,3987780164,-0.1296,-0.1867,1.0863,6.79,8.19,-0.63,Stationary
41,3987820163,-0.1537,-0.1413,1.0219,6.79,-4.90,-0.70,Stationary
41,3987860165,-0.2174,-0.1325,0.9509,14.42,-10.99,1.68,Stationary
41,3987900165,-0.2167,-0.1266,0.8696,7.56,-11.69,3.36,Stationary
41,3987940165,-0.1793,-0.1208,0.8279,1.89,-9.94,5.39,Stationary
41,3987980206,-0.2057,-0.1164,0.8433,5.04,-1.68,6.79,Stationary
41,3988020188,-0.2094,-0.1742,0.9231,9.94,8.05,5.60,Stationary
41,3988060180,-0.1947,-0.1713,1.0153,7.63,16.52,4.13,Stationary
41,3988100165,-0.1749,-0.2408,1.0885,11.62,17.43,3.08,Stationary
41,3988140165,-0.1391,-0.1845,1.0702,0.07,10.78,-0.28,Stationary
41,3988180169,-0.1303,-0.1801,1.0109,2.59,2.38,-0.77,Stationary
41,3988220167,-0.1574,-0.1442,0.9399,-0.35,-2.59,0.14,Stationary
41,3988260165,-0.1706,-0.1369,0.8747,0.42,-2.45,3.29,Stationary
41,3988300169,-0.1625,-0.1200,0.8689,7.21,0.35,6.65,Stationary
41,3988340165,-0.1903,-0.1442,0.9567,15.54,5.18,8.19,Stationary
41,3988380165,-0.1837,-0.2167,1.0768,18.97,8.26,6.86,Stationary
41,3988420168,-0.1259,-0.1771,1.1200,-6.79,2.17,0.91,Stationary
41,3988460179,-0.1310,-0.1940,1.0548,6.44,-5.11,0.98,Stationary
41,3988500168,-0.1457,-0.1749,0.9626,-0.49,-13.02,0.84,Stationary
41,3988540172,-0.1647,-0.1347,0.8703,-0.14,-16.52,1.75,Stationary
41,3988580165,-0.1998,-0.1545,0.8140,3.22,-13.09,3.08,Stationary
41,3988620164,-0.2057,-0.1266,0.8118,-1.68,-4.20,3.99,Stationary
42,4001403417,-0.1728,0.1420,1.2180,13.23,0.91,9.94,Stationary
42,4001435381,-0.1318,0.0871,1.1822,27.86,-8.89,9.66,Stationary
42,4001475371,-0.1684,0.0139,1.0695,10.99,-21.63,6.23,Stationary
42,4001515370,-0.2452,0.0651,0.8769,-2.45,-25.69,5.11,Stationary
42,4001555375,-0.2489,0.0783,0.7261,6.86,-19.74,9.31,Stationary
42,4001595370,-0.2562,0.0278,0.6720,9.52,-6.93,11.48,Stationary
42,4001635373,-0.2591,0.0505,0.6954,8.82,6.72,10.08,Stationary
42,4001675372,-0.2650,0.0351,0.8081,15.40,19.04,8.40,Stationary
42,4001715370,-0.2796,0.0329,1.0160,10.01,25.06,4.27,Stationary
42,4001755368,-0.2474,-0.0307,1.2239,1.75,23.52,0.63,Stationary
42,4001795374,-0.1706,0.0937,1.2708,-45.15,9.03,-5.04,Stationary
42,4001835370,-0.2101,0.2621,1.1668,0.14,-8.05,2.31,Stationary
42,4001875370,-0.2247,0.0227,1.0226,7.07,-18.62,9.59,Stationary
42,4001915429,-0.2811,0.1362,0.8542,13.93,-20.23,14.56,Stationary
42,4001955416,-0.2664,0.0293,0.7401,8.68,-13.93,14.49,Stationary
42,4001995397,-0.2225,0.0834,0.6910,-2.24,-3.08,11.83,Stationary
42,4002035374,-0.2006,0.0527,0.7239,2.52,10.22,10.08,Stationary
42,4002075370,-0.2181,0.0490,0.8725,13.86,21.98,9.10,Stationary
42,4002115373,-0.2101,0.0190,1.0709,14.56,27.93,5.39,Stationary
42,4002155369,-0.2284,0.0183,1.1968,8.89,23.73,2.03,Stationary
42,4002195368,-0.1874,0.0359,1.2078,11.20,10.15,2.59,Stationary
42,4002235374,-0.1918,0.0037,1.1126,22.19,-4.76,5.25,Stationary
42,4002275369,-0.2042,0.0366,0.9999,16.31,-16.24,4.55,Stationary
42,4002315372,-0.2628,0.0447,0.9018,12.25,-18.90,1.75,Stationary
42,4002355371,-0.2569,0.0300,0.8191,2.24,-12.25,-0.56,Stationary
42,4002395370,-0.2028,0.0234,0.7803,-3.78,-3.71,-1.26,Stationary
42,4002435382,-0.1874,0.0102,0.8198,0.63,4.41,-0.77,Stationary
42,4002475370,-0.2006,0.0205,0.9004,10.99,12.74,0.07,Stationary
42,4002515368,-0.2269,-0.0081,1.0438,15.82,18.20,-1.05,Stationary
42,4002555370,-0.2211,0.0117,1.1588,2.24,16.59,-4.48,Stationary
42,4002595368,-0.1801,-0.0051,1.1668,0.49,7.42,-5.88,Stationary
42,4002635372,-0.1757,0.0564,1.1039,2.10,-4.76,-4.20,Stationary
42,4002675373,-0.1969,0.0490,0.9765,6.16,-14.21,-1.75,Stationary
42,4002715368,-0.2152,0.0622,0.8645,8.47,-16.66,0.84,Stationary
42,4002755367,-0.2130,0.0425,0.7906,5.32,-11.41,2.45,Stationary
42,4002795372,-0.2050,0.0578,0.7774,4.97,-2.38,3.57,Stationary
42,4002835368,-0.2137,0.0081,0.8769,7.63,9.24,4.20,Stationary
42,4002875370,-0.2101,0.0205,1.0248,13.37,16.31,4.48,Stationary
42,4002915371,-0.1903,-0.0439,1.1514,17.36,12.81,5.25,Stationary
42,4002955406,-0.2020,0.0498,1.1990,31.08,-2.17,13.65,Stationary
42,4002995391,-0.2211,-0.0161,1.1514,39.20,-15.96,18.48,Stationary
42,4003035389,-0.2372,0.0044,1.0409,5.18,-23.87,11.97,Stationary
42,4003075372,-0.2247,0.0000,0.9018,0.63,-23.45,7.98,Stationary
42,4003115380,-0.1940,-0.0132,0.7825,-8.61,-17.22,7.21,Stationary
42,4003155391,-0.1940,-0.0176,0.7239,-2.80,-6.30,10.22,Stationary
42,4003195372,-0.1969,-0.0234,0.7430,7.28,6.23,12.95,Stationary
42,4003235391,-0.2379,-0.0608,0.8491,8.82,18.06,12.25,Stationary
42,4003275371,-0.2796,-0.0578,1.0343,24.15,25.69,11.27,Stationary
42,4003315388,-0.2430,-0.1391,1.1602,3.29,21.84,4.90,Stationary
42,4003355372,-0.2211,-0.0834,1.2085,3.57,9.59,1.82,Stationary
43,4008071451,-0.1230,0.0739,1.0270,4.41,40.67,-2.17,Stationary
43,4008102197,-0.0769,-0.0930,1.0321,-0.84,51.17,-3.71,Stationary
43,4008142189,0.0564,0.0981,1.0687,-38.15,50.12,-5.60,Stationary
43,4008182196,0.0659,0.1237,1.0782,7.56,39.06,3.64,Stationary
43,4008222188,0.0695,0.0578,1.2085,35.28,21.35,11.62,Stationary
43,4008262187,0.0732,-0.0022,1.1287,32.20,4.90,14.00,Stationary
43,4008302189,0.0344,0.0278,1.0116,15.96,-7.49,12.74,Stationary
43,4008342189,-0.0007,-0.0081,0.8462,12.74,-10.57,12.53,Stationary
43,4008382186,-0.0483,0.0088,0.7093,9.17,-2.24,10.92,Stationary
43,4008422189,-0.0952,0.0088,0.6837,-0.84,19.39,6.86,Stationary
43,4008462187,0.0044,-0.0168,0.7979,-9.80,48.30,0.98,Stationary
43,4008502187,0.1713,0.0373,0.9823,1.89,61.32,-0.70,Stationary
43,4008542191,0.2540,-0.0549,1.1485,19.88,53.83,-0.28,Stationary
43,4008582187,0.2855,-0.0600,1.2495,-1.33,37.52,-3.57,Stationary
43,4008622186,0.2672,0.0571,1.2517,1.82,19.95,-5.46,Stationary
43,4008662190,0.2108,-0.0059,1.1749,1.05,1.75,-4.83,Stationary
43,4008702189,0.1764,0.0512,1.0812,-6.02,-10.64,-1.96,Stationary
43,4008742186,0.1442,0.0373,0.9933,3.36,-18.62,2.24,Stationary
43,4008782190,0.1523,0.0820,0.9867,14.21,-27.86,7.56,Stationary
43,4008822187,0.1105,0.0359,1.0021,20.79,-32.06,9.80,Stationary
43,4008862186,0.0944,0.0381,0.9706,6.30,-30.87,7.21,Stationary
43,4008902186,0.0608,0.0037,0.9113,13.93,-23.10,7.98,Stationary
43,4008942194,0.0520,-0.0381,0.8696,5.88,-10.36,7.28,Stationary
43,4008982204,0.0615,-0.0439,0.8638,0.49,2.94,5.32,Stationary
43,4009022195,0.0666,-0.0168,0.9106,5.88,10.71,4.41,Stationary
43,4009062188,0.0930,-0.0490,1.0329,6.86,11.97,1.75,Stationary
43,4009102190,0.1318,0.0176,1.1427,-6.79,7.14,-1.61,Stationary
43,4009142187,0.1610,-0.0168,1.1522,-2.59,-2.66,-2.45,Stationary
43,4009182185,0.1559,0.0403,1.0643,0.84,-14.91,-0.70,Stationary
43,4009222191,0.1091,-0.0022,0.9487,11.41,-23.03,2.87,Stationary
43,4009262186,0.0498,-0.0139,0.8564,3.43,-20.58,2.73,Stationary
43,4009302186,0.0417,0.0037,0.7569,-6.79,-9.87,0.42,Stationary
43,4009342190,0.0454,0.0139,0.7247,-9.73,4.13,-1.40,Stationary
43,4009382202,0.0600,0.0666,0.7810,7.70,17.78,-0.91,Stationary
43,4009422195,0.0761,-0.0278,0.9684,16.10,25.27,-0.14,Stationary
43,4009462190,0.1076,-0.0007,1.1529,16.66,22.82,0.07,Stationary
43,4009502188,0.1259,-0.0242,1.2847,11.69,10.43,-1.82,Stationary
43,4009542188,0.1208,-0.0007,1.2883,2.31,-4.69,-3.22,Stationary
43,4009582192,0.0981,0.0183,1.2129,2.03,-18.06,-3.43,Stationary
43,4009622187,0.0930,0.0161,1.1017,-1.68,-29.68,-2.87,Stationary
43,4009662186,0.0725,0.0527,1.0307,0.42,-38.08,-0.84,Stationary
43,4009702190,0.0549,-0.0029,1.0614,10.29,-43.61,2.45,Stationary
43,4009742186,0.0271,0.0132,1.1053,9.17,-51.17,3.36,Stationary
43,4009782186,0.0183,-0.0007,1.0716,13.72,-59.08,4.62,Stationary
43,4009822191,-0.0322,-0.0564,0.9721,7.14,-66.43,4.48,Stationary
43,4009862187,-0.0732,0.0190,0.8550,3.08,-67.48,5.11,Stationary
43,4009902187,-0.1420,-0.0044,0.7642,12.67,-58.31,6.51,Stationary
43,4009942196,-0.1911,0.0037,0.6720,2.10,-41.02,6.02,Stationary
43,4009982196,-0.2137,0.0754,0.6273,14.70,-19.95,7.28,Stationary
43,4010022192,-0.2262,-0.0249,0.6156,15.19,2.31,5.18,Stationary
44,4015235448,0.1779,-0.0081,0.9977,3.08,-4.97,-0.84,Stationary
44,4015266840,0.1588,0.0212,1.0226,9.45,-6.51,-0.35,Stationary
44,4015306831,0.1486,-0.0637,1.0204,7.84,-8.40,-0.70,Stationary
44,4015346850,0.1676,-0.0088,0.9545,-5.67,-11.83,-1.89,Stationary
44,4015386834,0.1508,0.0351,0.9911,2.24,-12.32,-1.82,Stationary
44,4015426831,0.1098,-0.0132,1.1602,20.37,-12.39,-1.26,Stationary
44,4015466834,0.1435,-0.0988,1.2400,13.72,-19.32,-3.08,Stationary
44,4015506831,0.1215,-0.0322,1.2532,14.84,-36.12,-3.15,Stationary
44,4015546830,0.0622,-0.1259,1.2085,28.42,-52.43,-2.03,Stationary
44,4015586831,0.0015,-0.0996,1.1478,14.35,-64.26,-4.55,Stationary
44,4015626830,-0.0520,-0.1164,1.0856,-5.04,-69.16,-7.63,Stationary
44,4015666832,-0.0234,-0.0549,1.0058,-35.70,-72.52,-12.18,Stationary
44,4015706837,-0.0739,0.1098,0.8762,-25.48,-72.66,-11.90,Stationary
44,4015746830,-0.1091,0.0176,0.8096,-6.30,-64.75,-12.18,Stationary
44,4015786829,-0.0996,0.0249,0.7086,-18.13,-50.26,-14.56,Stationary
44,4015826833,-0.1259,0.0381,0.6134,-16.87,-32.27,-13.30,Stationary
44,4015866833,-0.1113,0.0915,0.5161,-16.66,-12.60,-9.87,Stationary
44,4015906830,-0.1135,0.0512,0.4319,2.59,9.03,-3.50,Stationary
44,4015946850,-0.0834,0.0996,0.5014,5.04,28.42,1.68,Stationary
44,4015986838,-0.1735,0.1149,0.7203,36.19,47.46,12.18,Stationary
44,4016026836,-0.0974,-0.0198,1.0775,38.92,59.36,16.24,Stationary
44,4016066833,-0.0827,0.0425,1.3579,33.11,52.08,15.12,Stationary
44,4016106831,-0.0630,-0.1559,1.5855,27.02,31.92,12.67,Stationary
44,4016146832,-0.0549,0.0029,1.5709,12.67,1.12,9.52,Stationary
44,4016186833,-0.0886,-0.0556,1.4179,9.38,-29.68,7.49,Stationary
44,4016226830,-0.1647,-0.0278,1.2005,16.24,-52.43,9.24,Stationary
44,4016266835,-0.2203,-0.0439,0.9728,10.92,-61.39,9.31,Stationary
44,4016306830,-0.2357,-0.0337,0.7708,3.08,-56.42,8.19,Stationary
44,4016346829,-0.2350,0.0022,0.6134,-7.70,-39.20,5.60,Stationary
44,4016386830,-0.2262,-0.0015,0.5241,-12.32,-13.93,2.31,Stationary
44,4016426829,-0.1588,0.0242,0.5095,-10.36,10.64,-0.70,Stationary
44,4016466842,-0.1515,0.0132,0.5995,10.92,33.39,0.07,Stationary
44,4016506834,-0.1530,-0.0344,0.7767,31.57,51.17,2.66,Stationary
44,4016546830,-0.1076,-0.1442,0.9692,24.01,58.73,1.61,Stationary
44,4016586830,-0.0710,-0.0534,1.1280,10.57,54.67,-1.26,Stationary
44,4016626832,-0.0864,-0.1127,1.3037,23.59,44.24,-1.61,Stationary
44,4016666829,-0.0542,-0.0900,1.4018,3.57,26.04,-5.25,Stationary
44,4016706831,-0.0373,-0.1288,1.3659,-0.42,2.31,-6.86,Stationary
44,4016746835,-0.0842,-0.0505,1.2400,-0.98,-22.33,-3.85,Stationary
44,4016786830,-0.1552,-0.0593,1.1039,16.38,-38.85,1.19,Stationary
44,4016826837,-0.1918,-0.0915,0.9318,9.24,-42.35,3.57,Stationary
44,4016866832,-0.1998,-0.0146,0.7774,0.00,-35.63,5.25,Stationary
44,4016906830,-0.1954,-0.0220,0.6507,3.64,-20.93,7.14,Stationary
44,4016946849,-0.1859,0.0124,0.6163,3.99,-2.87,9.38,Stationary
44,4016986840,-0.1603,0.0044,0.6573,17.78,17.78,12.11,Stationary
44,4017026834,-0.1069,-0.0615,0.7840,24.22,36.19,12.39,Stationary
44,4017066833,-0.0593,-0.1376,0.9655,14.00,46.34,9.17,Stationary
44,4017106832,0.0000,-0.1010,1.1163,3.01,43.82,4.83,Stationary
44,4017146831,0.0234,-0.1603,1.1939,11.83,34.02,4.06,Stationary
44,4017186829,0.0073,-0.0937,1.2532,26.95,21.28,5.81,Stationary
45,4024431421,0.2247,-0.0805,1.1448,18.27,-60.27,3.85,Stationary
45,4024465450,0.1588,-0.1347,1.0768,3.22,-69.79,2.87,Stationary
45,4024505444,0.0527,0.0000,0.9882,3.85,-72.80,2.73,Stationary
45,4024545440,0.0088,-0.0608,0.8938,20.09,-69.51,3.22,Stationary
45,4024585439,0.0044,-0.0813,0.8294,-3.08,-63.00,-1.19,Stationary
45,4024625445,-0.0476,0.0095,0.7832,-3.50,-51.17,-2.87,Stationary
45,4024665439,-0.1054,-0.0205,0.6954,-22.40,-37.94,-5.46,Stationary
45,4024705439,-0.0739,0.0900,0.6046,-25.69,-25.13,-3.01,Stationary
45,4024745443,-0.1640,-0.0212,0.5944,4.62,-5.11,4.06,Stationary
45,4024785438,-0.1918,0.0351,0.7532,-28.77,21.91,-0.77,Stationary
45,4024825439,-0.2072,0.0468,0.8843,0.49,54.81,-0.77,Stationary
45,4024865441,0.1318,0.0710,0.9238,-14.63,75.04,-0.07,Stationary
45,4024905440,0.2804,0.1142,1.2627,38.92,50.12,8.26,Stationary
45,4024945480,0.2467,-0.0044,1.3696,36.26,14.35,10.43,Stationary
45,4024985472,0.1654,-0.0088,1.3820,28.35,-16.10,7.28,Stationary
45,4025025465,0.0483,-0.0007,1.2393,4.97,-38.01,2.94,Stationary
45,4025065453,-0.0871,-0.0139,1.0607,5.60,-46.06,1.96,Stationary
45,4025105441,-0.1845,-0.0644,0.9172,-6.51,-42.14,-0.42,Stationary
45,4025145439,-0.1889,0.0066,0.8133,-14.84,-31.43,-1.75,Stationary
45,4025185444,-0.1662,-0.0051,0.7027,-5.04,-16.80,-2.87,Stationary
45,4025225456,-0.1259,-0.0425,0.6346,-4.90,-3.92,-4.27,Stationary
45,4025265442,-0.1391,-0.0139,0.6676,3.57,8.96,-5.32,Stationary
45,4025305440,-0.1413,0.0278,0.8520,21.70,25.62,-6.93,Stationary
45,4025345439,-0.0666,-0.0490,1.1222,23.38,36.68,-12.25,Stationary
45,4025385439,-0.0512,-0.0578,1.2825,17.08,33.95,-16.10,Stationary
45,4025425442,0.0102,-0.0432,1.3513,-0.28,16.24,-14.91,Stationary
45,4025465438,0.0454,0.0110,1.2795,-12.11,-6.09,-14.28,Stationary
45,4025505438,0.0015,-0.0044,1.1712,-2.38,-22.26,-10.50,Stationary
45,4025545442,-0.0102,0.0117,0.9984,-15.19,-31.85,-7.84,Stationary
45,4025585438,-0.0315,0.0820,0.8213,-10.15,-34.02,-4.90,Stationary
45,4025625437,-0.0608,0.0154,0.6830,-3.22,-31.36,-3.22,Stationary
45,4025665443,-0.0805,0.0783,0.6573,4.13,-22.12,-1.19,Stationary
45,4025705438,-0.0754,0.0454,0.6705,21.70,-7.35,0.14,Stationary
45,4025745438,-0.1186,0.0666,0.8074,31.71,8.54,-0.49,Stationary
45,4025785442,-0.1413,-0.0234,1.0138,41.93,24.15,-0.35,Stationary
45,4025825439,-0.0571,-0.0161,1.1983,21.35,26.74,-1.75,Stationary
45,4025865438,-0.0439,-0.0359,1.2473,7.63,17.15,-2.17,Stationary
45,4025905440,-0.0388,-0.0198,1.2159,-5.95,2.73,-1.68,Stationary
45,4025945470,-0.0783,-0.0015,1.1148,2.03,-8.33,3.43,Stationary
45,4025985472,-0.1054,-0.0066,0.9706,-1.61,-13.23,7.77,Stationary
45,4026025447,-0.0981,0.0417,0.8206,-4.55,-11.62,12.18,Stationary
45,4026065441,-0.0915,0.0256,0.7415,5.95,-5.04,16.66,Stationary
45,4026105444,-0.0886,0.0154,0.7701,5.25,3.78,17.15,Stationary
45,4026145745,-0.0710,0.0293,0.8572,16.59,14.49,17.01,Stationary
45,4026185444,-0.0608,-0.0366,1.0424,26.18,20.02,15.26,Stationary
45,4026225442,-0.0725,-0.0644,1.2217,20.09,16.52,12.25,Stationary
45,4026265452,-0.0468,-0.1142,1.2656,7.70,5.18,9.24,Stationary
45,4026305443,-0.0659,-0.0732,1.2012,0.91,-9.73,7.28,Stationary
45,4026345444,-0.0842,-0.0710,1.0695,-1.68,-21.63,6.93,Stationary
45,4026385439,-0.1135,-0.0351,0.9531,-4.13,-26.88,6.86,Stationary
46,4037647414,0.7049,0.0417,0.6683,8.26,3.57,3.43,Stationary
46,4037678778,0.7225,0.0154,0.6595,8.89,4.48,3.50,Stationary
46,4037718774,0.7540,-0.0051,0.6669,6.79,5.39,2.94,Stationary
46,4037758769,0.7774,0.0527,0.7210,6.09,2.59,2.38,Stationary
46,4037798768,0.8982,0.0468,0.8696,17.29,-5.39,3.78,Stationary
46,4037838774,0.8784,-0.0813,0.9640,12.81,-23.73,3.64,Stationary
46,4037878769,1.1507,-0.0176,1.1463,-21.70,-67.62,3.29,Stationary
46,4037918769,1.0380,0.1362,1.1661,21.56,-116.97,9.66,Stationary
46,4037958818,0.9106,0.0059,1.1595,43.61,-153.16,6.30,Stationary
46,4037998795,0.6581,-0.0249,1.0555,62.16,-171.15,-1.40,Stationary
46,4038038773,0.6588,-0.1991,1.0738,58.94,-176.89,-12.39,Stationary
46,4038078769,0.3989,-0.0073,1.1690,5.53,-180.95,-22.75,Stationary
46,4038118769,0.2262,-0.2042,1.0241,-2.38,-185.92,-22.40,Stationary
46,4038158768,0.1420,0.0586,0.7745,-7.63,-182.35,-18.27,Stationary
46,4038198770,-0.0630,-0.0520,0.5417,-2.73,-163.52,-12.67,Stationary
46,4038238768,-0.1025,-0.0527,0.3558,-29.61,-133.77,-10.99,Stationary
46,4038278772,-0.1252,0.0615,0.2028,-65.52,-94.43,-7.70,Stationary
46,4038318805,-0.1764,0.1332,0.1932,-50.75,-43.19,-1.75,Stationary
46,4038358774,-0.2306,0.0695,0.2679,-66.29,13.09,-8.19,Stationary
46,4038398769,-0.2057,0.1823,0.2804,-53.27,70.70,-18.41,Stationary
46,4038438769,-0.0834,0.0161,0.4260,1.96,86.59,-3.36,Stationary
46,4038478770,-0.0981,0.1442,0.8520,45.57,89.46,9.31,Stationary
46,4038518774,-0.1427,0.0124,1.2590,65.38,80.43,12.95,Stationary
46,4038558767,-0.1083,0.0198,1.6675,33.74,56.63,13.51,Stationary
46,4038598767,-0.0849,0.0461,1.8739,70.56,1.75,29.40,Stationary
46,4038638773,-0.0988,-0.1552,1.7283,23.73,-63.91,38.15,Stationary
46,4038678767,-0.1113,0.0029,1.2503,14.00,-102.83,39.34,Stationary
46,4038718769,-0.1164,-0.0198,0.7452,-21.07,-106.12,26.60,Stationary
46,4038758774,-0.1464,0.0717,0.3594,-44.87,-76.65,11.97,Stationary
46,4038798766,-0.2086,0.0871,0.1954,-46.76,-29.12,-1.40,Stationary
46,4038838767,-0.2196,0.0952,0.1779,-34.79,20.02,-11.20,Stationary
46,4038878772,-0.2328,0.0366,0.3792,-5.95,62.93,-13.86,Stationary
46,4038918768,-0.2394,0.0124,0.7723,34.58,90.79,-10.43,Stationary
46,4038958806,-0.0527,-0.0666,1.0921,26.32,95.27,-11.13,Stationary
46,4038998797,-0.0651,0.0425,1.3403,20.79,79.45,-12.32,Stationary
46,4039038788,-0.0739,0.0490,1.4552,16.03,62.16,-9.31,Stationary
46,4039078771,-0.0293,0.0703,1.4113,-0.70,44.31,-6.16,Stationary
46,4039118769,-0.0168,0.0988,1.2832,3.36,26.53,0.63,Stationary
46,4039158788,0.0205,0.0805,1.1434,1.61,11.69,5.39,Stationary
46,4039198769,0.0037,0.0439,1.0424,9.87,0.49,9.94,Stationary
46,4039238770,-0.0088,0.0044,0.9223,11.76,-3.64,11.48,Stationary
46,4039278767,0.0066,-0.0095,0.8162,10.85,-1.82,8.96,Stationary
46,4039318771,0.0029,0.0037,0.7986,6.37,5.74,2.66,Stationary
46,4039358770,0.0073,-0.0044,0.8045,8.54,14.00,-1.68,Stationary
46,4039398783,0.0124,0.0110,0.9135,7.42,19.88,-4.76,Stationary
46,4039438777,0.0029,0.0820,1.0812,10.15,19.88,-8.40,Stationary
46,4039478768,0.0044,0.1442,1.1873,-8.26,14.07,-13.44,Stationary
46,4039518771,0.0381,0.1186,1.2078,-14.35,4.55,-10.78,Stationary
46,4039558770,0.0695,0.0322,1.1346,-0.70,-3.64,-0.21,Stationary
46,4039598768,0.0798,0.0059,1.0255,6.72,-7.98,7.07,Stationary
47,4045123419,-0.1398,-0.0490,0.9362,10.64,3.71,3.29,Stationary
47,4045155830,-0.1559,-0.0615,0.9809,15.19,6.44,4.48,Stationary
47,4045195827,-0.1596,-0.0930,1.0973,9.59,4.55,3.08,Stationary
47,4045235824,-0.1830,-0.1061,1.2473,17.36,-5.25,2.17,Stationary
47,4045275822,-0.1830,-0.1786,1.2817,10.64,-23.66,1.05,Stationary
47,4045315825,-0.2203,-0.1588,1.2019,3.36,-42.07,0.56,Stationary
47,4045355827,-0.2613,-0.1464,1.1090,-1.40,-53.55,0.91,Stationary
47,4045395823,-0.3221,-0.0915,1.0621,-1.75,-51.73,-1.89,Stationary
47,4045435829,-0.3982,-0.1493,1.0116,-19.46,-40.04,-7.84,Stationary
47,4045475822,-0.3492,-0.0571,0.9201,-12.25,-21.91,-11.27,Stationary
47,4045515822,-0.3228,-0.0542,0.8857,-9.80,-5.67,-16.03,Stationary
47,4045555828,-0.2050,-0.0307,0.7810,-22.68,3.78,-19.74,Stationary
47,4045595821,-0.1347,-0.0220,0.6500,-21.35,0.56,-20.51,Stationary
47,4045635822,-0.1281,0.0813,0.5739,-10.01,-6.02,-15.40,Stationary
47,4045675827,-0.1698,-0.0512,0.5065,-8.26,-8.68,-7.84,Stationary
47,4045715827,-0.2328,0.1720,0.5029,10.29,-3.01,-0.21,Stationary
47,4045755823,-0.3287,0.0066,0.7093,49.14,13.16,7.56,Stationary
47,4045795822,-0.3184,0.0461,0.8872,35.35,22.54,6.93,Stationary
47,4045835821,-0.3543,0.0066,1.2385,48.09,21.63,7.42,Stationary
47,4045875825,-0.4392,-0.2174,1.5065,41.16,5.46,6.30,Stationary
47,4045915823,-0.4194,-0.0498,1.5518,3.08,-19.04,1.75,Stationary
47,4045955867,-0.4041,-0.2474,1.3630,1.40,-44.45,-0.14,Stationary
47,4045995846,-0.3697,-0.0966,1.0870,-39.62,-61.95,-4.06,Stationary
47,4046035825,-0.3499,-0.0337,0.8337,-36.68,-66.01,-2.10,Stationary
47,4046075823,-0.3331,-0.0315,0.6259,-37.31,-57.40,0.49,Stationary
47,4046115826,-0.3082,0.0110,0.5183,-34.86,-36.89,5.39,Stationary
47,4046155822,-0.2708,0.0198,0.4502,-10.64,-11.48,12.11,Stationary
47,4046195821,-0.2599,0.0102,0.4743,4.69,13.44,14.77,Stationary
47,4046235828,-0.3140,0.0505,0.5819,26.95,35.91,15.54,Stationary
47,4046275821,-0.3748,-0.0673,0.8074,65.80,53.76,17.36,Stationary
47,4046315855,-0.3843,-0.1347,1.0036,49.70,57.61,13.72,Stationary
47,4046355830,-0.4743,-0.0856,1.2100,59.08,48.93,14.00,Stationary
47,4046395825,-0.4677,-0.2701,1.3440,38.64,30.38,11.13,Stationary
47,4046435822,-0.4560,-0.1383,1.3374,13.72,8.68,3.85,Stationary
47,4046475828,-0.4172,-0.1859,1.1851,-0.35,-11.76,-1.68,Stationary
47,4046515822,-0.4048,-0.1391,0.9838,-12.25,-25.69,-3.64,Stationary
47,4046555822,-0.3616,-0.1003,0.8103,-23.94,-28.91,-3.29,Stationary
47,4046595826,-0.3140,-0.0659,0.7093,-22.26,-22.19,-1.96,Stationary
47,4046635822,-0.2752,-0.0439,0.6383,-24.50,-8.61,-1.26,Stationary
47,4046675826,-0.2445,0.0139,0.5834,-12.32,6.93,2.03,Stationary
47,4046715825,-0.2672,0.0139,0.6383,10.85,26.60,5.11,Stationary
47,4046755824,-0.3030,-0.0512,0.7935,35.56,43.89,8.12,Stationary
47,4046795821,-0.3360,-0.1200,0.9867,31.08,51.38,6.72,Stationary
47,4046835822,-0.3396,-0.1932,1.2407,31.78,50.33,4.55,Stationary
47,4046875820,-0.2723,-0.2159,1.4267,10.43,31.64,-0.70,Stationary
47,4046915825,-0.2203,-0.1837,1.3359,4.20,1.40,-1.75,Stationary
47,4046955856,-0.2672,-0.1032,1.1595,-9.17,-23.10,-4.20,Stationary
47,4046995841,-0.3096,-0.0373,0.9684,-11.48,-33.53,-3.08,Stationary
47,4047035843,-0.3353,-0.0432,0.8133,-15.40,-31.29,-1.19,Stationary
47,4047075826,-0.3074,-0.0161,0.6786,-18.69,-20.72,1.68,Stationary
48,4051763413,-0.1010,-0.0747,0.9333,3.29,-20.23,4.34,Stationary
48,4051794333,-0.1179,-0.0476,0.8813,3.78,-24.01,5.67,Stationary
48,4051834319,-0.1654,-0.0432,0.8850,11.83,-27.79,7.49,Stationary
48,4051874320,-0.1566,-0.0886,1.0504,30.80,-33.18,8.68,Stationary
48,4051914318,-0.1632,-0.1845,1.1829,8.12,-43.96,3.29,Stationary
48,4051954366,-0.2181,-0.0651,1.1822,0.21,-52.64,-0.84,Stationary
48,4051994343,-0.2460,-0.1274,1.0570,-9.87,-57.26,-2.24,Stationary
48,4052034324,-0.2957,-0.0117,0.8901,-18.27,-55.44,-1.26,Stationary
48,4052074320,-0.3623,-0.0359,0.7327,-16.17,-43.40,2.52,Stationary
48,4052114322,-0.3741,0.0139,0.6427,-24.64,-24.78,4.06,Stationary
48,4052154329,-0.3565,0.0300,0.6054,-13.09,-3.71,6.65,Stationary
48,4052194318,-0.3104,-0.0124,0.6237,-0.91,13.30,7.28,Stationary
48,4052234324,-0.3082,-0.0176,0.7005,15.54,25.13,8.82,Stationary
48,4052274317,-0.3221,-0.0644,0.8096,36.33,31.85,10.64,Stationary
48,4052314317,-0.3477,-0.1259,0.9714,40.11,35.07,7.84,Stationary
48,4052354322,-0.3235,-0.1391,1.1383,33.18,31.71,0.98,Stationary
48,4052394318,-0.2994,-0.1896,1.2532,15.68,22.89,-6.79,Stationary
48,4052434316,-0.2474,-0.1281,1.2634,-4.69,7.49,-14.98,Stationary
48,4052474322,-0.2503,-0.0630,1.1924,-5.81,-7.07,-17.15,Stationary
48,4052514317,-0.2760,-0.0395,1.0504,-8.05,-18.48,-17.01,Stationary
48,4052554317,-0.2855,-0.0081,0.8996,-18.41,-20.93,-16.17,Stationary
48,4052594319,-0.3052,0.0256,0.7796,-22.47,-15.33,-14.14,Stationary
48,4052634317,-0.2584,0.0425,0.6844,-18.62,-5.88,-10.99,Stationary
48,4052674316,-0.2481,0.0315,0.6837,-1.89,3.71,-5.46,Stationary
48,4052714318,-0.2716,-0.0073,0.7239,12.88,12.67,-1.19,Stationary
48,4052754316,-0.3016,-0.0088,0.8755,17.08,20.65,2.38,Stationary
48,4052794317,-0.3448,-0.0264,1.0541,38.64,25.27,6.37,Stationary
48,4052834320,-0.3499,-0.0791,1.2049,26.81,24.29,4.62,Stationary
48,4052874318,-0.2906,-0.0483,1.2422,0.98,14.91,-1.19,Stationary
48,4052914317,-0.2481,-0.0059,1.1976,-8.68,1.19,-4.20,Stationary
48,4052954355,-0.2115,0.0124,1.0512,-18.55,-11.97,-5.88,Stationary
48,4052994350,-0.2174,0.0395,0.8923,-13.37,-21.42,-2.10,Stationary
48,4053034324,-0.2247,0.0095,0.7371,-2.87,-23.17,2.10,Stationary
48,4053074320,-0.2452,0.0476,0.6573,-1.47,-17.85,6.44,Stationary
48,4053114321,-0.2716,0.0198,0.6822,12.39,-4.97,9.66,Stationary
48,4053154335,-0.3074,0.0066,0.8133,21.84,9.52,10.92,Stationary
48,4053194320,-0.3118,-0.0571,1.0146,28.21,20.79,10.71,Stationary
48,4053234335,-0.2379,-0.0959,1.1339,8.19,21.70,6.37,Stationary
48,4053274321,-0.2313,-0.0044,1.1836,4.34,15.33,3.85,Stationary
48,4053314339,-0.2328,-0.0922,1.1822,7.42,6.23,4.97,Stationary
48,4053354320,-0.2474,-0.0117,1.0973,-4.62,-4.20,6.16,Stationary
48,4053394317,-0.2628,-0.0073,0.9816,4.76,-9.38,10.08,Stationary
48,4053434322,-0.2774,-0.0051,0.8528,1.40,-10.71,11.27,Stationary
48,4053474318,-0.2525,0.0088,0.7635,1.96,-8.33,11.55,Stationary
48,4053514316,-0.2481,-0.0022,0.7093,4.55,-4.06,10.43,Stationary
48,4053554319,-0.2628,-0.0073,0.7657,6.16,3.64,7.70,Stationary
48,4053594318,-0.2664,-0.0249,0.8696,12.95,12.81,6.44,Stationary
48,4053634316,-0.2664,-0.0893,1.0307,20.09,17.15,7.42,Stationary
48,4053674322,-0.2547,-0.0930,1.1588,13.23,15.68,5.60,Stationary
48,4053714316,-0.2255,-0.0981,1.2151,3.22,10.15,2.03,Stationary
49,4058571414,-0.1940,-0.1318,0.9611,-5.04,-57.96,2.38,Stationary
49,4058603455,-0.2057,-0.0366,0.8191,-10.85,-46.90,4.41,Stationary
49,4058643455,-0.1947,-0.0329,0.6976,-12.25,-27.58,3.64,Stationary
49,4058683451,-0.1852,-0.0059,0.6303,-15.40,-7.07,0.70,Stationary
49,4058723450,-0.1640,-0.0278,0.6361,-9.31,10.50,-1.05,Stationary
49,4058763452,-0.1588,-0.0176,0.7481,10.22,25.76,-0.91,Stationary
49,4058803461,-0.1588,-0.1288,0.9487,29.82,37.38,-0.28,Stationary
49,4058843450,-0.1435,-0.2028,1.1331,19.04,38.92,-1.96,Stationary
49,4058883465,-0.0974,-0.1976,1.2620,-2.31,32.48,-7.14,Stationary
49,4058923478,-0.0637,-0.1618,1.3154,-9.80,23.59,-12.95,Stationary
49,4058963503,-0.0205,-0.0578,1.2188,-27.93,12.95,-19.67,Stationary
49,4059003462,-0.0490,-0.0571,1.1229,-21.35,0.98,-20.65,Stationary
49,4059043452,-0.1362,-0.0417,1.0365,-15.26,-7.42,-18.13,Stationary
49,4059083451,-0.1911,-0.0117,0.9157,-21.77,-7.14,-13.37,Stationary
49,4059123464,-0.1515,0.0242,0.7730,-17.50,-5.53,-7.63,Stationary
49,4059163473,-0.1552,0.0285,0.6712,1.12,-6.16,0.63,Stationary
49,4059203459,-0.1420,0.0139,0.6529,16.10,-8.05,9.38,Stationary
49,4059243453,-0.1720,0.0549,0.7942,37.45,-5.67,17.01,Stationary
49,4059283449,-0.1889,-0.0900,0.9780,60.90,1.33,21.42,Stationary
49,4059323455,-0.2130,-0.1398,1.2327,46.27,5.81,19.74,Stationary
49,4059363450,-0.0893,-0.2511,1.4699,-0.84,3.92,10.08,Stationary
49,4059403449,0.0022,-0.0651,1.3542,-39.48,-4.20,-6.23,Stationary
49,4059443455,0.0029,-0.0388,1.1302,-43.19,-19.95,-14.84,Stationary
49,4059483448,-0.0849,0.0037,0.9465,-24.22,-35.42,-11.62,Stationary
49,4059523448,-0.1691,-0.0015,0.8118,-2.52,-39.13,-3.29,Stationary
49,4059563453,-0.2137,-0.0190,0.7027,0.49,-31.71,0.56,Stationary
49,4059603448,-0.2108,0.0344,0.6193,0.00,-18.83,3.71,Stationary
49,4059643448,-0.2094,0.0337,0.6332,17.85,-2.31,6.58,Stationary
49,4059683447,-0.2050,-0.0022,0.7745,28.42,14.14,6.23,Stationary
49,4059723449,-0.1735,-0.0886,0.9377,21.70,26.11,3.85,Stationary
49,4059763448,-0.1413,-0.0798,1.1082,16.38,30.59,0.14,Stationary
49,4059803454,-0.1259,-0.1157,1.2195,16.17,25.97,-0.21,Stationary
49,4059843448,-0.0242,-0.0366,1.3264,4.90,8.82,-1.68,Stationary
49,4059883449,-0.0944,-0.0154,1.2488,7.21,-15.61,-3.01,Stationary
49,4059923450,-0.2094,-0.0102,1.0790,-5.46,-29.12,-2.52,Stationary
49,4059963497,-0.2716,0.0864,0.9150,-2.73,-28.14,2.17,Stationary
49,4060003457,-0.2752,0.0739,0.8103,15.12,-17.57,8.33,Stationary
49,4060043453,-0.2379,-0.0037,0.7283,7.07,-5.25,9.94,Stationary
49,4060083450,-0.1588,-0.0117,0.6910,-14.98,4.48,7.84,Stationary
49,4060123453,-0.1383,0.0095,0.7415,-6.72,12.25,8.26,Stationary
49,4060163449,-0.1427,-0.0600,0.8799,10.85,18.41,10.15,Stationary
49,4060203449,-0.1479,-0.1266,1.0673,16.73,21.84,9.59,Stationary
49,4060243454,-0.1764,-0.1135,1.2239,15.61,21.28,7.91,Stationary
49,4060283449,-0.1230,-0.1691,1.2795,3.43,12.60,4.76,Stationary
49,4060323448,-0.1369,-0.0293,1.2166,2.87,-3.50,4.90,Stationary
49,4060363452,-0.1545,0.0000,1.1126,5.25,-18.48,7.84,Stationary
49,4060403448,-0.2196,-0.0681,0.9706,11.83,-27.51,11.34,Stationary
49,4060443449,-0.2386,-0.0468,0.8294,-7.35,-27.51,13.44,Stationary
49,4060483453,-0.2386,0.0117,0.7166,1.89,-19.74,18.90,Stationary
49,4060523448,-0.2196,-0.0505,0.6727,7.28,-8.05,21.14,Stationary
50,4065579412,-0.1501,-0.0095,0.8418,-4.97,-16.45,8.82,Stationary
50,4065610773,-0.1061,0.0110,0.7767,-1.47,-11.27,7.49,Stationary
50,4065650771,-0.0820,-0.0242,0.7188,3.15,-4.13,4.69,Stationary
50,4065690766,-0.0717,0.0037,0.7261,3.78,4.41,2.80,Stationary
50,4065730785,-0.0798,-0.0154,0.8257,24.29,16.03,3.92,Stationary
50,4065770771,-0.0878,-0.0732,0.9926,27.72,24.22,4.90,Stationary
50,4065810766,-0.0564,-0.1493,1.1639,29.75,26.32,5.18,Stationary
50,4065850771,-0.0264,-0.1310,1.2605,12.88,17.78,2.03,Stationary
50,4065890772,-0.0344,-0.0622,1.2327,2.24,3.29,-1.96,Stationary
50,4065930767,-0.0849,-0.0505,1.1361,-1.47,-9.03,-4.55,Stationary
50,4065970814,-0.1427,-0.0220,1.0504,-6.72,-17.43,-5.81,Stationary
50,4066010773,-0.1676,-0.0073,0.9399,-10.43,-17.50,-5.67,Stationary
50,4066050777,-0.1618,0.0095,0.8279,-8.54,-12.81,-3.71,Stationary
50,4066090769,-0.1230,-0.0102,0.7422,-2.38,-6.30,-1.26,Stationary
50,4066130789,-0.1039,0.0117,0.7349,4.76,1.47,1.82,Stationary
50,4066170769,-0.0966,-0.0139,0.8206,14.21,11.55,4.55,Stationary
50,4066210771,-0.0549,-0.0695,0.9743,11.48,19.11,4.20,Stationary
50,4066250766,-0.0146,-0.0630,1.0995,2.31,19.81,2.66,Stationary
50,4066290765,-0.0322,-0.0381,1.2159,9.52,14.49,3.36,Stationary
50,4066330776,-0.0278,-0.1142,1.2378,3.15,4.27,4.06,Stationary
50,4066370769,-0.0593,-0.0307,1.1646,0.91,-5.53,3.29,Stationary
50,4066410766,-0.1047,-0.0278,1.0504,2.17,-13.72,4.55,Stationary
50,4066450767,-0.1362,-0.0102,0.9201,1.05,-16.80,6.09,Stationary
50,4066490768,-0.1552,0.0022,0.8045,4.20,-14.14,7.49,Stationary
50,4066530766,-0.1471,-0.0022,0.7408,7.84,-6.44,8.68,Stationary
50,4066570772,-0.1362,-0.0264,0.7510,14.35,3.78,9.80,Stationary
50,4066610765,-0.1083,-0.0315,0.8660,24.15,14.91,10.15,Stationary
50,4066650765,-0.0410,-0.1457,0.9984,16.73,20.65,8.33,Stationary
50,4066690770,0.0198,-0.0996,1.0782,9.17,18.69,6.09,Stationary
50,4066730765,0.0051,-0.1047,1.1675,22.47,11.48,5.32,Stationary
50,4066770765,-0.0307,-0.1669,1.2385,15.75,4.97,2.24,Stationary
50,4066810771,-0.0556,-0.0996,1.1668,-7.70,-1.54,-1.82,Stationary
50,4066850766,-0.0556,-0.0739,1.0307,-12.74,-6.44,-3.15,Stationary
50,4066890767,-0.0761,-0.0234,0.9267,-9.45,-10.01,-1.82,Stationary
50,4066930768,-0.0937,-0.0366,0.8447,-1.19,-10.92,-0.07,Stationary
50,4066970807,-0.1091,-0.0234,0.7906,6.86,-6.93,3.85,Stationary
50,4067010804,-0.1149,-0.0681,0.7957,16.24,0.49,6.86,Stationary
50,4067050773,-0.1215,-0.0556,0.8945,17.15,10.99,7.77,Stationary
50,4067090769,-0.0344,-0.1398,1.0592,15.54,19.32,5.67,Stationary
50,4067130771,0.0117,-0.1061,1.1712,2.66,19.25,1.33,Stationary
50,4067170792,0.0395,-0.1281,1.2063,-2.66,10.22,-1.89,Stationary
50,4067210770,0.0212,-0.0666,1.1551,-10.08,-2.94,-3.15,Stationary
50,4067250777,-0.0322,-0.0542,1.0519,-8.12,-13.02,-3.64,Stationary
50,4067290767,-0.0966,-0.0212,0.9311,-5.46,-17.43,-1.75,Stationary
50,4067330765,-0.1391,-0.0212,0.8455,0.70,-14.14,0.49,Stationary
50,4067370769,-0.1303,-0.0176,0.7803,4.83,-7.14,3.22,Stationary
50,4067410767,-0.1149,-0.0227,0.7693,10.22,1.47,5.60,Stationary
50,4067450766,-0.0893,-0.0403,0.8389,20.09,10.50,6.65,Stationary
50,4067490773,-0.0447,-0.1120,0.9853,20.16,17.99,6.37,Stationary
50,4067530765,0.0051,-0.1515,1.1104,1.19,18.41,2.24,Stationary
